ISO-10303-21;
HEADER;
FILE_DESCRIPTION (( 'STEP AP214' ),
    '1' );
FILE_NAME ('FA-T220-38E.STEP',
    '2023-05-17T22:32:46',
    ( '' ),
    ( '' ),
    'SwSTEP 2.0',
    'SolidWorks 2021',
    '' );
FILE_SCHEMA (( 'AUTOMOTIVE_DESIGN' ));
ENDSEC;

DATA;
#1 = LINE ( 'NONE', #4402, #2448 ) ;
#2 = EDGE_CURVE ( 'NONE', #58, #1228, #2985, .T. ) ;
#3 = CARTESIAN_POINT ( 'NONE',  ( -68.85021745838166396, 25.53717709576632444, 38.10000000000000142 ) ) ;
#4 =( LENGTH_UNIT ( ) NAMED_UNIT ( * ) SI_UNIT ( .MILLI., .METRE. ) );
#5 = STYLED_ITEM ( 'NONE', ( #18 ), #4939 ) ;
#6 = CARTESIAN_POINT ( 'NONE',  ( -48.04067150965667565, 17.97372293522450803, 18.00000000000000355 ) ) ;
#7 = ADVANCED_FACE ( 'NONE', ( #651 ), #2960, .T. ) ;
#8 = EDGE_CURVE ( 'NONE', #3158, #2151, #4306, .T. ) ;
#9 = ORIENTED_EDGE ( 'NONE', *, *, #3174, .T. ) ;
#10 = PLANE ( 'NONE',  #2320 ) ;
#11 = CARTESIAN_POINT ( 'NONE',  ( -38.56688708918884601, 33.71587599479885711, 38.10000000000000142 ) ) ;
#12 = CARTESIAN_POINT ( 'NONE',  ( -33.91677811048842983, 26.85998107977238192, 38.10000000000000142 ) ) ;
#13 = EDGE_LOOP ( 'NONE', ( #1209, #1794, #4336, #2074 ) ) ;
#14 = VERTEX_POINT ( 'NONE', #5081 ) ;
#15 = ORIENTED_EDGE ( 'NONE', *, *, #301, .T. ) ;
#16 = SURFACE_STYLE_FILL_AREA ( #1691 ) ;
#17 = VERTEX_POINT ( 'NONE', #3904 ) ;
#18 = PRESENTATION_STYLE_ASSIGNMENT (( #3205 ) ) ;
#19 = ORIENTED_EDGE ( 'NONE', *, *, #2506, .T. ) ;
#20 = CARTESIAN_POINT ( 'NONE',  ( -27.23112556093168735, 25.53717709576632444, 0.000000000000000000 ) ) ;
#21 = SURFACE_STYLE_USAGE ( .BOTH. , #3550 ) ;
#22 = COLOUR_RGB ( '',0.2980392156862745057, 0.2980392156862745057, 0.2980392156862745057 ) ;
#23 = DIRECTION ( 'NONE',  ( -0.000000000000000000, -0.000000000000000000, -1.000000000000000000 ) ) ;
#24 = CARTESIAN_POINT ( 'NONE',  ( -33.87265359748052873, 11.32762300250749909, 38.10000000000000142 ) ) ;
#25 = STYLED_ITEM ( 'NONE', ( #1108 ), #849 ) ;
#26 = DIRECTION ( 'NONE',  ( -1.000000000000000000, 0.000000000000000000, 0.000000000000000000 ) ) ;
#27 = SURFACE_STYLE_USAGE ( .BOTH. , #4036 ) ;
#28 = ORIENTED_EDGE ( 'NONE', *, *, #2294, .F. ) ;
#29 = CARTESIAN_POINT ( 'NONE',  ( -68.85021745838166396, 0.9369527871842110445, 0.000000000000000000 ) ) ;
#30 =( NAMED_UNIT ( * ) PLANE_ANGLE_UNIT ( ) SI_UNIT ( $, .RADIAN. ) );
#31 = EDGE_CURVE ( 'NONE', #3560, #4680, #765, .T. ) ;
#32 = LINE ( 'NONE', #3965, #1175 ) ;
#33 = EDGE_CURVE ( 'NONE', #3994, #4802, #1965, .T. ) ;
#34 = MECHANICAL_DESIGN_GEOMETRIC_PRESENTATION_REPRESENTATION (  '', ( #4988 ), #4075 ) ;
#35 = ORIENTED_EDGE ( 'NONE', *, *, #4240, .F. ) ;
#36 = CARTESIAN_POINT ( 'NONE',  ( -68.13222220810143881, 0.7528379933234140564, 38.10000000000000142 ) ) ;
#37 = VERTEX_POINT ( 'NONE', #389 ) ;
#38 = EDGE_CURVE ( 'NONE', #172, #1294, #2301, .T. ) ;
#39 = CARTESIAN_POINT ( 'NONE',  ( -68.85021745838166396, 0.9369527871842114886, 38.10000000000000142 ) ) ;
#40 = UNCERTAINTY_MEASURE_WITH_UNIT (LENGTH_MEASURE( 1.000000000000000082E-05 ), #4, 'distance_accuracy_value', 'NONE');
#41 = AXIS2_PLACEMENT_3D ( 'NONE', #559, #3337, #4157 ) ;
#42 = FACE_OUTER_BOUND ( 'NONE', #1751, .T. ) ;
#43 = VERTEX_POINT ( 'NONE', #1581 ) ;
#44 = COLOUR_RGB ( '',0.2980392156862745057, 0.2980392156862745057, 0.2980392156862745057 ) ;
#45 =( NAMED_UNIT ( * ) PLANE_ANGLE_UNIT ( ) SI_UNIT ( $, .RADIAN. ) );
#46 = MECHANICAL_DESIGN_GEOMETRIC_PRESENTATION_REPRESENTATION (  '', ( #3016 ), #4501 ) ;
#47 = FILL_AREA_STYLE ('',( #406 ) ) ;
#48 = COLOUR_RGB ( '',0.2980392156862745057, 0.2980392156862745057, 0.2980392156862745057 ) ;
#49 = STYLED_ITEM ( 'NONE', ( #1790 ), #2531 ) ;
#50 = ORIENTED_EDGE ( 'NONE', *, *, #4490, .F. ) ;
#51 = DIRECTION ( 'NONE',  ( -0.000000000000000000, -0.000000000000000000, -1.000000000000000000 ) ) ;
#52 = DIRECTION ( 'NONE',  ( 0.000000000000000000, 0.000000000000000000, 1.000000000000000000 ) ) ;
#53 = CIRCLE ( 'NONE', #3357, 0.5118843026691993758 ) ;
#54 = SURFACE_STYLE_USAGE ( .BOTH. , #384 ) ;
#55 = CIRCLE ( 'NONE', #3362, 0.8129607037970082439 ) ;
#56 = AXIS2_PLACEMENT_3D ( 'NONE', #2968, #948, #4126 ) ;
#57 = CARTESIAN_POINT ( 'NONE',  ( -59.07485281561364587, 23.91046158708940439, 0.000000000000000000 ) ) ;
#58 = VERTEX_POINT ( 'NONE', #2375 ) ;
#59 = UNCERTAINTY_MEASURE_WITH_UNIT (LENGTH_MEASURE( 1.000000000000000082E-05 ), #2441, 'distance_accuracy_value', 'NONE');
#60 = FACE_OUTER_BOUND ( 'NONE', #1128, .T. ) ;
#61 = EDGE_CURVE ( 'NONE', #2813, #4261, #4020, .T. ) ;
#62 = DIRECTION ( 'NONE',  ( 0.000000000000000000, 0.000000000000000000, 1.000000000000000000 ) ) ;
#63 =( NAMED_UNIT ( * ) PLANE_ANGLE_UNIT ( ) SI_UNIT ( $, .RADIAN. ) );
#64 = VECTOR ( 'NONE', #1806, 1000.000000000000000 ) ;
#65 = ORIENTED_EDGE ( 'NONE', *, *, #2110, .F. ) ;
#66 = ORIENTED_EDGE ( 'NONE', *, *, #8, .F. ) ;
#67 = CIRCLE ( 'NONE', #2956, 0.5340105721110544046 ) ;
#68 = MECHANICAL_DESIGN_GEOMETRIC_PRESENTATION_REPRESENTATION (  '', ( #1574 ), #580 ) ;
#69 = DIRECTION ( 'NONE',  ( 0.5093057701338493670, 0.8605856334545485264, 0.000000000000000000 ) ) ;
#70 = EDGE_CURVE ( 'NONE', #3279, #883, #4692, .T. ) ;
#71 =( NAMED_UNIT ( * ) PLANE_ANGLE_UNIT ( ) SI_UNIT ( $, .RADIAN. ) );
#72 = COLOUR_RGB ( '',0.2980392156862745057, 0.2980392156862745057, 0.2980392156862745057 ) ;
#73 = AXIS2_PLACEMENT_3D ( 'NONE', #2493, #4009, #1295 ) ;
#74 = EDGE_CURVE ( 'NONE', #4318, #4504, #4250, .T. ) ;
#75 = EDGE_LOOP ( 'NONE', ( #1308, #1106, #2128, #3236 ) ) ;
#76 = EDGE_CURVE ( 'NONE', #863, #4644, #3117, .T. ) ;
#77 = CARTESIAN_POINT ( 'NONE',  ( -68.13222220810143881, 0.7528379933234140564, 38.10000000000000142 ) ) ;
#78 = CIRCLE ( 'NONE', #2963, 1.800000000000001155 ) ;
#79 = MECHANICAL_DESIGN_GEOMETRIC_PRESENTATION_REPRESENTATION (  '', ( #4533 ), #3642 ) ;
#80 =( NAMED_UNIT ( * ) PLANE_ANGLE_UNIT ( ) SI_UNIT ( $, .RADIAN. ) );
#81 = PLANE ( 'NONE',  #1180 ) ;
#82 = VERTEX_POINT ( 'NONE', #4725 ) ;
#83 = VECTOR ( 'NONE', #281, 1000.000000000000000 ) ;
#84 = DIRECTION ( 'NONE',  ( -0.000000000000000000, -0.000000000000000000, -1.000000000000000000 ) ) ;
#85 = CARTESIAN_POINT ( 'NONE',  ( -39.49289609269322909, 17.97372293522450803, 0.000000000000000000 ) ) ;
#86 = DIRECTION ( 'NONE',  ( 0.000000000000000000, 1.000000000000000000, 0.000000000000000000 ) ) ;
#87 = CARTESIAN_POINT ( 'NONE',  ( -62.58146679511121846, 26.16205707020611371, 38.10000000000000142 ) ) ;
#88 = AXIS2_PLACEMENT_3D ( 'NONE', #1535, #3393, #1458 ) ;
#89 = ORIENTED_EDGE ( 'NONE', *, *, #2295, .T. ) ;
#90 = FILL_AREA_STYLE ('',( #3297 ) ) ;
#91 = DIRECTION ( 'NONE',  ( -0.6901459099388770335, -0.7236702446519681642, -0.000000000000000000 ) ) ;
#92 = SURFACE_SIDE_STYLE ('',( #569 ) ) ;
#93 = EDGE_LOOP ( 'NONE', ( #3477, #4975, #4438, #2828 ) ) ;
#94 = DIRECTION ( 'NONE',  ( -0.000000000000000000, -0.000000000000000000, -1.000000000000000000 ) ) ;
#95 = UNCERTAINTY_MEASURE_WITH_UNIT (LENGTH_MEASURE( 1.000000000000000082E-05 ), #2904, 'distance_accuracy_value', 'NONE');
#96 = EDGE_CURVE ( 'NONE', #4261, #2276, #1155, .T. ) ;
#97 = DIRECTION ( 'NONE',  ( 0.000000000000000000, 0.000000000000000000, 1.000000000000000000 ) ) ;
#98 = ORIENTED_EDGE ( 'NONE', *, *, #853, .T. ) ;
#99 =( NAMED_UNIT ( * ) SI_UNIT ( $, .STERADIAN. ) SOLID_ANGLE_UNIT ( ) );
#100 = EDGE_CURVE ( 'NONE', #4028, #3118, #3434, .T. ) ;
#101 = VERTEX_POINT ( 'NONE', #2707 ) ;
#102 = VERTEX_POINT ( 'NONE', #1523 ) ;
#103 = CIRCLE ( 'NONE', #534, 0.5118843026691993758 ) ;
#104 = DIRECTION ( 'NONE',  ( -0.000000000000000000, -0.000000000000000000, -1.000000000000000000 ) ) ;
#105 = SURFACE_SIDE_STYLE ('',( #2830 ) ) ;
#106 = CARTESIAN_POINT ( 'NONE',  ( -48.04067150965667565, 16.08376167166643356, 19.80000000000000071 ) ) ;
#107 = FILL_AREA_STYLE_COLOUR ( '', #1409 ) ;
#108 = PLANE ( 'NONE',  #1424 ) ;
#109 = ORIENTED_EDGE ( 'NONE', *, *, #442, .F. ) ;
#110 = UNCERTAINTY_MEASURE_WITH_UNIT (LENGTH_MEASURE( 1.000000000000000082E-05 ), #2459, 'distance_accuracy_value', 'NONE');
#111 =( LENGTH_UNIT ( ) NAMED_UNIT ( * ) SI_UNIT ( .MILLI., .METRE. ) );
#112 = DIRECTION ( 'NONE',  ( 0.000000000000000000, 0.000000000000000000, 1.000000000000000000 ) ) ;
#113 =( LENGTH_UNIT ( ) NAMED_UNIT ( * ) SI_UNIT ( .MILLI., .METRE. ) );
#114 = CYLINDRICAL_SURFACE ( 'NONE', #1154, 1.484807796299142391 ) ;
#115 = VERTEX_POINT ( 'NONE', #363 ) ;
#116 = ORIENTED_EDGE ( 'NONE', *, *, #4072, .F. ) ;
#117 = VECTOR ( 'NONE', #3344, 1000.000000000000000 ) ;
#118 = DIRECTION ( 'NONE',  ( 0.000000000000000000, 0.000000000000000000, 1.000000000000000000 ) ) ;
#119 = COLOUR_RGB ( '',0.2980392156862745057, 0.2980392156862745057, 0.2980392156862745057 ) ;
#120 = VERTEX_POINT ( 'NONE', #1940 ) ;
#121 =( NAMED_UNIT ( * ) SI_UNIT ( $, .STERADIAN. ) SOLID_ANGLE_UNIT ( ) );
#122 = SURFACE_STYLE_FILL_AREA ( #970 ) ;
#123 = VERTEX_POINT ( 'NONE', #3504 ) ;
#124 = VECTOR ( 'NONE', #4301, 1000.000000000000000 ) ;
#125 = ADVANCED_FACE ( 'NONE', ( #1551 ), #3113, .F. ) ;
#126 = CIRCLE ( 'NONE', #1715, 0.5625665551298592026 ) ;
#127 = SURFACE_STYLE_FILL_AREA ( #2534 ) ;
#128 = MECHANICAL_DESIGN_GEOMETRIC_PRESENTATION_REPRESENTATION (  '', ( #3522 ), #4678 ) ;
#129 = DIRECTION ( 'NONE',  ( -0.000000000000000000, -0.000000000000000000, -1.000000000000000000 ) ) ;
#130 = VERTEX_POINT ( 'NONE', #3962 ) ;
#131 =( GEOMETRIC_REPRESENTATION_CONTEXT ( 3 ) GLOBAL_UNCERTAINTY_ASSIGNED_CONTEXT ( ( #1459 ) ) GLOBAL_UNIT_ASSIGNED_CONTEXT ( ( #4676, #4289, #1482 ) ) REPRESENTATION_CONTEXT ( 'NONE', 'WORKASPACE' ) );
#132 = ADVANCED_FACE ( 'NONE', ( #3193 ), #2883, .F. ) ;
#133 = DIRECTION ( 'NONE',  ( -0.5093057701338493670, 0.8605856334545485264, 0.000000000000000000 ) ) ;
#134 = ADVANCED_FACE ( 'NONE', ( #60 ), #4408, .F. ) ;
#135 = CARTESIAN_POINT ( 'NONE',  ( -57.05145142837230310, 33.71587599479885711, 38.10000000000000142 ) ) ;
#136 = SURFACE_STYLE_FILL_AREA ( #3611 ) ;
#137 = CARTESIAN_POINT ( 'NONE',  ( -34.72973881428544729, 7.197503527118557898, 38.10000000000000142 ) ) ;
#138 = CARTESIAN_POINT ( 'NONE',  ( -37.72500095553984067, 24.51389311239231006, 38.10000000000000142 ) ) ;
#139 = VERTEX_POINT ( 'NONE', #542 ) ;
#140 = VERTEX_POINT ( 'NONE', #1752 ) ;
#141 = CARTESIAN_POINT ( 'NONE',  ( -33.15307505450480363, 21.51397324705279601, 0.000000000000000000 ) ) ;
#142 = CARTESIAN_POINT ( 'NONE',  ( -34.28647222899093805, 15.29888692205449630, 0.000000000000000000 ) ) ;
#143 = AXIS2_PLACEMENT_3D ( 'NONE', #3061, #4643, #1126 ) ;
#144 = ORIENTED_EDGE ( 'NONE', *, *, #33, .T. ) ;
#145 = SURFACE_STYLE_USAGE ( .BOTH. , #1719 ) ;
#146 =( GEOMETRIC_REPRESENTATION_CONTEXT ( 3 ) GLOBAL_UNCERTAINTY_ASSIGNED_CONTEXT ( ( #2079 ) ) GLOBAL_UNIT_ASSIGNED_CONTEXT ( ( #2141, #938, #2908 ) ) REPRESENTATION_CONTEXT ( 'NONE', 'WORKASPACE' ) );
#147 =( GEOMETRIC_REPRESENTATION_CONTEXT ( 3 ) GLOBAL_UNCERTAINTY_ASSIGNED_CONTEXT ( ( #4442 ) ) GLOBAL_UNIT_ASSIGNED_CONTEXT ( ( #490, #1393, #1749 ) ) REPRESENTATION_CONTEXT ( 'NONE', 'WORKASPACE' ) );
#148 = EDGE_LOOP ( 'NONE', ( #2421, #2245, #1402, #2691 ) ) ;
#149 = PRESENTATION_LAYER_ASSIGNMENT (  '', '', ( #2317 ) ) ;
#150 = UNCERTAINTY_MEASURE_WITH_UNIT (LENGTH_MEASURE( 1.000000000000000082E-05 ), #3621, 'distance_accuracy_value', 'NONE');
#151 = AXIS2_PLACEMENT_3D ( 'NONE', #2589, #1826, #4493 ) ;
#152 = PRESENTATION_LAYER_ASSIGNMENT (  '', '', ( #2961 ) ) ;
#153 = STYLED_ITEM ( 'NONE', ( #1623 ), #4435 ) ;
#154 = DIRECTION ( 'NONE',  ( -0.000000000000000000, -0.000000000000000000, -1.000000000000000000 ) ) ;
#155 = LINE ( 'NONE', #1747, #1493 ) ;
#156 = CARTESIAN_POINT ( 'NONE',  ( -35.11965665901217903, 16.50049929258706172, 38.10000000000000142 ) ) ;
#157 = MECHANICAL_DESIGN_GEOMETRIC_PRESENTATION_REPRESENTATION (  '', ( #1101 ), #4769 ) ;
#158 = CARTESIAN_POINT ( 'NONE',  ( -61.13601946782520002, 16.95287807963776316, 38.10000000000000142 ) ) ;
#159 = COLOUR_RGB ( '',0.2980392156862745057, 0.2980392156862745057, 0.2980392156862745057 ) ;
#160 = COLOUR_RGB ( '',0.2980392156862745057, 0.2980392156862745057, 0.2980392156862745057 ) ;
#161 = EDGE_CURVE ( 'NONE', #3151, #1351, #1346, .T. ) ;
#162 = VERTEX_POINT ( 'NONE', #209 ) ;
#163 = EDGE_CURVE ( 'NONE', #3687, #863, #3454, .T. ) ;
#164 = DIRECTION ( 'NONE',  ( -0.000000000000000000, -0.000000000000000000, -1.000000000000000000 ) ) ;
#165 = DIRECTION ( 'NONE',  ( 0.5093057701338493670, -0.8605856334545485264, -0.000000000000000000 ) ) ;
#166 = LINE ( 'NONE', #3001, #1586 ) ;
#167 = DIRECTION ( 'NONE',  ( -1.000000000000000000, 0.000000000000000000, 0.000000000000000000 ) ) ;
#168 = DIRECTION ( 'NONE',  ( -1.000000000000000000, 0.000000000000000000, 0.000000000000000000 ) ) ;
#169 = ADVANCED_FACE ( 'NONE', ( #1039 ), #3773, .F. ) ;
#170 = DIRECTION ( 'NONE',  ( 0.000000000000000000, 0.000000000000000000, -1.000000000000000000 ) ) ;
#171 = VERTEX_POINT ( 'NONE', #2113 ) ;
#172 = VERTEX_POINT ( 'NONE', #243 ) ;
#173 = AXIS2_PLACEMENT_3D ( 'NONE', #3190, #447, #3638 ) ;
#174 =( NAMED_UNIT ( * ) SI_UNIT ( $, .STERADIAN. ) SOLID_ANGLE_UNIT ( ) );
#175 = CARTESIAN_POINT ( 'NONE',  ( -27.23112556093167669, 0.9369527871842114886, 38.10000000000000142 ) ) ;
#176 = DIRECTION ( 'NONE',  ( -0.000000000000000000, -0.000000000000000000, -1.000000000000000000 ) ) ;
#177 = CARTESIAN_POINT ( 'NONE',  ( -38.56688708918884601, 33.71587599479885711, 38.10000000000000142 ) ) ;
#178 = VERTEX_POINT ( 'NONE', #1440 ) ;
#179 =( LENGTH_UNIT ( ) NAMED_UNIT ( * ) SI_UNIT ( .MILLI., .METRE. ) );
#180 = DIRECTION ( 'NONE',  ( -0.3579966143086414365, 0.9337228840204945257, 0.000000000000000000 ) ) ;
#181 = SURFACE_STYLE_USAGE ( .BOTH. , #3763 ) ;
#182 = DIRECTION ( 'NONE',  ( -0.000000000000000000, -0.000000000000000000, -1.000000000000000000 ) ) ;
#183 =( LENGTH_UNIT ( ) NAMED_UNIT ( * ) SI_UNIT ( .MILLI., .METRE. ) );
#184 = EDGE_CURVE ( 'NONE', #1930, #4588, #3343, .T. ) ;
#185 = EDGE_LOOP ( 'NONE', ( #1684, #2854, #4179, #2711 ) ) ;
#186 = ORIENTED_EDGE ( 'NONE', *, *, #2827, .T. ) ;
#187 = CARTESIAN_POINT ( 'NONE',  ( -48.04067150965667565, 16.08376167166643356, 14.50000000000000355 ) ) ;
#188 = CARTESIAN_POINT ( 'NONE',  ( -34.94532355148813707, 16.95287807963776316, 38.10000000000000142 ) ) ;
#189 = CARTESIAN_POINT ( 'NONE',  ( -59.65315102743786468, 17.02874230344544770, 0.000000000000000000 ) ) ;
#190 = ORIENTED_EDGE ( 'NONE', *, *, #4052, .T. ) ;
#191 = MECHANICAL_DESIGN_GEOMETRIC_PRESENTATION_REPRESENTATION (  '', ( #953 ), #1134 ) ;
#192 = ORIENTED_EDGE ( 'NONE', *, *, #2735, .F. ) ;
#193 = ADVANCED_FACE ( 'NONE', ( #4529 ), #1396, .F. ) ;
#194 = PLANE ( 'NONE',  #1556 ) ;
#195 = CARTESIAN_POINT ( 'NONE',  ( -48.04067150965667565, 16.08376167166643356, 18.00000000000000355 ) ) ;
#196 = VERTEX_POINT ( 'NONE', #187 ) ;
#197 = VECTOR ( 'NONE', #2162, 1000.000000000000000 ) ;
#198 = PLANE ( 'NONE',  #2129 ) ;
#199 = PRESENTATION_STYLE_ASSIGNMENT (( #609 ) ) ;
#200 = ORIENTED_EDGE ( 'NONE', *, *, #262, .T. ) ;
#201 = AXIS2_PLACEMENT_3D ( 'NONE', #3105, #2678, #1202 ) ;
#202 = DIRECTION ( 'NONE',  ( 0.7236702446519677201, -0.6901459099388775886, 0.000000000000000000 ) ) ;
#203 =( NAMED_UNIT ( * ) PLANE_ANGLE_UNIT ( ) SI_UNIT ( $, .RADIAN. ) );
#204 = FACE_OUTER_BOUND ( 'NONE', #148, .T. ) ;
#205 = DIRECTION ( 'NONE',  ( -1.000000000000000000, 0.000000000000000000, 0.000000000000000000 ) ) ;
#206 = UNCERTAINTY_MEASURE_WITH_UNIT (LENGTH_MEASURE( 1.000000000000000082E-05 ), #3079, 'distance_accuracy_value', 'NONE');
#207 = EDGE_LOOP ( 'NONE', ( #3349, #1197, #4487, #3119 ) ) ;
#208 =( GEOMETRIC_REPRESENTATION_CONTEXT ( 3 ) GLOBAL_UNCERTAINTY_ASSIGNED_CONTEXT ( ( #3229 ) ) GLOBAL_UNIT_ASSIGNED_CONTEXT ( ( #412, #2970, #974 ) ) REPRESENTATION_CONTEXT ( 'NONE', 'WORKASPACE' ) );
#209 = CARTESIAN_POINT ( 'NONE',  ( -61.77839660510554154, 11.58227588757442739, 0.000000000000000000 ) ) ;
#210 = DIRECTION ( 'NONE',  ( 1.000000000000000000, 0.000000000000000000, 0.000000000000000000 ) ) ;
#211 = VECTOR ( 'NONE', #2623, 1000.000000000000000 ) ;
#212 = CARTESIAN_POINT ( 'NONE',  ( -33.49987622420212574, 7.895427536684825220, 38.10000000000000142 ) ) ;
#213 = FILL_AREA_STYLE ('',( #2210 ) ) ;
#214 = LINE ( 'NONE', #273, #2876 ) ;
#215 = MECHANICAL_DESIGN_GEOMETRIC_PRESENTATION_REPRESENTATION (  '', ( #822 ), #131 ) ;
#216 = FILL_AREA_STYLE_COLOUR ( '', #4029 ) ;
#217 = ORIENTED_EDGE ( 'NONE', *, *, #163, .T. ) ;
#218 = ORIENTED_EDGE ( 'NONE', *, *, #1204, .F. ) ;
#219 = PRESENTATION_STYLE_ASSIGNMENT (( #3462 ) ) ;
#220 = AXIS2_PLACEMENT_3D ( 'NONE', #4540, #1302, #1354 ) ;
#221 = DIRECTION ( 'NONE',  ( 0.000000000000000000, -1.000000000000000000, 0.000000000000000000 ) ) ;
#222 = FILL_AREA_STYLE_COLOUR ( '', #1272 ) ;
#223 = AXIS2_PLACEMENT_3D ( 'NONE', #4916, #2837, #4823 ) ;
#224 = ORIENTED_EDGE ( 'NONE', *, *, #3327, .T. ) ;
#225 = EDGE_CURVE ( 'NONE', #4967, #955, #2569, .T. ) ;
#226 = PRESENTATION_STYLE_ASSIGNMENT (( #1453 ) ) ;
#227 = SURFACE_STYLE_USAGE ( .BOTH. , #2943 ) ;
#228 = PLANE ( 'NONE',  #910 ) ;
#229 = FACE_OUTER_BOUND ( 'NONE', #2439, .T. ) ;
#230 = ORIENTED_EDGE ( 'NONE', *, *, #184, .F. ) ;
#231 = EDGE_CURVE ( 'NONE', #625, #1608, #4242, .T. ) ;
#232 = EDGE_CURVE ( 'NONE', #1228, #4107, #3701, .T. ) ;
#233 = FILL_AREA_STYLE ('',( #2507 ) ) ;
#234 = CYLINDRICAL_SURFACE ( 'NONE', #151, 0.9382895641747712734 ) ;
#235 = VECTOR ( 'NONE', #1110, 1000.000000000000114 ) ;
#236 = PRESENTATION_STYLE_ASSIGNMENT (( #2508 ) ) ;
#237 = COLOUR_RGB ( '',0.2980392156862745057, 0.2980392156862745057, 0.2980392156862745057 ) ;
#238 = DIRECTION ( 'NONE',  ( -0.000000000000000000, -0.000000000000000000, -1.000000000000000000 ) ) ;
#239 = AXIS2_PLACEMENT_3D ( 'NONE', #1487, #2237, #4638 ) ;
#240 =( GEOMETRIC_REPRESENTATION_CONTEXT ( 3 ) GLOBAL_UNCERTAINTY_ASSIGNED_CONTEXT ( ( #535 ) ) GLOBAL_UNIT_ASSIGNED_CONTEXT ( ( #4959, #2530, #3694 ) ) REPRESENTATION_CONTEXT ( 'NONE', 'WORKASPACE' ) );
#241 = MECHANICAL_DESIGN_GEOMETRIC_PRESENTATION_REPRESENTATION (  '', ( #2070 ), #921 ) ;
#242 = VECTOR ( 'NONE', #3212, 1000.000000000000114 ) ;
#243 = CARTESIAN_POINT ( 'NONE',  ( -69.02927394306239250, 33.51949909523553828, 38.10000000000000142 ) ) ;
#244 = CARTESIAN_POINT ( 'NONE',  ( -27.76500601735110507, 0.03484274304320529592, 38.10000000000000142 ) ) ;
#245 = CARTESIAN_POINT ( 'NONE',  ( -61.79866184086645120, 11.04148076017535196, 38.10000000000000142 ) ) ;
#246 =( GEOMETRIC_REPRESENTATION_CONTEXT ( 3 ) GLOBAL_UNCERTAINTY_ASSIGNED_CONTEXT ( ( #1836 ) ) GLOBAL_UNIT_ASSIGNED_CONTEXT ( ( #355, #1904, #2693 ) ) REPRESENTATION_CONTEXT ( 'NONE', 'WORKASPACE' ) );
#247 = PRESENTATION_LAYER_ASSIGNMENT (  '', '', ( #3053 ) ) ;
#248 = DIRECTION ( 'NONE',  ( -0.000000000000000000, -0.000000000000000000, -1.000000000000000000 ) ) ;
#249 = STYLED_ITEM ( 'NONE', ( #2442 ), #944 ) ;
#250 = DIRECTION ( 'NONE',  ( -1.000000000000000000, 0.000000000000000000, 0.000000000000000000 ) ) ;
#251 = CARTESIAN_POINT ( 'NONE',  ( -56.58844692662011511, 17.97372293522450803, 0.000000000000000000 ) ) ;
#252 = FILL_AREA_STYLE_COLOUR ( '', #4488 ) ;
#253 = CARTESIAN_POINT ( 'NONE',  ( -34.94532355148813707, 17.10460652725317487, 38.10000000000000142 ) ) ;
#254 =( GEOMETRIC_REPRESENTATION_CONTEXT ( 3 ) GLOBAL_UNCERTAINTY_ASSIGNED_CONTEXT ( ( #3971 ) ) GLOBAL_UNIT_ASSIGNED_CONTEXT ( ( #1795, #4130, #1768 ) ) REPRESENTATION_CONTEXT ( 'NONE', 'WORKASPACE' ) );
#255 = CARTESIAN_POINT ( 'NONE',  ( 0.000000000000000000, 0.000000000000000000, 0.000000000000000000 ) ) ;
#256 = ORIENTED_EDGE ( 'NONE', *, *, #1178, .F. ) ;
#257 = CARTESIAN_POINT ( 'NONE',  ( -68.39639288101632530, 25.87763152950190104, 38.10000000000000142 ) ) ;
#258 = FILL_AREA_STYLE_COLOUR ( '', #486 ) ;
#259 = DIRECTION ( 'NONE',  ( 1.000000000000000000, 0.000000000000000000, 0.000000000000000000 ) ) ;
#260 = CARTESIAN_POINT ( 'NONE',  ( -32.29110189870194603, 0.7081143066386963447, 38.10000000000000142 ) ) ;
#261 = CIRCLE ( 'NONE', #1509, 0.5118843026691993758 ) ;
#262 = EDGE_CURVE ( 'NONE', #417, #696, #3138, .T. ) ;
#263 = EDGE_LOOP ( 'NONE', ( #4399, #3778, #3632, #3666 ) ) ;
#264 = CARTESIAN_POINT ( 'NONE',  ( -33.24701807344815307, 33.71587599479886421, 38.10000000000000142 ) ) ;
#265 = SURFACE_STYLE_FILL_AREA ( #3448 ) ;
#266 = CARTESIAN_POINT ( 'NONE',  ( -42.49067150965667850, 33.71587599479885711, 38.10000000000000142 ) ) ;
#267 = EDGE_CURVE ( 'NONE', #2975, #2772, #4370, .T. ) ;
#268 =( NAMED_UNIT ( * ) SI_UNIT ( $, .STERADIAN. ) SOLID_ANGLE_UNIT ( ) );
#269 = UNCERTAINTY_MEASURE_WITH_UNIT (LENGTH_MEASURE( 1.000000000000000082E-05 ), #4737, 'distance_accuracy_value', 'NONE');
#270 = SURFACE_SIDE_STYLE ('',( #2541 ) ) ;
#271 = DIRECTION ( 'NONE',  ( -0.5093057701338493670, 0.8605856334545485264, -0.000000000000000000 ) ) ;
#272 = CARTESIAN_POINT ( 'NONE',  ( -38.56688708918884601, 24.09962865071497617, 38.10000000000000142 ) ) ;
#273 = CARTESIAN_POINT ( 'NONE',  ( -33.58336787123207756, 21.25932036198586772, 38.10000000000000142 ) ) ;
#274 = DIRECTION ( 'NONE',  ( -0.000000000000000000, -0.000000000000000000, -1.000000000000000000 ) ) ;
#275 = ORIENTED_EDGE ( 'NONE', *, *, #3759, .T. ) ;
#276 = SURFACE_STYLE_FILL_AREA ( #5025 ) ;
#277 = FILL_AREA_STYLE_COLOUR ( '', #4513 ) ;
#278 = STYLED_ITEM ( 'NONE', ( #3558 ), #1324 ) ;
#279 = DIRECTION ( 'NONE',  ( -0.000000000000000000, -0.000000000000000000, -1.000000000000000000 ) ) ;
#280 = CARTESIAN_POINT ( 'NONE',  ( -58.35634206377349642, 9.543591494498629757, 38.10000000000000142 ) ) ;
#281 = DIRECTION ( 'NONE',  ( -0.000000000000000000, -0.000000000000000000, -1.000000000000000000 ) ) ;
#282 = COLOUR_RGB ( '',0.2980392156862745057, 0.2980392156862745057, 0.2980392156862745057 ) ;
#283 = ORIENTED_EDGE ( 'NONE', *, *, #1923, .T. ) ;
#284 = CARTESIAN_POINT ( 'NONE',  ( -56.58844692662011511, 16.08376167166643356, 0.000000000000000000 ) ) ;
#285 = SURFACE_STYLE_FILL_AREA ( #2253 ) ;
#286 =( NAMED_UNIT ( * ) SI_UNIT ( $, .STERADIAN. ) SOLID_ANGLE_UNIT ( ) );
#287 = CARTESIAN_POINT ( 'NONE',  ( -27.76500601735112284, 7.618197466983599675, 38.10000000000000142 ) ) ;
#288 = VERTEX_POINT ( 'NONE', #1935 ) ;
#289 = CARTESIAN_POINT ( 'NONE',  ( -35.11965665901217903, 17.55698531430387987, 38.10000000000000142 ) ) ;
#290 = CARTESIAN_POINT ( 'NONE',  ( -63.29010308713453270, 21.16890029208335378, 0.000000000000000000 ) ) ;
#291 = FILL_AREA_STYLE_COLOUR ( '', #4524 ) ;
#292 = CIRCLE ( 'NONE', #966, 0.5340105721110544046 ) ;
#293 = ADVANCED_FACE ( 'NONE', ( #3845 ), #3819, .F. ) ;
#294 = FACE_OUTER_BOUND ( 'NONE', #1744, .T. ) ;
#295 = CARTESIAN_POINT ( 'NONE',  ( -68.87344783956824301, 0.7528379933234140564, 0.000000000000000000 ) ) ;
#296 = DIRECTION ( 'NONE',  ( 0.000000000000000000, 0.000000000000000000, 1.000000000000000000 ) ) ;
#297 = AXIS2_PLACEMENT_3D ( 'NONE', #4912, #929, #1390 ) ;
#298 = DIRECTION ( 'NONE',  ( -0.000000000000000000, -0.000000000000000000, -1.000000000000000000 ) ) ;
#299 = ORIENTED_EDGE ( 'NONE', *, *, #4595, .T. ) ;
#300 = ADVANCED_FACE ( 'NONE', ( #294 ), #3874, .F. ) ;
#301 = EDGE_CURVE ( 'NONE', #1048, #3279, #1546, .T. ) ;
#302 = CARTESIAN_POINT ( 'NONE',  ( -33.87265359748052873, 22.72986160438344072, 38.10000000000000142 ) ) ;
#303 = DIRECTION ( 'NONE',  ( 0.6901459099388770335, -0.7236702446519681642, 0.000000000000000000 ) ) ;
#304 = DIRECTION ( 'NONE',  ( 0.000000000000000000, 0.000000000000000000, -1.000000000000000000 ) ) ;
#305 = SURFACE_STYLE_FILL_AREA ( #5056 ) ;
#306 = STYLED_ITEM ( 'NONE', ( #897 ), #411 ) ;
#307 = SURFACE_STYLE_FILL_AREA ( #1159 ) ;
#308 = VECTOR ( 'NONE', #4191, 1000.000000000000000 ) ;
#309 = EDGE_LOOP ( 'NONE', ( #2072, #4406, #3176, #1350 ) ) ;
#311 = AXIS2_PLACEMENT_3D ( 'NONE', #2225, #3888, #3441 ) ;
#310 = CARTESIAN_POINT ( 'NONE',  ( -63.79024112061140528, 0.7081143066386970109, 38.10000000000000142 ) ) ;
#312 = DIRECTION ( 'NONE',  ( 0.000000000000000000, 0.000000000000000000, 1.000000000000000000 ) ) ;
#313 = FILL_AREA_STYLE_COLOUR ( '', #1014 ) ;
#314 = ORIENTED_EDGE ( 'NONE', *, *, #333, .F. ) ;
#315 = COLOUR_RGB ( '',0.2980392156862745057, 0.2980392156862745057, 0.2980392156862745057 ) ;
#316 =( GEOMETRIC_REPRESENTATION_CONTEXT ( 3 ) GLOBAL_UNCERTAINTY_ASSIGNED_CONTEXT ( ( #4620 ) ) GLOBAL_UNIT_ASSIGNED_CONTEXT ( ( #2096, #548, #964 ) ) REPRESENTATION_CONTEXT ( 'NONE', 'WORKASPACE' ) );
#317 = MECHANICAL_DESIGN_GEOMETRIC_PRESENTATION_REPRESENTATION (  '', ( #3619 ), #4098 ) ;
#318 =( NAMED_UNIT ( * ) SI_UNIT ( $, .STERADIAN. ) SOLID_ANGLE_UNIT ( ) );
#319 = ORIENTED_EDGE ( 'NONE', *, *, #3328, .T. ) ;
#320 = VECTOR ( 'NONE', #4662, 1000.000000000000000 ) ;
#321 = DIRECTION ( 'NONE',  ( -0.8078512441892020668, -0.5893864328791071916, 0.000000000000000000 ) ) ;
#322 = DIRECTION ( 'NONE',  ( 0.000000000000000000, 0.000000000000000000, 1.000000000000000000 ) ) ;
#323 =( LENGTH_UNIT ( ) NAMED_UNIT ( * ) SI_UNIT ( .MILLI., .METRE. ) );
#324 = COLOUR_RGB ( '',0.2980392156862745057, 0.2980392156862745057, 0.2980392156862745057 ) ;
#325 =( GEOMETRIC_REPRESENTATION_CONTEXT ( 3 ) GLOBAL_UNCERTAINTY_ASSIGNED_CONTEXT ( ( #4710 ) ) GLOBAL_UNIT_ASSIGNED_CONTEXT ( ( #3302, #1298, #1688 ) ) REPRESENTATION_CONTEXT ( 'NONE', 'WORKASPACE' ) );
#326 = VECTOR ( 'NONE', #129, 1000.000000000000000 ) ;
#327 = FILL_AREA_STYLE ('',( #4219 ) ) ;
#328 = LINE ( 'NONE', #1467, #5111 ) ;
#329 = DIRECTION ( 'NONE',  ( -0.000000000000000000, -0.000000000000000000, -1.000000000000000000 ) ) ;
#330 = DIRECTION ( 'NONE',  ( -1.000000000000000000, 0.000000000000000000, 0.000000000000000000 ) ) ;
#331 = AXIS2_PLACEMENT_3D ( 'NONE', #4142, #545, #4480 ) ;
#332 = AXIS2_PLACEMENT_3D ( 'NONE', #4118, #274, #4223 ) ;
#333 = EDGE_CURVE ( 'NONE', #2196, #1710, #2240, .T. ) ;
#334 = EDGE_CURVE ( 'NONE', #1205, #1555, #893, .T. ) ;
#335 = ORIENTED_EDGE ( 'NONE', *, *, #593, .F. ) ;
#336 = DIRECTION ( 'NONE',  ( -1.000000000000000000, 0.000000000000000000, 0.000000000000000000 ) ) ;
#337 = CARTESIAN_POINT ( 'NONE',  ( -34.54984631421057628, 18.37876154355187808, 38.10000000000000142 ) ) ;
#338 = COLOUR_RGB ( '',0.2980392156862745057, 0.2980392156862745057, 0.2980392156862745057 ) ;
#339 = SURFACE_STYLE_FILL_AREA ( #1131 ) ;
#340 = COLOUR_RGB ( '',0.2980392156862745057, 0.2980392156862745057, 0.2980392156862745057 ) ;
#341 = LINE ( 'NONE', #2604, #1722 ) ;
#342 = EDGE_CURVE ( 'NONE', #2517, #939, #4764, .T. ) ;
#343 = DIRECTION ( 'NONE',  ( -1.000000000000000000, 0.000000000000000000, 0.000000000000000000 ) ) ;
#344 = VECTOR ( 'NONE', #221, 1000.000000000000000 ) ;
#345 = ORIENTED_EDGE ( 'NONE', *, *, #2295, .F. ) ;
#346 =( LENGTH_UNIT ( ) NAMED_UNIT ( * ) SI_UNIT ( .MILLI., .METRE. ) );
#347 = ORIENTED_EDGE ( 'NONE', *, *, #4782, .T. ) ;
#348 = SURFACE_STYLE_FILL_AREA ( #2667 ) ;
#349 = SURFACE_STYLE_USAGE ( .BOTH. , #1088 ) ;
#350 = VERTEX_POINT ( 'NONE', #3954 ) ;
#351 = SURFACE_SIDE_STYLE ('',( #4405 ) ) ;
#352 = ORIENTED_EDGE ( 'NONE', *, *, #2104, .F. ) ;
#353 = DIRECTION ( 'NONE',  ( 0.5722844846642898275, -0.8200551619327373087, 0.000000000000000000 ) ) ;
#354 =( GEOMETRIC_REPRESENTATION_CONTEXT ( 3 ) GLOBAL_UNCERTAINTY_ASSIGNED_CONTEXT ( ( #375 ) ) GLOBAL_UNIT_ASSIGNED_CONTEXT ( ( #2311, #2202, #3765 ) ) REPRESENTATION_CONTEXT ( 'NONE', 'WORKASPACE' ) );
#355 =( LENGTH_UNIT ( ) NAMED_UNIT ( * ) SI_UNIT ( .MILLI., .METRE. ) );
#356 = DIRECTION ( 'NONE',  ( -0.000000000000000000, -0.000000000000000000, -1.000000000000000000 ) ) ;
#357 = COLOUR_RGB ( '',0.2980392156862745057, 0.2980392156862745057, 0.2980392156862745057 ) ;
#358 = CARTESIAN_POINT ( 'NONE',  ( -63.29010308713453270, 12.88858431480758426, 38.10000000000000142 ) ) ;
#359 = SURFACE_STYLE_FILL_AREA ( #1936 ) ;
#360 = DIRECTION ( 'NONE',  ( 1.000000000000000000, 0.000000000000000000, 0.000000000000000000 ) ) ;
#361 = ORIENTED_EDGE ( 'NONE', *, *, #3673, .T. ) ;
#362 = SURFACE_STYLE_USAGE ( .BOTH. , #2737 ) ;
#363 = CARTESIAN_POINT ( 'NONE',  ( -56.58844692662011511, 33.71587599479885711, 38.10000000000000142 ) ) ;
#364 = DIRECTION ( 'NONE',  ( -1.000000000000000000, 0.000000000000000000, 0.000000000000000000 ) ) ;
#365 = DIRECTION ( 'NONE',  ( 1.000000000000000000, 0.000000000000000000, 0.000000000000000000 ) ) ;
#366 = ORIENTED_EDGE ( 'NONE', *, *, #1208, .F. ) ;
#367 = SURFACE_SIDE_STYLE ('',( #307 ) ) ;
#368 = VERTEX_POINT ( 'NONE', #443 ) ;
#369 = EDGE_CURVE ( 'NONE', #196, #3884, #1985, .T. ) ;
#370 = ORIENTED_EDGE ( 'NONE', *, *, #946, .T. ) ;
#371 = FACE_OUTER_BOUND ( 'NONE', #615, .T. ) ;
#372 = PLANE ( 'NONE',  #977 ) ;
#373 = EDGE_LOOP ( 'NONE', ( #1810, #192, #1780, #3160 ) ) ;
#374 = CARTESIAN_POINT ( 'NONE',  ( -68.85021745838166396, 25.53717709576632444, 38.10000000000000142 ) ) ;
#375 = UNCERTAINTY_MEASURE_WITH_UNIT (LENGTH_MEASURE( 1.000000000000000082E-05 ), #2311, 'distance_accuracy_value', 'NONE');
#376 = EDGE_CURVE ( 'NONE', #4744, #842, #2847, .T. ) ;
#377 = EDGE_LOOP ( 'NONE', ( #256, #3940, #4441, #657 ) ) ;
#378 = CARTESIAN_POINT ( 'NONE',  ( -62.16456490882490726, 26.85998107977238192, 38.10000000000000142 ) ) ;
#379 =( NAMED_UNIT ( * ) PLANE_ANGLE_UNIT ( ) SI_UNIT ( $, .RADIAN. ) );
#380 = CARTESIAN_POINT ( 'NONE',  ( -63.79024112061140528, 0.7081143066386970109, 38.10000000000000142 ) ) ;
#381 = LINE ( 'NONE', #3059, #2778 ) ;
#382 = CYLINDRICAL_SURFACE ( 'NONE', #2123, 0.5340105721110509629 ) ;
#383 = COLOUR_RGB ( '',0.2980392156862745057, 0.2980392156862745057, 0.2980392156862745057 ) ;
#384 = SURFACE_SIDE_STYLE ('',( #1961 ) ) ;
#385 = PRESENTATION_STYLE_ASSIGNMENT (( #3877 ) ) ;
#386 = EDGE_CURVE ( 'NONE', #3687, #1351, #830, .T. ) ;
#387 = PRESENTATION_LAYER_ASSIGNMENT (  '', '', ( #882 ) ) ;
#388 = SURFACE_SIDE_STYLE ('',( #276 ) ) ;
#389 = CARTESIAN_POINT ( 'NONE',  ( -33.24701807344815307, 33.71587599479886421, 0.000000000000000000 ) ) ;
#390 = DIRECTION ( 'NONE',  ( 1.000000000000000000, 0.000000000000000000, -0.000000000000000000 ) ) ;
#391 = SURFACE_SIDE_STYLE ('',( #2043 ) ) ;
#392 =( LENGTH_UNIT ( ) NAMED_UNIT ( * ) SI_UNIT ( .MILLI., .METRE. ) );
#393 = AXIS2_PLACEMENT_3D ( 'NONE', #2596, #1776, #1856 ) ;
#394 = ORIENTED_EDGE ( 'NONE', *, *, #4280, .T. ) ;
#395 = VECTOR ( 'NONE', #3316, 1000.000000000000114 ) ;
#396 = PLANE ( 'NONE',  #3180 ) ;
#397 = SURFACE_SIDE_STYLE ('',( #5116 ) ) ;
#398 = ORIENTED_EDGE ( 'NONE', *, *, #1923, .F. ) ;
#399 = AXIS2_PLACEMENT_3D ( 'NONE', #4308, #4801, #2350 ) ;
#400 = SURFACE_STYLE_FILL_AREA ( #1280 ) ;
#401 = EDGE_CURVE ( 'NONE', #1135, #3740, #1700, .T. ) ;
#402 = DIRECTION ( 'NONE',  ( 0.3579966143086401598, -0.9337228840204949698, 0.000000000000000000 ) ) ;
#403 = STYLED_ITEM ( 'NONE', ( #554 ), #2599 ) ;
#404 = ORIENTED_EDGE ( 'NONE', *, *, #1756, .F. ) ;
#405 = LINE ( 'NONE', #459, #4065 ) ;
#406 = FILL_AREA_STYLE_COLOUR ( '', #4455 ) ;
#407 = SURFACE_SIDE_STYLE ('',( #3101 ) ) ;
#408 = COLOUR_RGB ( '',0.2980392156862745057, 0.2980392156862745057, 0.2980392156862745057 ) ;
#409 = EDGE_CURVE ( 'NONE', #1480, #1679, #1, .T. ) ;
#410 = DIRECTION ( 'NONE',  ( -0.000000000000000000, -0.000000000000000000, -1.000000000000000000 ) ) ;
#411 = ADVANCED_FACE ( 'NONE', ( #4421 ), #1602, .T. ) ;
#412 =( LENGTH_UNIT ( ) NAMED_UNIT ( * ) SI_UNIT ( .MILLI., .METRE. ) );
#413 = CARTESIAN_POINT ( 'NONE',  ( -48.04067150965667565, 16.08376167166643356, 21.60000000000000142 ) ) ;
#414 = CARTESIAN_POINT ( 'NONE',  ( -57.51445593012449820, 0.3416086120920855396, 38.10000000000000142 ) ) ;
#415 = STYLED_ITEM ( 'NONE', ( #4645 ), #7 ) ;
#416 = CIRCLE ( 'NONE', #5015, 0.5673323263053406951 ) ;
#417 = VERTEX_POINT ( 'NONE', #1624 ) ;
#418 = FILL_AREA_STYLE_COLOUR ( '', #3027 ) ;
#419 = DIRECTION ( 'NONE',  ( -0.000000000000000000, -0.000000000000000000, -1.000000000000000000 ) ) ;
#420 = CARTESIAN_POINT ( 'NONE',  ( -39.02989159094103400, 33.71587599479885711, 38.10000000000000142 ) ) ;
#421 = MECHANICAL_DESIGN_GEOMETRIC_PRESENTATION_REPRESENTATION (  '', ( #2310 ), #4194 ) ;
#422 =( NAMED_UNIT ( * ) SI_UNIT ( $, .STERADIAN. ) SOLID_ANGLE_UNIT ( ) );
#423 = AXIS2_PLACEMENT_3D ( 'NONE', #2969, #2584, #3313 ) ;
#424 =( GEOMETRIC_REPRESENTATION_CONTEXT ( 3 ) GLOBAL_UNCERTAINTY_ASSIGNED_CONTEXT ( ( #3257 ) ) GLOBAL_UNIT_ASSIGNED_CONTEXT ( ( #3501, #800, #1145 ) ) REPRESENTATION_CONTEXT ( 'NONE', 'WORKASPACE' ) );
#425 = ORIENTED_EDGE ( 'NONE', *, *, #2913, .T. ) ;
#426 = DIRECTION ( 'NONE',  ( -0.000000000000000000, -0.000000000000000000, -1.000000000000000000 ) ) ;
#427 = PRESENTATION_LAYER_ASSIGNMENT (  '', '', ( #1101 ) ) ;
#428 = SURFACE_STYLE_USAGE ( .BOTH. , #4018 ) ;
#429 = VERTEX_POINT ( 'NONE', #4350 ) ;
#430 = CARTESIAN_POINT ( 'NONE',  ( -68.39639288101632530, 25.87763152950190104, 38.10000000000000142 ) ) ;
#431 = PRESENTATION_LAYER_ASSIGNMENT (  '', '', ( #1337 ) ) ;
#432 = MECHANICAL_DESIGN_GEOMETRIC_PRESENTATION_REPRESENTATION (  '', ( #4204 ), #4379 ) ;
#433 = PRESENTATION_LAYER_ASSIGNMENT (  '', '', ( #2554 ) ) ;
#434 = UNCERTAINTY_MEASURE_WITH_UNIT (LENGTH_MEASURE( 1.000000000000000082E-05 ), #2346, 'distance_accuracy_value', 'NONE');
#435 = ORIENTED_EDGE ( 'NONE', *, *, #2535, .T. ) ;
#436 = DIRECTION ( 'NONE',  ( -0.000000000000000000, -0.000000000000000000, -1.000000000000000000 ) ) ;
#437 =( LENGTH_UNIT ( ) NAMED_UNIT ( * ) SI_UNIT ( .MILLI., .METRE. ) );
#438 = CARTESIAN_POINT ( 'NONE',  ( -27.23112556093167669, 0.9369527871842114886, 0.000000000000000000 ) ) ;
#439 = ADVANCED_FACE ( 'NONE', ( #465, #1681, #3979 ), #3184, .F. ) ;
#440 = DIRECTION ( 'NONE',  ( 0.6901459099388759233, -0.7236702446519691634, 0.000000000000000000 ) ) ;
#441 = DIRECTION ( 'NONE',  ( -0.000000000000000000, -0.000000000000000000, -1.000000000000000000 ) ) ;
#442 = EDGE_CURVE ( 'NONE', #1885, #4236, #3361, .T. ) ;
#443 = CARTESIAN_POINT ( 'NONE',  ( -63.82416733590749658, 0.5248614593653875282, 0.000000000000000000 ) ) ;
#444 = PRESENTATION_STYLE_ASSIGNMENT (( #4814 ) ) ;
#445 = LINE ( 'NONE', #3, #3579 ) ;
#446 =( LENGTH_UNIT ( ) NAMED_UNIT ( * ) SI_UNIT ( .MILLI., .METRE. ) );
#447 = DIRECTION ( 'NONE',  ( 0.000000000000000000, 0.000000000000000000, 1.000000000000000000 ) ) ;
#448 = ORIENTED_EDGE ( 'NONE', *, *, #4172, .T. ) ;
#449 = CARTESIAN_POINT ( 'NONE',  ( -68.85021745838166396, 25.53717709576632444, 0.000000000000000000 ) ) ;
#450 =( LENGTH_UNIT ( ) NAMED_UNIT ( * ) SI_UNIT ( .MILLI., .METRE. ) );
#451 = ORIENTED_EDGE ( 'NONE', *, *, #1569, .T. ) ;
#452 = SURFACE_STYLE_USAGE ( .BOTH. , #3911 ) ;
#453 = PRESENTATION_STYLE_ASSIGNMENT (( #4779 ) ) ;
#454 = EDGE_LOOP ( 'NONE', ( #2575, #2383, #509, #2932 ) ) ;
#455 =( NAMED_UNIT ( * ) PLANE_ANGLE_UNIT ( ) SI_UNIT ( $, .RADIAN. ) );
#456 = ORIENTED_EDGE ( 'NONE', *, *, #3903, .T. ) ;
#457 = PRESENTATION_STYLE_ASSIGNMENT (( #1216 ) ) ;
#458 = VERTEX_POINT ( 'NONE', #4452 ) ;
#459 = CARTESIAN_POINT ( 'NONE',  ( -59.07485281561364587, 10.14702301980153365, 0.000000000000000000 ) ) ;
#460 = AXIS2_PLACEMENT_3D ( 'NONE', #374, #4210, #659 ) ;
#461 =( NAMED_UNIT ( * ) PLANE_ANGLE_UNIT ( ) SI_UNIT ( $, .RADIAN. ) );
#462 =( NAMED_UNIT ( * ) SI_UNIT ( $, .STERADIAN. ) SOLID_ANGLE_UNIT ( ) );
#463 = DIRECTION ( 'NONE',  ( -0.7236702446519692744, -0.6901459099388760343, 0.000000000000000000 ) ) ;
#464 = ORIENTED_EDGE ( 'NONE', *, *, #1144, .F. ) ;
#465 = FACE_OUTER_BOUND ( 'NONE', #2427, .T. ) ;
#466 = CARTESIAN_POINT ( 'NONE',  ( -34.28268117844689300, 23.01600384671558785, 38.10000000000000142 ) ) ;
#467 = DIRECTION ( 'NONE',  ( -0.000000000000000000, -0.000000000000000000, -1.000000000000000000 ) ) ;
#468 = FACE_OUTER_BOUND ( 'NONE', #3249, .T. ) ;
#469 = ORIENTED_EDGE ( 'NONE', *, *, #3042, .F. ) ;
#470 = ADVANCED_FACE ( 'NONE', ( #3742 ), #2176, .F. ) ;
#471 = CARTESIAN_POINT ( 'NONE',  ( -61.98303791952559294, 18.33641936412508855, 0.000000000000000000 ) ) ;
#472 = EDGE_CURVE ( 'NONE', #4601, #3884, #3445, .T. ) ;
#473 = MECHANICAL_DESIGN_GEOMETRIC_PRESENTATION_REPRESENTATION (  '', ( #3597 ), #805 ) ;
#474 = EDGE_CURVE ( 'NONE', #1430, #4542, #2107, .T. ) ;
#475 = VERTEX_POINT ( 'NONE', #4519 ) ;
#476 = VERTEX_POINT ( 'NONE', #2588 ) ;
#477 = ORIENTED_EDGE ( 'NONE', *, *, #401, .F. ) ;
#478 = UNCERTAINTY_MEASURE_WITH_UNIT (LENGTH_MEASURE( 1.000000000000000082E-05 ), #1434, 'distance_accuracy_value', 'NONE');
#479 =( GEOMETRIC_REPRESENTATION_CONTEXT ( 3 ) GLOBAL_UNCERTAINTY_ASSIGNED_CONTEXT ( ( #4821 ) ) GLOBAL_UNIT_ASSIGNED_CONTEXT ( ( #3695, #2873, #4547 ) ) REPRESENTATION_CONTEXT ( 'NONE', 'WORKASPACE' ) );
#480 = ORIENTED_EDGE ( 'NONE', *, *, #3519, .T. ) ;
#481 = DIRECTION ( 'NONE',  ( -0.000000000000000000, -0.000000000000000000, -1.000000000000000000 ) ) ;
#482 = CIRCLE ( 'NONE', #4589, 0.8129607037970152383 ) ;
#483 = LINE ( 'NONE', #2055, #2290 ) ;
#484 = FACE_OUTER_BOUND ( 'NONE', #4066, .T. ) ;
#485 = DIRECTION ( 'NONE',  ( -1.000000000000000000, 0.000000000000000000, 0.000000000000000000 ) ) ;
#486 = COLOUR_RGB ( '',0.2980392156862745057, 0.2980392156862745057, 0.2980392156862745057 ) ;
#487 = FILL_AREA_STYLE_COLOUR ( '', #338 ) ;
#488 = DIRECTION ( 'NONE',  ( 0.5893864328791068585, -0.8078512441892021778, 0.000000000000000000 ) ) ;
#489 = EDGE_CURVE ( 'NONE', #2352, #1433, #1225, .T. ) ;
#490 =( LENGTH_UNIT ( ) NAMED_UNIT ( * ) SI_UNIT ( .MILLI., .METRE. ) );
#491 = MECHANICAL_DESIGN_GEOMETRIC_PRESENTATION_REPRESENTATION (  '', ( #4927 ), #1399 ) ;
#492 = PLANE ( 'NONE',  #1594 ) ;
#493 = ORIENTED_EDGE ( 'NONE', *, *, #2232, .F. ) ;
#494 = FILL_AREA_STYLE_COLOUR ( '', #3467 ) ;
#495 = CYLINDRICAL_SURFACE ( 'NONE', #1669, 1.800000000000001155 ) ;
#496 = SURFACE_STYLE_FILL_AREA ( #2140 ) ;
#497 = DIRECTION ( 'NONE',  ( -1.000000000000000000, 0.000000000000000000, 0.000000000000000000 ) ) ;
#498 = CIRCLE ( 'NONE', #1982, 0.5673323263053406951 ) ;
#499 = ORIENTED_EDGE ( 'NONE', *, *, #3755, .T. ) ;
#500 = ORIENTED_EDGE ( 'NONE', *, *, #2360, .F. ) ;
#501 = VECTOR ( 'NONE', #1349, 1000.000000000000000 ) ;
#502 = EDGE_CURVE ( 'NONE', #140, #741, #4887, .T. ) ;
#503 = MECHANICAL_DESIGN_GEOMETRIC_PRESENTATION_REPRESENTATION (  '', ( #2146 ), #1490 ) ;
#504 =( LENGTH_UNIT ( ) NAMED_UNIT ( * ) SI_UNIT ( .MILLI., .METRE. ) );
#505 = DIRECTION ( 'NONE',  ( -0.000000000000000000, -0.000000000000000000, -1.000000000000000000 ) ) ;
#506 = VECTOR ( 'NONE', #2874, 1000.000000000000000 ) ;
#507 = VECTOR ( 'NONE', #410, 1000.000000000000000 ) ;
#508 =( NAMED_UNIT ( * ) SI_UNIT ( $, .STERADIAN. ) SOLID_ANGLE_UNIT ( ) );
#509 = ORIENTED_EDGE ( 'NONE', *, *, #628, .T. ) ;
#510 = FACE_OUTER_BOUND ( 'NONE', #207, .T. ) ;
#511 = VECTOR ( 'NONE', #505, 1000.000000000000000 ) ;
#512 = SURFACE_STYLE_USAGE ( .BOTH. , #1695 ) ;
#513 = ORIENTED_EDGE ( 'NONE', *, *, #723, .F. ) ;
#514 = VECTOR ( 'NONE', #3507, 1000.000000000000227 ) ;
#515 = CARTESIAN_POINT ( 'NONE',  ( -68.31633700196223913, 0.03484274304320356119, 38.10000000000000142 ) ) ;
#516 =( GEOMETRIC_REPRESENTATION_CONTEXT ( 3 ) GLOBAL_UNCERTAINTY_ASSIGNED_CONTEXT ( ( #434 ) ) GLOBAL_UNIT_ASSIGNED_CONTEXT ( ( #2346, #3485, #1991 ) ) REPRESENTATION_CONTEXT ( 'NONE', 'WORKASPACE' ) );
#517 = ORIENTED_EDGE ( 'NONE', *, *, #1821, .F. ) ;
#518 = EDGE_CURVE ( 'NONE', #2688, #4601, #2922, .T. ) ;
#519 = DIRECTION ( 'NONE',  ( -0.000000000000000000, -0.000000000000000000, -1.000000000000000000 ) ) ;
#520 = STYLED_ITEM ( 'NONE', ( #4097 ), #5032 ) ;
#521 = DIRECTION ( 'NONE',  ( -0.000000000000000000, -0.000000000000000000, -1.000000000000000000 ) ) ;
#522 = LINE ( 'NONE', #2496, #1734 ) ;
#523 = EDGE_LOOP ( 'NONE', ( #3077, #1446, #2305, #3258 ) ) ;
#524 = ORIENTED_EDGE ( 'NONE', *, *, #2978, .F. ) ;
#525 =( LENGTH_UNIT ( ) NAMED_UNIT ( * ) SI_UNIT ( .MILLI., .METRE. ) );
#526 = EDGE_CURVE ( 'NONE', #4504, #839, #1067, .T. ) ;
#527 = DIRECTION ( 'NONE',  ( -0.000000000000000000, -0.000000000000000000, -1.000000000000000000 ) ) ;
#528 = ORIENTED_EDGE ( 'NONE', *, *, #1086, .F. ) ;
#529 = PRESENTATION_STYLE_ASSIGNMENT (( #227 ) ) ;
#530 = PRESENTATION_STYLE_ASSIGNMENT (( #635 ) ) ;
#531 = ORIENTED_EDGE ( 'NONE', *, *, #788, .T. ) ;
#532 = EDGE_CURVE ( 'NONE', #3884, #4601, #4592, .T. ) ;
#533 = VERTEX_POINT ( 'NONE', #3767 ) ;
#534 = AXIS2_PLACEMENT_3D ( 'NONE', #1683, #2831, #3956 ) ;
#535 = UNCERTAINTY_MEASURE_WITH_UNIT (LENGTH_MEASURE( 1.000000000000000082E-05 ), #4959, 'distance_accuracy_value', 'NONE');
#536 = CARTESIAN_POINT ( 'NONE',  ( -38.56688708918884601, 0.3416086120920855396, 38.10000000000000142 ) ) ;
#537 = SURFACE_SIDE_STYLE ('',( #900 ) ) ;
#538 = PRESENTATION_STYLE_ASSIGNMENT (( #2437 ) ) ;
#539 = VECTOR ( 'NONE', #3182, 1000.000000000000000 ) ;
#540 = STYLED_ITEM ( 'NONE', ( #4715 ), #1417 ) ;
#541 = ORIENTED_EDGE ( 'NONE', *, *, #622, .T. ) ;
#542 = CARTESIAN_POINT ( 'NONE',  ( -62.58146679511121846, 7.895427536684826997, 38.10000000000000142 ) ) ;
#543 =( LENGTH_UNIT ( ) NAMED_UNIT ( * ) SI_UNIT ( .MILLI., .METRE. ) );
#544 = CARTESIAN_POINT ( 'NONE',  ( -61.53149670510276792, 18.37876154355187452, 0.000000000000000000 ) ) ;
#545 = DIRECTION ( 'NONE',  ( 0.9337228840204949698, -0.3579966143086401598, 0.000000000000000000 ) ) ;
#546 = VERTEX_POINT ( 'NONE', #1825 ) ;
#547 = ORIENTED_EDGE ( 'NONE', *, *, #2231, .F. ) ;
#548 =( NAMED_UNIT ( * ) PLANE_ANGLE_UNIT ( ) SI_UNIT ( $, .RADIAN. ) );
#549 = PRESENTATION_LAYER_ASSIGNMENT (  '', '', ( #1452 ) ) ;
#550 = CARTESIAN_POINT ( 'NONE',  ( -34.37265359748052873, 22.72986160438344072, 38.10000000000000142 ) ) ;
#551 = AXIS2_PLACEMENT_3D ( 'NONE', #2595, #982, #644 ) ;
#552 = COLOUR_RGB ( '',0.2980392156862745057, 0.2980392156862745057, 0.2980392156862745057 ) ;
#553 = ORIENTED_EDGE ( 'NONE', *, *, #4901, .F. ) ;
#554 = PRESENTATION_STYLE_ASSIGNMENT (( #607 ) ) ;
#555 = EDGE_CURVE ( 'NONE', #3293, #2040, #4837, .T. ) ;
#556 = VERTEX_POINT ( 'NONE', #4963 ) ;
#557 = EDGE_CURVE ( 'NONE', #3404, #2276, #3350, .T. ) ;
#558 = PRESENTATION_LAYER_ASSIGNMENT (  '', '', ( #2612 ) ) ;
#559 = CARTESIAN_POINT ( 'NONE',  ( -48.04067150965667565, 17.97372293522450803, 12.70000000000000284 ) ) ;
#560 = DIRECTION ( 'NONE',  ( -1.000000000000000000, 0.000000000000000000, 0.000000000000000000 ) ) ;
#561 =( GEOMETRIC_REPRESENTATION_CONTEXT ( 3 ) GLOBAL_UNCERTAINTY_ASSIGNED_CONTEXT ( ( #3640 ) ) GLOBAL_UNIT_ASSIGNED_CONTEXT ( ( #2692, #3498, #1486 ) ) REPRESENTATION_CONTEXT ( 'NONE', 'WORKASPACE' ) );
#562 = EDGE_CURVE ( 'NONE', #3515, #2757, #126, .T. ) ;
#563 =( GEOMETRIC_REPRESENTATION_CONTEXT ( 3 ) GLOBAL_UNCERTAINTY_ASSIGNED_CONTEXT ( ( #1267 ) ) GLOBAL_UNIT_ASSIGNED_CONTEXT ( ( #4141, #2572, #3801 ) ) REPRESENTATION_CONTEXT ( 'NONE', 'WORKASPACE' ) );
#564 = CARTESIAN_POINT ( 'NONE',  ( -62.49797514808126664, 21.25932036198586772, 38.10000000000000142 ) ) ;
#565 = ORIENTED_EDGE ( 'NONE', *, *, #3815, .F. ) ;
#566 = COLOUR_RGB ( '',0.2980392156862745057, 0.2980392156862745057, 0.2980392156862745057 ) ;
#567 = PLANE ( 'NONE',  #3272 ) ;
#568 = CARTESIAN_POINT ( 'NONE',  ( -32.79123993217881150, 21.16890029208335378, 38.10000000000000142 ) ) ;
#569 = SURFACE_STYLE_FILL_AREA ( #4535 ) ;
#570 = MECHANICAL_DESIGN_GEOMETRIC_PRESENTATION_REPRESENTATION (  '', ( #2381 ), #4768 ) ;
#571 = ORIENTED_EDGE ( 'NONE', *, *, #555, .T. ) ;
#572 = CIRCLE ( 'NONE', #988, 1.484807796299142391 ) ;
#573 = MECHANICAL_DESIGN_GEOMETRIC_PRESENTATION_REPRESENTATION (  '', ( #1665 ), #1491 ) ;
#574 = ORIENTED_EDGE ( 'NONE', *, *, #2328, .T. ) ;
#575 = DIRECTION ( 'NONE',  ( -1.000000000000000000, 0.000000000000000000, 0.000000000000000000 ) ) ;
#576 = LINE ( 'NONE', #4095, #3110 ) ;
#577 = CIRCLE ( 'NONE', #2632, 0.5000000000000004441 ) ;
#578 = CYLINDRICAL_SURFACE ( 'NONE', #2078, 0.9999999999999870104 ) ;
#579 = LINE ( 'NONE', #2150, #2331 ) ;
#580 =( GEOMETRIC_REPRESENTATION_CONTEXT ( 3 ) GLOBAL_UNCERTAINTY_ASSIGNED_CONTEXT ( ( #1562 ) ) GLOBAL_UNIT_ASSIGNED_CONTEXT ( ( #4549, #2997, #268 ) ) REPRESENTATION_CONTEXT ( 'NONE', 'WORKASPACE' ) );
#581 = ORIENTED_EDGE ( 'NONE', *, *, #4550, .T. ) ;
#582 = LINE ( 'NONE', #3716, #3867 ) ;
#583 = AXIS2_PLACEMENT_3D ( 'NONE', #253, #2275, #1449 ) ;
#584 = AXIS2_PLACEMENT_3D ( 'NONE', #2639, #3862, #5003 ) ;
#585 = ORIENTED_EDGE ( 'NONE', *, *, #1512, .F. ) ;
#586 = PRESENTATION_LAYER_ASSIGNMENT (  '', '', ( #4784 ) ) ;
#587 = VECTOR ( 'NONE', #3696, 1000.000000000000000 ) ;
#588 = MECHANICAL_DESIGN_GEOMETRIC_PRESENTATION_REPRESENTATION (  '', ( #153 ), #3049 ) ;
#589 = CARTESIAN_POINT ( 'NONE',  ( -48.04067150965667565, -0.1213958896601058379, 10.90000000000000213 ) ) ;
#590 = SURFACE_STYLE_USAGE ( .BOTH. , #2109 ) ;
#591 = MECHANICAL_DESIGN_GEOMETRIC_PRESENTATION_REPRESENTATION (  '', ( #3053 ), #2892 ) ;
#592 = EDGE_CURVE ( 'NONE', #4446, #3097, #1435, .T. ) ;
#593 = EDGE_CURVE ( 'NONE', #4395, #171, #888, .T. ) ;
#594 = VERTEX_POINT ( 'NONE', #3417 ) ;
#595 = UNCERTAINTY_MEASURE_WITH_UNIT (LENGTH_MEASURE( 1.000000000000000082E-05 ), #1803, 'distance_accuracy_value', 'NONE');
#596 =( NAMED_UNIT ( * ) SI_UNIT ( $, .STERADIAN. ) SOLID_ANGLE_UNIT ( ) );
#597 = CARTESIAN_POINT ( 'NONE',  ( -63.79024112061139107, 0.7081143066386963447, 0.000000000000000000 ) ) ;
#598 = PLANE ( 'NONE',  #331 ) ;
#599 = EDGE_LOOP ( 'NONE', ( #480, #3656, #2548, #190 ) ) ;
#600 = EDGE_CURVE ( 'NONE', #1345, #3074, #5070, .T. ) ;
#601 = ORIENTED_EDGE ( 'NONE', *, *, #699, .F. ) ;
#602 = VECTOR ( 'NONE', #2067, 1000.000000000000000 ) ;
#603 = PRESENTATION_STYLE_ASSIGNMENT (( #1027 ) ) ;
#604 = SURFACE_SIDE_STYLE ('',( #4900 ) ) ;
#605 = DIRECTION ( 'NONE',  ( -1.000000000000000000, 0.000000000000000000, 0.000000000000000000 ) ) ;
#606 = ORIENTED_EDGE ( 'NONE', *, *, #3430, .F. ) ;
#607 = SURFACE_STYLE_USAGE ( .BOTH. , #4125 ) ;
#608 = CARTESIAN_POINT ( 'NONE',  ( -39.49289609269322909, 16.08376167166643356, 0.000000000000000000 ) ) ;
#609 = SURFACE_STYLE_USAGE ( .BOTH. , #2174 ) ;
#610 = ORIENTED_EDGE ( 'NONE', *, *, #2257, .F. ) ;
#611 = CARTESIAN_POINT ( 'NONE',  ( -48.04067150965667565, 17.97372293522450803, 12.70000000000000284 ) ) ;
#612 = CARTESIAN_POINT ( 'NONE',  ( -33.49987622420212574, 7.895427536684825220, 0.000000000000000000 ) ) ;
#613 = LINE ( 'NONE', #3743, #1285 ) ;
#614 = ORIENTED_EDGE ( 'NONE', *, *, #1678, .F. ) ;
#615 = EDGE_LOOP ( 'NONE', ( #3064, #1301, #4248, #3208, #1947, #2106, #1315, #776, #1920, #2281, #1630, #2909, #3352, #5007, #2068, #1357, #1588, #574, #347, #4463, #4891, #770, #224, #1968, #1900, #1375, #4230, #2052, #4763, #990, #3413, #4051, #2720, #3728, #1339, #1484, #905, #4653, #3085, #3039, #4908, #5119, #3616, #3341, #186, #2626, #884, #3936, #1451 ) ) ;
#616 = CARTESIAN_POINT ( 'NONE',  ( -68.85021745838166396, 0.9369527871842110445, 38.10000000000000142 ) ) ;
#617 = CARTESIAN_POINT ( 'NONE',  ( -56.58844692662011511, 16.08376167166643356, 38.10000000000000142 ) ) ;
#618 = CARTESIAN_POINT ( 'NONE',  ( -57.51445593012449820, 0.3416086120920855396, 38.10000000000000142 ) ) ;
#619 = FACE_OUTER_BOUND ( 'NONE', #3706, .T. ) ;
#620 = DIRECTION ( 'NONE',  ( -1.000000000000000000, 0.000000000000000000, 0.000000000000000000 ) ) ;
#621 = COLOUR_RGB ( '',0.2980392156862745057, 0.2980392156862745057, 0.2980392156862745057 ) ;
#622 = EDGE_CURVE ( 'NONE', #546, #37, #4265, .T. ) ;
#623 = ORIENTED_EDGE ( 'NONE', *, *, #2887, .F. ) ;
#624 = COLOUR_RGB ( '',0.2980392156862745057, 0.2980392156862745057, 0.2980392156862745057 ) ;
#625 = VERTEX_POINT ( 'NONE', #665 ) ;
#626 = DIRECTION ( 'NONE',  ( -0.000000000000000000, -0.000000000000000000, -1.000000000000000000 ) ) ;
#627 = FACE_OUTER_BOUND ( 'NONE', #1975, .T. ) ;
#628 = EDGE_CURVE ( 'NONE', #2120, #3838, #777, .T. ) ;
#629 = CARTESIAN_POINT ( 'NONE',  ( -57.51445593012449820, 33.71587599479885711, 38.10000000000000142 ) ) ;
#630 = EDGE_CURVE ( 'NONE', #4464, #350, #2236, .T. ) ;
#631 =( NAMED_UNIT ( * ) SI_UNIT ( $, .STERADIAN. ) SOLID_ANGLE_UNIT ( ) );
#632 = VERTEX_POINT ( 'NONE', #4984 ) ;
#633 = CARTESIAN_POINT ( 'NONE',  ( -56.58844692662011511, 16.08376167166643356, 38.10000000000000142 ) ) ;
#634 = AXIS2_PLACEMENT_3D ( 'NONE', #1162, #1945, #4458 ) ;
#635 = SURFACE_STYLE_USAGE ( .BOTH. , #4154 ) ;
#636 = DIRECTION ( 'NONE',  ( -0.000000000000000000, -0.000000000000000000, -1.000000000000000000 ) ) ;
#637 = ORIENTED_EDGE ( 'NONE', *, *, #592, .F. ) ;
#638 = CARTESIAN_POINT ( 'NONE',  ( -33.49987622420212574, 26.16205707020611371, 0.000000000000000000 ) ) ;
#639 = UNCERTAINTY_MEASURE_WITH_UNIT (LENGTH_MEASURE( 1.000000000000000082E-05 ), #1338, 'distance_accuracy_value', 'NONE');
#640 = DIRECTION ( 'NONE',  ( 0.000000000000000000, -1.000000000000000000, 0.000000000000000000 ) ) ;
#641 = DIRECTION ( 'NONE',  ( -0.000000000000000000, 0.000000000000000000, -1.000000000000000000 ) ) ;
#642 = FILL_AREA_STYLE ('',( #1037 ) ) ;
#643 = UNCERTAINTY_MEASURE_WITH_UNIT (LENGTH_MEASURE( 1.000000000000000082E-05 ), #1886, 'distance_accuracy_value', 'NONE');
#644 = DIRECTION ( 'NONE',  ( -1.000000000000000000, 0.000000000000000000, 0.000000000000000000 ) ) ;
#645 = VECTOR ( 'NONE', #3725, 1000.000000000000000 ) ;
#646 = CARTESIAN_POINT ( 'NONE',  ( -68.85021745838166396, 33.12053181970672711, 0.000000000000000000 ) ) ;
#647 = DIRECTION ( 'NONE',  ( -1.000000000000000000, 0.000000000000000000, 0.000000000000000000 ) ) ;
#648 = CIRCLE ( 'NONE', #3690, 0.7412256314667936552 ) ;
#649 = CARTESIAN_POINT ( 'NONE',  ( -68.49526337095133499, 33.51949909523553828, 38.10000000000000142 ) ) ;
#650 = VERTEX_POINT ( 'NONE', #1873 ) ;
#651 = FACE_OUTER_BOUND ( 'NONE', #4015, .T. ) ;
#652 = EDGE_CURVE ( 'NONE', #1294, #2813, #2313, .T. ) ;
#653 =( NAMED_UNIT ( * ) PLANE_ANGLE_UNIT ( ) SI_UNIT ( $, .RADIAN. ) );
#654 = COLOUR_RGB ( '',0.2980392156862745057, 0.2980392156862745057, 0.2980392156862745057 ) ;
#655 = LINE ( 'NONE', #3069, #1488 ) ;
#656 = EDGE_CURVE ( 'NONE', #4802, #3718, #3020, .T. ) ;
#657 = ORIENTED_EDGE ( 'NONE', *, *, #3100, .T. ) ;
#658 = MECHANICAL_DESIGN_GEOMETRIC_PRESENTATION_REPRESENTATION (  '', ( #2215 ), #829 ) ;
#659 = DIRECTION ( 'NONE',  ( -0.6901459099388774776, 0.7236702446519676091, 0.000000000000000000 ) ) ;
#660 = SURFACE_SIDE_STYLE ('',( #4178 ) ) ;
#661 = ORIENTED_EDGE ( 'NONE', *, *, #2763, .T. ) ;
#662 = ORIENTED_EDGE ( 'NONE', *, *, #3420, .T. ) ;
#663 = STYLED_ITEM ( 'NONE', ( #1045 ), #4106 ) ;
#664 = LINE ( 'NONE', #638, #1677 ) ;
#665 = CARTESIAN_POINT ( 'NONE',  ( -27.76500601735110507, 34.02264186384773836, 38.10000000000000142 ) ) ;
#666 = PLANE ( 'NONE',  #2152 ) ;
#667 = AXIS2_PLACEMENT_3D ( 'NONE', #5084, #4672, #4284 ) ;
#668 = FILL_AREA_STYLE_COLOUR ( '', #315 ) ;
#669 = PRESENTATION_LAYER_ASSIGNMENT (  '', '', ( #3543 ) ) ;
#670 =( GEOMETRIC_REPRESENTATION_CONTEXT ( 3 ) GLOBAL_UNCERTAINTY_ASSIGNED_CONTEXT ( ( #59 ) ) GLOBAL_UNIT_ASSIGNED_CONTEXT ( ( #2441, #3171, #2042 ) ) REPRESENTATION_CONTEXT ( 'NONE', 'WORKASPACE' ) );
#671 = SURFACE_SIDE_STYLE ('',( #2179 ) ) ;
#672 = STYLED_ITEM ( 'NONE', ( #444 ), #2138 ) ;
#673 = PRESENTATION_LAYER_ASSIGNMENT (  '', '', ( #1006 ) ) ;
#674 =( NAMED_UNIT ( * ) SI_UNIT ( $, .STERADIAN. ) SOLID_ANGLE_UNIT ( ) );
#675 = CARTESIAN_POINT ( 'NONE',  ( -53.59067150965667992, 16.08376167166643356, 38.10000000000000142 ) ) ;
#676 = DIRECTION ( 'NONE',  ( -0.000000000000000000, 1.000000000000000000, -0.000000000000000000 ) ) ;
#677 = SURFACE_SIDE_STYLE ('',( #4716 ) ) ;
#678 = PRESENTATION_LAYER_ASSIGNMENT (  '', '', ( #5118 ) ) ;
#679 = DIRECTION ( 'NONE',  ( -0.000000000000000000, -0.000000000000000000, -1.000000000000000000 ) ) ;
#680 = STYLED_ITEM ( 'NONE', ( #2297 ), #908 ) ;
#681 =( LENGTH_UNIT ( ) NAMED_UNIT ( * ) SI_UNIT ( .MILLI., .METRE. ) );
#682 = ORIENTED_EDGE ( 'NONE', *, *, #1348, .F. ) ;
#683 =( LENGTH_UNIT ( ) NAMED_UNIT ( * ) SI_UNIT ( .MILLI., .METRE. ) );
#684 = EDGE_LOOP ( 'NONE', ( #1774, #283, #2111, #5114 ) ) ;
#685 = SURFACE_STYLE_FILL_AREA ( #4202 ) ;
#686 = LINE ( 'NONE', #2329, #2967 ) ;
#687 = PRESENTATION_LAYER_ASSIGNMENT (  '', '', ( #2901 ) ) ;
#688 = SHAPE_DEFINITION_REPRESENTATION ( #4355, #1769 ) ;
#689 = ORIENTED_EDGE ( 'NONE', *, *, #489, .F. ) ;
#690 = CARTESIAN_POINT ( 'NONE',  ( -27.23112556093168735, 25.53717709576632444, 0.000000000000000000 ) ) ;
#691 = SURFACE_STYLE_USAGE ( .BOTH. , #1899 ) ;
#692 = FILL_AREA_STYLE ('',( #2640 ) ) ;
#693 =( NAMED_UNIT ( * ) SI_UNIT ( $, .STERADIAN. ) SOLID_ANGLE_UNIT ( ) );
#694 = CIRCLE ( 'NONE', #3152, 0.4622135902277516029 ) ;
#695 = ADVANCED_FACE ( 'NONE', ( #4296 ), #2616, .F. ) ;
#696 = VERTEX_POINT ( 'NONE', #1514 ) ;
#697 = DIRECTION ( 'NONE',  ( 0.000000000000000000, 0.000000000000000000, 1.000000000000000000 ) ) ;
#698 = SURFACE_SIDE_STYLE ('',( #1539 ) ) ;
#699 = EDGE_CURVE ( 'NONE', #4983, #4648, #3394, .T. ) ;
#700 = EDGE_CURVE ( 'NONE', #4497, #2921, #4003, .T. ) ;
#701 = SURFACE_STYLE_FILL_AREA ( #327 ) ;
#702 = DIRECTION ( 'NONE',  ( -0.000000000000000000, -0.000000000000000000, -1.000000000000000000 ) ) ;
#703 = FILL_AREA_STYLE_COLOUR ( '', #4170 ) ;
#704 = LINE ( 'NONE', #2680, #4517 ) ;
#705 = FILL_AREA_STYLE ('',( #4196 ) ) ;
#706 = ORIENTED_EDGE ( 'NONE', *, *, #2256, .T. ) ;
#707 =( NAMED_UNIT ( * ) SI_UNIT ( $, .STERADIAN. ) SOLID_ANGLE_UNIT ( ) );
#708 = FACE_OUTER_BOUND ( 'NONE', #2518, .T. ) ;
#709 = FILL_AREA_STYLE_COLOUR ( '', #2300 ) ;
#710 = CARTESIAN_POINT ( 'NONE',  ( -61.37269246961105296, 7.013538459968201799, 38.10000000000000142 ) ) ;
#711 = VERTEX_POINT ( 'NONE', #4343 ) ;
#712 =( NAMED_UNIT ( * ) SI_UNIT ( $, .STERADIAN. ) SOLID_ANGLE_UNIT ( ) );
#713 = DIRECTION ( 'NONE',  ( 0.3579966143086414365, 0.9337228840204945257, 0.000000000000000000 ) ) ;
#714 = PRESENTATION_LAYER_ASSIGNMENT (  '', '', ( #25 ) ) ;
#715 = SURFACE_STYLE_USAGE ( .BOTH. , #4233 ) ;
#716 = CARTESIAN_POINT ( 'NONE',  ( -33.91677811048842983, 26.85998107977238192, 38.10000000000000142 ) ) ;
#717 = ORIENTED_EDGE ( 'NONE', *, *, #369, .T. ) ;
#718 = FILL_AREA_STYLE ('',( #3446 ) ) ;
#719 = ORIENTED_EDGE ( 'NONE', *, *, #1638, .F. ) ;
#720 = CARTESIAN_POINT ( 'NONE',  ( -32.29110189870194603, 0.7081143066386963447, 38.10000000000000142 ) ) ;
#721 = FACE_OUTER_BOUND ( 'NONE', #2181, .T. ) ;
#722 = FILL_AREA_STYLE ('',( #668 ) ) ;
#723 = EDGE_CURVE ( 'NONE', #14, #1231, #1229, .T. ) ;
#724 = EDGE_CURVE ( 'NONE', #2467, #1217, #1793, .T. ) ;
#725 = DIRECTION ( 'NONE',  ( 1.000000000000000000, 0.000000000000000000, 0.000000000000000000 ) ) ;
#726 = VECTOR ( 'NONE', #165, 1000.000000000000000 ) ;
#727 = EDGE_CURVE ( 'NONE', #1644, #2196, #2102, .T. ) ;
#728 =( LENGTH_UNIT ( ) NAMED_UNIT ( * ) SI_UNIT ( .MILLI., .METRE. ) );
#729 = UNCERTAINTY_MEASURE_WITH_UNIT (LENGTH_MEASURE( 1.000000000000000082E-05 ), #3828, 'distance_accuracy_value', 'NONE');
#730 = CARTESIAN_POINT ( 'NONE',  ( -62.49797514808126664, 21.25932036198586772, 38.10000000000000142 ) ) ;
#731 = AXIS2_PLACEMENT_3D ( 'NONE', #2131, #154, #1746 ) ;
#732 = DIRECTION ( 'NONE',  ( -0.000000000000000000, -0.000000000000000000, -1.000000000000000000 ) ) ;
#733 = CARTESIAN_POINT ( 'NONE',  ( -38.56688708918884601, 24.09962865071497617, 0.000000000000000000 ) ) ;
#734 = PLANE ( 'NONE',  #4270 ) ;
#735 = COLOUR_RGB ( '',0.2980392156862745057, 0.2980392156862745057, 0.2980392156862745057 ) ;
#736 = VECTOR ( 'NONE', #2032, 1000.000000000000000 ) ;
#737 = ORIENTED_EDGE ( 'NONE', *, *, #2607, .F. ) ;
#739 = PRESENTATION_LAYER_ASSIGNMENT (  '', '', ( #3199 ) ) ;
#738 = CARTESIAN_POINT ( 'NONE',  ( -37.00649020369969833, 10.14702301980153365, 38.10000000000000142 ) ) ;
#740 = SURFACE_STYLE_FILL_AREA ( #4650 ) ;
#741 = VERTEX_POINT ( 'NONE', #3946 ) ;
#742 = DIRECTION ( 'NONE',  ( -0.000000000000000000, -0.000000000000000000, -1.000000000000000000 ) ) ;
#743 = DIRECTION ( 'NONE',  ( 1.000000000000000000, 0.000000000000000000, 0.000000000000000000 ) ) ;
#744 = VERTEX_POINT ( 'NONE', #3998 ) ;
#745 = PRESENTATION_LAYER_ASSIGNMENT (  '', '', ( #3617 ) ) ;
#746 = PRESENTATION_LAYER_ASSIGNMENT (  '', '', ( #4927 ) ) ;
#747 = STYLED_ITEM ( 'NONE', ( #530 ), #1635 ) ;
#748 = DIRECTION ( 'NONE',  ( -0.000000000000000000, 1.000000000000000000, -0.000000000000000000 ) ) ;
#749 = EDGE_CURVE ( 'NONE', #863, #4295, #866, .T. ) ;
#750 = ORIENTED_EDGE ( 'NONE', *, *, #3755, .F. ) ;
#751 = DIRECTION ( 'NONE',  ( -0.000000000000000000, -0.000000000000000000, -1.000000000000000000 ) ) ;
#752 = DIRECTION ( 'NONE',  ( -0.000000000000000000, -0.000000000000000000, -1.000000000000000000 ) ) ;
#753 = PRESENTATION_LAYER_ASSIGNMENT (  '', '', ( #1731 ) ) ;
#754 = CARTESIAN_POINT ( 'NONE',  ( -68.13222220810143881, 0.7528379933234140564, 38.10000000000000142 ) ) ;
#755 =( GEOMETRIC_REPRESENTATION_CONTEXT ( 3 ) GLOBAL_UNCERTAINTY_ASSIGNED_CONTEXT ( ( #4294 ) ) GLOBAL_UNIT_ASSIGNED_CONTEXT ( ( #392, #3232, #2378 ) ) REPRESENTATION_CONTEXT ( 'NONE', 'WORKASPACE' ) );
#756 = AXIS2_PLACEMENT_3D ( 'NONE', #158, #2088, #4057 ) ;
#757 = CARTESIAN_POINT ( 'NONE',  ( -33.91677811048842983, 7.197503527118557898, 38.10000000000000142 ) ) ;
#758 = FILL_AREA_STYLE_COLOUR ( '', #2462 ) ;
#759 = COLOUR_RGB ( '',0.2980392156862745057, 0.2980392156862745057, 0.2980392156862745057 ) ;
#760 = EDGE_CURVE ( 'NONE', #2312, #2467, #405, .T. ) ;
#761 = PRESENTATION_LAYER_ASSIGNMENT (  '', '', ( #3473 ) ) ;
#762 = SURFACE_SIDE_STYLE ('',( #3063 ) ) ;
#763 = ORIENTED_EDGE ( 'NONE', *, *, #4690, .T. ) ;
#764 = DIRECTION ( 'NONE',  ( -0.000000000000000000, -0.000000000000000000, -1.000000000000000000 ) ) ;
#765 = LINE ( 'NONE', #2296, #3533 ) ;
#766 = AXIS2_PLACEMENT_3D ( 'NONE', #4422, #898, #930 ) ;
#767 = COLOUR_RGB ( '',0.2980392156862745057, 0.2980392156862745057, 0.2980392156862745057 ) ;
#768 = PRESENTATION_LAYER_ASSIGNMENT (  '', '', ( #4293 ) ) ;
#769 = ADVANCED_FACE ( 'NONE', ( #4713 ), #3919, .F. ) ;
#770 = ORIENTED_EDGE ( 'NONE', *, *, #1208, .T. ) ;
#771 = ORIENTED_EDGE ( 'NONE', *, *, #3886, .T. ) ;
#772 =( NAMED_UNIT ( * ) PLANE_ANGLE_UNIT ( ) SI_UNIT ( $, .RADIAN. ) );
#773 = SURFACE_SIDE_STYLE ('',( #3470 ) ) ;
#774 = ORIENTED_EDGE ( 'NONE', *, *, #2161, .T. ) ;
#775 = CIRCLE ( 'NONE', #173, 0.4630045017521913775 ) ;
#776 = ORIENTED_EDGE ( 'NONE', *, *, #2417, .T. ) ;
#777 = LINE ( 'NONE', #3895, #5086 ) ;
#778 = CARTESIAN_POINT ( 'NONE',  ( -63.31228303323829465, 33.53262314752554829, 38.10000000000000142 ) ) ;
#779 = PRESENTATION_STYLE_ASSIGNMENT (( #4166 ) ) ;
#780 = FACE_OUTER_BOUND ( 'NONE', #4952, .T. ) ;
#781 = PLANE ( 'NONE',  #1299 ) ;
#782 = SURFACE_STYLE_USAGE ( .BOTH. , #2701 ) ;
#783 = EDGE_CURVE ( 'NONE', #2040, #2984, #2919, .T. ) ;
#784 = CARTESIAN_POINT ( 'NONE',  ( -68.40738605156792573, 8.173347176086082300, 38.10000000000000142 ) ) ;
#785 = SURFACE_SIDE_STYLE ('',( #2738 ) ) ;
#786 = DIRECTION ( 'NONE',  ( -1.000000000000000000, 0.000000000000000000, -0.000000000000000000 ) ) ;
#787 = FILL_AREA_STYLE_COLOUR ( '', #3218 ) ;
#788 = EDGE_CURVE ( 'NONE', #3494, #546, #871, .T. ) ;
#789 = AXIS2_PLACEMENT_3D ( 'NONE', #3982, #1243, #2809 ) ;
#790 = VERTEX_POINT ( 'NONE', #3129 ) ;
#791 = EDGE_CURVE ( 'NONE', #839, #4552, #2412, .T. ) ;
#792 = EDGE_CURVE ( 'NONE', #4979, #82, #3988, .T. ) ;
#793 = FACE_OUTER_BOUND ( 'NONE', #2547, .T. ) ;
#794 = EDGE_LOOP ( 'NONE', ( #585, #2568, #1615, #2747 ) ) ;
#795 = FILL_AREA_STYLE_COLOUR ( '', #2000 ) ;
#796 =( GEOMETRIC_REPRESENTATION_CONTEXT ( 3 ) GLOBAL_UNCERTAINTY_ASSIGNED_CONTEXT ( ( #2180 ) ) GLOBAL_UNIT_ASSIGNED_CONTEXT ( ( #4078, #1010, #4105 ) ) REPRESENTATION_CONTEXT ( 'NONE', 'WORKASPACE' ) );
#797 = UNCERTAINTY_MEASURE_WITH_UNIT (LENGTH_MEASURE( 1.000000000000000082E-05 ), #4576, 'distance_accuracy_value', 'NONE');
#798 = LINE ( 'NONE', #3995, #4218 ) ;
#799 = ORIENTED_EDGE ( 'NONE', *, *, #74, .T. ) ;
#800 =( NAMED_UNIT ( * ) PLANE_ANGLE_UNIT ( ) SI_UNIT ( $, .RADIAN. ) );
#801 = FILL_AREA_STYLE_COLOUR ( '', #2205 ) ;
#802 = DIRECTION ( 'NONE',  ( -0.000000000000000000, -0.000000000000000000, -1.000000000000000000 ) ) ;
#803 = VECTOR ( 'NONE', #3068, 1000.000000000000000 ) ;
#804 = FILL_AREA_STYLE_COLOUR ( '', #2782 ) ;
#805 =( GEOMETRIC_REPRESENTATION_CONTEXT ( 3 ) GLOBAL_UNCERTAINTY_ASSIGNED_CONTEXT ( ( #1464 ) ) GLOBAL_UNIT_ASSIGNED_CONTEXT ( ( #683, #4587, #4281 ) ) REPRESENTATION_CONTEXT ( 'NONE', 'WORKASPACE' ) );
#806 = DIRECTION ( 'NONE',  ( 0.5093057701338493670, -0.8605856334545485264, -0.000000000000000000 ) ) ;
#807 = MECHANICAL_DESIGN_GEOMETRIC_PRESENTATION_REPRESENTATION (  '', ( #2850 ), #3912 ) ;
#808 = ORIENTED_EDGE ( 'NONE', *, *, #4560, .F. ) ;
#809 = DIRECTION ( 'NONE',  ( -0.000000000000000000, -0.000000000000000000, -1.000000000000000000 ) ) ;
#810 = CARTESIAN_POINT ( 'NONE',  ( -57.05145142837230310, 33.71587599479885711, 0.000000000000000000 ) ) ;
#811 = PRESENTATION_STYLE_ASSIGNMENT (( #2404 ) ) ;
#812 = LINE ( 'NONE', #1967, #4193 ) ;
#813 = ORIENTED_EDGE ( 'NONE', *, *, #760, .T. ) ;
#814 = PRESENTATION_LAYER_ASSIGNMENT (  '', '', ( #2524 ) ) ;
#815 = ORIENTED_EDGE ( 'NONE', *, *, #1638, .T. ) ;
#816 = COLOUR_RGB ( '',0.2980392156862745057, 0.2980392156862745057, 0.2980392156862745057 ) ;
#817 = DIRECTION ( 'NONE',  ( 0.000000000000000000, 0.000000000000000000, 1.000000000000000000 ) ) ;
#818 = ORIENTED_EDGE ( 'NONE', *, *, #2535, .F. ) ;
#820 = FILL_AREA_STYLE ('',( #795 ) ) ;
#819 = AXIS2_PLACEMENT_3D ( 'NONE', #3531, #1942, #365 ) ;
#821 = EDGE_CURVE ( 'NONE', #2282, #4979, #3738, .T. ) ;
#822 = STYLED_ITEM ( 'NONE', ( #2304 ), #2605 ) ;
#823 = ORIENTED_EDGE ( 'NONE', *, *, #3070, .T. ) ;
#824 = PRESENTATION_STYLE_ASSIGNMENT (( #2363 ) ) ;
#825 = SURFACE_STYLE_FILL_AREA ( #2453 ) ;
#826 = DIRECTION ( 'NONE',  ( -0.6901459099388770335, -0.7236702446519681642, -0.000000000000000000 ) ) ;
#827 = MECHANICAL_DESIGN_GEOMETRIC_PRESENTATION_REPRESENTATION (  '', ( #3199 ), #2946 ) ;
#828 = ADVANCED_FACE ( 'NONE', ( #846 ), #3974, .T. ) ;
#829 =( GEOMETRIC_REPRESENTATION_CONTEXT ( 3 ) GLOBAL_UNCERTAINTY_ASSIGNED_CONTEXT ( ( #858 ) ) GLOBAL_UNIT_ASSIGNED_CONTEXT ( ( #4430, #4039, #3230 ) ) REPRESENTATION_CONTEXT ( 'NONE', 'WORKASPACE' ) );
#830 = LINE ( 'NONE', #2434, #2286 ) ;
#831 = LINE ( 'NONE', #4453, #4532 ) ;
#832 = CARTESIAN_POINT ( 'NONE',  ( -61.79866184086645120, 11.04148076017535196, 38.10000000000000142 ) ) ;
#833 = ORIENTED_EDGE ( 'NONE', *, *, #1020, .T. ) ;
#834 = CARTESIAN_POINT ( 'NONE',  ( -33.91677811048842983, 26.85998107977238192, 38.10000000000000142 ) ) ;
#835 =( LENGTH_UNIT ( ) NAMED_UNIT ( * ) SI_UNIT ( .MILLI., .METRE. ) );
#836 = VECTOR ( 'NONE', #4940, 1000.000000000000000 ) ;
#837 =( LENGTH_UNIT ( ) NAMED_UNIT ( * ) SI_UNIT ( .MILLI., .METRE. ) );
#838 = MECHANICAL_DESIGN_GEOMETRIC_PRESENTATION_REPRESENTATION (  '', ( #1330 ), #1097 ) ;
#839 = VERTEX_POINT ( 'NONE', #1376 ) ;
#840 = AXIS2_PLACEMENT_3D ( 'NONE', #2177, #3396, #1365 ) ;
#841 = ORIENTED_EDGE ( 'NONE', *, *, #4921, .F. ) ;
#842 = VERTEX_POINT ( 'NONE', #2629 ) ;
#843 = FILL_AREA_STYLE_COLOUR ( '', #4456 ) ;
#844 = MECHANICAL_DESIGN_GEOMETRIC_PRESENTATION_REPRESENTATION (  '', ( #3052 ), #1073 ) ;
#845 = ORIENTED_EDGE ( 'NONE', *, *, #1113, .F. ) ;
#846 = FACE_OUTER_BOUND ( 'NONE', #4898, .T. ) ;
#847 = CARTESIAN_POINT ( 'NONE',  ( -38.56688708918884601, 33.71587599479885711, 0.000000000000000000 ) ) ;
#848 = LINE ( 'NONE', #4833, #1494 ) ;
#849 = ADVANCED_FACE ( 'NONE', ( #1404 ), #2169, .T. ) ;
#850 = PRESENTATION_LAYER_ASSIGNMENT (  '', '', ( #2482 ) ) ;
#851 = CARTESIAN_POINT ( 'NONE',  ( -63.31228303323829465, 33.53262314752554829, 0.000000000000000000 ) ) ;
#852 = ADVANCED_FACE ( 'NONE', ( #4171 ), #991, .F. ) ;
#853 = EDGE_CURVE ( 'NONE', #2005, #1555, #3852, .T. ) ;
#854 =( LENGTH_UNIT ( ) NAMED_UNIT ( * ) SI_UNIT ( .MILLI., .METRE. ) );
#855 = MECHANICAL_DESIGN_GEOMETRIC_PRESENTATION_REPRESENTATION (  '', ( #5 ), #2011 ) ;
#856 =( NAMED_UNIT ( * ) PLANE_ANGLE_UNIT ( ) SI_UNIT ( $, .RADIAN. ) );
#857 = VERTEX_POINT ( 'NONE', #3088 ) ;
#858 = UNCERTAINTY_MEASURE_WITH_UNIT (LENGTH_MEASURE( 1.000000000000000082E-05 ), #4430, 'distance_accuracy_value', 'NONE');
#859 = APPLICATION_CONTEXT ( 'automotive_design' ) ;
#860 = FACE_OUTER_BOUND ( 'NONE', #4361, .T. ) ;
#861 = CARTESIAN_POINT ( 'NONE',  ( -68.96995260669778816, 8.173347176086082300, 0.000000000000000000 ) ) ;
#862 = LINE ( 'NONE', #1999, #1657 ) ;
#863 = VERTEX_POINT ( 'NONE', #3461 ) ;
#864 = EDGE_LOOP ( 'NONE', ( #1726, #3835, #1816, #1591 ) ) ;
#865 = ORIENTED_EDGE ( 'NONE', *, *, #3981, .F. ) ;
#866 = LINE ( 'NONE', #4396, #539 ) ;
#867 = VECTOR ( 'NONE', #488, 1000.000000000000227 ) ;
#868 = CARTESIAN_POINT ( 'NONE',  ( -33.49987622420212574, 26.16205707020611015, 38.10000000000000142 ) ) ;
#869 = CYLINDRICAL_SURFACE ( 'NONE', #923, 0.5000000000000004441 ) ;
#870 = LINE ( 'NONE', #2432, #3859 ) ;
#871 = CIRCLE ( 'NONE', #4822, 0.5118843026691993758 ) ;
#872 = EDGE_CURVE ( 'NONE', #3943, #178, #4330, .T. ) ;
#873 = CARTESIAN_POINT ( 'NONE',  ( -33.15307505450480363, 12.54351135983814203, 38.10000000000000142 ) ) ;
#874 = CARTESIAN_POINT ( 'NONE',  ( -33.58336787123207756, 21.25932036198586772, 0.000000000000000000 ) ) ;
#875 = DIRECTION ( 'NONE',  ( -0.5893864328791071916, 0.8078512441892020668, 0.000000000000000000 ) ) ;
#876 = ORIENTED_EDGE ( 'NONE', *, *, #1671, .F. ) ;
#877 = ADVANCED_FACE ( 'NONE', ( #708 ), #2376, .F. ) ;
#878 = ORIENTED_EDGE ( 'NONE', *, *, #3209, .T. ) ;
#879 = PRESENTATION_STYLE_ASSIGNMENT (( #3641 ) ) ;
#880 = FACE_OUTER_BOUND ( 'NONE', #2910, .T. ) ;
#881 = DIRECTION ( 'NONE',  ( -0.000000000000000000, -0.000000000000000000, -1.000000000000000000 ) ) ;
#882 = STYLED_ITEM ( 'NONE', ( #1854 ), #2076 ) ;
#883 = VERTEX_POINT ( 'NONE', #733 ) ;
#884 = ORIENTED_EDGE ( 'NONE', *, *, #2445, .T. ) ;
#885 = DIRECTION ( 'NONE',  ( -0.000000000000000000, -0.000000000000000000, -1.000000000000000000 ) ) ;
#886 = DIRECTION ( 'NONE',  ( -0.000000000000000000, -0.000000000000000000, -1.000000000000000000 ) ) ;
#887 = UNCERTAINTY_MEASURE_WITH_UNIT (LENGTH_MEASURE( 1.000000000000000082E-05 ), #854, 'distance_accuracy_value', 'NONE');
#888 = CIRCLE ( 'NONE', #1385, 1.484807796299142391 ) ;
#889 = ORIENTED_EDGE ( 'NONE', *, *, #1237, .T. ) ;
#890 = VECTOR ( 'NONE', #3964, 999.9999999999998863 ) ;
#891 = DIRECTION ( 'NONE',  ( -0.6901459099388774776, -0.7236702446519676091, -0.000000000000000000 ) ) ;
#892 = FACE_OUTER_BOUND ( 'NONE', #4706, .T. ) ;
#893 = CIRCLE ( 'NONE', #1798, 0.5340105721110509629 ) ;
#894 = PRESENTATION_LAYER_ASSIGNMENT (  '', '', ( #3106 ) ) ;
#895 = EDGE_LOOP ( 'NONE', ( #4824, #2001, #3639, #3497 ) ) ;
#896 = UNCERTAINTY_MEASURE_WITH_UNIT (LENGTH_MEASURE( 1.000000000000000082E-05 ), #2033, 'distance_accuracy_value', 'NONE');
#897 = PRESENTATION_STYLE_ASSIGNMENT (( #2393 ) ) ;
#898 = DIRECTION ( 'NONE',  ( 0.000000000000000000, -1.000000000000000000, 0.000000000000000000 ) ) ;
#899 = STYLED_ITEM ( 'NONE', ( #453 ), #2674 ) ;
#900 = SURFACE_STYLE_FILL_AREA ( #2036 ) ;
#901 = ORIENTED_EDGE ( 'NONE', *, *, #1111, .F. ) ;
#902 = FACE_OUTER_BOUND ( 'NONE', #2230, .T. ) ;
#903 = CARTESIAN_POINT ( 'NONE',  ( -63.29010308713453270, 21.16890029208335378, 38.10000000000000142 ) ) ;
#904 = VECTOR ( 'NONE', #4872, 1000.000000000000114 ) ;
#905 = ORIENTED_EDGE ( 'NONE', *, *, #2505, .T. ) ;
#906 = PRESENTATION_STYLE_ASSIGNMENT (( #2090 ) ) ;
#907 = VECTOR ( 'NONE', #1863, 1000.000000000000000 ) ;
#908 = ADVANCED_FACE ( 'NONE', ( #2708 ), #10, .F. ) ;
#909 = LINE ( 'NONE', #1708, #501 ) ;
#910 = AXIS2_PLACEMENT_3D ( 'NONE', #1743, #1818, #180 ) ;
#911 = AXIS2_PLACEMENT_3D ( 'NONE', #3083, #3455, #1519 ) ;
#912 = ORIENTED_EDGE ( 'NONE', *, *, #369, .F. ) ;
#913 = VERTEX_POINT ( 'NONE', #2349 ) ;
#914 = PRESENTATION_LAYER_ASSIGNMENT (  '', '', ( #4367 ) ) ;
#915 = AXIS2_PLACEMENT_3D ( 'NONE', #2158, #3680, #1705 ) ;
#916 = LINE ( 'NONE', #2075, #3844 ) ;
#917 = STYLED_ITEM ( 'NONE', ( #879 ), #134 ) ;
#918 = EDGE_CURVE ( 'NONE', #3071, #4093, #4746, .T. ) ;
#919 = PRESENTATION_STYLE_ASSIGNMENT (( #4880 ) ) ;
#920 = AXIS2_PLACEMENT_3D ( 'NONE', #951, #3676, #560 ) ;
#921 =( GEOMETRIC_REPRESENTATION_CONTEXT ( 3 ) GLOBAL_UNCERTAINTY_ASSIGNED_CONTEXT ( ( #3916 ) ) GLOBAL_UNIT_ASSIGNED_CONTEXT ( ( #681, #3428, #4558 ) ) REPRESENTATION_CONTEXT ( 'NONE', 'WORKASPACE' ) );
#922 = FACE_OUTER_BOUND ( 'NONE', #5095, .T. ) ;
#923 = AXIS2_PLACEMENT_3D ( 'NONE', #4759, #3162, #2431 ) ;
#924 = ORIENTED_EDGE ( 'NONE', *, *, #1079, .F. ) ;
#925 = FILL_AREA_STYLE_COLOUR ( '', #3022 ) ;
#926 = STYLED_ITEM ( 'NONE', ( #3256 ), #3513 ) ;
#927 = LINE ( 'NONE', #2868, #1896 ) ;
#928 = MECHANICAL_DESIGN_GEOMETRIC_PRESENTATION_REPRESENTATION (  '', ( #680 ), #1998 ) ;
#929 = DIRECTION ( 'NONE',  ( 0.000000000000000000, 1.000000000000000000, 0.000000000000000000 ) ) ;
#930 = DIRECTION ( 'NONE',  ( 0.000000000000000000, 0.000000000000000000, -1.000000000000000000 ) ) ;
#931 = LINE ( 'NONE', #3248, #4400 ) ;
#932 =( NAMED_UNIT ( * ) PLANE_ANGLE_UNIT ( ) SI_UNIT ( $, .RADIAN. ) );
#933 = PRESENTATION_LAYER_ASSIGNMENT (  '', '', ( #3147 ) ) ;
#934 = ORIENTED_EDGE ( 'NONE', *, *, #4747, .F. ) ;
#935 = ORIENTED_EDGE ( 'NONE', *, *, #2256, .F. ) ;
#936 = VECTOR ( 'NONE', #1356, 1000.000000000000000 ) ;
#937 = LINE ( 'NONE', #983, #3019 ) ;
#938 =( NAMED_UNIT ( * ) PLANE_ANGLE_UNIT ( ) SI_UNIT ( $, .RADIAN. ) );
#939 = VERTEX_POINT ( 'NONE', #3530 ) ;
#940 = ORIENTED_EDGE ( 'NONE', *, *, #5014, .F. ) ;
#941 = ADVANCED_FACE ( 'NONE', ( #1888 ), #1660, .T. ) ;
#942 =( NAMED_UNIT ( * ) SI_UNIT ( $, .STERADIAN. ) SOLID_ANGLE_UNIT ( ) );
#943 =( LENGTH_UNIT ( ) NAMED_UNIT ( * ) SI_UNIT ( .MILLI., .METRE. ) );
#944 = ADVANCED_FACE ( 'NONE', ( #880 ), #495, .F. ) ;
#945 = ORIENTED_EDGE ( 'NONE', *, *, #4206, .F. ) ;
#946 = EDGE_CURVE ( 'NONE', #1613, #3740, #4061, .T. ) ;
#947 =( NAMED_UNIT ( * ) SI_UNIT ( $, .STERADIAN. ) SOLID_ANGLE_UNIT ( ) );
#948 = DIRECTION ( 'NONE',  ( -0.000000000000000000, -0.000000000000000000, -1.000000000000000000 ) ) ;
#949 = PLANE ( 'NONE',  #4789 ) ;
#950 = ORIENTED_EDGE ( 'NONE', *, *, #2130, .F. ) ;
#951 = CARTESIAN_POINT ( 'NONE',  ( -62.92826796480854767, 21.51397324705279601, 38.10000000000000142 ) ) ;
#952 =( NAMED_UNIT ( * ) PLANE_ANGLE_UNIT ( ) SI_UNIT ( $, .RADIAN. ) );
#953 = STYLED_ITEM ( 'NONE', ( #824 ), #769 ) ;
#954 = PRESENTATION_LAYER_ASSIGNMENT (  '', '', ( #540 ) ) ;
#955 = VERTEX_POINT ( 'NONE', #29 ) ;
#956 = SURFACE_SIDE_STYLE ('',( #4553 ) ) ;
#957 = CARTESIAN_POINT ( 'NONE',  ( -27.23112556093167669, 0.9369527871842114886, 38.10000000000000142 ) ) ;
#958 =( NAMED_UNIT ( * ) PLANE_ANGLE_UNIT ( ) SI_UNIT ( $, .RADIAN. ) );
#959 = LINE ( 'NONE', #2165, #645 ) ;
#960 = CARTESIAN_POINT ( 'NONE',  ( -58.35634206377349642, 24.51389311239231006, 0.000000000000000000 ) ) ;
#961 = AXIS2_PLACEMENT_3D ( 'NONE', #1839, #626, #4624 ) ;
#962 = VERTEX_POINT ( 'NONE', #4387 ) ;
#963 = VERTEX_POINT ( 'NONE', #4800 ) ;
#964 =( NAMED_UNIT ( * ) SI_UNIT ( $, .STERADIAN. ) SOLID_ANGLE_UNIT ( ) );
#965 = FILL_AREA_STYLE ('',( #2194 ) ) ;
#966 = AXIS2_PLACEMENT_3D ( 'NONE', #1021, #1422, #2621 ) ;
#967 = FILL_AREA_STYLE ('',( #2172 ) ) ;
#968 = ORIENTED_EDGE ( 'NONE', *, *, #5001, .F. ) ;
#969 = DIRECTION ( 'NONE',  ( -0.3579966143086401598, -0.9337228840204949698, 0.000000000000000000 ) ) ;
#970 = FILL_AREA_STYLE ('',( #4856 ) ) ;
#971 = ADVANCED_FACE ( 'NONE', ( #860 ), #1275, .F. ) ;
#972 = AXIS2_PLACEMENT_3D ( 'NONE', #4471, #4076, #1770 ) ;
#973 = VECTOR ( 'NONE', #329, 1000.000000000000000 ) ;
#974 =( NAMED_UNIT ( * ) SI_UNIT ( $, .STERADIAN. ) SOLID_ANGLE_UNIT ( ) );
#975 = DIRECTION ( 'NONE',  ( -0.000000000000000000, -0.000000000000000000, -1.000000000000000000 ) ) ;
#976 = CARTESIAN_POINT ( 'NONE',  ( -39.49289609269322909, 0.3416086120920855951, 38.10000000000000142 ) ) ;
#977 = AXIS2_PLACEMENT_3D ( 'NONE', #1946, #2991, #312 ) ;
#978 = EDGE_CURVE ( 'NONE', #2251, #3932, #166, .T. ) ;
#979 = CYLINDRICAL_SURFACE ( 'NONE', #3777, 1.799999999999999600 ) ;
#980 = ORIENTED_EDGE ( 'NONE', *, *, #3397, .T. ) ;
#981 =( NAMED_UNIT ( * ) SI_UNIT ( $, .STERADIAN. ) SOLID_ANGLE_UNIT ( ) );
#982 = DIRECTION ( 'NONE',  ( -0.000000000000000000, -0.000000000000000000, -1.000000000000000000 ) ) ;
#983 = CARTESIAN_POINT ( 'NONE',  ( -59.07485281561364587, 23.91046158708940439, 38.10000000000000142 ) ) ;
#984 = DIRECTION ( 'NONE',  ( -0.000000000000000000, -0.000000000000000000, -1.000000000000000000 ) ) ;
#985 = MECHANICAL_DESIGN_GEOMETRIC_PRESENTATION_REPRESENTATION (  '', ( #899 ), #1081 ) ;
#986 = MECHANICAL_DESIGN_GEOMETRIC_PRESENTATION_REPRESENTATION (  '', ( #747 ), #1890 ) ;
#987 = ORIENTED_EDGE ( 'NONE', *, *, #2, .T. ) ;
#988 = AXIS2_PLACEMENT_3D ( 'NONE', #1531, #742, #1508 ) ;
#989 = COLOUR_RGB ( '',0.2980392156862745057, 0.2980392156862745057, 0.2980392156862745057 ) ;
#990 = ORIENTED_EDGE ( 'NONE', *, *, #562, .T. ) ;
#991 = PLANE ( 'NONE',  #3005 ) ;
#992 = SURFACE_STYLE_USAGE ( .BOTH. , #3309 ) ;
#993 = PRESENTATION_LAYER_ASSIGNMENT (  '', '', ( #2062 ) ) ;
#994 = AXIS2_PLACEMENT_3D ( 'NONE', #2211, #2982, #330 ) ;
#995 = PLANE ( 'NONE',  #5033 ) ;
#996 =( LENGTH_UNIT ( ) NAMED_UNIT ( * ) SI_UNIT ( .MILLI., .METRE. ) );
#997 = PRESENTATION_LAYER_ASSIGNMENT (  '', '', ( #2391 ) ) ;
#998 = EDGE_LOOP ( 'NONE', ( #3306, #623, #4070, #4702 ) ) ;
#999 = CARTESIAN_POINT ( 'NONE',  ( -39.49289609269322909, 33.71587599479885711, 38.10000000000000142 ) ) ;
#1000 = CARTESIAN_POINT ( 'NONE',  ( -61.79487079032240615, 18.75859768483644174, 38.10000000000000142 ) ) ;
#1001 = VECTOR ( 'NONE', #984, 1000.000000000000000 ) ;
#1002 = AXIS2_PLACEMENT_3D ( 'NONE', #2267, #4144, #170 ) ;
#1003 = ORIENTED_EDGE ( 'NONE', *, *, #3305, .T. ) ;
#1004 = SURFACE_STYLE_FILL_AREA ( #4427 ) ;
#1005 = VECTOR ( 'NONE', #4520, 1000.000000000000000 ) ;
#1006 = STYLED_ITEM ( 'NONE', ( #2802 ), #3244 ) ;
#1007 = AXIS2_PLACEMENT_3D ( 'NONE', #2736, #4723, #3527 ) ;
#1008 = CARTESIAN_POINT ( 'NONE',  ( -34.28647222899093805, 18.75859768483644174, 0.000000000000000000 ) ) ;
#1009 = FACE_OUTER_BOUND ( 'NONE', #263, .T. ) ;
#1010 =( NAMED_UNIT ( * ) PLANE_ANGLE_UNIT ( ) SI_UNIT ( $, .RADIAN. ) );
#1011 = VECTOR ( 'NONE', #3271, 1000.000000000000114 ) ;
#1012 = EDGE_CURVE ( 'NONE', #1659, #3598, #4582, .T. ) ;
#1013 = SURFACE_STYLE_FILL_AREA ( #642 ) ;
#1014 = COLOUR_RGB ( '',0.2980392156862745057, 0.2980392156862745057, 0.2980392156862745057 ) ;
#1015 = UNCERTAINTY_MEASURE_WITH_UNIT (LENGTH_MEASURE( 1.000000000000000082E-05 ), #3483, 'distance_accuracy_value', 'NONE');
#1016 = ORIENTED_EDGE ( 'NONE', *, *, #2261, .T. ) ;
#1017 = UNCERTAINTY_MEASURE_WITH_UNIT (LENGTH_MEASURE( 1.000000000000000082E-05 ), #2249, 'distance_accuracy_value', 'NONE');
#1018 = EDGE_CURVE ( 'NONE', #120, #5089, #4477, .T. ) ;
#1019 = SURFACE_STYLE_FILL_AREA ( #3747 ) ;
#1020 = EDGE_CURVE ( 'NONE', #130, #2336, #1636, .T. ) ;
#1021 = CARTESIAN_POINT ( 'NONE',  ( -68.49526337095133499, 33.51949909523553828, 0.000000000000000000 ) ) ;
#1022 = DIRECTION ( 'NONE',  ( 0.000000000000000000, 0.000000000000000000, -1.000000000000000000 ) ) ;
#1023 = PRESENTATION_LAYER_ASSIGNMENT (  '', '', ( #3062 ) ) ;
#1024 =( NAMED_UNIT ( * ) SI_UNIT ( $, .STERADIAN. ) SOLID_ANGLE_UNIT ( ) );
#1025 = ORIENTED_EDGE ( 'NONE', *, *, #2916, .F. ) ;
#1026 = ORIENTED_EDGE ( 'NONE', *, *, #1892, .F. ) ;
#1027 = SURFACE_STYLE_USAGE ( .BOTH. , #4563 ) ;
#1028 = EDGE_CURVE ( 'NONE', #4644, #3943, #4087, .T. ) ;
#1029 = ORIENTED_EDGE ( 'NONE', *, *, #4032, .T. ) ;
#1030 =( NAMED_UNIT ( * ) PLANE_ANGLE_UNIT ( ) SI_UNIT ( $, .RADIAN. ) );
#1031 = SURFACE_SIDE_STYLE ('',( #2529 ) ) ;
#1032 = DIRECTION ( 'NONE',  ( -1.000000000000000000, 0.000000000000000000, 0.000000000000000000 ) ) ;
#1033 = PRESENTATION_STYLE_ASSIGNMENT (( #1485 ) ) ;
#1034 = CARTESIAN_POINT ( 'NONE',  ( -63.79024112061139107, 0.7081143066386963447, 38.10000000000000142 ) ) ;
#1035 = SURFACE_SIDE_STYLE ('',( #2204 ) ) ;
#1036 = DIRECTION ( 'NONE',  ( -0.000000000000000000, -0.000000000000000000, -1.000000000000000000 ) ) ;
#1037 = FILL_AREA_STYLE_COLOUR ( '', #1245 ) ;
#1038 = VERTEX_POINT ( 'NONE', #4190 ) ;
#1039 = FACE_OUTER_BOUND ( 'NONE', #4597, .T. ) ;
#1040 = LINE ( 'NONE', #2241, #2606 ) ;
#1041 = CARTESIAN_POINT ( 'NONE',  ( -37.00649020369969833, 23.91046158708940439, 38.10000000000000142 ) ) ;
#1042 = UNCERTAINTY_MEASURE_WITH_UNIT (LENGTH_MEASURE( 1.000000000000000082E-05 ), #3970, 'distance_accuracy_value', 'NONE');
#1043 = FILL_AREA_STYLE ('',( #5072 ) ) ;
#1044 = VECTOR ( 'NONE', #4319, 1000.000000000000000 ) ;
#1045 = PRESENTATION_STYLE_ASSIGNMENT (( #4950 ) ) ;
#1046 = STYLED_ITEM ( 'NONE', ( #4865 ), #1380 ) ;
#1047 = EDGE_CURVE ( 'NONE', #3183, #2819, #1065, .T. ) ;
#1048 = VERTEX_POINT ( 'NONE', #1041 ) ;
#1049 = EDGE_LOOP ( 'NONE', ( #1413, #3284, #1527, #3251 ) ) ;
#1050 = CARTESIAN_POINT ( 'NONE',  ( -61.98303791952559294, 15.72106524276586192, 38.10000000000000142 ) ) ;
#1051 = EDGE_LOOP ( 'NONE', ( #3977, #1929, #1610, #5085 ) ) ;
#1052 = CARTESIAN_POINT ( 'NONE',  ( -68.96372520732167288, 25.87763152950190104, 38.10000000000000142 ) ) ;
#1053 = FACE_OUTER_BOUND ( 'NONE', #3615, .T. ) ;
#1054 = DIRECTION ( 'NONE',  ( -0.8200551619327371977, -0.5722844846642903827, 0.000000000000000000 ) ) ;
#1055 = FILL_AREA_STYLE_COLOUR ( '', #1662 ) ;
#1056 = ORIENTED_EDGE ( 'NONE', *, *, #3650, .F. ) ;
#1057 =( GEOMETRIC_REPRESENTATION_CONTEXT ( 3 ) GLOBAL_UNCERTAINTY_ASSIGNED_CONTEXT ( ( #3421 ) ) GLOBAL_UNIT_ASSIGNED_CONTEXT ( ( #2907, #3399, #596 ) ) REPRESENTATION_CONTEXT ( 'NONE', 'WORKASPACE' ) );
#1058 = DIRECTION ( 'NONE',  ( -0.5893864328791068585, -0.8078512441892021778, -0.000000000000000000 ) ) ;
#1059 = APPLICATION_CONTEXT ( 'automotive_design' ) ;
#1060 = UNCERTAINTY_MEASURE_WITH_UNIT (LENGTH_MEASURE( 1.000000000000000082E-05 ), #1359, 'distance_accuracy_value', 'NONE');
#1061 = SURFACE_STYLE_USAGE ( .BOTH. , #698 ) ;
#1062 = LINE ( 'NONE', #2132, #587 ) ;
#1063 = CARTESIAN_POINT ( 'NONE',  ( -32.76905998607504245, 33.53262314752554829, 38.10000000000000142 ) ) ;
#1064 = ORIENTED_EDGE ( 'NONE', *, *, #853, .F. ) ;
#1065 = CIRCLE ( 'NONE', #393, 0.8129607037970152383 ) ;
#1066 = UNCERTAINTY_MEASURE_WITH_UNIT (LENGTH_MEASURE( 1.000000000000000082E-05 ), #1827, 'distance_accuracy_value', 'NONE');
#1067 = CIRCLE ( 'NONE', #3831, 0.4622135902277516029 ) ;
#1068 = DIRECTION ( 'NONE',  ( -0.000000000000000000, -0.000000000000000000, -1.000000000000000000 ) ) ;
#1069 = PRESENTATION_LAYER_ASSIGNMENT (  '', '', ( #3522 ) ) ;
#1070 = CARTESIAN_POINT ( 'NONE',  ( -33.91677811048842983, 7.197503527118557898, 0.000000000000000000 ) ) ;
#1071 = DIRECTION ( 'NONE',  ( -0.8078512441892020668, 0.5893864328791071916, 0.000000000000000000 ) ) ;
#1072 = DIRECTION ( 'NONE',  ( -1.000000000000000000, 0.000000000000000000, 0.000000000000000000 ) ) ;
#1073 =( GEOMETRIC_REPRESENTATION_CONTEXT ( 3 ) GLOBAL_UNCERTAINTY_ASSIGNED_CONTEXT ( ( #5069 ) ) GLOBAL_UNIT_ASSIGNED_CONTEXT ( ( #4420, #4787, #99 ) ) REPRESENTATION_CONTEXT ( 'NONE', 'WORKASPACE' ) );
#1074 = LINE ( 'NONE', #2574, #4109 ) ;
#1075 = ORIENTED_EDGE ( 'NONE', *, *, #2506, .F. ) ;
#1076 = LINE ( 'NONE', #1862, #3342 ) ;
#1077 = ORIENTED_EDGE ( 'NONE', *, *, #267, .F. ) ;
#1078 = CARTESIAN_POINT ( 'NONE',  ( -61.79487079032240615, 15.29888692205449630, 38.10000000000000142 ) ) ;
#1079 = EDGE_CURVE ( 'NONE', #123, #3404, #2242, .T. ) ;
#1080 = DIRECTION ( 'NONE',  ( 0.000000000000000000, 0.000000000000000000, 1.000000000000000000 ) ) ;
#1081 =( GEOMETRIC_REPRESENTATION_CONTEXT ( 3 ) GLOBAL_UNCERTAINTY_ASSIGNED_CONTEXT ( ( #4771 ) ) GLOBAL_UNIT_ASSIGNED_CONTEXT ( ( #1590, #4413, #1971 ) ) REPRESENTATION_CONTEXT ( 'NONE', 'WORKASPACE' ) );
#1082 = LINE ( 'NONE', #4978, #4857 ) ;
#1083 = ORIENTED_EDGE ( 'NONE', *, *, #2192, .T. ) ;
#1084 = CARTESIAN_POINT ( 'NONE',  ( -33.91677811048842983, 26.85998107977238192, 0.000000000000000000 ) ) ;
#1085 = ADVANCED_FACE ( 'NONE', ( #4946 ), #567, .F. ) ;
#1086 = EDGE_CURVE ( 'NONE', #1845, #2336, #2183, .T. ) ;
#1087 = SURFACE_STYLE_USAGE ( .BOTH. , #1843 ) ;
#1088 = SURFACE_SIDE_STYLE ('',( #1532 ) ) ;
#1089 = ORIENTED_EDGE ( 'NONE', *, *, #3328, .F. ) ;
#1090 = CIRCLE ( 'NONE', #3772, 0.5118843026691993758 ) ;
#1091 = DIRECTION ( 'NONE',  ( 1.000000000000000000, 0.000000000000000000, 0.000000000000000000 ) ) ;
#1092 = DIRECTION ( 'NONE',  ( 0.000000000000000000, 0.000000000000000000, 1.000000000000000000 ) ) ;
#1093 = FILL_AREA_STYLE_COLOUR ( '', #3553 ) ;
#1094 = CIRCLE ( 'NONE', #4027, 0.8129607037970152383 ) ;
#1095 = CARTESIAN_POINT ( 'NONE',  ( -27.23112556093167669, 0.9369527871842114886, 0.000000000000000000 ) ) ;
#1096 = AXIS2_PLACEMENT_3D ( 'NONE', #1983, #441, #1200 ) ;
#1097 =( GEOMETRIC_REPRESENTATION_CONTEXT ( 3 ) GLOBAL_UNCERTAINTY_ASSIGNED_CONTEXT ( ( #595 ) ) GLOBAL_UNIT_ASSIGNED_CONTEXT ( ( #1803, #3368, #3398 ) ) REPRESENTATION_CONTEXT ( 'NONE', 'WORKASPACE' ) );
#1098 = FACE_OUTER_BOUND ( 'NONE', #3315, .T. ) ;
#1099 = CIRCLE ( 'NONE', #4291, 0.5000000000000073275 ) ;
#1100 = COLOUR_RGB ( '',0.2980392156862745057, 0.2980392156862745057, 0.2980392156862745057 ) ;
#1101 = STYLED_ITEM ( 'NONE', ( #2801 ), #1611 ) ;
#1102 = DIRECTION ( 'NONE',  ( 1.000000000000000000, 0.000000000000000000, 0.000000000000000000 ) ) ;
#1103 = DIRECTION ( 'NONE',  ( 0.3579966143086414920, 0.9337228840204944147, -0.000000000000000000 ) ) ;
#1104 = VECTOR ( 'NONE', #2227, 1000.000000000000000 ) ;
#1105 = CARTESIAN_POINT ( 'NONE',  ( -36.43013134778728102, 16.95287807963776316, 38.10000000000000142 ) ) ;
#1106 = ORIENTED_EDGE ( 'NONE', *, *, #1387, .F. ) ;
#1107 = CARTESIAN_POINT ( 'NONE',  ( -62.16456490882490726, 7.197503527118557898, 38.10000000000000142 ) ) ;
#1108 = PRESENTATION_STYLE_ASSIGNMENT (( #4590 ) ) ;
#1109 = FILL_AREA_STYLE_COLOUR ( '', #654 ) ;
#1110 = DIRECTION ( 'NONE',  ( -0.6901459099388774776, -0.7236702446519676091, -0.000000000000000000 ) ) ;
#1111 = EDGE_CURVE ( 'NONE', #139, #1430, #482, .T. ) ;
#1112 = ORIENTED_EDGE ( 'NONE', *, *, #3887, .F. ) ;
#1113 = EDGE_CURVE ( 'NONE', #2861, #1205, #4555, .T. ) ;
#1114 = FACE_OUTER_BOUND ( 'NONE', #3075, .T. ) ;
#1115 = DIRECTION ( 'NONE',  ( -0.9337228840204945257, -0.3579966143086414365, 0.000000000000000000 ) ) ;
#1116 = VERTEX_POINT ( 'NONE', #295 ) ;
#1117 = EDGE_CURVE ( 'NONE', #4818, #2338, #3928, .T. ) ;
#1118 = CARTESIAN_POINT ( 'NONE',  ( -62.20868942183281547, 22.72986160438344072, 0.000000000000000000 ) ) ;
#1119 = DIRECTION ( 'NONE',  ( 1.000000000000000000, 0.000000000000000000, 0.000000000000000000 ) ) ;
#1120 = CARTESIAN_POINT ( 'NONE',  ( -48.04067150965667565, 16.08376167166643356, 12.70000000000000284 ) ) ;
#1121 = CARTESIAN_POINT ( 'NONE',  ( -68.13222220810143881, 0.7528379933234140564, 0.000000000000000000 ) ) ;
#1122 = UNCERTAINTY_MEASURE_WITH_UNIT (LENGTH_MEASURE( 1.000000000000000082E-05 ), #4765, 'distance_accuracy_value', 'NONE');
#1123 = DIRECTION ( 'NONE',  ( -0.000000000000000000, -0.000000000000000000, -1.000000000000000000 ) ) ;
#1124 = FACE_OUTER_BOUND ( 'NONE', #1191, .T. ) ;
#1125 = CARTESIAN_POINT ( 'NONE',  ( -27.58607964836199855, 0.5379855116554033145, 38.10000000000000142 ) ) ;
#1126 = DIRECTION ( 'NONE',  ( 1.000000000000000000, 0.000000000000000000, 0.000000000000000000 ) ) ;
#1127 = DIRECTION ( 'NONE',  ( -1.000000000000000000, 0.000000000000000000, 0.000000000000000000 ) ) ;
#1128 = EDGE_LOOP ( 'NONE', ( #987, #3255, #2870, #3261 ) ) ;
#1129 = FILL_AREA_STYLE_COLOUR ( '', #383 ) ;
#1130 = STYLED_ITEM ( 'NONE', ( #3045 ), #1725 ) ;
#1131 = FILL_AREA_STYLE ('',( #5109 ) ) ;
#1132 = DIRECTION ( 'NONE',  ( 0.000000000000000000, -1.000000000000000000, 0.000000000000000000 ) ) ;
#1133 = PRESENTATION_STYLE_ASSIGNMENT (( #4252 ) ) ;
#1134 =( GEOMETRIC_REPRESENTATION_CONTEXT ( 3 ) GLOBAL_UNCERTAINTY_ASSIGNED_CONTEXT ( ( #1685 ) ) GLOBAL_UNIT_ASSIGNED_CONTEXT ( ( #2799, #45, #4094 ) ) REPRESENTATION_CONTEXT ( 'NONE', 'WORKASPACE' ) );
#1135 = VERTEX_POINT ( 'NONE', #3026 ) ;
#1136 =( NAMED_UNIT ( * ) PLANE_ANGLE_UNIT ( ) SI_UNIT ( $, .RADIAN. ) );
#1137 = CARTESIAN_POINT ( 'NONE',  ( -68.31633700196223913, 0.03484274304320356119, 0.000000000000000000 ) ) ;
#1138 = ORIENTED_EDGE ( 'NONE', *, *, #4595, .F. ) ;
#1139 = LINE ( 'NONE', #5008, #4637 ) ;
#1140 = ORIENTED_EDGE ( 'NONE', *, *, #4172, .F. ) ;
#1141 = DIRECTION ( 'NONE',  ( -0.000000000000000000, -0.000000000000000000, -1.000000000000000000 ) ) ;
#1142 = FILL_AREA_STYLE_COLOUR ( '', #2642 ) ;
#1143 = SURFACE_STYLE_FILL_AREA ( #1932 ) ;
#1144 = EDGE_CURVE ( 'NONE', #2527, #3494, #1937, .T. ) ;
#1145 =( NAMED_UNIT ( * ) SI_UNIT ( $, .STERADIAN. ) SOLID_ANGLE_UNIT ( ) );
#1146 = PRESENTATION_LAYER_ASSIGNMENT (  '', '', ( #1952 ) ) ;
#1147 = DIRECTION ( 'NONE',  ( -1.000000000000000000, 0.000000000000000000, 0.000000000000000000 ) ) ;
#1148 = CARTESIAN_POINT ( 'NONE',  ( -57.51445593012449820, 9.957855956175963641, 38.10000000000000142 ) ) ;
#1149 = EDGE_CURVE ( 'NONE', #2034, #1217, #1576, .T. ) ;
#1150 = CARTESIAN_POINT ( 'NONE',  ( -56.58844692662011511, 17.97372293522450803, 0.000000000000000000 ) ) ;
#1151 = VECTOR ( 'NONE', #4685, 1000.000000000000000 ) ;
#1152 = FILL_AREA_STYLE_COLOUR ( '', #1344 ) ;
#1153 =( NAMED_UNIT ( * ) SI_UNIT ( $, .STERADIAN. ) SOLID_ANGLE_UNIT ( ) );
#1154 = AXIS2_PLACEMENT_3D ( 'NONE', #2443, #3273, #167 ) ;
#1155 = LINE ( 'NONE', #3066, #907 ) ;
#1156 = VECTOR ( 'NONE', #2733, 1000.000000000000000 ) ;
#1157 = FILL_AREA_STYLE ('',( #3173 ) ) ;
#1158 = VECTOR ( 'NONE', #3523, 1000.000000000000000 ) ;
#1159 = FILL_AREA_STYLE ('',( #3407 ) ) ;
#1160 = ORIENTED_EDGE ( 'NONE', *, *, #1386, .F. ) ;
#1162 = CARTESIAN_POINT ( 'NONE',  ( -35.11965665901217903, 16.50049929258706172, 0.000000000000000000 ) ) ;
#1161 = CIRCLE ( 'NONE', #4014, 1.484807796299142391 ) ;
#1163 = VERTEX_POINT ( 'NONE', #4642 ) ;
#1164 = CARTESIAN_POINT ( 'NONE',  ( -61.79866184086645120, 23.01600384671558785, 0.000000000000000000 ) ) ;
#1165 = ORIENTED_EDGE ( 'NONE', *, *, #4879, .T. ) ;
#1166 = AXIS2_PLACEMENT_3D ( 'NONE', #3872, #356, #3500 ) ;
#1167 = FILL_AREA_STYLE ('',( #2822 ) ) ;
#1168 = ORIENTED_EDGE ( 'NONE', *, *, #4593, .F. ) ;
#1169 = AXIS2_PLACEMENT_3D ( 'NONE', #2325, #3879, #2683 ) ;
#1170 = CARTESIAN_POINT ( 'NONE',  ( -33.24701807344814597, 0.3416086120920746594, 38.10000000000000142 ) ) ;
#1171 = CYLINDRICAL_SURFACE ( 'NONE', #2475, 1.484807796299135507 ) ;
#1172 = DIRECTION ( 'NONE',  ( -0.000000000000000000, -0.000000000000000000, -1.000000000000000000 ) ) ;
#1173 =( LENGTH_UNIT ( ) NAMED_UNIT ( * ) SI_UNIT ( .MILLI., .METRE. ) );
#1174 = CIRCLE ( 'NONE', #4695, 0.5673323263053475785 ) ;
#1175 = VECTOR ( 'NONE', #1633, 1000.000000000000000 ) ;
#1176 = PRESENTATION_LAYER_ASSIGNMENT (  '', '', ( #2310 ) ) ;
#1177 = CARTESIAN_POINT ( 'NONE',  ( -37.00649020369969833, 23.91046158708940439, 38.10000000000000142 ) ) ;
#1178 = EDGE_CURVE ( 'NONE', #2984, #130, #2263, .T. ) ;
#1179 = AXIS2_PLACEMENT_3D ( 'NONE', #1391, #2995, #2947 ) ;
#1180 = AXIS2_PLACEMENT_3D ( 'NONE', #4000, #2103, #3655 ) ;
#1181 = VECTOR ( 'NONE', #3410, 1000.000000000000000 ) ;
#1182 = ADVANCED_FACE ( 'NONE', ( #5076 ), #382, .T. ) ;
#1183 = EDGE_CURVE ( 'NONE', #2009, #2312, #3525, .T. ) ;
#1184 = UNCERTAINTY_MEASURE_WITH_UNIT (LENGTH_MEASURE( 1.000000000000000082E-05 ), #4226, 'distance_accuracy_value', 'NONE');
#1185 = FILL_AREA_STYLE ('',( #4697 ) ) ;
#1186 = MECHANICAL_DESIGN_GEOMETRIC_PRESENTATION_REPRESENTATION (  '', ( #3952 ), #3383 ) ;
#1187 =( NAMED_UNIT ( * ) PLANE_ANGLE_UNIT ( ) SI_UNIT ( $, .RADIAN. ) );
#1188 = MECHANICAL_DESIGN_GEOMETRIC_PRESENTATION_REPRESENTATION (  '', ( #4293 ), #4035 ) ;
#1189 = VECTOR ( 'NONE', #2250, 1000.000000000000000 ) ;
#1190 = ORIENTED_EDGE ( 'NONE', *, *, #3420, .F. ) ;
#1191 = EDGE_LOOP ( 'NONE', ( #4264, #4354, #3170, #144 ) ) ;
#1192 = DIRECTION ( 'NONE',  ( 1.000000000000000000, 0.000000000000000000, -0.000000000000000000 ) ) ;
#1193 = ORIENTED_EDGE ( 'NONE', *, *, #3581, .T. ) ;
#1194 = SURFACE_STYLE_FILL_AREA ( #820 ) ;
#1195 = COLOUR_RGB ( '',0.2980392156862745057, 0.2980392156862745057, 0.2980392156862745057 ) ;
#1196 = DIRECTION ( 'NONE',  ( -0.000000000000000000, -0.000000000000000000, -1.000000000000000000 ) ) ;
#1197 = ORIENTED_EDGE ( 'NONE', *, *, #5105, .T. ) ;
#1198 = AXIS2_PLACEMENT_3D ( 'NONE', #3331, #2526, #4049 ) ;
#1199 = LINE ( 'NONE', #4972, #1550 ) ;
#1200 = DIRECTION ( 'NONE',  ( 1.000000000000000000, 0.000000000000000000, 0.000000000000000000 ) ) ;
#1201 = SURFACE_SIDE_STYLE ('',( #3263 ) ) ;
#1202 = DIRECTION ( 'NONE',  ( 0.3579966143086401598, -0.9337228840204949698, 0.000000000000000000 ) ) ;
#1203 = DIRECTION ( 'NONE',  ( -0.000000000000000000, -0.000000000000000000, -1.000000000000000000 ) ) ;
#1204 = EDGE_CURVE ( 'NONE', #1480, #1255, #5019, .T. ) ;
#1205 = VERTEX_POINT ( 'NONE', #2754 ) ;
#1206 = ADVANCED_FACE ( 'NONE', ( #1497 ), #4326, .F. ) ;
#1207 = DIRECTION ( 'NONE',  ( -0.000000000000000000, -0.000000000000000000, -1.000000000000000000 ) ) ;
#1208 = EDGE_CURVE ( 'NONE', #1278, #1135, #445, .T. ) ;
#1209 = ORIENTED_EDGE ( 'NONE', *, *, #2136, .T. ) ;
#1210 = ORIENTED_EDGE ( 'NONE', *, *, #600, .T. ) ;
#1211 = CARTESIAN_POINT ( 'NONE',  ( -62.58146679511121846, 26.16205707020611371, 38.10000000000000142 ) ) ;
#1212 = CARTESIAN_POINT ( 'NONE',  ( -62.92826796480854767, 21.51397324705279601, 38.10000000000000142 ) ) ;
#1213 = ORIENTED_EDGE ( 'NONE', *, *, #724, .F. ) ;
#1214 = PRESENTATION_LAYER_ASSIGNMENT (  '', '', ( #278 ) ) ;
#1215 = ORIENTED_EDGE ( 'NONE', *, *, #3978, .T. ) ;
#1216 = SURFACE_STYLE_USAGE ( .BOTH. , #3917 ) ;
#1217 = VERTEX_POINT ( 'NONE', #2087 ) ;
#1218 = PRESENTATION_STYLE_ASSIGNMENT (( #2749 ) ) ;
#1219 = MECHANICAL_DESIGN_GEOMETRIC_PRESENTATION_REPRESENTATION (  '', ( #4414 ), #2771 ) ;
#1220 = DIRECTION ( 'NONE',  ( 0.5093057701338493670, 0.8605856334545485264, 0.000000000000000000 ) ) ;
#1221 = DIRECTION ( 'NONE',  ( -1.000000000000000000, 0.000000000000000000, 0.000000000000000000 ) ) ;
#1222 = ORIENTED_EDGE ( 'NONE', *, *, #1144, .T. ) ;
#1223 = DIRECTION ( 'NONE',  ( 0.6901459099388773666, 0.7236702446519679421, -0.000000000000000000 ) ) ;
#1224 = SURFACE_SIDE_STYLE ('',( #4358 ) ) ;
#1225 = CIRCLE ( 'NONE', #731, 0.5000000000000004441 ) ;
#1226 = MECHANICAL_DESIGN_GEOMETRIC_PRESENTATION_REPRESENTATION (  '', ( #2612 ), #3499 ) ;
#1227 = EDGE_CURVE ( 'NONE', #4922, #3753, #4062, .T. ) ;
#1228 = VERTEX_POINT ( 'NONE', #3659 ) ;
#1229 = CIRCLE ( 'NONE', #3439, 0.5000000000000073275 ) ;
#1230 =( LENGTH_UNIT ( ) NAMED_UNIT ( * ) SI_UNIT ( .MILLI., .METRE. ) );
#1231 = VERTEX_POINT ( 'NONE', #874 ) ;
#1232 = VECTOR ( 'NONE', #1249, 1000.000000000000000 ) ;
#1233 = DIRECTION ( 'NONE',  ( -0.000000000000000000, 0.000000000000000000, -1.000000000000000000 ) ) ;
#1234 = COLOUR_RGB ( '',0.2980392156862745057, 0.2980392156862745057, 0.2980392156862745057 ) ;
#1235 = EDGE_CURVE ( 'NONE', #2120, #3560, #3662, .T. ) ;
#1236 = VERTEX_POINT ( 'NONE', #3222 ) ;
#1237 = EDGE_CURVE ( 'NONE', #1845, #2861, #3186, .T. ) ;
#1238 = DIRECTION ( 'NONE',  ( -0.000000000000000000, -0.000000000000000000, -1.000000000000000000 ) ) ;
#1239 = PRODUCT ( 'FA-T220-38E', 'FA-T220-38E', '', ( #1866 ) ) ;
#1240 = AXIS2_PLACEMENT_3D ( 'NONE', #1421, #3723, #133 ) ;
#1241 = FILL_AREA_STYLE ('',( #3657 ) ) ;
#1242 = CARTESIAN_POINT ( 'NONE',  ( -68.39639288101632530, 25.87763152950190104, 0.000000000000000000 ) ) ;
#1243 = DIRECTION ( 'NONE',  ( -0.000000000000000000, -0.000000000000000000, -1.000000000000000000 ) ) ;
#1244 =( NAMED_UNIT ( * ) SI_UNIT ( $, .STERADIAN. ) SOLID_ANGLE_UNIT ( ) );
#1245 = COLOUR_RGB ( '',0.2980392156862745057, 0.2980392156862745057, 0.2980392156862745057 ) ;
#1246 = ORIENTED_EDGE ( 'NONE', *, *, #2080, .T. ) ;
#1247 = DIRECTION ( 'NONE',  ( -0.5893864328791068585, 0.8078512441892021778, 0.000000000000000000 ) ) ;
#1248 = DIRECTION ( 'NONE',  ( -0.000000000000000000, -0.000000000000000000, -1.000000000000000000 ) ) ;
#1249 = DIRECTION ( 'NONE',  ( -0.000000000000000000, -0.000000000000000000, -1.000000000000000000 ) ) ;
#1250 = AXIS2_PLACEMENT_3D ( 'NONE', #2444, #4013, #497 ) ;
#1251 = SURFACE_SIDE_STYLE ('',( #3589 ) ) ;
#1252 = MECHANICAL_DESIGN_GEOMETRIC_PRESENTATION_REPRESENTATION (  '', ( #4784 ), #3221 ) ;
#1253 = COLOUR_RGB ( '',0.2980392156862745057, 0.2980392156862745057, 0.2980392156862745057 ) ;
#1254 = MECHANICAL_DESIGN_GEOMETRIC_PRESENTATION_REPRESENTATION (  '', ( #2319 ), #516 ) ;
#1255 = VERTEX_POINT ( 'NONE', #4454 ) ;
#1256 =( NAMED_UNIT ( * ) SI_UNIT ( $, .STERADIAN. ) SOLID_ANGLE_UNIT ( ) );
#1257 = CIRCLE ( 'NONE', #2557, 0.4630045017521913775 ) ;
#1258 = EDGE_CURVE ( 'NONE', #3177, #2002, #4767, .T. ) ;
#1259 = EDGE_CURVE ( 'NONE', #17, #1855, #4839, .T. ) ;
#1260 = CARTESIAN_POINT ( 'NONE',  ( -33.49987622420212574, 26.16205707020611371, 38.10000000000000142 ) ) ;
#1261 = ORIENTED_EDGE ( 'NONE', *, *, #3985, .T. ) ;
#1262 = FILL_AREA_STYLE ('',( #4786 ) ) ;
#1263 = CARTESIAN_POINT ( 'NONE',  ( -68.85021745838166396, 33.12053181970672711, 38.10000000000000142 ) ) ;
#1264 = EDGE_CURVE ( 'NONE', #2603, #3913, #2345, .T. ) ;
#1265 = ORIENTED_EDGE ( 'NONE', *, *, #1445, .F. ) ;
#1266 = MECHANICAL_DESIGN_GEOMETRIC_PRESENTATION_REPRESENTATION (  '', ( #3062 ), #354 ) ;
#1267 = UNCERTAINTY_MEASURE_WITH_UNIT (LENGTH_MEASURE( 1.000000000000000082E-05 ), #4141, 'distance_accuracy_value', 'NONE');
#1268 = CARTESIAN_POINT ( 'NONE',  ( -27.58607964836199855, 0.5379855116554033145, 0.000000000000000000 ) ) ;
#1269 =( NAMED_UNIT ( * ) PLANE_ANGLE_UNIT ( ) SI_UNIT ( $, .RADIAN. ) );
#1270 = CARTESIAN_POINT ( 'NONE',  ( -63.82416733590749658, 33.53262314752554829, 38.10000000000000142 ) ) ;
#1271 =( NAMED_UNIT ( * ) PLANE_ANGLE_UNIT ( ) SI_UNIT ( $, .RADIAN. ) );
#1272 = COLOUR_RGB ( '',0.7921568627450980005, 0.8196078431372548767, 0.9333333333333333481 ) ;
#1273 = SURFACE_SIDE_STYLE ('',( #1004 ) ) ;
#1274 = EDGE_LOOP ( 'NONE', ( #2740, #637, #2089, #4753 ) ) ;
#1275 = PLANE ( 'NONE',  #1828 ) ;
#1276 = CARTESIAN_POINT ( 'NONE',  ( -33.49987622420212574, 26.16205707020611015, 0.000000000000000000 ) ) ;
#1277 = EDGE_LOOP ( 'NONE', ( #4292, #3760, #5065, #9 ) ) ;
#1278 = VERTEX_POINT ( 'NONE', #4382 ) ;
#1279 = DIRECTION ( 'NONE',  ( -0.000000000000000000, -0.000000000000000000, -1.000000000000000000 ) ) ;
#1280 = FILL_AREA_STYLE ('',( #4806 ) ) ;
#1281 = ORIENTED_EDGE ( 'NONE', *, *, #2224, .F. ) ;
#1282 = SURFACE_STYLE_USAGE ( .BOTH. , #2364 ) ;
#1283 = DIRECTION ( 'NONE',  ( -0.000000000000000000, -0.000000000000000000, -1.000000000000000000 ) ) ;
#1284 = FACE_OUTER_BOUND ( 'NONE', #1051, .T. ) ;
#1285 = VECTOR ( 'NONE', #1799, 1000.000000000000114 ) ;
#1286 = ORIENTED_EDGE ( 'NONE', *, *, #4052, .F. ) ;
#1287 = AXIS2_PLACEMENT_3D ( 'NONE', #1352, #481, #2911 ) ;
#1288 = EDGE_CURVE ( 'NONE', #3718, #1855, #1524, .T. ) ;
#1289 = CARTESIAN_POINT ( 'NONE',  ( -48.04067150965667565, -0.1213958896601058379, 14.50000000000000355 ) ) ;
#1290 = LINE ( 'NONE', #4795, #2728 ) ;
#1291 = DIRECTION ( 'NONE',  ( -1.000000000000000000, 0.000000000000000000, 0.000000000000000000 ) ) ;
#1292 = FACE_OUTER_BOUND ( 'NONE', #185, .T. ) ;
#1293 = DIRECTION ( 'NONE',  ( 0.000000000000000000, 0.000000000000000000, 1.000000000000000000 ) ) ;
#1294 = VERTEX_POINT ( 'NONE', #2461 ) ;
#1295 = DIRECTION ( 'NONE',  ( 0.000000000000000000, 0.000000000000000000, 1.000000000000000000 ) ) ;
#1296 = SURFACE_SIDE_STYLE ('',( #3643 ) ) ;
#1297 = CARTESIAN_POINT ( 'NONE',  ( -62.58146679511121846, 7.895427536684825220, 38.10000000000000142 ) ) ;
#1298 =( NAMED_UNIT ( * ) PLANE_ANGLE_UNIT ( ) SI_UNIT ( $, .RADIAN. ) );
#1299 = AXIS2_PLACEMENT_3D ( 'NONE', #5018, #1878, #3875 ) ;
#1300 = ORIENTED_EDGE ( 'NONE', *, *, #225, .T. ) ;
#1301 = ORIENTED_EDGE ( 'NONE', *, *, #502, .T. ) ;
#1302 = DIRECTION ( 'NONE',  ( 1.000000000000000000, 0.000000000000000000, 0.000000000000000000 ) ) ;
#1303 = DIRECTION ( 'NONE',  ( 1.000000000000000000, 0.000000000000000000, 0.000000000000000000 ) ) ;
#1304 = ORIENTED_EDGE ( 'NONE', *, *, #4143, .F. ) ;
#1305 = COLOUR_RGB ( '',0.2980392156862745057, 0.2980392156862745057, 0.2980392156862745057 ) ;
#1306 = PLANE ( 'NONE',  #2643 ) ;
#1307 = VERTEX_POINT ( 'NONE', #3167 ) ;
#1308 = ORIENTED_EDGE ( 'NONE', *, *, #1348, .T. ) ;
#1309 = EDGE_CURVE ( 'NONE', #2336, #1205, #931, .T. ) ;
#1310 = SURFACE_STYLE_FILL_AREA ( #233 ) ;
#1311 = DIRECTION ( 'NONE',  ( 0.5893864328791071916, 0.8078512441892020668, -0.000000000000000000 ) ) ;
#1312 = AXIS2_PLACEMENT_3D ( 'NONE', #1212, #1279, #2840 ) ;
#1313 = DIRECTION ( 'NONE',  ( -1.000000000000000000, 0.000000000000000000, 0.000000000000000000 ) ) ;
#1314 = SURFACE_SIDE_STYLE ('',( #3698 ) ) ;
#1315 = ORIENTED_EDGE ( 'NONE', *, *, #3043, .T. ) ;
#1316 = EDGE_CURVE ( 'NONE', #4464, #3293, #103, .T. ) ;
#1317 = UNCERTAINTY_MEASURE_WITH_UNIT (LENGTH_MEASURE( 1.000000000000000082E-05 ), #3379, 'distance_accuracy_value', 'NONE');
#1318 = FILL_AREA_STYLE ('',( #494 ) ) ;
#1319 = VECTOR ( 'NONE', #1915, 1000.000000000000000 ) ;
#1320 = CARTESIAN_POINT ( 'NONE',  ( -68.40738605156792573, 8.173347176086082300, 38.10000000000000142 ) ) ;
#1321 =( NAMED_UNIT ( * ) PLANE_ANGLE_UNIT ( ) SI_UNIT ( $, .RADIAN. ) );
#1322 = DIRECTION ( 'NONE',  ( 0.000000000000000000, 0.000000000000000000, 1.000000000000000000 ) ) ;
#1323 = EDGE_CURVE ( 'NONE', #2483, #3598, #5058, .T. ) ;
#1324 = ADVANCED_FACE ( 'NONE', ( #4056 ), #4815, .F. ) ;
#1325 = ORIENTED_EDGE ( 'NONE', *, *, #1504, .T. ) ;
#1326 = ORIENTED_EDGE ( 'NONE', *, *, #4636, .T. ) ;
#1327 = MECHANICAL_DESIGN_GEOMETRIC_PRESENTATION_REPRESENTATION (  '', ( #2391 ), #146 ) ;
#1328 = VECTOR ( 'NONE', #4987, 1000.000000000000000 ) ;
#1329 =( NAMED_UNIT ( * ) PLANE_ANGLE_UNIT ( ) SI_UNIT ( $, .RADIAN. ) );
#1330 = STYLED_ITEM ( 'NONE', ( #3319 ), #169 ) ;
#1331 = FACE_OUTER_BOUND ( 'NONE', #4360, .T. ) ;
#1332 = AXIS2_PLACEMENT_3D ( 'NONE', #2920, #636, #1032 ) ;
#1333 = AXIS2_PLACEMENT_3D ( 'NONE', #257, #2665, #4649 ) ;
#1334 = SURFACE_STYLE_USAGE ( .BOTH. , #4444 ) ;
#1335 = ORIENTED_EDGE ( 'NONE', *, *, #3209, .F. ) ;
#1336 = CARTESIAN_POINT ( 'NONE',  ( -68.13222220810143881, 0.7528379933234140564, 0.000000000000000000 ) ) ;
#1337 = STYLED_ITEM ( 'NONE', ( #3839 ), #2419 ) ;
#1338 =( LENGTH_UNIT ( ) NAMED_UNIT ( * ) SI_UNIT ( .MILLI., .METRE. ) );
#1339 = ORIENTED_EDGE ( 'NONE', *, *, #4965, .T. ) ;
#1340 = CARTESIAN_POINT ( 'NONE',  ( -62.58146679511121846, 26.16205707020611371, 38.10000000000000142 ) ) ;
#1341 = FILL_AREA_STYLE_COLOUR ( '', #1577 ) ;
#1342 = MECHANICAL_DESIGN_GEOMETRIC_PRESENTATION_REPRESENTATION (  '', ( #4870 ), #4249 ) ;
#1343 = SURFACE_SIDE_STYLE ('',( #2134 ) ) ;
#1344 = COLOUR_RGB ( '',0.2980392156862745057, 0.2980392156862745057, 0.2980392156862745057 ) ;
#1345 = VERTEX_POINT ( 'NONE', #2590 ) ;
#1346 = LINE ( 'NONE', #2977, #3693 ) ;
#1347 = CARTESIAN_POINT ( 'NONE',  ( -62.83432494586519113, 0.3416086120920716618, 38.10000000000000142 ) ) ;
#1348 = EDGE_CURVE ( 'NONE', #533, #4328, #2759, .T. ) ;
#1349 = DIRECTION ( 'NONE',  ( -0.000000000000000000, -0.000000000000000000, -1.000000000000000000 ) ) ;
#1350 = ORIENTED_EDGE ( 'NONE', *, *, #3178, .T. ) ;
#1351 = VERTEX_POINT ( 'NONE', #2133 ) ;
#1352 = CARTESIAN_POINT ( 'NONE',  ( -33.91677811048842983, 7.197503527118557898, 38.10000000000000142 ) ) ;
#1353 = ADVANCED_FACE ( 'NONE', ( #204 ), #3677, .F. ) ;
#1354 = DIRECTION ( 'NONE',  ( 0.000000000000000000, 0.000000000000000000, -1.000000000000000000 ) ) ;
#1355 = SURFACE_SIDE_STYLE ('',( #3382 ) ) ;
#1356 = DIRECTION ( 'NONE',  ( -0.5093057701338493670, -0.8605856334545485264, 0.000000000000000000 ) ) ;
#1357 = ORIENTED_EDGE ( 'NONE', *, *, #61, .T. ) ;
#1358 = EDGE_CURVE ( 'NONE', #4446, #2028, #2996, .T. ) ;
#1359 =( LENGTH_UNIT ( ) NAMED_UNIT ( * ) SI_UNIT ( .MILLI., .METRE. ) );
#1360 = CARTESIAN_POINT ( 'NONE',  ( -59.07485281561364587, 10.14702301980153365, 38.10000000000000142 ) ) ;
#1361 = SURFACE_STYLE_USAGE ( .BOTH. , #660 ) ;
#1362 = ORIENTED_EDGE ( 'NONE', *, *, #1606, .F. ) ;
#1363 = UNCERTAINTY_MEASURE_WITH_UNIT (LENGTH_MEASURE( 1.000000000000000082E-05 ), #2770, 'distance_accuracy_value', 'NONE');
#1364 = DIRECTION ( 'NONE',  ( -1.000000000000000000, -0.000000000000000000, -0.000000000000000000 ) ) ;
#1365 = DIRECTION ( 'NONE',  ( -1.000000000000000000, 0.000000000000000000, 0.000000000000000000 ) ) ;
#1366 = CARTESIAN_POINT ( 'NONE',  ( -56.58844692662011511, 16.08376167166643356, 38.10000000000000142 ) ) ;
#1367 = LINE ( 'NONE', #87, #3855 ) ;
#1368 = ORIENTED_EDGE ( 'NONE', *, *, #652, .F. ) ;
#1369 = EDGE_LOOP ( 'NONE', ( #3318, #2168, #2216, #3681 ) ) ;
#1370 = FILL_AREA_STYLE_COLOUR ( '', #5009 ) ;
#1371 = DIRECTION ( 'NONE',  ( 0.000000000000000000, 0.000000000000000000, 1.000000000000000000 ) ) ;
#1372 = PRESENTATION_STYLE_ASSIGNMENT (( #3664 ) ) ;
#1373 = CARTESIAN_POINT ( 'NONE',  ( -35.47924887030667662, 15.56738973761707712, 38.10000000000000142 ) ) ;
#1374 = ORIENTED_EDGE ( 'NONE', *, *, #1678, .T. ) ;
#1375 = ORIENTED_EDGE ( 'NONE', *, *, #4240, .T. ) ;
#1376 = CARTESIAN_POINT ( 'NONE',  ( -34.09830509978775126, 18.33641936412507789, 0.000000000000000000 ) ) ;
#1377 = FILL_AREA_STYLE ('',( #4506 ) ) ;
#1378 = CARTESIAN_POINT ( 'NONE',  ( -69.02927394306239250, 33.51949909523553828, 38.10000000000000142 ) ) ;
#1379 = VERTEX_POINT ( 'NONE', #976 ) ;
#1380 = ADVANCED_FACE ( 'NONE', ( #4184 ), #1773, .F. ) ;
#1381 = DIRECTION ( 'NONE',  ( -0.000000000000000000, -0.000000000000000000, -1.000000000000000000 ) ) ;
#1382 =( NAMED_UNIT ( * ) SI_UNIT ( $, .STERADIAN. ) SOLID_ANGLE_UNIT ( ) );
#1383 =( NAMED_UNIT ( * ) PLANE_ANGLE_UNIT ( ) SI_UNIT ( $, .RADIAN. ) );
#1384 = ORIENTED_EDGE ( 'NONE', *, *, #978, .T. ) ;
#1385 = AXIS2_PLACEMENT_3D ( 'NONE', #3791, #3812, #2650 ) ;
#1386 = EDGE_CURVE ( 'NONE', #102, #556, #613, .T. ) ;
#1387 = EDGE_CURVE ( 'NONE', #632, #4328, #1416, .T. ) ;
#1388 = FILL_AREA_STYLE ('',( #2852 ) ) ;
#1389 = AXIS2_PLACEMENT_3D ( 'NONE', #420, #4329, #3506 ) ;
#1390 = DIRECTION ( 'NONE',  ( 0.000000000000000000, -0.000000000000000000, 1.000000000000000000 ) ) ;
#1391 = CARTESIAN_POINT ( 'NONE',  ( -68.39639288101632530, 25.87763152950190104, 38.10000000000000142 ) ) ;
#1392 = STYLED_ITEM ( 'NONE', ( #2806 ), #439 ) ;
#1393 =( NAMED_UNIT ( * ) PLANE_ANGLE_UNIT ( ) SI_UNIT ( $, .RADIAN. ) );
#1394 = ORIENTED_EDGE ( 'NONE', *, *, #2130, .T. ) ;
#1395 = COLOUR_RGB ( '',0.2980392156862745057, 0.2980392156862745057, 0.2980392156862745057 ) ;
#1396 = PLANE ( 'NONE',  #1240 ) ;
#1397 = CARTESIAN_POINT ( 'NONE',  ( -39.02989159094103400, 0.3416086120920855396, 0.000000000000000000 ) ) ;
#1398 =( NAMED_UNIT ( * ) SI_UNIT ( $, .STERADIAN. ) SOLID_ANGLE_UNIT ( ) );
#1399 =( GEOMETRIC_REPRESENTATION_CONTEXT ( 3 ) GLOBAL_UNCERTAINTY_ASSIGNED_CONTEXT ( ( #2706 ) ) GLOBAL_UNIT_ASSIGNED_CONTEXT ( ( #1864, #5030, #3194 ) ) REPRESENTATION_CONTEXT ( 'NONE', 'WORKASPACE' ) );
#1400 = AXIS2_PLACEMENT_3D ( 'NONE', #1360, #4885, #969 ) ;
#1401 = DIRECTION ( 'NONE',  ( -0.000000000000000000, -0.000000000000000000, -1.000000000000000000 ) ) ;
#1402 = ORIENTED_EDGE ( 'NONE', *, *, #76, .F. ) ;
#1403 = DIRECTION ( 'NONE',  ( 0.000000000000000000, 1.000000000000000000, 0.000000000000000000 ) ) ;
#1404 = FACE_OUTER_BOUND ( 'NONE', #1953, .T. ) ;
#1405 = FILL_AREA_STYLE_COLOUR ( '', #408 ) ;
#1406 = PRESENTATION_LAYER_ASSIGNMENT (  '', '', ( #2389 ) ) ;
#1407 =( LENGTH_UNIT ( ) NAMED_UNIT ( * ) SI_UNIT ( .MILLI., .METRE. ) );
#1408 = EDGE_CURVE ( 'NONE', #17, #102, #1696, .T. ) ;
#1409 = COLOUR_RGB ( '',0.2980392156862745057, 0.2980392156862745057, 0.2980392156862745057 ) ;
#1410 = ORIENTED_EDGE ( 'NONE', *, *, #1117, .T. ) ;
#1411 = DIRECTION ( 'NONE',  ( -1.000000000000000000, 0.000000000000000000, 0.000000000000000000 ) ) ;
#1412 = STYLED_ITEM ( 'NONE', ( #3512 ), #3391 ) ;
#1413 = ORIENTED_EDGE ( 'NONE', *, *, #2050, .T. ) ;
#1414 = DIRECTION ( 'NONE',  ( 0.6901459099388774776, 0.7236702446519676091, 0.000000000000000000 ) ) ;
#1415 = AXIS2_PLACEMENT_3D ( 'NONE', #39, #1641, #2426 ) ;
#1416 = LINE ( 'NONE', #1956, #3898 ) ;
#1417 = ADVANCED_FACE ( 'NONE', ( #2341 ), #2725, .F. ) ;
#1418 = FACE_OUTER_BOUND ( 'NONE', #3692, .T. ) ;
#1419 = UNCERTAINTY_MEASURE_WITH_UNIT (LENGTH_MEASURE( 1.000000000000000082E-05 ), #4469, 'distance_accuracy_value', 'NONE');
#1420 = ORIENTED_EDGE ( 'NONE', *, *, #4214, .F. ) ;
#1421 = CARTESIAN_POINT ( 'NONE',  ( -61.77839660510554154, 11.58227588757442739, 38.10000000000000142 ) ) ;
#1422 = DIRECTION ( 'NONE',  ( 0.000000000000000000, 0.000000000000000000, 1.000000000000000000 ) ) ;
#1423 = DIRECTION ( 'NONE',  ( -0.000000000000000000, -0.000000000000000000, -1.000000000000000000 ) ) ;
#1424 = AXIS2_PLACEMENT_3D ( 'NONE', #3250, #1293, #4936 ) ;
#1425 = VERTEX_POINT ( 'NONE', #5012 ) ;
#1426 = ORIENTED_EDGE ( 'NONE', *, *, #3070, .F. ) ;
#1427 = VECTOR ( 'NONE', #1303, 1000.000000000000000 ) ;
#1428 = CARTESIAN_POINT ( 'NONE',  ( -69.02927394306239250, 33.51949909523553828, 0.000000000000000000 ) ) ;
#1429 = PRESENTATION_STYLE_ASSIGNMENT (( #3711 ) ) ;
#1430 = VERTEX_POINT ( 'NONE', #4217 ) ;
#1431 = CARTESIAN_POINT ( 'NONE',  ( -68.85021745838166396, 8.520307511124615374, 0.000000000000000000 ) ) ;
#1432 =( NAMED_UNIT ( * ) SI_UNIT ( $, .STERADIAN. ) SOLID_ANGLE_UNIT ( ) );
#1433 = VERTEX_POINT ( 'NONE', #290 ) ;
#1434 =( LENGTH_UNIT ( ) NAMED_UNIT ( * ) SI_UNIT ( .MILLI., .METRE. ) );
#1435 = LINE ( 'NONE', #4574, #2372 ) ;
#1436 = LINE ( 'NONE', #4077, #5027 ) ;
#1437 =( NAMED_UNIT ( * ) SI_UNIT ( $, .STERADIAN. ) SOLID_ANGLE_UNIT ( ) );
#1438 = ORIENTED_EDGE ( 'NONE', *, *, #791, .F. ) ;
#1439 = EDGE_CURVE ( 'NONE', #556, #1885, #55, .T. ) ;
#1440 = CARTESIAN_POINT ( 'NONE',  ( -36.42819199187547952, 17.02874230344544770, 38.10000000000000142 ) ) ;
#1441 = DIRECTION ( 'NONE',  ( -0.000000000000000000, -1.000000000000000000, -0.000000000000000000 ) ) ;
#1442 = CARTESIAN_POINT ( 'NONE',  ( -39.49289609269322909, 33.71587599479885711, 38.10000000000000142 ) ) ;
#1443 = DIRECTION ( 'NONE',  ( 0.000000000000000000, 1.000000000000000000, 0.000000000000000000 ) ) ;
#1444 = MECHANICAL_DESIGN_GEOMETRIC_PRESENTATION_REPRESENTATION (  '', ( #1046 ), #796 ) ;
#1445 = EDGE_CURVE ( 'NONE', #1555, #790, #5098, .T. ) ;
#1446 = ORIENTED_EDGE ( 'NONE', *, *, #2261, .F. ) ;
#1447 = SURFACE_SIDE_STYLE ('',( #3406 ) ) ;
#1448 = CARTESIAN_POINT ( 'NONE',  ( -34.94532355148813707, 17.10460652725317487, 38.10000000000000142 ) ) ;
#1449 = DIRECTION ( 'NONE',  ( -1.000000000000000000, 0.000000000000000000, 0.000000000000000000 ) ) ;
#1450 = SURFACE_STYLE_USAGE ( .BOTH. , #2579 ) ;
#1451 = ORIENTED_EDGE ( 'NONE', *, *, #1358, .T. ) ;
#1452 = STYLED_ITEM ( 'NONE', ( #4698 ), #877 ) ;
#1453 = SURFACE_STYLE_USAGE ( .BOTH. , #4567 ) ;
#1454 = MECHANICAL_DESIGN_GEOMETRIC_PRESENTATION_REPRESENTATION (  '', ( #1952 ), #3996 ) ;
#1455 = CYLINDRICAL_SURFACE ( 'NONE', #1312, 0.5000000000000004441 ) ;
#1456 =( NAMED_UNIT ( * ) PLANE_ANGLE_UNIT ( ) SI_UNIT ( $, .RADIAN. ) );
#1457 = ORIENTED_EDGE ( 'NONE', *, *, #821, .T. ) ;
#1458 = DIRECTION ( 'NONE',  ( -1.000000000000000000, 0.000000000000000000, 0.000000000000000000 ) ) ;
#1459 = UNCERTAINTY_MEASURE_WITH_UNIT (LENGTH_MEASURE( 1.000000000000000082E-05 ), #4676, 'distance_accuracy_value', 'NONE');
#1460 = CARTESIAN_POINT ( 'NONE',  ( -68.85021745838166396, 33.12053181970672711, 38.10000000000000142 ) ) ;
#1461 = CYLINDRICAL_SURFACE ( 'NONE', #2403, 1.800000000000001155 ) ;
#1462 = SURFACE_SIDE_STYLE ('',( #1013 ) ) ;
#1463 = PRESENTATION_LAYER_ASSIGNMENT (  '', '', ( #3016 ) ) ;
#1464 = UNCERTAINTY_MEASURE_WITH_UNIT (LENGTH_MEASURE( 1.000000000000000082E-05 ), #683, 'distance_accuracy_value', 'NONE');
#1465 = VECTOR ( 'NONE', #353, 1000.000000000000227 ) ;
#1466 = DIRECTION ( 'NONE',  ( -0.000000000000000000, -0.000000000000000000, -1.000000000000000000 ) ) ;
#1467 = CARTESIAN_POINT ( 'NONE',  ( -68.85021745838166396, 8.520307511124615374, 38.10000000000000142 ) ) ;
#1468 = VECTOR ( 'NONE', #91, 1000.000000000000000 ) ;
#1469 = SURFACE_STYLE_FILL_AREA ( #3453 ) ;
#1470 = LINE ( 'NONE', #1912, #3207 ) ;
#1471 = EDGE_CURVE ( 'NONE', #3560, #2120, #4689, .T. ) ;
#1472 = SURFACE_STYLE_FILL_AREA ( #2600 ) ;
#1473 = PRESENTATION_STYLE_ASSIGNMENT (( #1522 ) ) ;
#1474 =( NAMED_UNIT ( * ) PLANE_ANGLE_UNIT ( ) SI_UNIT ( $, .RADIAN. ) );
#1475 =( GEOMETRIC_REPRESENTATION_CONTEXT ( 3 ) GLOBAL_UNCERTAINTY_ASSIGNED_CONTEXT ( ( #4669 ) ) GLOBAL_UNIT_ASSIGNED_CONTEXT ( ( #1230, #3968, #2382 ) ) REPRESENTATION_CONTEXT ( 'NONE', 'WORKASPACE' ) );
#1476 = EDGE_CURVE ( 'NONE', #3509, #43, #1874, .T. ) ;
#1477 = CARTESIAN_POINT ( 'NONE',  ( -34.09830509978775126, 15.72106524276585127, 38.10000000000000142 ) ) ;
#1478 = AXIS2_PLACEMENT_3D ( 'NONE', #4599, #4651, #259 ) ;
#1479 = AXIS2_PLACEMENT_3D ( 'NONE', #2512, #4579, #2137 ) ;
#1480 = VERTEX_POINT ( 'NONE', #5071 ) ;
#1481 = DIRECTION ( 'NONE',  ( -0.3579966143086401598, 0.9337228840204949698, 0.000000000000000000 ) ) ;
#1482 =( NAMED_UNIT ( * ) SI_UNIT ( $, .STERADIAN. ) SOLID_ANGLE_UNIT ( ) );
#1483 = SURFACE_STYLE_USAGE ( .BOTH. , #3442 ) ;
#1484 = ORIENTED_EDGE ( 'NONE', *, *, #3042, .T. ) ;
#1485 = SURFACE_STYLE_USAGE ( .BOTH. , #351 ) ;
#1486 =( NAMED_UNIT ( * ) SI_UNIT ( $, .STERADIAN. ) SOLID_ANGLE_UNIT ( ) );
#1487 = CARTESIAN_POINT ( 'NONE',  ( -57.05145142837230310, 33.71587599479885711, 38.10000000000000142 ) ) ;
#1488 = VECTOR ( 'NONE', #2663, 1000.000000000000000 ) ;
#1489 = DIRECTION ( 'NONE',  ( 0.000000000000000000, 1.000000000000000000, 0.000000000000000000 ) ) ;
#1490 =( GEOMETRIC_REPRESENTATION_CONTEXT ( 3 ) GLOBAL_UNCERTAINTY_ASSIGNED_CONTEXT ( ( #95 ) ) GLOBAL_UNIT_ASSIGNED_CONTEXT ( ( #2904, #932, #4474 ) ) REPRESENTATION_CONTEXT ( 'NONE', 'WORKASPACE' ) );
#1491 =( GEOMETRIC_REPRESENTATION_CONTEXT ( 3 ) GLOBAL_UNCERTAINTY_ASSIGNED_CONTEXT ( ( #4038 ) ) GLOBAL_UNIT_ASSIGNED_CONTEXT ( ( #4476, #2999, #981 ) ) REPRESENTATION_CONTEXT ( 'NONE', 'WORKASPACE' ) );
#1492 = LINE ( 'NONE', #4160, #836 ) ;
#1493 = VECTOR ( 'NONE', #975, 1000.000000000000000 ) ;
#1494 = VECTOR ( 'NONE', #485, 1000.000000000000000 ) ;
#1495 =( GEOMETRIC_REPRESENTATION_CONTEXT ( 3 ) GLOBAL_UNCERTAINTY_ASSIGNED_CONTEXT ( ( #3570 ) ) GLOBAL_UNIT_ASSIGNED_CONTEXT ( ( #346, #1136, #712 ) ) REPRESENTATION_CONTEXT ( 'NONE', 'WORKASPACE' ) );
#1496 = CARTESIAN_POINT ( 'NONE',  ( -27.76500601735110507, 34.02264186384773836, 38.10000000000000142 ) ) ;
#1497 = FACE_OUTER_BOUND ( 'NONE', #454, .T. ) ;
#1498 = CARTESIAN_POINT ( 'NONE',  ( -32.29110189870194603, 0.7081143066386963447, 0.000000000000000000 ) ) ;
#1499 = DIRECTION ( 'NONE',  ( -0.000000000000000000, -0.000000000000000000, -1.000000000000000000 ) ) ;
#1500 = EDGE_LOOP ( 'NONE', ( #1533, #2871, #1026, #4834 ) ) ;
#1501 = DIRECTION ( 'NONE',  ( 1.000000000000000000, 0.000000000000000000, 0.000000000000000000 ) ) ;
#1502 = DIRECTION ( 'NONE',  ( -0.000000000000000000, -0.000000000000000000, -1.000000000000000000 ) ) ;
#1503 = LINE ( 'NONE', #3807, #2634 ) ;
#1504 = EDGE_CURVE ( 'NONE', #2688, #196, #4269, .T. ) ;
#1505 = EDGE_LOOP ( 'NONE', ( #610, #3674, #19, #4119 ) ) ;
#1506 = LINE ( 'NONE', #284, #2888 ) ;
#1507 = DIRECTION ( 'NONE',  ( 0.7236702446519681642, 0.6901459099388770335, -0.000000000000000000 ) ) ;
#1508 = DIRECTION ( 'NONE',  ( 1.000000000000000000, 0.000000000000000000, 0.000000000000000000 ) ) ;
#1509 = AXIS2_PLACEMENT_3D ( 'NONE', #4215, #697, #2259 ) ;
#1510 = ORIENTED_EDGE ( 'NONE', *, *, #872, .F. ) ;
#1511 = CARTESIAN_POINT ( 'NONE',  ( -32.79123993217881150, 12.88858431480758426, 0.000000000000000000 ) ) ;
#1512 = EDGE_CURVE ( 'NONE', #3943, #857, #5046, .T. ) ;
#1513 = ORIENTED_EDGE ( 'NONE', *, *, #3815, .T. ) ;
#1514 = CARTESIAN_POINT ( 'NONE',  ( -32.29110189870193892, 33.34937030025223947, 0.000000000000000000 ) ) ;
#1515 =( NAMED_UNIT ( * ) SI_UNIT ( $, .STERADIAN. ) SOLID_ANGLE_UNIT ( ) );
#1516 = DIRECTION ( 'NONE',  ( -0.000000000000000000, -0.000000000000000000, -1.000000000000000000 ) ) ;
#1517 = SURFACE_STYLE_USAGE ( .BOTH. , #5049 ) ;
#1518 = PRESENTATION_STYLE_ASSIGNMENT (( #3060 ) ) ;
#1519 = DIRECTION ( 'NONE',  ( 1.000000000000000000, 0.000000000000000000, 0.000000000000000000 ) ) ;
#1520 = SURFACE_STYLE_FILL_AREA ( #1549 ) ;
#1521 = ORIENTED_EDGE ( 'NONE', *, *, #1113, .T. ) ;
#1522 = SURFACE_STYLE_USAGE ( .BOTH. , #388 ) ;
#1523 = CARTESIAN_POINT ( 'NONE',  ( -63.79024112061139107, 33.34937030025223947, 38.10000000000000142 ) ) ;
#1524 = CIRCLE ( 'NONE', #3730, 0.5118843026691993758 ) ;
#1525 = DIRECTION ( 'NONE',  ( -0.000000000000000000, 1.000000000000000000, -0.000000000000000000 ) ) ;
#1526 = AXIS2_PLACEMENT_3D ( 'NONE', #1621, #1954, #4372 ) ;
#1527 = ORIENTED_EDGE ( 'NONE', *, *, #3327, .F. ) ;
#1528 = CARTESIAN_POINT ( 'NONE',  ( -34.54984631421057628, 18.37876154355187808, 0.000000000000000000 ) ) ;
#1529 = FILL_AREA_STYLE_COLOUR ( '', #1234 ) ;
#1530 = ORIENTED_EDGE ( 'NONE', *, *, #4836, .T. ) ;
#1531 = CARTESIAN_POINT ( 'NONE',  ( -61.13601946782520002, 16.95287807963776316, 0.000000000000000000 ) ) ;
#1532 = SURFACE_STYLE_FILL_AREA ( #5064 ) ;
#1533 = ORIENTED_EDGE ( 'NONE', *, *, #1323, .T. ) ;
#1534 = EDGE_CURVE ( 'NONE', #171, #842, #2058, .T. ) ;
#1535 = CARTESIAN_POINT ( 'NONE',  ( -32.76905998607504245, 0.5248614593653875282, 38.10000000000000142 ) ) ;
#1536 = VECTOR ( 'NONE', #1068, 1000.000000000000000 ) ;
#1537 = ORIENTED_EDGE ( 'NONE', *, *, #3665, .T. ) ;
#1538 = UNCERTAINTY_MEASURE_WITH_UNIT (LENGTH_MEASURE( 1.000000000000000082E-05 ), #3749, 'distance_accuracy_value', 'NONE');
#1539 = SURFACE_STYLE_FILL_AREA ( #4216 ) ;
#1540 = CARTESIAN_POINT ( 'NONE',  ( -61.13601946782520002, 17.10460652725317487, 38.10000000000000142 ) ) ;
#1541 = DIRECTION ( 'NONE',  ( -1.000000000000000000, 0.000000000000000000, 0.000000000000000000 ) ) ;
#1542 = LINE ( 'NONE', #2366, #4425 ) ;
#1543 = ADVANCED_FACE ( 'NONE', ( #4239 ), #2750, .F. ) ;
#1544 = FILL_AREA_STYLE ('',( #3080 ) ) ;
#1545 = EDGE_CURVE ( 'NONE', #5089, #2483, #1600, .T. ) ;
#1546 = LINE ( 'NONE', #1177, #1158 ) ;
#1547 = DIRECTION ( 'NONE',  ( -0.000000000000000000, -0.000000000000000000, -1.000000000000000000 ) ) ;
#1548 = DIRECTION ( 'NONE',  ( -1.000000000000000000, 0.000000000000000000, 0.000000000000000000 ) ) ;
#1549 = FILL_AREA_STYLE ('',( #3931 ) ) ;
#1550 = VECTOR ( 'NONE', #1443, 1000.000000000000000 ) ;
#1551 = FACE_OUTER_BOUND ( 'NONE', #1369, .T. ) ;
#1552 = STYLED_ITEM ( 'NONE', ( #2287 ), #300 ) ;
#1553 = ORIENTED_EDGE ( 'NONE', *, *, #4407, .T. ) ;
#1554 = ORIENTED_EDGE ( 'NONE', *, *, #100, .T. ) ;
#1555 = VERTEX_POINT ( 'NONE', #438 ) ;
#1557 = CYLINDRICAL_SURFACE ( 'NONE', #4664, 0.9382895641747712734 ) ;
#1556 = AXIS2_PLACEMENT_3D ( 'NONE', #1737, #4149, #2895 ) ;
#1558 = ORIENTED_EDGE ( 'NONE', *, *, #3699, .F. ) ;
#1559 = CYLINDRICAL_SURFACE ( 'NONE', #4491, 0.8129607037970082439 ) ;
#1560 = DIRECTION ( 'NONE',  ( -0.000000000000000000, -0.000000000000000000, -1.000000000000000000 ) ) ;
#1561 = EDGE_LOOP ( 'NONE', ( #2560, #2408, #2105, #2792 ) ) ;
#1562 = UNCERTAINTY_MEASURE_WITH_UNIT (LENGTH_MEASURE( 1.000000000000000082E-05 ), #4549, 'distance_accuracy_value', 'NONE');
#1563 = DIRECTION ( 'NONE',  ( 1.000000000000000000, 0.000000000000000000, -0.000000000000000000 ) ) ;
#1564 = ORIENTED_EDGE ( 'NONE', *, *, #70, .F. ) ;
#1565 = COLOUR_RGB ( '',0.2980392156862745057, 0.2980392156862745057, 0.2980392156862745057 ) ;
#1566 = DIRECTION ( 'NONE',  ( 0.000000000000000000, 0.000000000000000000, 1.000000000000000000 ) ) ;
#1567 = SURFACE_STYLE_FILL_AREA ( #5011 ) ;
#1568 = CARTESIAN_POINT ( 'NONE',  ( -48.04067150965667565, 16.08376167166643356, 19.80000000000000071 ) ) ;
#1569 = EDGE_CURVE ( 'NONE', #3986, #4956, #2844, .T. ) ;
#1570 = DIRECTION ( 'NONE',  ( -0.000000000000000000, -0.000000000000000000, -1.000000000000000000 ) ) ;
#1571 = CIRCLE ( 'NONE', #4443, 0.5340105721110509629 ) ;
#1572 = COLOUR_RGB ( '',0.2980392156862745057, 0.2980392156862745057, 0.2980392156862745057 ) ;
#1573 = ADVANCED_FACE ( 'NONE', ( #892 ), #869, .F. ) ;
#1574 = STYLED_ITEM ( 'NONE', ( #2239 ), #4303 ) ;
#1575 = CARTESIAN_POINT ( 'NONE',  ( -33.91677811048842983, 26.85998107977238192, 0.000000000000000000 ) ) ;
#1576 = LINE ( 'NONE', #1148, #3683 ) ;
#1577 = COLOUR_RGB ( '',0.2980392156862745057, 0.2980392156862745057, 0.2980392156862745057 ) ;
#1578 = AXIS2_PLACEMENT_3D ( 'NONE', #1000, #2155, #4932 ) ;
#1579 = CIRCLE ( 'NONE', #1333, 0.5673323263053475785 ) ;
#1580 = DIRECTION ( 'NONE',  ( 1.000000000000000000, 0.000000000000000000, 0.000000000000000000 ) ) ;
#1581 = CARTESIAN_POINT ( 'NONE',  ( -42.49067150965667850, 17.97372293522450803, 38.10000000000000142 ) ) ;
#1582 = MECHANICAL_DESIGN_GEOMETRIC_PRESENTATION_REPRESENTATION (  '', ( #1337 ), #246 ) ;
#1583 = PRESENTATION_LAYER_ASSIGNMENT (  '', '', ( #1412 ) ) ;
#1584 = SURFACE_SIDE_STYLE ('',( #339 ) ) ;
#1585 = FILL_AREA_STYLE_COLOUR ( '', #44 ) ;
#1586 = VECTOR ( 'NONE', #271, 1000.000000000000000 ) ;
#1587 = DIRECTION ( 'NONE',  ( -0.000000000000000000, -0.000000000000000000, -1.000000000000000000 ) ) ;
#1588 = ORIENTED_EDGE ( 'NONE', *, *, #5066, .T. ) ;
#1589 = ORIENTED_EDGE ( 'NONE', *, *, #3719, .T. ) ;
#1590 =( LENGTH_UNIT ( ) NAMED_UNIT ( * ) SI_UNIT ( .MILLI., .METRE. ) );
#1591 = ORIENTED_EDGE ( 'NONE', *, *, #2353, .T. ) ;
#1592 =( LENGTH_UNIT ( ) NAMED_UNIT ( * ) SI_UNIT ( .MILLI., .METRE. ) );
#1593 = ORIENTED_EDGE ( 'NONE', *, *, #2110, .T. ) ;
#1594 = AXIS2_PLACEMENT_3D ( 'NONE', #3496, #2586, #4573 ) ;
#1595 = DIRECTION ( 'NONE',  ( 0.000000000000000000, 0.000000000000000000, 1.000000000000000000 ) ) ;
#1596 = ORIENTED_EDGE ( 'NONE', *, *, #4965, .F. ) ;
#1597 = SURFACE_SIDE_STYLE ('',( #4756 ) ) ;
#1598 = VECTOR ( 'NONE', #3691, 1000.000000000000114 ) ;
#1599 = DIRECTION ( 'NONE',  ( -0.7236702446519679421, 0.6901459099388773666, 0.000000000000000000 ) ) ;
#1600 = LINE ( 'NONE', #3601, #3304 ) ;
#1601 = PLANE ( 'NONE',  #2472 ) ;
#1602 = CYLINDRICAL_SURFACE ( 'NONE', #3189, 0.5340105721110509629 ) ;
#1603 = FACE_OUTER_BOUND ( 'NONE', #75, .T. ) ;
#1604 = DIRECTION ( 'NONE',  ( 0.000000000000000000, 0.000000000000000000, 1.000000000000000000 ) ) ;
#1605 =( NAMED_UNIT ( * ) PLANE_ANGLE_UNIT ( ) SI_UNIT ( $, .RADIAN. ) );
#1606 = EDGE_CURVE ( 'NONE', #939, #14, #1979, .T. ) ;
#1607 = CARTESIAN_POINT ( 'NONE',  ( -61.77839660510554154, 11.58227588757442739, 0.000000000000000000 ) ) ;
#1608 = VERTEX_POINT ( 'NONE', #2365 ) ;
#1609 = CARTESIAN_POINT ( 'NONE',  ( -27.23112556093167669, 0.9369527871842114886, 38.10000000000000142 ) ) ;
#1610 = ORIENTED_EDGE ( 'NONE', *, *, #2803, .F. ) ;
#1611 = ADVANCED_FACE ( 'NONE', ( #484 ), #2056, .F. ) ;
#1612 = ADVANCED_FACE ( 'NONE', ( #3739 ), #4447, .T. ) ;
#1613 = VERTEX_POINT ( 'NONE', #3285 ) ;
#1614 = AXIS2_PLACEMENT_3D ( 'NONE', #2489, #2017, #1313 ) ;
#1615 = ORIENTED_EDGE ( 'NONE', *, *, #1922, .T. ) ;
#1616 = ORIENTED_EDGE ( 'NONE', *, *, #2231, .T. ) ;
#1617 =( NAMED_UNIT ( * ) SI_UNIT ( $, .STERADIAN. ) SOLID_ANGLE_UNIT ( ) );
#1618 = MECHANICAL_DESIGN_GEOMETRIC_PRESENTATION_REPRESENTATION (  '', ( #2591 ), #2265 ) ;
#1619 = UNCERTAINTY_MEASURE_WITH_UNIT (LENGTH_MEASURE( 1.000000000000000082E-05 ), #3660, 'distance_accuracy_value', 'NONE');
#1620 = ORIENTED_EDGE ( 'NONE', *, *, #3818, .F. ) ;
#1621 = CARTESIAN_POINT ( 'NONE',  ( -33.87265359748052873, 22.72986160438344072, 0.000000000000000000 ) ) ;
#1622 = FILL_AREA_STYLE ('',( #2387 ) ) ;
#1623 = PRESENTATION_STYLE_ASSIGNMENT (( #4739 ) ) ;
#1624 = CARTESIAN_POINT ( 'NONE',  ( -34.70865054970229124, 27.04394614692273535, 0.000000000000000000 ) ) ;
#1625 = DIRECTION ( 'NONE',  ( -1.000000000000000000, 0.000000000000000000, 0.000000000000000000 ) ) ;
#1626 =( NAMED_UNIT ( * ) PLANE_ANGLE_UNIT ( ) SI_UNIT ( $, .RADIAN. ) );
#1627 = COLOUR_RGB ( '',0.2980392156862745057, 0.2980392156862745057, 0.2980392156862745057 ) ;
#1628 = FILL_AREA_STYLE_COLOUR ( '', #2952 ) ;
#1629 =( NAMED_UNIT ( * ) SI_UNIT ( $, .STERADIAN. ) SOLID_ANGLE_UNIT ( ) );
#1630 = ORIENTED_EDGE ( 'NONE', *, *, #1439, .T. ) ;
#1631 = SURFACE_STYLE_USAGE ( .BOTH. , #2786 ) ;
#1632 = CYLINDRICAL_SURFACE ( 'NONE', #399, 0.9999999999999870104 ) ;
#1633 = DIRECTION ( 'NONE',  ( -0.000000000000000000, -0.000000000000000000, -1.000000000000000000 ) ) ;
#1634 = PRESENTATION_LAYER_ASSIGNMENT (  '', '', ( #2936 ) ) ;
#1635 = ADVANCED_FACE ( 'NONE', ( #2503 ), #228, .F. ) ;
#1636 = CIRCLE ( 'NONE', #4757, 0.8129607037970152383 ) ;
#1637 = ORIENTED_EDGE ( 'NONE', *, *, #1471, .T. ) ;
#1638 = EDGE_CURVE ( 'NONE', #2861, #2005, #1571, .T. ) ;
#1639 = DIRECTION ( 'NONE',  ( -0.000000000000000000, -0.000000000000000000, -1.000000000000000000 ) ) ;
#1640 = ORIENTED_EDGE ( 'NONE', *, *, #163, .F. ) ;
#1641 = DIRECTION ( 'NONE',  ( 0.8200551619327374198, -0.5722844846642899386, 0.000000000000000000 ) ) ;
#1642 = SURFACE_STYLE_FILL_AREA ( #1167 ) ;
#1643 = AXIS2_PLACEMENT_3D ( 'NONE', #4878, #2550, #4046 ) ;
#1644 = VERTEX_POINT ( 'NONE', #4515 ) ;
#1645 = UNCERTAINTY_MEASURE_WITH_UNIT (LENGTH_MEASURE( 1.000000000000000082E-05 ), #113, 'distance_accuracy_value', 'NONE');
#1646 = CARTESIAN_POINT ( 'NONE',  ( -33.91677811048842983, 26.85998107977238192, 38.10000000000000142 ) ) ;
#1647 = CARTESIAN_POINT ( 'NONE',  ( -59.07485281561364587, 10.14702301980153365, 0.000000000000000000 ) ) ;
#1648 = CIRCLE ( 'NONE', #3614, 0.9382895641747712734 ) ;
#1649 = PRESENTATION_LAYER_ASSIGNMENT (  '', '', ( #3619 ) ) ;
#1650 = COLOUR_RGB ( '',0.2980392156862745057, 0.2980392156862745057, 0.2980392156862745057 ) ;
#1651 = PRESENTATION_LAYER_ASSIGNMENT (  '', '', ( #415 ) ) ;
#1652 = SURFACE_SIDE_STYLE ('',( #2418 ) ) ;
#1653 = CARTESIAN_POINT ( 'NONE',  ( -27.76500601735112284, 7.618197466983599675, 38.10000000000000142 ) ) ;
#1654 = MECHANICAL_DESIGN_GEOMETRIC_PRESENTATION_REPRESENTATION (  '', ( #2062 ), #3625 ) ;
#1655 =( NAMED_UNIT ( * ) SI_UNIT ( $, .STERADIAN. ) SOLID_ANGLE_UNIT ( ) );
#1656 = CIRCLE ( 'NONE', #3850, 0.9382895641747712734 ) ;
#1657 = VECTOR ( 'NONE', #3907, 1000.000000000000000 ) ;
#1658 = CIRCLE ( 'NONE', #4700, 0.4622135902277516029 ) ;
#1659 = VERTEX_POINT ( 'NONE', #999 ) ;
#1660 = CYLINDRICAL_SURFACE ( 'NONE', #5031, 0.4622135902277516029 ) ;
#1661 = FILL_AREA_STYLE ('',( #3880 ) ) ;
#1662 = COLOUR_RGB ( '',0.2980392156862745057, 0.2980392156862745057, 0.2980392156862745057 ) ;
#1663 = AXIS2_PLACEMENT_3D ( 'NONE', #754, #2390, #4298 ) ;
#1664 = SURFACE_STYLE_FILL_AREA ( #3532 ) ;
#1665 = STYLED_ITEM ( 'NONE', ( #3295 ), #193 ) ;
#1666 = PRESENTATION_LAYER_ASSIGNMENT (  '', '', ( #1819 ) ) ;
#1667 = AXIS2_PLACEMENT_3D ( 'NONE', #2784, #2322, #360 ) ;
#1668 = ORIENTED_EDGE ( 'NONE', *, *, #231, .F. ) ;
#1669 = AXIS2_PLACEMENT_3D ( 'NONE', #1730, #3989, #62 ) ;
#1670 = VECTOR ( 'NONE', #4048, 1000.000000000000000 ) ;
#1671 = EDGE_CURVE ( 'NONE', #1307, #3811, #2558, .T. ) ;
#1672 = UNCERTAINTY_MEASURE_WITH_UNIT (LENGTH_MEASURE( 1.000000000000000082E-05 ), #996, 'distance_accuracy_value', 'NONE');
#1673 = ORIENTED_EDGE ( 'NONE', *, *, #3950, .F. ) ;
#1674 = DIRECTION ( 'NONE',  ( 1.000000000000000000, 0.000000000000000000, 0.000000000000000000 ) ) ;
#1675 = FILL_AREA_STYLE ('',( #3922 ) ) ;
#1676 = DIRECTION ( 'NONE',  ( -1.000000000000000000, 0.000000000000000000, 0.000000000000000000 ) ) ;
#1677 = VECTOR ( 'NONE', #1058, 1000.000000000000227 ) ;
#1678 = EDGE_CURVE ( 'NONE', #3071, #839, #927, .T. ) ;
#1679 = VERTEX_POINT ( 'NONE', #4053 ) ;
#1680 = VECTOR ( 'NONE', #402, 999.9999999999998863 ) ;
#1681 = FACE_BOUND ( 'NONE', #4777, .T. ) ;
#1682 = DIRECTION ( 'NONE',  ( -0.000000000000000000, -1.000000000000000000, -0.000000000000000000 ) ) ;
#1683 = CARTESIAN_POINT ( 'NONE',  ( -32.76905998607504245, 0.5248614593653875282, 38.10000000000000142 ) ) ;
#1684 = ORIENTED_EDGE ( 'NONE', *, *, #1471, .F. ) ;
#1685 = UNCERTAINTY_MEASURE_WITH_UNIT (LENGTH_MEASURE( 1.000000000000000082E-05 ), #2799, 'distance_accuracy_value', 'NONE');
#1686 = SURFACE_STYLE_FILL_AREA ( #90 ) ;
#1687 = DIRECTION ( 'NONE',  ( 0.5893864328791071916, 0.8078512441892020668, -0.000000000000000000 ) ) ;
#1688 =( NAMED_UNIT ( * ) SI_UNIT ( $, .STERADIAN. ) SOLID_ANGLE_UNIT ( ) );
#1689 = ORIENTED_EDGE ( 'NONE', *, *, #699, .T. ) ;
#1690 = FILL_AREA_STYLE ('',( #1405 ) ) ;
#1691 = FILL_AREA_STYLE ('',( #843 ) ) ;
#1692 = ORIENTED_EDGE ( 'NONE', *, *, #3985, .F. ) ;
#1693 = MECHANICAL_DESIGN_GEOMETRIC_PRESENTATION_REPRESENTATION (  '', ( #278 ), #4322 ) ;
#1694 = CYLINDRICAL_SURFACE ( 'NONE', #2788, 0.5340105721110544046 ) ;
#1695 = SURFACE_SIDE_STYLE ('',( #3951 ) ) ;
#1696 = CIRCLE ( 'NONE', #4323, 0.5118843026691993758 ) ;
#1697 = EDGE_LOOP ( 'NONE', ( #1089, #1758, #4905, #448 ) ) ;
#1698 = ADVANCED_FACE ( 'NONE', ( #3833 ), #4258, .F. ) ;
#1699 = MECHANICAL_DESIGN_GEOMETRIC_PRESENTATION_REPRESENTATION (  '', ( #25 ), #3592 ) ;
#1700 = LINE ( 'NONE', #2829, #2525 ) ;
#1701 = DIRECTION ( 'NONE',  ( 0.000000000000000000, 0.000000000000000000, 1.000000000000000000 ) ) ;
#1702 = CARTESIAN_POINT ( 'NONE',  ( -33.49987622420212574, 7.895427536684825220, 38.10000000000000142 ) ) ;
#1703 = EDGE_CURVE ( 'NONE', #3074, #3438, #572, .T. ) ;
#1704 = EDGE_CURVE ( 'NONE', #3541, #4744, #3622, .T. ) ;
#1705 = DIRECTION ( 'NONE',  ( -1.000000000000000000, 0.000000000000000000, 0.000000000000000000 ) ) ;
#1706 = ORIENTED_EDGE ( 'NONE', *, *, #2014, .T. ) ;
#1707 = PRESENTATION_STYLE_ASSIGNMENT (( #2817 ) ) ;
#1708 = CARTESIAN_POINT ( 'NONE',  ( -62.83432494586520534, 33.71587599479886421, 38.10000000000000142 ) ) ;
#1709 = STYLED_ITEM ( 'NONE', ( #3502 ), #2097 ) ;
#1710 = VERTEX_POINT ( 'NONE', #1137 ) ;
#1711 = VERTEX_POINT ( 'NONE', #3094 ) ;
#1712 = DIRECTION ( 'NONE',  ( -0.000000000000000000, -0.000000000000000000, -1.000000000000000000 ) ) ;
#1713 = CARTESIAN_POINT ( 'NONE',  ( -27.23112556093168735, 8.520307511124615374, 38.10000000000000142 ) ) ;
#1714 = UNCERTAINTY_MEASURE_WITH_UNIT (LENGTH_MEASURE( 1.000000000000000082E-05 ), #2213, 'distance_accuracy_value', 'NONE');
#1715 = AXIS2_PLACEMENT_3D ( 'NONE', #4657, #1092, #5010 ) ;
#1716 = CARTESIAN_POINT ( 'NONE',  ( -63.31228303323829465, 33.53262314752554829, 0.000000000000000000 ) ) ;
#1717 = ORIENTED_EDGE ( 'NONE', *, *, #1445, .T. ) ;
#1718 = MECHANICAL_DESIGN_GEOMETRIC_PRESENTATION_REPRESENTATION (  '', ( #5090 ), #4091 ) ;
#1719 = SURFACE_SIDE_STYLE ('',( #2582 ) ) ;
#1720 = ADVANCED_FACE ( 'NONE', ( #4569 ), #2254, .F. ) ;
#1721 = DIRECTION ( 'NONE',  ( 0.000000000000000000, -0.000000000000000000, 1.000000000000000000 ) ) ;
#1722 = VECTOR ( 'NONE', #1811, 1000.000000000000000 ) ;
#1723 =( NAMED_UNIT ( * ) SI_UNIT ( $, .STERADIAN. ) SOLID_ANGLE_UNIT ( ) );
#1724 = CARTESIAN_POINT ( 'NONE',  ( -48.04067150965667565, -0.1213958896601058379, 19.80000000000000071 ) ) ;
#1725 = ADVANCED_FACE ( 'NONE', ( #2226 ), #3786, .F. ) ;
#1726 = ORIENTED_EDGE ( 'NONE', *, *, #4050, .T. ) ;
#1727 = UNCERTAINTY_MEASURE_WITH_UNIT (LENGTH_MEASURE( 1.000000000000000082E-05 ), #5082, 'distance_accuracy_value', 'NONE');
#1728 = SURFACE_SIDE_STYLE ('',( #1019 ) ) ;
#1729 = CARTESIAN_POINT ( 'NONE',  ( -63.82416733590749658, 33.53262314752554829, 0.000000000000000000 ) ) ;
#1730 = CARTESIAN_POINT ( 'NONE',  ( -48.04067150965667565, -0.1213958896601058379, 12.70000000000000284 ) ) ;
#1731 = STYLED_ITEM ( 'NONE', ( #5107 ), #4112 ) ;
#1732 = ORIENTED_EDGE ( 'NONE', *, *, #489, .T. ) ;
#1733 = ORIENTED_EDGE ( 'NONE', *, *, #946, .F. ) ;
#1734 = VECTOR ( 'NONE', #2889, 999.9999999999998863 ) ;
#1735 = DIRECTION ( 'NONE',  ( 0.3579966143086401598, 0.9337228840204949698, -0.000000000000000000 ) ) ;
#1736 = VECTOR ( 'NONE', #2877, 1000.000000000000000 ) ;
#1737 = CARTESIAN_POINT ( 'NONE',  ( -34.30294641420780266, 11.58227588757442739, 38.10000000000000142 ) ) ;
#1738 = CARTESIAN_POINT ( 'NONE',  ( -39.02989159094103400, 0.3416086120920855396, 38.10000000000000142 ) ) ;
#1739 = COLOUR_RGB ( '',0.2980392156862745057, 0.2980392156862745057, 0.2980392156862745057 ) ;
#1740 = COLOUR_RGB ( '',0.2980392156862745057, 0.2980392156862745057, 0.2980392156862745057 ) ;
#1741 = ORIENTED_EDGE ( 'NONE', *, *, #5066, .F. ) ;
#1742 = DIRECTION ( 'NONE',  ( 1.000000000000000000, 0.000000000000000000, 0.000000000000000000 ) ) ;
#1743 = CARTESIAN_POINT ( 'NONE',  ( -63.79024112061139107, 33.34937030025223947, 38.10000000000000142 ) ) ;
#1744 = EDGE_LOOP ( 'NONE', ( #3191, #3444, #4729, #2054 ) ) ;
#1745 = ADVANCED_FACE ( 'NONE', ( #4337 ), #1559, .F. ) ;
#1746 = DIRECTION ( 'NONE',  ( -1.000000000000000000, 0.000000000000000000, 0.000000000000000000 ) ) ;
#1747 = CARTESIAN_POINT ( 'NONE',  ( -36.43013134778728102, 17.10460652725317487, 38.10000000000000142 ) ) ;
#1748 = FILL_AREA_STYLE ('',( #3769 ) ) ;
#1749 =( NAMED_UNIT ( * ) SI_UNIT ( $, .STERADIAN. ) SOLID_ANGLE_UNIT ( ) );
#1750 = COLOUR_RGB ( '',0.2980392156862745057, 0.2980392156862745057, 0.2980392156862745057 ) ;
#1751 = EDGE_LOOP ( 'NONE', ( #4064, #1767, #4187, #5024 ) ) ;
#1752 = CARTESIAN_POINT ( 'NONE',  ( -53.59067150965667992, 17.97372293522450803, 38.10000000000000142 ) ) ;
#1753 = CARTESIAN_POINT ( 'NONE',  ( -61.79866184086645120, 11.04148076017535196, 0.000000000000000000 ) ) ;
#1754 = PRODUCT_DEFINITION_FORMATION_WITH_SPECIFIED_SOURCE ( 'ANY', '', #1239, .NOT_KNOWN. ) ;
#1755 = SURFACE_STYLE_USAGE ( .BOTH. , #4063 ) ;
#1756 = EDGE_CURVE ( 'NONE', #2002, #955, #3824, .T. ) ;
#1757 = LINE ( 'NONE', #3324, #4703 ) ;
#1758 = ORIENTED_EDGE ( 'NONE', *, *, #2853, .F. ) ;
#1759 = ORIENTED_EDGE ( 'NONE', *, *, #3262, .T. ) ;
#1760 = CARTESIAN_POINT ( 'NONE',  ( -56.58844692662011511, 0.3416086120920855396, 38.10000000000000142 ) ) ;
#1761 = EDGE_CURVE ( 'NONE', #1930, #1345, #2846, .T. ) ;
#1762 = CARTESIAN_POINT ( 'NONE',  ( -33.15307505450480363, 12.54351135983814203, 0.000000000000000000 ) ) ;
#1763 = ADVANCED_FACE ( 'NONE', ( #4198 ), #5053, .F. ) ;
#1764 = CARTESIAN_POINT ( 'NONE',  ( -56.58844692662011511, 17.97372293522450803, 33.09999999999999432 ) ) ;
#1765 = ORIENTED_EDGE ( 'NONE', *, *, #3606, .F. ) ;
#1766 =( NAMED_UNIT ( * ) SI_UNIT ( $, .STERADIAN. ) SOLID_ANGLE_UNIT ( ) );
#1767 = ORIENTED_EDGE ( 'NONE', *, *, #3733, .F. ) ;
#1768 =( NAMED_UNIT ( * ) SI_UNIT ( $, .STERADIAN. ) SOLID_ANGLE_UNIT ( ) );
#1769 = ADVANCED_BREP_SHAPE_REPRESENTATION ( 'FA-T220-38E', ( #3893, #2413 ), #2248 ) ;
#1770 = DIRECTION ( 'NONE',  ( -1.000000000000000000, 0.000000000000000000, 0.000000000000000000 ) ) ;
#1771 = PRESENTATION_STYLE_ASSIGNMENT (( #4888 ) ) ;
#1772 = MECHANICAL_DESIGN_GEOMETRIC_PRESENTATION_REPRESENTATION (  '', ( #540 ), #4926 ) ;
#1773 = CYLINDRICAL_SURFACE ( 'NONE', #4152, 0.5000000000000073275 ) ;
#1774 = ORIENTED_EDGE ( 'NONE', *, *, #4970, .F. ) ;
#1775 = ORIENTED_EDGE ( 'NONE', *, *, #2766, .F. ) ;
#1776 = DIRECTION ( 'NONE',  ( -0.000000000000000000, -0.000000000000000000, -1.000000000000000000 ) ) ;
#1777 = CARTESIAN_POINT ( 'NONE',  ( -68.31633700196223913, 34.02264186384773836, 0.000000000000000000 ) ) ;
#1778 = DIRECTION ( 'NONE',  ( 1.000000000000000000, 0.000000000000000000, 0.000000000000000000 ) ) ;
#1779 = CARTESIAN_POINT ( 'NONE',  ( -61.79487079032240615, 15.29888692205449630, 0.000000000000000000 ) ) ;
#1780 = ORIENTED_EDGE ( 'NONE', *, *, #4842, .F. ) ;
#1781 = AXIS2_PLACEMENT_3D ( 'NONE', #4334, #817, #2182 ) ;
#1782 = ORIENTED_EDGE ( 'NONE', *, *, #1235, .T. ) ;
#1783 = SURFACE_SIDE_STYLE ('',( #3435 ) ) ;
#1784 = EDGE_CURVE ( 'NONE', #140, #1789, #3528, .T. ) ;
#1785 =( NAMED_UNIT ( * ) SI_UNIT ( $, .STERADIAN. ) SOLID_ANGLE_UNIT ( ) );
#1786 = MECHANICAL_DESIGN_GEOMETRIC_PRESENTATION_REPRESENTATION (  '', ( #882 ), #1057 ) ;
#1787 = FILL_AREA_STYLE ('',( #222 ) ) ;
#1788 = EDGE_CURVE ( 'NONE', #3932, #3583, #4577, .T. ) ;
#1789 = VERTEX_POINT ( 'NONE', #2269 ) ;
#1790 = PRESENTATION_STYLE_ASSIGNMENT (( #145 ) ) ;
#1791 =( NAMED_UNIT ( * ) PLANE_ANGLE_UNIT ( ) SI_UNIT ( $, .RADIAN. ) );
#1792 = EDGE_LOOP ( 'NONE', ( #1808, #2332, #3153, #1165 ) ) ;
#1793 = CIRCLE ( 'NONE', #4674, 0.9382895641747712734 ) ;
#1794 = ORIENTED_EDGE ( 'NONE', *, *, #2832, .F. ) ;
#1795 =( LENGTH_UNIT ( ) NAMED_UNIT ( * ) SI_UNIT ( .MILLI., .METRE. ) );
#1796 = VECTOR ( 'NONE', #521, 1000.000000000000000 ) ;
#1797 = CARTESIAN_POINT ( 'NONE',  ( -62.83432494586519113, 0.3416086120920716618, 0.000000000000000000 ) ) ;
#1798 = AXIS2_PLACEMENT_3D ( 'NONE', #1268, #3246, #3556 ) ;
#1799 = DIRECTION ( 'NONE',  ( 0.3579966143086414920, -0.9337228840204944147, 0.000000000000000000 ) ) ;
#1800 = AXIS2_PLACEMENT_3D ( 'NONE', #2918, #4468, #2101 ) ;
#1801 = ORIENTED_EDGE ( 'NONE', *, *, #1512, .T. ) ;
#1802 = AXIS2_PLACEMENT_3D ( 'NONE', #3939, #4364, #69 ) ;
#1803 =( LENGTH_UNIT ( ) NAMED_UNIT ( * ) SI_UNIT ( .MILLI., .METRE. ) );
#1804 = CARTESIAN_POINT ( 'NONE',  ( -61.77839660510554154, 11.58227588757442739, 38.10000000000000142 ) ) ;
#1805 = DIRECTION ( 'NONE',  ( -0.000000000000000000, -0.000000000000000000, -1.000000000000000000 ) ) ;
#1806 = DIRECTION ( 'NONE',  ( -0.000000000000000000, -1.000000000000000000, -0.000000000000000000 ) ) ;
#1807 = PRESENTATION_STYLE_ASSIGNMENT (( #4536 ) ) ;
#1808 = ORIENTED_EDGE ( 'NONE', *, *, #1821, .T. ) ;
#1809 = AXIS2_PLACEMENT_3D ( 'NONE', #3145, #3460, #5026 ) ;
#1810 = ORIENTED_EDGE ( 'NONE', *, *, #4377, .T. ) ;
#1811 = DIRECTION ( 'NONE',  ( -0.000000000000000000, -0.000000000000000000, -1.000000000000000000 ) ) ;
#1812 = MECHANICAL_DESIGN_GEOMETRIC_PRESENTATION_REPRESENTATION (  '', ( #2389 ), #325 ) ;
#1813 = LINE ( 'NONE', #629, #344 ) ;
#1814 = STYLED_ITEM ( 'NONE', ( #3935 ), #3788 ) ;
#1815 = AXIS2_PLACEMENT_3D ( 'NONE', #3419, #238, #725 ) ;
#1816 = ORIENTED_EDGE ( 'NONE', *, *, #4659, .F. ) ;
#1817 = SURFACE_STYLE_FILL_AREA ( #2556 ) ;
#1818 = DIRECTION ( 'NONE',  ( 0.9337228840204945257, 0.3579966143086414365, -0.000000000000000000 ) ) ;
#1819 = STYLED_ITEM ( 'NONE', ( #4575 ), #2289 ) ;
#1820 = STYLED_ITEM ( 'NONE', ( #2869 ), #3294 ) ;
#1821 = EDGE_CURVE ( 'NONE', #3913, #350, #1076, .T. ) ;
#1822 = ORIENTED_EDGE ( 'NONE', *, *, #3733, .T. ) ;
#1823 =( GEOMETRIC_REPRESENTATION_CONTEXT ( 3 ) GLOBAL_UNCERTAINTY_ASSIGNED_CONTEXT ( ( #2189 ) ) GLOBAL_UNIT_ASSIGNED_CONTEXT ( ( #437, #461, #2774 ) ) REPRESENTATION_CONTEXT ( 'NONE', 'WORKASPACE' ) );
#1824 = AXIS2_PLACEMENT_3D ( 'NONE', #430, #3756, #2937 ) ;
#1825 = CARTESIAN_POINT ( 'NONE',  ( -33.24701807344815307, 33.71587599479886421, 38.10000000000000142 ) ) ;
#1826 = DIRECTION ( 'NONE',  ( -0.000000000000000000, -0.000000000000000000, -1.000000000000000000 ) ) ;
#1827 =( LENGTH_UNIT ( ) NAMED_UNIT ( * ) SI_UNIT ( .MILLI., .METRE. ) );
#1828 = AXIS2_PLACEMENT_3D ( 'NONE', #2928, #4500, #3724 ) ;
#1829 = ADVANCED_FACE ( 'NONE', ( #4619 ), #3120, .T. ) ;
#1830 = CYLINDRICAL_SURFACE ( 'NONE', #2717, 0.4630045017521913775 ) ;
#1831 = UNCERTAINTY_MEASURE_WITH_UNIT (LENGTH_MEASURE( 1.000000000000000082E-05 ), #2003, 'distance_accuracy_value', 'NONE');
#1832 = CARTESIAN_POINT ( 'NONE',  ( -61.79487079032240615, 18.75859768483644174, 0.000000000000000000 ) ) ;
#1833 = DIRECTION ( 'NONE',  ( -0.000000000000000000, -0.000000000000000000, -1.000000000000000000 ) ) ;
#1834 = CARTESIAN_POINT ( 'NONE',  ( -59.07485281561364587, 23.91046158708940439, 38.10000000000000142 ) ) ;
#1835 = MECHANICAL_DESIGN_GEOMETRIC_PRESENTATION_REPRESENTATION (  '', ( #4955 ), #2821 ) ;
#1836 = UNCERTAINTY_MEASURE_WITH_UNIT (LENGTH_MEASURE( 1.000000000000000082E-05 ), #355, 'distance_accuracy_value', 'NONE');
#1837 = ORIENTED_EDGE ( 'NONE', *, *, #1980, .F. ) ;
#1838 = PRESENTATION_LAYER_ASSIGNMENT (  '', '', ( #5 ) ) ;
#1839 = CARTESIAN_POINT ( 'NONE',  ( -34.28647222899093805, 18.75859768483644174, 38.10000000000000142 ) ) ;
#1840 = FACE_BOUND ( 'NONE', #4121, .T. ) ;
#1841 = LINE ( 'NONE', #710, #83 ) ;
#1842 = VERTEX_POINT ( 'NONE', #2494 ) ;
#1843 = SURFACE_SIDE_STYLE ('',( #740 ) ) ;
#1844 = FILL_AREA_STYLE ('',( #1948 ) ) ;
#1845 = VERTEX_POINT ( 'NONE', #2026 ) ;
#1846 = DIRECTION ( 'NONE',  ( -0.000000000000000000, -0.000000000000000000, -1.000000000000000000 ) ) ;
#1847 = SURFACE_SIDE_STYLE ('',( #265 ) ) ;
#1848 = DIRECTION ( 'NONE',  ( -0.000000000000000000, -0.000000000000000000, -1.000000000000000000 ) ) ;
#1849 = EDGE_CURVE ( 'NONE', #4295, #2268, #4909, .T. ) ;
#1850 = AXIS2_PLACEMENT_3D ( 'NONE', #2063, #4403, #1291 ) ;
#1851 = ADVANCED_FACE ( 'NONE', ( #371 ), #396, .T. ) ;
#1852 =( NAMED_UNIT ( * ) PLANE_ANGLE_UNIT ( ) SI_UNIT ( $, .RADIAN. ) );
#1853 = EDGE_CURVE ( 'NONE', #458, #2484, #2741, .T. ) ;
#1854 = PRESENTATION_STYLE_ASSIGNMENT (( #3774 ) ) ;
#1855 = VERTEX_POINT ( 'NONE', #1729 ) ;
#1856 = DIRECTION ( 'NONE',  ( 1.000000000000000000, 0.000000000000000000, 0.000000000000000000 ) ) ;
#1857 = COLOUR_RGB ( '',0.2980392156862745057, 0.2980392156862745057, 0.2980392156862745057 ) ;
#1858 = CARTESIAN_POINT ( 'NONE',  ( -38.56688708918884601, 9.957855956175963641, 38.10000000000000142 ) ) ;
#1859 = DIRECTION ( 'NONE',  ( -1.000000000000000000, 0.000000000000000000, 0.000000000000000000 ) ) ;
#1860 = PRESENTATION_LAYER_ASSIGNMENT (  '', '', ( #1046 ) ) ;
#1861 = PRESENTATION_STYLE_ASSIGNMENT (( #2983 ) ) ;
#1862 = CARTESIAN_POINT ( 'NONE',  ( -37.00649020369969833, 10.14702301980153365, 0.000000000000000000 ) ) ;
#1863 = DIRECTION ( 'NONE',  ( -0.000000000000000000, -0.000000000000000000, -1.000000000000000000 ) ) ;
#1864 =( LENGTH_UNIT ( ) NAMED_UNIT ( * ) SI_UNIT ( .MILLI., .METRE. ) );
#1865 = CARTESIAN_POINT ( 'NONE',  ( -61.53149670510276792, 15.67872306333906174, 0.000000000000000000 ) ) ;
#1866 = PRODUCT_CONTEXT ( 'NONE', #859, 'mechanical' ) ;
#1867 = EDGE_LOOP ( 'NONE', ( #4412, #1668, #2785, #2638 ) ) ;
#1868 = MECHANICAL_DESIGN_GEOMETRIC_PRESENTATION_REPRESENTATION (  '', ( #4827 ), #4331 ) ;
#1869 = SURFACE_STYLE_USAGE ( .BOTH. , #5061 ) ;
#1870 = SURFACE_STYLE_FILL_AREA ( #692 ) ;
#1871 = EDGE_LOOP ( 'NONE', ( #1394, #1325 ) ) ;
#1872 = CARTESIAN_POINT ( 'NONE',  ( -59.07485281561364587, 10.14702301980153365, 38.10000000000000142 ) ) ;
#1873 = CARTESIAN_POINT ( 'NONE',  ( -53.59067150965667992, 16.08376167166643356, 33.09999999999999432 ) ) ;
#1874 = LINE ( 'NONE', #266, #4017 ) ;
#1875 = DIRECTION ( 'NONE',  ( -1.000000000000000000, 0.000000000000000000, 0.000000000000000000 ) ) ;
#1876 = UNCERTAINTY_MEASURE_WITH_UNIT (LENGTH_MEASURE( 1.000000000000000082E-05 ), #323, 'distance_accuracy_value', 'NONE');
#1877 = FILL_AREA_STYLE ('',( #3899 ) ) ;
#1878 = DIRECTION ( 'NONE',  ( -1.000000000000000000, 0.000000000000000000, 0.000000000000000000 ) ) ;
#1879 = VECTOR ( 'NONE', #3923, 1000.000000000000000 ) ;
#1880 = CARTESIAN_POINT ( 'NONE',  ( -32.29110189870194603, 33.34937030025223947, 38.10000000000000142 ) ) ;
#1881 = CARTESIAN_POINT ( 'NONE',  ( -68.39639288101632530, 25.87763152950190104, 0.000000000000000000 ) ) ;
#1882 = ADVANCED_FACE ( 'NONE', ( #4288 ), #1557, .F. ) ;
#1883 = AXIS2_PLACEMENT_3D ( 'NONE', #5039, #1507, #3073 ) ;
#1884 = DIRECTION ( 'NONE',  ( -1.000000000000000000, 0.000000000000000000, 0.000000000000000000 ) ) ;
#1885 = VERTEX_POINT ( 'NONE', #1211 ) ;
#1886 =( LENGTH_UNIT ( ) NAMED_UNIT ( * ) SI_UNIT ( .MILLI., .METRE. ) );
#1887 = DIRECTION ( 'NONE',  ( -0.000000000000000000, 1.000000000000000000, -0.000000000000000000 ) ) ;
#1888 = FACE_OUTER_BOUND ( 'NONE', #1049, .T. ) ;
#1889 = PRESENTATION_STYLE_ASSIGNMENT (( #3806 ) ) ;
#1890 =( GEOMETRIC_REPRESENTATION_CONTEXT ( 3 ) GLOBAL_UNCERTAINTY_ASSIGNED_CONTEXT ( ( #4608 ) ) GLOBAL_UNIT_ASSIGNED_CONTEXT ( ( #3389, #3312, #1382 ) ) REPRESENTATION_CONTEXT ( 'NONE', 'WORKASPACE' ) );
#1891 = LINE ( 'NONE', #5057, #1189 ) ;
#1892 = EDGE_CURVE ( 'NONE', #5089, #1659, #2361, .T. ) ;
#1893 = AXIS2_PLACEMENT_3D ( 'NONE', #3890, #1054, #5063 ) ;
#1894 = VECTOR ( 'NONE', #164, 1000.000000000000000 ) ;
#1895 = ORIENTED_EDGE ( 'NONE', *, *, #1309, .T. ) ;
#1896 = VECTOR ( 'NONE', #2481, 1000.000000000000000 ) ;
#1897 = LINE ( 'NONE', #4980, #4943 ) ;
#1898 = AXIS2_PLACEMENT_3D ( 'NONE', #784, #2734, #1548 ) ;
#1899 = SURFACE_SIDE_STYLE ('',( #285 ) ) ;
#1900 = ORIENTED_EDGE ( 'NONE', *, *, #1761, .T. ) ;
#1901 = AXIS2_PLACEMENT_3D ( 'NONE', #4241, #4525, #205 ) ;
#1902 = VERTEX_POINT ( 'NONE', #3369 ) ;
#1903 = DIRECTION ( 'NONE',  ( -0.3579966143086414920, 0.9337228840204944147, 0.000000000000000000 ) ) ;
#1904 =( NAMED_UNIT ( * ) PLANE_ANGLE_UNIT ( ) SI_UNIT ( $, .RADIAN. ) );
#1905 = CIRCLE ( 'NONE', #4614, 0.4630045017521913775 ) ;
#1906 = AXIS2_PLACEMENT_3D ( 'NONE', #1779, #2625, #2657 ) ;
#1907 = MECHANICAL_DESIGN_GEOMETRIC_PRESENTATION_REPRESENTATION (  '', ( #2229 ), #240 ) ;
#1908 = COLOUR_RGB ( '',0.2980392156862745057, 0.2980392156862745057, 0.2980392156862745057 ) ;
#1909 = FILL_AREA_STYLE ('',( #3139 ) ) ;
#1910 =( NAMED_UNIT ( * ) SI_UNIT ( $, .STERADIAN. ) SOLID_ANGLE_UNIT ( ) );
#1911 = COLOUR_RGB ( '',0.2980392156862745057, 0.2980392156862745057, 0.2980392156862745057 ) ;
#1912 = CARTESIAN_POINT ( 'NONE',  ( -63.29010308713453270, 21.16890029208335378, 0.000000000000000000 ) ) ;
#1913 = CARTESIAN_POINT ( 'NONE',  ( -37.72500095553984067, 9.543591494498629757, 38.10000000000000142 ) ) ;
#1914 = DIRECTION ( 'NONE',  ( 0.000000000000000000, 0.000000000000000000, 1.000000000000000000 ) ) ;
#1915 = DIRECTION ( 'NONE',  ( -0.000000000000000000, -0.000000000000000000, -1.000000000000000000 ) ) ;
#1916 = SURFACE_STYLE_FILL_AREA ( #1157 ) ;
#1917 = CARTESIAN_POINT ( 'NONE',  ( -27.23112556093168735, 8.520307511124615374, 38.10000000000000142 ) ) ;
#1918 = LINE ( 'NONE', #1943, #514 ) ;
#1919 = PRODUCT_DEFINITION ( 'UNKNOWN', '', #1754, #4339 ) ;
#1920 = ORIENTED_EDGE ( 'NONE', *, *, #1408, .T. ) ;
#1921 = DIRECTION ( 'NONE',  ( 0.9337228840204949698, 0.3579966143086401598, -0.000000000000000000 ) ) ;
#1922 = EDGE_CURVE ( 'NONE', #4644, #2268, #2953, .T. ) ;
#1923 = EDGE_CURVE ( 'NONE', #2757, #2921, #3702, .T. ) ;
#1924 =( LENGTH_UNIT ( ) NAMED_UNIT ( * ) SI_UNIT ( .MILLI., .METRE. ) );
#1925 = ORIENTED_EDGE ( 'NONE', *, *, #1237, .F. ) ;
#1926 =( NAMED_UNIT ( * ) SI_UNIT ( $, .STERADIAN. ) SOLID_ANGLE_UNIT ( ) );
#1927 = PRESENTATION_STYLE_ASSIGNMENT (( #349 ) ) ;
#1928 = PRESENTATION_LAYER_ASSIGNMENT (  '', '', ( #2739 ) ) ;
#1929 = ORIENTED_EDGE ( 'NONE', *, *, #386, .F. ) ;
#1930 = VERTEX_POINT ( 'NONE', #4580 ) ;
#1931 = DIRECTION ( 'NONE',  ( -0.000000000000000000, -0.000000000000000000, -1.000000000000000000 ) ) ;
#1932 = FILL_AREA_STYLE ('',( #2651 ) ) ;
#1933 = CYLINDRICAL_SURFACE ( 'NONE', #1663, 0.7412256314667936552 ) ;
#1934 = EDGE_CURVE ( 'NONE', #632, #4511, #4530, .T. ) ;
#1935 = CARTESIAN_POINT ( 'NONE',  ( -37.00649020369969833, 10.14702301980153365, 38.10000000000000142 ) ) ;
#1936 = FILL_AREA_STYLE ('',( #4718 ) ) ;
#1937 = LINE ( 'NONE', #1880, #2857 ) ;
#1938 = FILL_AREA_STYLE_COLOUR ( '', #4852 ) ;
#1939 = ORIENTED_EDGE ( 'NONE', *, *, #1987, .T. ) ;
#1940 = CARTESIAN_POINT ( 'NONE',  ( -38.56688708918884601, 24.09962865071497617, 38.10000000000000142 ) ) ;
#1941 = CARTESIAN_POINT ( 'NONE',  ( -53.59067150965667992, -0.1213958896601058379, 33.09999999999999432 ) ) ;
#1942 = DIRECTION ( 'NONE',  ( 0.000000000000000000, 0.000000000000000000, 1.000000000000000000 ) ) ;
#1943 = CARTESIAN_POINT ( 'NONE',  ( -33.49987622420212574, 26.16205707020611371, 38.10000000000000142 ) ) ;
#1944 = ORIENTED_EDGE ( 'NONE', *, *, #3650, .T. ) ;
#1945 = DIRECTION ( 'NONE',  ( -0.000000000000000000, -0.000000000000000000, -1.000000000000000000 ) ) ;
#1946 = CARTESIAN_POINT ( 'NONE',  ( -38.56688708918884601, 0.3416086120920855396, 38.10000000000000142 ) ) ;
#1947 = ORIENTED_EDGE ( 'NONE', *, *, #3590, .T. ) ;
#1948 = FILL_AREA_STYLE_COLOUR ( '', #1650 ) ;
#1949 =( LENGTH_UNIT ( ) NAMED_UNIT ( * ) SI_UNIT ( .MILLI., .METRE. ) );
#1950 = EDGE_CURVE ( 'NONE', #3583, #4979, #4871, .T. ) ;
#1951 = CARTESIAN_POINT ( 'NONE',  ( -37.00649020369969833, 10.14702301980153365, 38.10000000000000142 ) ) ;
#1952 = STYLED_ITEM ( 'NONE', ( #4224 ), #1829 ) ;
#1953 = EDGE_LOOP ( 'NONE', ( #2452, #614, #3937, #799 ) ) ;
#1954 = DIRECTION ( 'NONE',  ( -0.000000000000000000, -0.000000000000000000, -1.000000000000000000 ) ) ;
#1955 = DIRECTION ( 'NONE',  ( -1.000000000000000000, 0.000000000000000000, 0.000000000000000000 ) ) ;
#1956 = CARTESIAN_POINT ( 'NONE',  ( -62.49797514808126664, 12.79816424490507210, 38.10000000000000142 ) ) ;
#1957 = CARTESIAN_POINT ( 'NONE',  ( -62.58146679511121846, 7.895427536684825220, 38.10000000000000142 ) ) ;
#1958 = DIRECTION ( 'NONE',  ( 0.3579966143086414920, -0.9337228840204944147, 0.000000000000000000 ) ) ;
#1959 = DIRECTION ( 'NONE',  ( -0.6901459099388759233, -0.7236702446519691634, 0.000000000000000000 ) ) ;
#1960 = PRESENTATION_STYLE_ASSIGNMENT (( #782 ) ) ;
#1961 = SURFACE_STYLE_FILL_AREA ( #4383 ) ;
#1962 = VECTOR ( 'NONE', #676, 1000.000000000000000 ) ;
#1963 = VECTOR ( 'NONE', #1903, 1000.000000000000114 ) ;
#1964 = CARTESIAN_POINT ( 'NONE',  ( -61.13601946782520002, 16.95287807963776316, 38.10000000000000142 ) ) ;
#1965 = LINE ( 'NONE', #3032, #3364 ) ;
#1966 = DIRECTION ( 'NONE',  ( 0.000000000000000000, 0.000000000000000000, 1.000000000000000000 ) ) ;
#1967 = CARTESIAN_POINT ( 'NONE',  ( -68.85021745838166396, 25.53717709576632444, 38.10000000000000142 ) ) ;
#1968 = ORIENTED_EDGE ( 'NONE', *, *, #4654, .T. ) ;
#1970 =( NAMED_UNIT ( * ) PLANE_ANGLE_UNIT ( ) SI_UNIT ( $, .RADIAN. ) );
#1969 = STYLED_ITEM ( 'NONE', ( #2912 ), #2719 ) ;
#1971 =( NAMED_UNIT ( * ) SI_UNIT ( $, .STERADIAN. ) SOLID_ANGLE_UNIT ( ) );
#1972 = EDGE_LOOP ( 'NONE', ( #5002, #1056, #901, #3594 ) ) ;
#1973 = CARTESIAN_POINT ( 'NONE',  ( -42.49067150965667850, 16.08376167166643356, 38.10000000000000142 ) ) ;
#1974 = PLANE ( 'NONE',  #3876 ) ;
#1975 = EDGE_LOOP ( 'NONE', ( #2085, #2905, #3093, #1016, #4449, #2790, #4798, #2477 ) ) ;
#1976 = AXIS2_PLACEMENT_3D ( 'NONE', #3087, #732, #2271 ) ;
#1977 = FILL_AREA_STYLE ('',( #5122 ) ) ;
#1978 = FILL_AREA_STYLE_COLOUR ( '', #4628 ) ;
#1979 = LINE ( 'NONE', #2454, #2646 ) ;
#1980 = EDGE_CURVE ( 'NONE', #5068, #1255, #4416, .T. ) ;
#1981 = LINE ( 'NONE', #2955, #211 ) ;
#1982 = AXIS2_PLACEMENT_3D ( 'NONE', #4973, #4222, #1072 ) ;
#1983 = CARTESIAN_POINT ( 'NONE',  ( -62.92826796480854767, 12.54351135983814203, 38.10000000000000142 ) ) ;
#1984 = CIRCLE ( 'NONE', #667, 0.5625665551298592026 ) ;
#1985 = LINE ( 'NONE', #1289, #3836 ) ;
#1986 = EDGE_CURVE ( 'NONE', #594, #4446, #4139, .T. ) ;
#1987 = EDGE_CURVE ( 'NONE', #3090, #2845, #292, .T. ) ;
#1988 = CARTESIAN_POINT ( 'NONE',  ( -58.35634206377349642, 9.543591494498629757, 38.10000000000000142 ) ) ;
#1989 = AXIS2_PLACEMENT_3D ( 'NONE', #2460, #1701, #3557 ) ;
#1990 = MECHANICAL_DESIGN_GEOMETRIC_PRESENTATION_REPRESENTATION (  '', ( #4200 ), #4862 ) ;
#1991 =( NAMED_UNIT ( * ) SI_UNIT ( $, .STERADIAN. ) SOLID_ANGLE_UNIT ( ) );
#1992 = PRESENTATION_LAYER_ASSIGNMENT (  '', '', ( #5115 ) ) ;
#1993 = ORIENTED_EDGE ( 'NONE', *, *, #532, .T. ) ;
#1994 = UNCERTAINTY_MEASURE_WITH_UNIT (LENGTH_MEASURE( 1.000000000000000082E-05 ), #835, 'distance_accuracy_value', 'NONE');
#1995 = PRESENTATION_STYLE_ASSIGNMENT (( #2402 ) ) ;
#1996 =( GEOMETRIC_REPRESENTATION_CONTEXT ( 3 ) GLOBAL_UNCERTAINTY_ASSIGNED_CONTEXT ( ( #3766 ) ) GLOBAL_UNIT_ASSIGNED_CONTEXT ( ( #1949, #3834, #693 ) ) REPRESENTATION_CONTEXT ( 'NONE', 'WORKASPACE' ) );
#1997 = FACE_OUTER_BOUND ( 'NONE', #5083, .T. ) ;
#1998 =( GEOMETRIC_REPRESENTATION_CONTEXT ( 3 ) GLOBAL_UNCERTAINTY_ASSIGNED_CONTEXT ( ( #1727 ) ) GLOBAL_UNIT_ASSIGNED_CONTEXT ( ( #5082, #1187, #4283 ) ) REPRESENTATION_CONTEXT ( 'NONE', 'WORKASPACE' ) );
#1999 = CARTESIAN_POINT ( 'NONE',  ( -34.70865054970229124, 7.013538459968202687, 38.10000000000000142 ) ) ;
#2000 = COLOUR_RGB ( '',0.2980392156862745057, 0.2980392156862745057, 0.2980392156862745057 ) ;
#2001 = ORIENTED_EDGE ( 'NONE', *, *, #1149, .F. ) ;
#2002 = VERTEX_POINT ( 'NONE', #1753 ) ;
#2003 =( LENGTH_UNIT ( ) NAMED_UNIT ( * ) SI_UNIT ( .MILLI., .METRE. ) );
#2004 = SURFACE_STYLE_FILL_AREA ( #2449 ) ;
#2005 = VERTEX_POINT ( 'NONE', #957 ) ;
#2006 =( NAMED_UNIT ( * ) PLANE_ANGLE_UNIT ( ) SI_UNIT ( $, .RADIAN. ) );
#2007 = VECTOR ( 'NONE', #4518, 1000.000000000000114 ) ;
#2008 = CARTESIAN_POINT ( 'NONE',  ( -68.85021745838166396, 0.9369527871842110445, 38.10000000000000142 ) ) ;
#2009 = VERTEX_POINT ( 'NONE', #1347 ) ;
#2010 = CARTESIAN_POINT ( 'NONE',  ( -32.76905998607504245, 33.53262314752554829, 38.10000000000000142 ) ) ;
#2011 =( GEOMETRIC_REPRESENTATION_CONTEXT ( 3 ) GLOBAL_UNCERTAINTY_ASSIGNED_CONTEXT ( ( #3624 ) ) GLOBAL_UNIT_ASSIGNED_CONTEXT ( ( #5094, #2718, #5120 ) ) REPRESENTATION_CONTEXT ( 'NONE', 'WORKASPACE' ) );
#2012 = CARTESIAN_POINT ( 'NONE',  ( -32.29110189870194603, 0.7081143066386963447, 0.000000000000000000 ) ) ;
#2013 =( NAMED_UNIT ( * ) SI_UNIT ( $, .STERADIAN. ) SOLID_ANGLE_UNIT ( ) );
#2014 = EDGE_CURVE ( 'NONE', #3811, #4730, #3823, .T. ) ;
#2015 = FILL_AREA_STYLE ('',( #487 ) ) ;
#2016 = EDGE_CURVE ( 'NONE', #4511, #162, #4893, .T. ) ;
#2017 = DIRECTION ( 'NONE',  ( 0.000000000000000000, 0.000000000000000000, 1.000000000000000000 ) ) ;
#2018 = DIRECTION ( 'NONE',  ( -0.8200551619327371977, 0.5722844846642903827, 0.000000000000000000 ) ) ;
#2019 = SURFACE_STYLE_FILL_AREA ( #2039 ) ;
#2020 = EDGE_CURVE ( 'NONE', #3202, #533, #3799, .T. ) ;
#2021 = ORIENTED_EDGE ( 'NONE', *, *, #2294, .T. ) ;
#2022 = DIRECTION ( 'NONE',  ( -1.000000000000000000, 0.000000000000000000, 0.000000000000000000 ) ) ;
#2023 = DIRECTION ( 'NONE',  ( -1.000000000000000000, 0.000000000000000000, 0.000000000000000000 ) ) ;
#2024 = CARTESIAN_POINT ( 'NONE',  ( -62.83432494586520534, 33.71587599479886421, 38.10000000000000142 ) ) ;
#2025 = ORIENTED_EDGE ( 'NONE', *, *, #225, .F. ) ;
#2026 = CARTESIAN_POINT ( 'NONE',  ( -33.49987622420212574, 7.895427536684825220, 38.10000000000000142 ) ) ;
#2027 = CARTESIAN_POINT ( 'NONE',  ( -68.31633700196221071, 26.43928713990734281, 38.10000000000000142 ) ) ;
#2028 = VERTEX_POINT ( 'NONE', #675 ) ;
#2029 = PRESENTATION_LAYER_ASSIGNMENT (  '', '', ( #953 ) ) ;
#2030 = DIRECTION ( 'NONE',  ( 1.000000000000000000, 0.000000000000000000, 0.000000000000000000 ) ) ;
#2031 = ORIENTED_EDGE ( 'NONE', *, *, #1028, .T. ) ;
#2032 = DIRECTION ( 'NONE',  ( -0.000000000000000000, -0.000000000000000000, -1.000000000000000000 ) ) ;
#2033 =( LENGTH_UNIT ( ) NAMED_UNIT ( * ) SI_UNIT ( .MILLI., .METRE. ) );
#2034 = VERTEX_POINT ( 'NONE', #4499 ) ;
#2035 = CYLINDRICAL_SURFACE ( 'NONE', #3471, 0.5000000000000004441 ) ;
#2036 = FILL_AREA_STYLE ('',( #3577 ) ) ;
#2037 = AXIS2_PLACEMENT_3D ( 'NONE', #1320, #426, #3682 ) ;
#2038 =( NAMED_UNIT ( * ) SI_UNIT ( $, .STERADIAN. ) SOLID_ANGLE_UNIT ( ) );
#2039 = FILL_AREA_STYLE ('',( #4819 ) ) ;
#2040 = VERTEX_POINT ( 'NONE', #4554 ) ;
#2041 = EDGE_LOOP ( 'NONE', ( #1190, #3878, #833, #528 ) ) ;
#2042 =( NAMED_UNIT ( * ) SI_UNIT ( $, .STERADIAN. ) SOLID_ANGLE_UNIT ( ) );
#2043 = SURFACE_STYLE_FILL_AREA ( #3588 ) ;
#2044 = EDGE_CURVE ( 'NONE', #1217, #2338, #1040, .T. ) ;
#2045 = SURFACE_SIDE_STYLE ('',( #1664 ) ) ;
#2046 = COLOUR_RGB ( '',0.2980392156862745057, 0.2980392156862745057, 0.2980392156862745057 ) ;
#2047 = AXIS2_PLACEMENT_3D ( 'NONE', #188, #3703, #4140 ) ;
#2048 = ORIENTED_EDGE ( 'NONE', *, *, #2763, .F. ) ;
#2049 = VECTOR ( 'NONE', #51, 1000.000000000000000 ) ;
#2050 = EDGE_CURVE ( 'NONE', #3740, #3050, #3092, .T. ) ;
#2051 = CARTESIAN_POINT ( 'NONE',  ( -63.31228303323829465, 0.5248614593653875282, 38.10000000000000142 ) ) ;
#2052 = ORIENTED_EDGE ( 'NONE', *, *, #4206, .T. ) ;
#2053 = VECTOR ( 'NONE', #4122, 1000.000000000000114 ) ;
#2054 = ORIENTED_EDGE ( 'NONE', *, *, #3727, .T. ) ;
#2055 = CARTESIAN_POINT ( 'NONE',  ( -68.85021745838166396, 8.520307511124615374, 38.10000000000000142 ) ) ;
#2056 = PLANE ( 'NONE',  #1400 ) ;
#2057 = CARTESIAN_POINT ( 'NONE',  ( -33.87265359748052873, 11.32762300250749909, 38.10000000000000142 ) ) ;
#2058 = CIRCLE ( 'NONE', #1166, 1.484807796299142391 ) ;
#2059 = AXIS2_PLACEMENT_3D ( 'NONE', #3781, #3010, #2631 ) ;
#2060 = ORIENTED_EDGE ( 'NONE', *, *, #1439, .F. ) ;
#2061 =( NAMED_UNIT ( * ) SI_UNIT ( $, .STERADIAN. ) SOLID_ANGLE_UNIT ( ) );
#2062 = STYLED_ITEM ( 'NONE', ( #5040 ), #1698 ) ;
#2063 = CARTESIAN_POINT ( 'NONE',  ( -33.87265359748052873, 11.32762300250749909, 38.10000000000000142 ) ) ;
#2064 = VECTOR ( 'NONE', #4404, 1000.000000000000000 ) ;
#2065 = CARTESIAN_POINT ( 'NONE',  ( -34.72973881428544729, 26.85998107977238192, 38.10000000000000142 ) ) ;
#2066 = AXIS2_PLACEMENT_3D ( 'NONE', #2787, #1207, #2351 ) ;
#2067 = DIRECTION ( 'NONE',  ( 1.000000000000000000, 0.000000000000000000, 0.000000000000000000 ) ) ;
#2068 = ORIENTED_EDGE ( 'NONE', *, *, #652, .T. ) ;
#2069 = PRESENTATION_LAYER_ASSIGNMENT (  '', '', ( #2212 ) ) ;
#2070 = STYLED_ITEM ( 'NONE', ( #1861 ), #4572 ) ;
#2071 = CARTESIAN_POINT ( 'NONE',  ( -39.49289609269322909, 0.3416086120920855951, 0.000000000000000000 ) ) ;
#2072 = ORIENTED_EDGE ( 'NONE', *, *, #4873, .T. ) ;
#2073 = AXIS2_PLACEMENT_3D ( 'NONE', #5092, #1560, #4982 ) ;
#2074 = ORIENTED_EDGE ( 'NONE', *, *, #333, .T. ) ;
#2075 = CARTESIAN_POINT ( 'NONE',  ( -32.79123993217881150, 12.88858431480758426, 38.10000000000000142 ) ) ;
#2076 = ADVANCED_FACE ( 'NONE', ( #4971 ), #3000, .T. ) ;
#2077 = SURFACE_SIDE_STYLE ('',( #400 ) ) ;
#2078 = AXIS2_PLACEMENT_3D ( 'NONE', #3310, #176, #343 ) ;
#2079 = UNCERTAINTY_MEASURE_WITH_UNIT (LENGTH_MEASURE( 1.000000000000000082E-05 ), #2141, 'distance_accuracy_value', 'NONE');
#2080 = EDGE_CURVE ( 'NONE', #3293, #3986, #381, .T. ) ;
#2081 = ORIENTED_EDGE ( 'NONE', *, *, #1079, .T. ) ;
#2082 = ADVANCED_FACE ( 'NONE', ( #2370 ), #781, .F. ) ;
#2083 = SURFACE_STYLE_FILL_AREA ( #4345 ) ;
#2084 = PRESENTATION_LAYER_ASSIGNMENT (  '', '', ( #4955 ) ) ;
#2085 = ORIENTED_EDGE ( 'NONE', *, *, #5099, .T. ) ;
#2086 = AXIS2_PLACEMENT_3D ( 'NONE', #3972, #1196, #2030 ) ;
#2087 = CARTESIAN_POINT ( 'NONE',  ( -57.51445593012449820, 9.957855956175963641, 0.000000000000000000 ) ) ;
#2088 = DIRECTION ( 'NONE',  ( -0.000000000000000000, -0.000000000000000000, -1.000000000000000000 ) ) ;
#2089 = ORIENTED_EDGE ( 'NONE', *, *, #1986, .F. ) ;
#2090 = SURFACE_STYLE_USAGE ( .BOTH. , #3585 ) ;
#2091 = CARTESIAN_POINT ( 'NONE',  ( -56.58844692662011511, 33.71587599479885711, 38.10000000000000142 ) ) ;
#2092 = FACE_OUTER_BOUND ( 'NONE', #3376, .T. ) ;
#2093 = ORIENTED_EDGE ( 'NONE', *, *, #2896, .T. ) ;
#2094 = UNCERTAINTY_MEASURE_WITH_UNIT (LENGTH_MEASURE( 1.000000000000000082E-05 ), #183, 'distance_accuracy_value', 'NONE');
#2095 = ORIENTED_EDGE ( 'NONE', *, *, #783, .T. ) ;
#2096 =( LENGTH_UNIT ( ) NAMED_UNIT ( * ) SI_UNIT ( .MILLI., .METRE. ) );
#2097 = ADVANCED_FACE ( 'NONE', ( #1124 ), #5103, .F. ) ;
#2098 = CARTESIAN_POINT ( 'NONE',  ( -62.58146679511121846, 26.16205707020611371, 0.000000000000000000 ) ) ;
#2099 = ORIENTED_EDGE ( 'NONE', *, *, #442, .T. ) ;
#2100 = AXIS2_PLACEMENT_3D ( 'NONE', #4159, #2178, #641 ) ;
#2101 = DIRECTION ( 'NONE',  ( 0.5093057701338493670, -0.8605856334545485264, 0.000000000000000000 ) ) ;
#2102 = CIRCLE ( 'NONE', #2760, 0.7412256314667936552 ) ;
#2103 = DIRECTION ( 'NONE',  ( -0.7236702446519679421, -0.6901459099388773666, 0.000000000000000000 ) ) ;
#2104 = EDGE_CURVE ( 'NONE', #2268, #857, #4162, .T. ) ;
#2105 = ORIENTED_EDGE ( 'NONE', *, *, #3847, .T. ) ;
#2106 = ORIENTED_EDGE ( 'NONE', *, *, #4072, .T. ) ;
#2107 = LINE ( 'NONE', #1034, #395 ) ;
#2108 = CYLINDRICAL_SURFACE ( 'NONE', #239, 0.4630045017521913775 ) ;
#2109 = SURFACE_SIDE_STYLE ('',( #127 ) ) ;
#2110 = EDGE_CURVE ( 'NONE', #3515, #4497, #328, .T. ) ;
#2111 = ORIENTED_EDGE ( 'NONE', *, *, #3707, .T. ) ;
#2112 = VECTOR ( 'NONE', #3902, 1000.000000000000227 ) ;
#2113 = CARTESIAN_POINT ( 'NONE',  ( -36.43013134778728102, 17.10460652725317487, 0.000000000000000000 ) ) ;
#2114 =( LENGTH_UNIT ( ) NAMED_UNIT ( * ) SI_UNIT ( .MILLI., .METRE. ) );
#2115 =( LENGTH_UNIT ( ) NAMED_UNIT ( * ) SI_UNIT ( .MILLI., .METRE. ) );
#2116 = PRESENTATION_STYLE_ASSIGNMENT (( #1755 ) ) ;
#2117 = CARTESIAN_POINT ( 'NONE',  ( -68.49526337095133499, 33.51949909523553828, 38.10000000000000142 ) ) ;
#2118 =( GEOMETRIC_REPRESENTATION_CONTEXT ( 3 ) GLOBAL_UNCERTAINTY_ASSIGNED_CONTEXT ( ( #3057 ) ) GLOBAL_UNIT_ASSIGNED_CONTEXT ( ( #4611, #3900, #3927 ) ) REPRESENTATION_CONTEXT ( 'NONE', 'WORKASPACE' ) );
#2119 = EDGE_LOOP ( 'NONE', ( #3647, #3803, #1640, #4058 ) ) ;
#2120 = VERTEX_POINT ( 'NONE', #413 ) ;
#2121 = DIRECTION ( 'NONE',  ( -1.000000000000000000, 0.000000000000000000, 0.000000000000000000 ) ) ;
#2122 = LINE ( 'NONE', #175, #2053 ) ;
#2123 = AXIS2_PLACEMENT_3D ( 'NONE', #1125, #1547, #4274 ) ;
#2124 = LINE ( 'NONE', #4883, #3720 ) ;
#2125 = ORIENTED_EDGE ( 'NONE', *, *, #3606, .T. ) ;
#2126 = VECTOR ( 'NONE', #3371, 1000.000000000000000 ) ;
#2127 = DIRECTION ( 'NONE',  ( -0.000000000000000000, -0.000000000000000000, -1.000000000000000000 ) ) ;
#2128 = ORIENTED_EDGE ( 'NONE', *, *, #4393, .F. ) ;
#2129 = AXIS2_PLACEMENT_3D ( 'NONE', #2666, #3469, #713 ) ;
#2130 = EDGE_CURVE ( 'NONE', #196, #2688, #78, .T. ) ;
#2131 = CARTESIAN_POINT ( 'NONE',  ( -62.92826796480854767, 21.51397324705279601, 0.000000000000000000 ) ) ;
#2132 = CARTESIAN_POINT ( 'NONE',  ( -27.23112556093168735, 25.53717709576632444, 38.10000000000000142 ) ) ;
#2133 = CARTESIAN_POINT ( 'NONE',  ( -34.09830509978775126, 15.72106524276585127, 0.000000000000000000 ) ) ;
#2134 = SURFACE_STYLE_FILL_AREA ( #2851 ) ;
#2135 = ORIENTED_EDGE ( 'NONE', *, *, #4992, .T. ) ;
#2136 = EDGE_CURVE ( 'NONE', #1710, #3183, #4220, .T. ) ;
#2137 = DIRECTION ( 'NONE',  ( 1.000000000000000000, 0.000000000000000000, 0.000000000000000000 ) ) ;
#2138 = ADVANCED_FACE ( 'NONE', ( #1603 ), #2035, .F. ) ;
#2139 =( NAMED_UNIT ( * ) SI_UNIT ( $, .STERADIAN. ) SOLID_ANGLE_UNIT ( ) );
#2140 = FILL_AREA_STYLE ('',( #3704 ) ) ;
#2141 =( LENGTH_UNIT ( ) NAMED_UNIT ( * ) SI_UNIT ( .MILLI., .METRE. ) );
#2142 =( GEOMETRIC_REPRESENTATION_CONTEXT ( 3 ) GLOBAL_UNCERTAINTY_ASSIGNED_CONTEXT ( ( #887 ) ) GLOBAL_UNIT_ASSIGNED_CONTEXT ( ( #854, #1271, #3929 ) ) REPRESENTATION_CONTEXT ( 'NONE', 'WORKASPACE' ) );
#2143 = ORIENTED_EDGE ( 'NONE', *, *, #1227, .T. ) ;
#2144 = ORIENTED_EDGE ( 'NONE', *, *, #562, .F. ) ;
#2145 = MECHANICAL_DESIGN_GEOMETRIC_PRESENTATION_REPRESENTATION (  '', ( #4367 ), #755 ) ;
#2146 = STYLED_ITEM ( 'NONE', ( #2923 ), #4245 ) ;
#2147 = CARTESIAN_POINT ( 'NONE',  ( -68.85021745838166396, 8.520307511124615374, 38.10000000000000142 ) ) ;
#2148 = MECHANICAL_DESIGN_GEOMETRIC_PRESENTATION_REPRESENTATION (  '', ( #3866 ), #4788 ) ;
#2149 = PRESENTATION_LAYER_ASSIGNMENT (  '', '', ( #2316 ) ) ;
#2150 = CARTESIAN_POINT ( 'NONE',  ( -59.07485281561364587, 10.14702301980153365, 38.10000000000000142 ) ) ;
#2151 = VERTEX_POINT ( 'NONE', #1653 ) ;
#2152 = AXIS2_PLACEMENT_3D ( 'NONE', #2800, #4736, #3921 ) ;
#2153 = CIRCLE ( 'NONE', #4949, 0.8129607037970152383 ) ;
#2154 =( NAMED_UNIT ( * ) SI_UNIT ( $, .STERADIAN. ) SOLID_ANGLE_UNIT ( ) );
#2155 = DIRECTION ( 'NONE',  ( 0.000000000000000000, 0.000000000000000000, 1.000000000000000000 ) ) ;
#2156 = DIRECTION ( 'NONE',  ( -0.000000000000000000, 1.000000000000000000, -0.000000000000000000 ) ) ;
#2157 = CARTESIAN_POINT ( 'NONE',  ( -27.76500601735112284, 7.618197466983599675, 0.000000000000000000 ) ) ;
#2158 = CARTESIAN_POINT ( 'NONE',  ( -63.31228303323829465, 0.5248614593653875282, 0.000000000000000000 ) ) ;
#2159 = AXIS2_PLACEMENT_3D ( 'NONE', #2292, #3084, #4304 ) ;
#2160 = EDGE_LOOP ( 'NONE', ( #2585, #4016, #3918, #1215 ) ) ;
#2161 = EDGE_CURVE ( 'NONE', #350, #3986, #3131, .T. ) ;
#2162 = DIRECTION ( 'NONE',  ( -0.000000000000000000, -0.000000000000000000, -1.000000000000000000 ) ) ;
#2163 = DIRECTION ( 'NONE',  ( 1.000000000000000000, 0.000000000000000000, 0.000000000000000000 ) ) ;
#2164 = CIRCLE ( 'NONE', #4882, 1.484807796299135507 ) ;
#2165 = CARTESIAN_POINT ( 'NONE',  ( -34.28268117844689300, 11.04148076017535018, 38.10000000000000142 ) ) ;
#2166 = EDGE_CURVE ( 'NONE', #368, #2312, #2810, .T. ) ;
#2167 = ORIENTED_EDGE ( 'NONE', *, *, #4429, .T. ) ;
#2168 = ORIENTED_EDGE ( 'NONE', *, *, #2257, .T. ) ;
#2169 = CYLINDRICAL_SURFACE ( 'NONE', #961, 0.4622135902277516029 ) ;
#2170 = PRESENTATION_STYLE_ASSIGNMENT (( #2577 ) ) ;
#2171 = DIRECTION ( 'NONE',  ( 1.000000000000000000, 0.000000000000000000, -0.000000000000000000 ) ) ;
#2172 = FILL_AREA_STYLE_COLOUR ( '', #3241 ) ;
#2173 = ORIENTED_EDGE ( 'NONE', *, *, #518, .F. ) ;
#2174 = SURFACE_SIDE_STYLE ('',( #4570 ) ) ;
#2175 = MECHANICAL_DESIGN_GEOMETRIC_PRESENTATION_REPRESENTATION (  '', ( #2587 ), #3668 ) ;
#2176 = CYLINDRICAL_SURFACE ( 'NONE', #972, 0.5000000000000004441 ) ;
#2177 = CARTESIAN_POINT ( 'NONE',  ( -34.94532355148813707, 16.95287807963776316, 0.000000000000000000 ) ) ;
#2178 = DIRECTION ( 'NONE',  ( 1.000000000000000000, 0.000000000000000000, -0.000000000000000000 ) ) ;
#2179 = SURFACE_STYLE_FILL_AREA ( #3817 ) ;
#2180 = UNCERTAINTY_MEASURE_WITH_UNIT (LENGTH_MEASURE( 1.000000000000000082E-05 ), #4078, 'distance_accuracy_value', 'NONE');
#2181 = EDGE_LOOP ( 'NONE', ( #2173, #950, #717, #2789 ) ) ;
#2182 = DIRECTION ( 'NONE',  ( -1.000000000000000000, 0.000000000000000000, 0.000000000000000000 ) ) ;
#2183 = LINE ( 'NONE', #212, #3188 ) ;
#2184 = FILL_AREA_STYLE_COLOUR ( '', #2219 ) ;
#2185 = PRESENTATION_LAYER_ASSIGNMENT (  '', '', ( #4414 ) ) ;
#2186 = DIRECTION ( 'NONE',  ( -0.000000000000000000, -0.000000000000000000, -1.000000000000000000 ) ) ;
#2187 = ORIENTED_EDGE ( 'NONE', *, *, #1288, .F. ) ;
#2188 = VECTOR ( 'NONE', #2246, 1000.000000000000000 ) ;
#2189 = UNCERTAINTY_MEASURE_WITH_UNIT (LENGTH_MEASURE( 1.000000000000000082E-05 ), #437, 'distance_accuracy_value', 'NONE');
#2190 = EDGE_LOOP ( 'NONE', ( #398, #2144, #1593, #3997 ) ) ;
#2191 =( NAMED_UNIT ( * ) PLANE_ANGLE_UNIT ( ) SI_UNIT ( $, .RADIAN. ) );
#2192 = EDGE_CURVE ( 'NONE', #3753, #1480, #2723, .T. ) ;
#2193 = DIRECTION ( 'NONE',  ( 0.000000000000000000, -0.000000000000000000, -1.000000000000000000 ) ) ;
#2194 = FILL_AREA_STYLE_COLOUR ( '', #767 ) ;
#2195 = AXIS2_PLACEMENT_3D ( 'NONE', #1397, #1371, #210 ) ;
#2196 = VERTEX_POINT ( 'NONE', #515 ) ;
#2197 = LINE ( 'NONE', #1052, #3860 ) ;
#2198 = EDGE_CURVE ( 'NONE', #1679, #3158, #1099, .T. ) ;
#2199 = FACE_OUTER_BOUND ( 'NONE', #4732, .T. ) ;
#2200 = PRESENTATION_STYLE_ASSIGNMENT (( #2583 ) ) ;
#2201 = ORIENTED_EDGE ( 'NONE', *, *, #3508, .F. ) ;
#2202 =( NAMED_UNIT ( * ) PLANE_ANGLE_UNIT ( ) SI_UNIT ( $, .RADIAN. ) );
#2203 = DIRECTION ( 'NONE',  ( 0.000000000000000000, 0.000000000000000000, -1.000000000000000000 ) ) ;
#2204 = SURFACE_STYLE_FILL_AREA ( #4472 ) ;
#2205 = COLOUR_RGB ( '',0.2980392156862745057, 0.2980392156862745057, 0.2980392156862745057 ) ;
#2206 = CARTESIAN_POINT ( 'NONE',  ( -62.92826796480854767, 12.54351135983814203, 0.000000000000000000 ) ) ;
#2207 =( GEOMETRIC_REPRESENTATION_CONTEXT ( 3 ) GLOBAL_UNCERTAINTY_ASSIGNED_CONTEXT ( ( #3416 ) ) GLOBAL_UNIT_ASSIGNED_CONTEXT ( ( #2966, #1030, #121 ) ) REPRESENTATION_CONTEXT ( 'NONE', 'WORKASPACE' ) );
#2208 = DIRECTION ( 'NONE',  ( -1.000000000000000000, 0.000000000000000000, 0.000000000000000000 ) ) ;
#2209 = FILL_AREA_STYLE ('',( #4085 ) ) ;
#2210 = FILL_AREA_STYLE_COLOUR ( '', #1305 ) ;
#2211 = CARTESIAN_POINT ( 'NONE',  ( -27.58607964836199855, 33.51949909523553828, 0.000000000000000000 ) ) ;
#2212 = STYLED_ITEM ( 'NONE', ( #2597 ), #3238 ) ;
#2213 =( LENGTH_UNIT ( ) NAMED_UNIT ( * ) SI_UNIT ( .MILLI., .METRE. ) );
#2214 = EDGE_LOOP ( 'NONE', ( #2492, #3889, #2135, #841 ) ) ;
#2215 = STYLED_ITEM ( 'NONE', ( #1995 ), #125 ) ;
#2216 = ORIENTED_EDGE ( 'NONE', *, *, #4460, .T. ) ;
#2217 =( LENGTH_UNIT ( ) NAMED_UNIT ( * ) SI_UNIT ( .MILLI., .METRE. ) );
#2218 = FACE_BOUND ( 'NONE', #4277, .T. ) ;
#2219 = COLOUR_RGB ( '',0.7921568627450980005, 0.8196078431372548767, 0.9333333333333333481 ) ;
#2220 = APPLICATION_PROTOCOL_DEFINITION ( 'draft international standard', 'automotive_design', 1998, #1059 ) ;
#2221 = AXIS2_PLACEMENT_3D ( 'NONE', #3116, #1587, #4461 ) ;
#2222 = PRESENTATION_LAYER_ASSIGNMENT (  '', '', ( #1574 ) ) ;
#2223 = ORIENTED_EDGE ( 'NONE', *, *, #1950, .F. ) ;
#2224 = EDGE_CURVE ( 'NONE', #1711, #82, #3980, .T. ) ;
#2225 = CARTESIAN_POINT ( 'NONE',  ( -60.96168636030116517, 17.55698531430387987, 0.000000000000000000 ) ) ;
#2226 = FACE_OUTER_BOUND ( 'NONE', #3667, .T. ) ;
#2227 = DIRECTION ( 'NONE',  ( -0.000000000000000000, -0.000000000000000000, -1.000000000000000000 ) ) ;
#2228 = AXIS2_PLACEMENT_3D ( 'NONE', #24, #3185, #4380 ) ;
#2229 = STYLED_ITEM ( 'NONE', ( #3390 ), #3333 ) ;
#2230 = EDGE_LOOP ( 'NONE', ( #1513, #109, #2060, #2167 ) ) ;
#2231 = EDGE_CURVE ( 'NONE', #3830, #1613, #2552, .T. ) ;
#2232 = EDGE_CURVE ( 'NONE', #3598, #1842, #3634, .T. ) ;
#2233 = CARTESIAN_POINT ( 'NONE',  ( -57.51445593012449820, 24.09962865071497617, 0.000000000000000000 ) ) ;
#2234 = STYLED_ITEM ( 'NONE', ( #1218 ), #2446 ) ;
#2235 = AXIS2_PLACEMENT_3D ( 'NONE', #1762, #2914, #605 ) ;
#2236 = LINE ( 'NONE', #1170, #3686 ) ;
#2237 = DIRECTION ( 'NONE',  ( -0.000000000000000000, -0.000000000000000000, -1.000000000000000000 ) ) ;
#2238 = SURFACE_SIDE_STYLE ('',( #2284 ) ) ;
#2239 = PRESENTATION_STYLE_ASSIGNMENT (( #3451 ) ) ;
#2240 = LINE ( 'NONE', #4324, #2049 ) ;
#2241 = CARTESIAN_POINT ( 'NONE',  ( -57.51445593012449820, 0.3416086120920855396, 0.000000000000000000 ) ) ;
#2242 = LINE ( 'NONE', #646, #2371 ) ;
#2243 = DIRECTION ( 'NONE',  ( -1.000000000000000000, 0.000000000000000000, 0.000000000000000000 ) ) ;
#2244 = AXIS2_PLACEMENT_3D ( 'NONE', #1913, #1499, #1127 ) ;
#2245 = ORIENTED_EDGE ( 'NONE', *, *, #1922, .F. ) ;
#2246 = DIRECTION ( 'NONE',  ( 0.000000000000000000, 0.000000000000000000, -1.000000000000000000 ) ) ;
#2247 = ORIENTED_EDGE ( 'NONE', *, *, #5105, .F. ) ;
#2248 =( GEOMETRIC_REPRESENTATION_CONTEXT ( 3 ) GLOBAL_UNCERTAINTY_ASSIGNED_CONTEXT ( ( #1672 ) ) GLOBAL_UNIT_ASSIGNED_CONTEXT ( ( #996, #4807, #508 ) ) REPRESENTATION_CONTEXT ( 'NONE', 'WORKASPACE' ) );
#2249 =( LENGTH_UNIT ( ) NAMED_UNIT ( * ) SI_UNIT ( .MILLI., .METRE. ) );
#2250 = DIRECTION ( 'NONE',  ( -0.000000000000000000, 0.000000000000000000, -1.000000000000000000 ) ) ;
#2251 = VERTEX_POINT ( 'NONE', #4351 ) ;
#2252 = LINE ( 'NONE', #4675, #5029 ) ;
#2253 = FILL_AREA_STYLE ('',( #258 ) ) ;
#2254 = PLANE ( 'NONE',  #460 ) ;
#2255 = DIRECTION ( 'NONE',  ( -0.000000000000000000, -0.000000000000000000, -1.000000000000000000 ) ) ;
#2256 = EDGE_CURVE ( 'NONE', #3932, #2282, #3220, .T. ) ;
#2257 = EDGE_CURVE ( 'NONE', #4168, #2772, #1290, .T. ) ;
#2258 = ORIENTED_EDGE ( 'NONE', *, *, #1784, .F. ) ;
#2259 = DIRECTION ( 'NONE',  ( -1.000000000000000000, 0.000000000000000000, 0.000000000000000000 ) ) ;
#2260 = DIRECTION ( 'NONE',  ( -0.000000000000000000, 1.000000000000000000, -0.000000000000000000 ) ) ;
#2261 = EDGE_CURVE ( 'NONE', #913, #1842, #831, .T. ) ;
#2262 = DIRECTION ( 'NONE',  ( -1.000000000000000000, 0.000000000000000000, 0.000000000000000000 ) ) ;
#2263 = LINE ( 'NONE', #5104, #124 ) ;
#2264 = EDGE_CURVE ( 'NONE', #4680, #3838, #3377, .T. ) ;
#2265 =( GEOMETRIC_REPRESENTATION_CONTEXT ( 3 ) GLOBAL_UNCERTAINTY_ASSIGNED_CONTEXT ( ( #1017 ) ) GLOBAL_UNIT_ASSIGNED_CONTEXT ( ( #2249, #4899, #174 ) ) REPRESENTATION_CONTEXT ( 'NONE', 'WORKASPACE' ) );
#2266 = DIRECTION ( 'NONE',  ( 0.000000000000000000, 0.000000000000000000, 1.000000000000000000 ) ) ;
#2267 = CARTESIAN_POINT ( 'NONE',  ( -48.04067150965667565, 17.97372293522450803, 19.80000000000000071 ) ) ;
#2268 = VERTEX_POINT ( 'NONE', #2488 ) ;
#2269 = CARTESIAN_POINT ( 'NONE',  ( -53.59067150965667992, 17.97372293522450803, 33.09999999999999432 ) ) ;
#2270 = AXIS2_PLACEMENT_3D ( 'NONE', #1078, #279, #575 ) ;
#2271 = DIRECTION ( 'NONE',  ( -1.000000000000000000, 0.000000000000000000, 0.000000000000000000 ) ) ;
#2272 = DIRECTION ( 'NONE',  ( -0.000000000000000000, -0.000000000000000000, -1.000000000000000000 ) ) ;
#2273 = DIRECTION ( 'NONE',  ( -0.000000000000000000, -0.000000000000000000, -1.000000000000000000 ) ) ;
#2274 = ORIENTED_EDGE ( 'NONE', *, *, #1227, .F. ) ;
#2275 = DIRECTION ( 'NONE',  ( -0.000000000000000000, -0.000000000000000000, -1.000000000000000000 ) ) ;
#2276 = VERTEX_POINT ( 'NONE', #4055 ) ;
#2277 = DIRECTION ( 'NONE',  ( -0.000000000000000000, -0.000000000000000000, -1.000000000000000000 ) ) ;
#2278 = PRESENTATION_LAYER_ASSIGNMENT (  '', '', ( #4827 ) ) ;
#2279 = FACE_OUTER_BOUND ( 'NONE', #4110, .T. ) ;
#2280 = LINE ( 'NONE', #2307, #3953 ) ;
#2281 = ORIENTED_EDGE ( 'NONE', *, *, #1386, .T. ) ;
#2282 = VERTEX_POINT ( 'NONE', #2394 ) ;
#2283 = DIRECTION ( 'NONE',  ( -0.3579966143086401598, 0.9337228840204949698, 0.000000000000000000 ) ) ;
#2284 = SURFACE_STYLE_FILL_AREA ( #722 ) ;
#2285 = PRESENTATION_STYLE_ASSIGNMENT (( #2675 ) ) ;
#2286 = VECTOR ( 'NONE', #23, 1000.000000000000000 ) ;
#2287 = PRESENTATION_STYLE_ASSIGNMENT (( #3422 ) ) ;
#2288 = CARTESIAN_POINT ( 'NONE',  ( -63.31228303323829465, 33.53262314752554829, 38.10000000000000142 ) ) ;
#2289 = ADVANCED_FACE ( 'NONE', ( #4864 ), #234, .F. ) ;
#2290 = VECTOR ( 'NONE', #891, 1000.000000000000114 ) ;
#2291 = CARTESIAN_POINT ( 'NONE',  ( -32.76905998607504245, 33.53262314752554829, 0.000000000000000000 ) ) ;
#2292 = CARTESIAN_POINT ( 'NONE',  ( -63.31228303323829465, 33.53262314752554829, 38.10000000000000142 ) ) ;
#2293 = EDGE_LOOP ( 'NONE', ( #4618, #1286, #4256, #3144 ) ) ;
#2294 = EDGE_CURVE ( 'NONE', #857, #4395, #3047, .T. ) ;
#2295 = EDGE_CURVE ( 'NONE', #650, #2028, #1436, .T. ) ;
#2296 = CARTESIAN_POINT ( 'NONE',  ( -48.04067150965667565, -0.1213958896601058379, 18.00000000000000355 ) ) ;
#2297 = PRESENTATION_STYLE_ASSIGNMENT (( #3488 ) ) ;
#2298 = DIRECTION ( 'NONE',  ( -0.6901459099388773666, 0.7236702446519679421, 0.000000000000000000 ) ) ;
#2299 = AXIS2_PLACEMENT_3D ( 'NONE', #4607, #1848, #2694 ) ;
#2300 = COLOUR_RGB ( '',0.2980392156862745057, 0.2980392156862745057, 0.2980392156862745057 ) ;
#2301 = CIRCLE ( 'NONE', #1169, 0.5340105721110544046 ) ;
#2302 = ORIENTED_EDGE ( 'NONE', *, *, #788, .F. ) ;
#2303 = DIRECTION ( 'NONE',  ( 1.000000000000000000, 0.000000000000000000, 0.000000000000000000 ) ) ;
#2304 = PRESENTATION_STYLE_ASSIGNMENT (( #1087 ) ) ;
#2305 = ORIENTED_EDGE ( 'NONE', *, *, #3957, .F. ) ;
#2306 = SURFACE_STYLE_FILL_AREA ( #1844 ) ;
#2307 = CARTESIAN_POINT ( 'NONE',  ( -59.07485281561364587, 10.14702301980153365, 38.10000000000000142 ) ) ;
#2308 = ORIENTED_EDGE ( 'NONE', *, *, #1387, .T. ) ;
#2309 = VECTOR ( 'NONE', #3036, 1000.000000000000000 ) ;
#2310 = STYLED_ITEM ( 'NONE', ( #2285 ), #4340 ) ;
#2311 =( LENGTH_UNIT ( ) NAMED_UNIT ( * ) SI_UNIT ( .MILLI., .METRE. ) );
#2312 = VERTEX_POINT ( 'NONE', #1797 ) ;
#2313 = LINE ( 'NONE', #1460, #1465 ) ;
#2314 = VECTOR ( 'NONE', #4886, 1000.000000000000000 ) ;
#2315 = DIRECTION ( 'NONE',  ( 0.000000000000000000, 1.000000000000000000, 0.000000000000000000 ) ) ;
#2316 = STYLED_ITEM ( 'NONE', ( #226 ), #4492 ) ;
#2317 = STYLED_ITEM ( 'NONE', ( #906 ), #132 ) ;
#2318 = PRESENTATION_LAYER_ASSIGNMENT (  '', '', ( #4533 ) ) ;
#2319 = STYLED_ITEM ( 'NONE', ( #5052 ), #4722 ) ;
#2320 = AXIS2_PLACEMENT_3D ( 'NONE', #1941, #304, #786 ) ;
#2321 = EDGE_CURVE ( 'NONE', #4884, #476, #4116, .T. ) ;
#2322 = DIRECTION ( 'NONE',  ( 0.000000000000000000, 0.000000000000000000, 1.000000000000000000 ) ) ;
#2323 = ORIENTED_EDGE ( 'NONE', *, *, #2166, .T. ) ;
#2324 = DIRECTION ( 'NONE',  ( 0.3579966143086401598, -0.9337228840204949698, 0.000000000000000000 ) ) ;
#2325 = CARTESIAN_POINT ( 'NONE',  ( -68.49526337095133499, 33.51949909523553828, 38.10000000000000142 ) ) ;
#2326 = CIRCLE ( 'NONE', #2971, 0.9999999999999870104 ) ;
#2327 = CYLINDRICAL_SURFACE ( 'NONE', #1389, 0.4630045017521913775 ) ;
#2328 = EDGE_CURVE ( 'NONE', #3991, #3366, #3224, .T. ) ;
#2329 = CARTESIAN_POINT ( 'NONE',  ( -60.60209414900665337, 15.56738973761706646, 38.10000000000000142 ) ) ;
#2330 = ORIENTED_EDGE ( 'NONE', *, *, #4001, .T. ) ;
#2331 = VECTOR ( 'NONE', #4510, 1000.000000000000000 ) ;
#2332 = ORIENTED_EDGE ( 'NONE', *, *, #630, .F. ) ;
#2333 = EDGE_LOOP ( 'NONE', ( #50, #4481, #1616, #750 ) ) ;
#2334 = DIRECTION ( 'NONE',  ( -1.000000000000000000, 0.000000000000000000, 0.000000000000000000 ) ) ;
#2335 = ORIENTED_EDGE ( 'NONE', *, *, #4342, .F. ) ;
#2336 = VERTEX_POINT ( 'NONE', #612 ) ;
#2337 = CARTESIAN_POINT ( 'NONE',  ( -39.49289609269322909, 16.08376167166643356, 38.10000000000000142 ) ) ;
#2338 = VERTEX_POINT ( 'NONE', #4158 ) ;
#2339 = FILL_AREA_STYLE_COLOUR ( '', #4347 ) ;
#2340 = FACE_OUTER_BOUND ( 'NONE', #3609, .T. ) ;
#2341 = FACE_OUTER_BOUND ( 'NONE', #377, .T. ) ;
#2342 = LINE ( 'NONE', #3136, #507 ) ;
#2343 = DIRECTION ( 'NONE',  ( 1.000000000000000000, 0.000000000000000000, 0.000000000000000000 ) ) ;
#2344 =( NAMED_UNIT ( * ) PLANE_ANGLE_UNIT ( ) SI_UNIT ( $, .RADIAN. ) );
#2345 = CIRCLE ( 'NONE', #789, 0.9382895641747712734 ) ;
#2346 =( LENGTH_UNIT ( ) NAMED_UNIT ( * ) SI_UNIT ( .MILLI., .METRE. ) );
#2347 = SURFACE_STYLE_USAGE ( .BOTH. , #4876 ) ;
#2348 = AXIS2_PLACEMENT_3D ( 'NONE', #4483, #2748, #5096 ) ;
#2349 = CARTESIAN_POINT ( 'NONE',  ( -39.49289609269322909, 17.97372293522450803, 38.10000000000000142 ) ) ;
#2350 = DIRECTION ( 'NONE',  ( -1.000000000000000000, 0.000000000000000000, 0.000000000000000000 ) ) ;
#2351 = DIRECTION ( 'NONE',  ( -1.000000000000000000, 0.000000000000000000, 0.000000000000000000 ) ) ;
#2352 = VERTEX_POINT ( 'NONE', #3287 ) ;
#2353 = EDGE_CURVE ( 'NONE', #4093, #4552, #1062, .T. ) ;
#2354 = ORIENTED_EDGE ( 'NONE', *, *, #4728, .F. ) ;
#2355 =( NAMED_UNIT ( * ) SI_UNIT ( $, .STERADIAN. ) SOLID_ANGLE_UNIT ( ) );
#2356 = ORIENTED_EDGE ( 'NONE', *, *, #2699, .T. ) ;
#2357 = SURFACE_STYLE_USAGE ( .BOTH. , #4314 ) ;
#2358 =( NAMED_UNIT ( * ) PLANE_ANGLE_UNIT ( ) SI_UNIT ( $, .RADIAN. ) );
#2359 = FACE_OUTER_BOUND ( 'NONE', #4677, .T. ) ;
#2360 = EDGE_CURVE ( 'NONE', #4983, #4730, #2617, .T. ) ;
#2361 = CIRCLE ( 'NONE', #1781, 0.4630045017521913775 ) ;
#2362 = ORIENTED_EDGE ( 'NONE', *, *, #3108, .T. ) ;
#2363 = SURFACE_STYLE_USAGE ( .BOTH. , #1597 ) ;
#2364 = SURFACE_SIDE_STYLE ('',( #825 ) ) ;
#2365 = CARTESIAN_POINT ( 'NONE',  ( -27.76500601735110507, 34.02264186384773836, 0.000000000000000000 ) ) ;
#2366 = CARTESIAN_POINT ( 'NONE',  ( -57.51445593012449820, 33.71587599479885711, 38.10000000000000142 ) ) ;
#2367 = CARTESIAN_POINT ( 'NONE',  ( -39.49289609269322909, 16.08376167166643356, 38.10000000000000142 ) ) ;
#2368 = VECTOR ( 'NONE', #3320, 1000.000000000000000 ) ;
#2369 = CARTESIAN_POINT ( 'NONE',  ( -27.58607964836199855, 33.51949909523553828, 38.10000000000000142 ) ) ;
#2370 = FACE_OUTER_BOUND ( 'NONE', #1274, .T. ) ;
#2371 = VECTOR ( 'NONE', #3424, 1000.000000000000227 ) ;
#2372 = VECTOR ( 'NONE', #2671, 1000.000000000000000 ) ;
#2373 = ORIENTED_EDGE ( 'NONE', *, *, #4728, .T. ) ;
#2374 = COLOUR_RGB ( '',0.2980392156862745057, 0.2980392156862745057, 0.2980392156862745057 ) ;
#2375 = CARTESIAN_POINT ( 'NONE',  ( -56.58844692662011511, 17.97372293522450803, 0.000000000000000000 ) ) ;
#2376 = CYLINDRICAL_SURFACE ( 'NONE', #3137, 0.5000000000000004441 ) ;
#2377 = PRESENTATION_STYLE_ASSIGNMENT (( #3612 ) ) ;
#2378 =( NAMED_UNIT ( * ) SI_UNIT ( $, .STERADIAN. ) SOLID_ANGLE_UNIT ( ) );
#2379 = PRESENTATION_LAYER_ASSIGNMENT (  '', '', ( #822 ) ) ;
#2380 = ORIENTED_EDGE ( 'NONE', *, *, #1316, .F. ) ;
#2381 = STYLED_ITEM ( 'NONE', ( #219 ), #2833 ) ;
#2382 =( NAMED_UNIT ( * ) SI_UNIT ( $, .STERADIAN. ) SOLID_ANGLE_UNIT ( ) );
#2383 = ORIENTED_EDGE ( 'NONE', *, *, #1235, .F. ) ;
#2384 = EDGE_CURVE ( 'NONE', #3541, #171, #155, .T. ) ;
#2385 = PLANE ( 'NONE',  #3067 ) ;
#2386 = VERTEX_POINT ( 'NONE', #2157 ) ;
#2387 = FILL_AREA_STYLE_COLOUR ( '', #72 ) ;
#2388 = ADVANCED_FACE ( 'NONE', ( #1009 ), #2108, .T. ) ;
#2389 = STYLED_ITEM ( 'NONE', ( #2544 ), #3893 ) ;
#2390 = DIRECTION ( 'NONE',  ( -0.000000000000000000, -0.000000000000000000, -1.000000000000000000 ) ) ;
#2391 = STYLED_ITEM ( 'NONE', ( #1372 ), #3857 ) ;
#2392 = MECHANICAL_DESIGN_GEOMETRIC_PRESENTATION_REPRESENTATION (  '', ( #3464 ), #424 ) ;
#2393 = SURFACE_STYLE_USAGE ( .BOTH. , #1652 ) ;
#2394 = CARTESIAN_POINT ( 'NONE',  ( -34.30294641420780266, 22.47520871931651243, 0.000000000000000000 ) ) ;
#2395 = VECTOR ( 'NONE', #1466, 1000.000000000000000 ) ;
#2396 = SURFACE_STYLE_FILL_AREA ( #3607 ) ;
#2397 =( GEOMETRIC_REPRESENTATION_CONTEXT ( 3 ) GLOBAL_UNCERTAINTY_ASSIGNED_CONTEXT ( ( #2959 ) ) GLOBAL_UNIT_ASSIGNED_CONTEXT ( ( #4104, #3338, #3768 ) ) REPRESENTATION_CONTEXT ( 'NONE', 'WORKASPACE' ) );
#2398 = CIRCLE ( 'NONE', #3380, 0.8129607037970152383 ) ;
#2399 = LINE ( 'NONE', #2438, #602 ) ;
#2400 = AXIS2_PLACEMENT_3D ( 'NONE', #2775, #1283, #3975 ) ;
#2401 = ORIENTED_EDGE ( 'NONE', *, *, #1849, .F. ) ;
#2402 = SURFACE_STYLE_USAGE ( .BOTH. , #785 ) ;
#2403 = AXIS2_PLACEMENT_3D ( 'NONE', #3793, #2260, #3418 ) ;
#2404 = SURFACE_STYLE_USAGE ( .BOTH. , #1224 ) ;
#2405 = ORIENTED_EDGE ( 'NONE', *, *, #4050, .F. ) ;
#2406 = ORIENTED_EDGE ( 'NONE', *, *, #3795, .F. ) ;
#2407 = SURFACE_STYLE_FILL_AREA ( #3296 ) ;
#2408 = ORIENTED_EDGE ( 'NONE', *, *, #2417, .F. ) ;
#2409 = COLOUR_RGB ( '',0.2980392156862745057, 0.2980392156862745057, 0.2980392156862745057 ) ;
#2410 = FILL_AREA_STYLE ('',( #3626 ) ) ;
#2411 = ORIENTED_EDGE ( 'NONE', *, *, #1018, .T. ) ;
#2412 = LINE ( 'NONE', #20, #1044 ) ;
#2413 = AXIS2_PLACEMENT_3D ( 'NONE', #255, #3408, #3385 ) ;
#2414 = LINE ( 'NONE', #868, #3837 ) ;
#2415 =( LENGTH_UNIT ( ) NAMED_UNIT ( * ) SI_UNIT ( .MILLI., .METRE. ) );
#2416 = CARTESIAN_POINT ( 'NONE',  ( -32.29110189870194603, 0.7081143066386963447, 38.10000000000000142 ) ) ;
#2417 = EDGE_CURVE ( 'NONE', #3736, #17, #4941, .T. ) ;
#2418 = SURFACE_STYLE_FILL_AREA ( #2779 ) ;
#2419 = ADVANCED_FACE ( 'NONE', ( #721 ), #1461, .F. ) ;
#2420 = DIRECTION ( 'NONE',  ( 1.000000000000000000, 0.000000000000000000, 0.000000000000000000 ) ) ;
#2421 = ORIENTED_EDGE ( 'NONE', *, *, #1849, .T. ) ;
#2422 = CARTESIAN_POINT ( 'NONE',  ( -61.53149670510276792, 18.37876154355187452, 38.10000000000000142 ) ) ;
#2423 = PRESENTATION_STYLE_ASSIGNMENT (( #3645 ) ) ;
#2424 = ORIENTED_EDGE ( 'NONE', *, *, #2384, .T. ) ;
#2425 = FILL_AREA_STYLE_COLOUR ( '', #4924 ) ;
#2426 = DIRECTION ( 'NONE',  ( 0.5722844846642898275, 0.8200551619327373087, 0.000000000000000000 ) ) ;
#2427 = EDGE_LOOP ( 'NONE', ( #2764, #1537, #1759, #89, #4365, #4793, #2890, #4735 ) ) ;
#2428 = VERTEX_POINT ( 'NONE', #3130 ) ;
#2429 = DIRECTION ( 'NONE',  ( -0.000000000000000000, -0.000000000000000000, -1.000000000000000000 ) ) ;
#2430 = DIRECTION ( 'NONE',  ( -0.000000000000000000, -0.000000000000000000, -1.000000000000000000 ) ) ;
#2431 = DIRECTION ( 'NONE',  ( -1.000000000000000000, 0.000000000000000000, 0.000000000000000000 ) ) ;
#2432 = CARTESIAN_POINT ( 'NONE',  ( -32.29110189870193892, 33.34937030025223947, 38.10000000000000142 ) ) ;
#2433 = VECTOR ( 'NONE', #4845, 1000.000000000000114 ) ;
#2434 = CARTESIAN_POINT ( 'NONE',  ( -34.09830509978775126, 15.72106524276585127, 38.10000000000000142 ) ) ;
#2435 = DIRECTION ( 'NONE',  ( -0.000000000000000000, -0.000000000000000000, -1.000000000000000000 ) ) ;
#2436 = VECTOR ( 'NONE', #4945, 1000.000000000000114 ) ;
#2437 = SURFACE_STYLE_USAGE ( .BOTH. , #1314 ) ;
#2438 = CARTESIAN_POINT ( 'NONE',  ( -56.58844692662011511, 16.08376167166643356, 38.10000000000000142 ) ) ;
#2439 = EDGE_LOOP ( 'NONE', ( #878, #1168, #2593, #361 ) ) ;
#2440 = ADVANCED_FACE ( 'NONE', ( #2340 ), #1171, .F. ) ;
#2441 =( LENGTH_UNIT ( ) NAMED_UNIT ( * ) SI_UNIT ( .MILLI., .METRE. ) );
#2442 = PRESENTATION_STYLE_ASSIGNMENT (( #1631 ) ) ;
#2443 = CARTESIAN_POINT ( 'NONE',  ( -34.94532355148813707, 17.10460652725317487, 38.10000000000000142 ) ) ;
#2444 = CARTESIAN_POINT ( 'NONE',  ( -27.68495013829701179, 25.87763152950190104, 38.10000000000000142 ) ) ;
#2445 = EDGE_CURVE ( 'NONE', #4818, #594, #4709, .T. ) ;
#2446 = ADVANCED_FACE ( 'NONE', ( #5097 ), #666, .F. ) ;
#2447 = ORIENTED_EDGE ( 'NONE', *, *, #231, .T. ) ;
#2448 = VECTOR ( 'NONE', #1220, 1000.000000000000000 ) ;
#2449 = FILL_AREA_STYLE ('',( #5088 ) ) ;
#2450 = COLOUR_RGB ( '',0.2980392156862745057, 0.2980392156862745057, 0.2980392156862745057 ) ;
#2451 = CYLINDRICAL_SURFACE ( 'NONE', #1198, 0.5000000000000004441 ) ;
#2452 = ORIENTED_EDGE ( 'NONE', *, *, #526, .T. ) ;
#2453 = FILL_AREA_STYLE ('',( #1978 ) ) ;
#2454 = CARTESIAN_POINT ( 'NONE',  ( -32.79123993217881150, 21.16890029208335378, 0.000000000000000000 ) ) ;
#2455 = CARTESIAN_POINT ( 'NONE',  ( -37.00649020369969833, 23.91046158708940439, 0.000000000000000000 ) ) ;
#2456 = AXIS2_PLACEMENT_3D ( 'NONE', #2981, #2727, #3402 ) ;
#2457 = EDGE_LOOP ( 'NONE', ( #451, #2406, #3392, #1246 ) ) ;
#2458 = AXIS2_PLACEMENT_3D ( 'NONE', #3851, #4670, #1501 ) ;
#2459 =( LENGTH_UNIT ( ) NAMED_UNIT ( * ) SI_UNIT ( .MILLI., .METRE. ) );
#2460 = CARTESIAN_POINT ( 'NONE',  ( -32.76905998607504245, 0.5248614593653875282, 0.000000000000000000 ) ) ;
#2461 = CARTESIAN_POINT ( 'NONE',  ( -68.85021745838166396, 33.12053181970672711, 38.10000000000000142 ) ) ;
#2462 = COLOUR_RGB ( '',0.2980392156862745057, 0.2980392156862745057, 0.2980392156862745057 ) ;
#2463 = CARTESIAN_POINT ( 'NONE',  ( -61.79487079032240615, 15.29888692205449630, 38.10000000000000142 ) ) ;
#2464 = COLOUR_RGB ( '',0.2980392156862745057, 0.2980392156862745057, 0.2980392156862745057 ) ;
#2465 = LINE ( 'NONE', #3360, #3648 ) ;
#2466 = CIRCLE ( 'NONE', #756, 1.484807796299142391 ) ;
#2467 = VERTEX_POINT ( 'NONE', #1647 ) ;
#2468 = SURFACE_STYLE_USAGE ( .BOTH. , #1296 ) ;
#2469 = LINE ( 'NONE', #4088, #4005 ) ;
#2470 = AXIS2_PLACEMENT_3D ( 'NONE', #1242, #52, #4002 ) ;
#2471 = VECTOR ( 'NONE', #4398, 1000.000000000000000 ) ;
#2472 = AXIS2_PLACEMENT_3D ( 'NONE', #738, #1921, #1481 ) ;
#2473 = CARTESIAN_POINT ( 'NONE',  ( -48.04067150965667565, 17.97372293522450803, 14.50000000000000355 ) ) ;
#2474 = ORIENTED_EDGE ( 'NONE', *, *, #1020, .F. ) ;
#2475 = AXIS2_PLACEMENT_3D ( 'NONE', #1540, #1931, #4183 ) ;
#2476 =( GEOMETRIC_REPRESENTATION_CONTEXT ( 3 ) GLOBAL_UNCERTAINTY_ASSIGNED_CONTEXT ( ( #150 ) ) GLOBAL_UNIT_ASSIGNED_CONTEXT ( ( #3621, #71, #2820 ) ) REPRESENTATION_CONTEXT ( 'NONE', 'WORKASPACE' ) );
#2477 = ORIENTED_EDGE ( 'NONE', *, *, #1784, .T. ) ;
#2478 = ADVANCED_FACE ( 'NONE', ( #3629 ), #4397, .F. ) ;
#2479 = FACE_OUTER_BOUND ( 'NONE', #523, .T. ) ;
#2480 = ORIENTED_EDGE ( 'NONE', *, *, #1704, .F. ) ;
#2481 = DIRECTION ( 'NONE',  ( -0.000000000000000000, -0.000000000000000000, -1.000000000000000000 ) ) ;
#2482 = STYLED_ITEM ( 'NONE', ( #2812 ), #4816 ) ;
#2483 = VERTEX_POINT ( 'NONE', #847 ) ;
#2484 = VERTEX_POINT ( 'NONE', #3947 ) ;
#2485 =( GEOMETRIC_REPRESENTATION_CONTEXT ( 3 ) GLOBAL_UNCERTAINTY_ASSIGNED_CONTEXT ( ( #3204 ) ) GLOBAL_UNIT_ASSIGNED_CONTEXT ( ( #3179, #4317, #2796 ) ) REPRESENTATION_CONTEXT ( 'NONE', 'WORKASPACE' ) );
#2486 = UNCERTAINTY_MEASURE_WITH_UNIT (LENGTH_MEASURE( 1.000000000000000082E-05 ), #3602, 'distance_accuracy_value', 'NONE');
#2487 = CARTESIAN_POINT ( 'NONE',  ( -56.58844692662011511, 17.97372293522450803, 38.10000000000000142 ) ) ;
#2488 = CARTESIAN_POINT ( 'NONE',  ( -35.47924887030667662, 15.56738973761707712, 0.000000000000000000 ) ) ;
#2489 = CARTESIAN_POINT ( 'NONE',  ( -39.02989159094103400, 33.71587599479885711, 0.000000000000000000 ) ) ;
#2490 = LINE ( 'NONE', #564, #1736 ) ;
#2491 = ORIENTED_EDGE ( 'NONE', *, *, #1476, .T. ) ;
#2492 = ORIENTED_EDGE ( 'NONE', *, *, #1408, .F. ) ;
#2493 = CARTESIAN_POINT ( 'NONE',  ( -56.58844692662011511, 17.97372293522450803, 38.10000000000000142 ) ) ;
#2494 = CARTESIAN_POINT ( 'NONE',  ( -39.49289609269322909, 17.97372293522450803, 0.000000000000000000 ) ) ;
#2495 = CARTESIAN_POINT ( 'NONE',  ( -42.49067150965667850, 17.97372293522450803, 33.09999999999999432 ) ) ;
#2496 = CARTESIAN_POINT ( 'NONE',  ( -37.00649020369969833, 23.91046158708940439, 0.000000000000000000 ) ) ;
#2497 = ORIENTED_EDGE ( 'NONE', *, *, #3065, .T. ) ;
#2498 = ORIENTED_EDGE ( 'NONE', *, *, #1704, .T. ) ;
#2499 = SURFACE_STYLE_FILL_AREA ( #4508 ) ;
#2500 = EDGE_CURVE ( 'NONE', #1425, #3090, #3600, .T. ) ;
#2501 = ORIENTED_EDGE ( 'NONE', *, *, #8, .T. ) ;
#2502 = PRESENTATION_LAYER_ASSIGNMENT (  '', '', ( #2587 ) ) ;
#2503 = FACE_OUTER_BOUND ( 'NONE', #4808, .T. ) ;
#2504 = PRESENTATION_STYLE_ASSIGNMENT (( #1361 ) ) ;
#2505 = EDGE_CURVE ( 'NONE', #4967, #1644, #648, .T. ) ;
#2506 = EDGE_CURVE ( 'NONE', #4656, #2975, #2414, .T. ) ;
#2507 = FILL_AREA_STYLE_COLOUR ( '', #816 ) ;
#2508 = SURFACE_STYLE_USAGE ( .BOTH. , #4964 ) ;
#2509 = DIRECTION ( 'NONE',  ( -0.000000000000000000, 1.000000000000000000, -0.000000000000000000 ) ) ;
#2510 = ORIENTED_EDGE ( 'NONE', *, *, #4368, .T. ) ;
#2511 = PRESENTATION_LAYER_ASSIGNMENT (  '', '', ( #4988 ) ) ;
#2512 = CARTESIAN_POINT ( 'NONE',  ( -34.28647222899093805, 15.29888692205449630, 38.10000000000000142 ) ) ;
#2513 = CARTESIAN_POINT ( 'NONE',  ( -63.29010308713453270, 12.88858431480758426, 0.000000000000000000 ) ) ;
#2514 = SURFACE_STYLE_USAGE ( .BOTH. , #4086 ) ;
#2515 = LINE ( 'NONE', #568, #1468 ) ;
#2516 = CARTESIAN_POINT ( 'NONE',  ( -57.05145142837230310, 0.3416086120920855396, 0.000000000000000000 ) ) ;
#2517 = VERTEX_POINT ( 'NONE', #3653 ) ;
#2518 = EDGE_LOOP ( 'NONE', ( #2576, #2933, #3754, #2497 ) ) ;
#2519 = DIRECTION ( 'NONE',  ( 0.000000000000000000, 0.000000000000000000, 1.000000000000000000 ) ) ;
#2520 = PLANE ( 'NONE',  #220 ) ;
#2521 = AXIS2_PLACEMENT_3D ( 'NONE', #3689, #1566, #3210 ) ;
#2522 =( NAMED_UNIT ( * ) PLANE_ANGLE_UNIT ( ) SI_UNIT ( $, .RADIAN. ) );
#2523 = EDGE_CURVE ( 'NONE', #2823, #3515, #483, .T. ) ;
#2524 = STYLED_ITEM ( 'NONE', ( #3800 ), #1085 ) ;
#2525 = VECTOR ( 'NONE', #3165, 1000.000000000000000 ) ;
#2526 = DIRECTION ( 'NONE',  ( -0.000000000000000000, -0.000000000000000000, -1.000000000000000000 ) ) ;
#2527 = VERTEX_POINT ( 'NONE', #4025 ) ;
#2528 = STYLED_ITEM ( 'NONE', ( #779 ), #3201 ) ;
#2529 = SURFACE_STYLE_FILL_AREA ( #3672 ) ;
#2530 =( NAMED_UNIT ( * ) PLANE_ANGLE_UNIT ( ) SI_UNIT ( $, .RADIAN. ) );
#2531 = ADVANCED_FACE ( 'NONE', ( #510 ), #1694, .T. ) ;
#2532 = PRESENTATION_LAYER_ASSIGNMENT (  '', '', ( #3354 ) ) ;
#2533 = AXIS2_PLACEMENT_3D ( 'NONE', #1120, #1489, #3481 ) ;
#2534 = FILL_AREA_STYLE ('',( #3288 ) ) ;
#2535 = EDGE_CURVE ( 'NONE', #1116, #1710, #2618, .T. ) ;
#2536 = FILL_AREA_STYLE ('',( #107 ) ) ;
#2537 = UNCERTAINTY_MEASURE_WITH_UNIT (LENGTH_MEASURE( 1.000000000000000082E-05 ), #3014, 'distance_accuracy_value', 'NONE');
#2538 = ORIENTED_EDGE ( 'NONE', *, *, #1264, .T. ) ;
#2539 =( GEOMETRIC_REPRESENTATION_CONTEXT ( 3 ) GLOBAL_UNCERTAINTY_ASSIGNED_CONTEXT ( ( #40 ) ) GLOBAL_UNIT_ASSIGNED_CONTEXT ( ( #4, #1605, #2038 ) ) REPRESENTATION_CONTEXT ( 'NONE', 'WORKASPACE' ) );
#2540 = DIRECTION ( 'NONE',  ( -0.6901459099388773666, 0.7236702446519679421, 0.000000000000000000 ) ) ;
#2541 = SURFACE_STYLE_FILL_AREA ( #2209 ) ;
#2542 = DIRECTION ( 'NONE',  ( -0.000000000000000000, -0.000000000000000000, -1.000000000000000000 ) ) ;
#2543 = LINE ( 'NONE', #597, #904 ) ;
#2544 = PRESENTATION_STYLE_ASSIGNMENT (( #2930 ) ) ;
#2545 = PRESENTATION_LAYER_ASSIGNMENT (  '', '', ( #2146 ) ) ;
#2546 = FACE_OUTER_BOUND ( 'NONE', #1697, .T. ) ;
#2547 = EDGE_LOOP ( 'NONE', ( #4684, #4961, #1741, #3356 ) ) ;
#2548 = ORIENTED_EDGE ( 'NONE', *, *, #2198, .F. ) ;
#2549 =( NAMED_UNIT ( * ) SI_UNIT ( $, .STERADIAN. ) SOLID_ANGLE_UNIT ( ) );
#2550 = DIRECTION ( 'NONE',  ( -0.000000000000000000, -0.000000000000000000, -1.000000000000000000 ) ) ;
#2551 = CARTESIAN_POINT ( 'NONE',  ( -36.43013134778728102, 17.10460652725317487, 38.10000000000000142 ) ) ;
#2552 = CIRCLE ( 'NONE', #2470, 0.5673323263053475785 ) ;
#2553 = VECTOR ( 'NONE', #806, 1000.000000000000000 ) ;
#2554 = STYLED_ITEM ( 'NONE', ( #1707 ), #941 ) ;
#2555 = EDGE_LOOP ( 'NONE', ( #2480, #2424, #4316, #3234 ) ) ;
#2556 = FILL_AREA_STYLE ('',( #4102 ) ) ;
#2557 = AXIS2_PLACEMENT_3D ( 'NONE', #1738, #3732, #4484 ) ;
#2558 = LINE ( 'NONE', #608, #5013 ) ;
#2559 = DIRECTION ( 'NONE',  ( -0.000000000000000000, -0.000000000000000000, -1.000000000000000000 ) ) ;
#2560 = ORIENTED_EDGE ( 'NONE', *, *, #1259, .F. ) ;
#2561 = DIRECTION ( 'NONE',  ( -0.000000000000000000, -0.000000000000000000, -1.000000000000000000 ) ) ;
#2562 = DIRECTION ( 'NONE',  ( 0.000000000000000000, 0.000000000000000000, 1.000000000000000000 ) ) ;
#2563 = MECHANICAL_DESIGN_GEOMETRIC_PRESENTATION_REPRESENTATION (  '', ( #2482 ), #254 ) ;
#2564 = FILL_AREA_STYLE_COLOUR ( '', #1253 ) ;
#2565 = DIRECTION ( 'NONE',  ( -1.000000000000000000, 0.000000000000000000, 0.000000000000000000 ) ) ;
#2566 = CARTESIAN_POINT ( 'NONE',  ( -57.05145142837230310, 0.3416086120920855396, 38.10000000000000142 ) ) ;
#2567 = ADVANCED_FACE ( 'NONE', ( #2199 ), #3334, .F. ) ;
#2568 = ORIENTED_EDGE ( 'NONE', *, *, #1028, .F. ) ;
#2569 = LINE ( 'NONE', #616, #2395 ) ;
#2570 = CARTESIAN_POINT ( 'NONE',  ( -68.96995260669778816, 8.173347176086082300, 38.10000000000000142 ) ) ;
#2571 = PRESENTATION_LAYER_ASSIGNMENT (  '', '', ( #4131 ) ) ;
#2572 =( NAMED_UNIT ( * ) PLANE_ANGLE_UNIT ( ) SI_UNIT ( $, .RADIAN. ) );
#2573 = DIRECTION ( 'NONE',  ( -0.000000000000000000, -0.000000000000000000, -1.000000000000000000 ) ) ;
#2574 = CARTESIAN_POINT ( 'NONE',  ( -61.53149670510276792, 15.67872306333906174, 38.10000000000000142 ) ) ;
#2575 = ORIENTED_EDGE ( 'NONE', *, *, #31, .F. ) ;
#2576 = ORIENTED_EDGE ( 'NONE', *, *, #557, .T. ) ;
#2577 = SURFACE_STYLE_USAGE ( .BOTH. , #604 ) ;
#2578 = CARTESIAN_POINT ( 'NONE',  ( -61.77839660510554154, 22.47520871931651243, 0.000000000000000000 ) ) ;
#2579 = SURFACE_SIDE_STYLE ('',( #3829 ) ) ;
#2580 = ORIENTED_EDGE ( 'NONE', *, *, #3957, .T. ) ;
#2581 = FILL_AREA_STYLE ('',( #4231 ) ) ;
#2582 = SURFACE_STYLE_FILL_AREA ( #4831 ) ;
#2583 = SURFACE_STYLE_USAGE ( .BOTH. , #1031 ) ;
#2584 = DIRECTION ( 'NONE',  ( -0.000000000000000000, -0.000000000000000000, -1.000000000000000000 ) ) ;
#2585 = ORIENTED_EDGE ( 'NONE', *, *, #4485, .F. ) ;
#2586 = DIRECTION ( 'NONE',  ( -1.000000000000000000, 0.000000000000000000, 0.000000000000000000 ) ) ;
#2587 = STYLED_ITEM ( 'NONE', ( #236 ), #1353 ) ;
#2588 = CARTESIAN_POINT ( 'NONE',  ( -68.96372520732167288, 25.87763152950190104, 38.10000000000000142 ) ) ;
#2589 = CARTESIAN_POINT ( 'NONE',  ( -37.72500095553984067, 24.51389311239231006, 38.10000000000000142 ) ) ;
#2590 = CARTESIAN_POINT ( 'NONE',  ( -59.65315102743786468, 17.02874230344544770, 38.10000000000000142 ) ) ;
#2591 = STYLED_ITEM ( 'NONE', ( #603 ), #828 ) ;
#2592 = UNCERTAINTY_MEASURE_WITH_UNIT (LENGTH_MEASURE( 1.000000000000000082E-05 ), #1592, 'distance_accuracy_value', 'NONE');
#2593 = ORIENTED_EDGE ( 'NONE', *, *, #4309, .F. ) ;
#2594 = SURFACE_STYLE_USAGE ( .BOTH. , #956 ) ;
#2595 = CARTESIAN_POINT ( 'NONE',  ( -33.87265359748052873, 11.32762300250749909, 0.000000000000000000 ) ) ;
#2596 = CARTESIAN_POINT ( 'NONE',  ( -62.16456490882490726, 7.197503527118557898, 0.000000000000000000 ) ) ;
#2597 = PRESENTATION_STYLE_ASSIGNMENT (( #4297 ) ) ;
#2598 = DIRECTION ( 'NONE',  ( 1.000000000000000000, 0.000000000000000000, 0.000000000000000000 ) ) ;
#2599 = ADVANCED_FACE ( 'NONE', ( #4906 ), #198, .F. ) ;
#2600 = FILL_AREA_STYLE ('',( #216 ) ) ;
#2601 = VERTEX_POINT ( 'NONE', #4598 ) ;
#2602 = AXIS2_PLACEMENT_3D ( 'NONE', #1964, #3804, #336 ) ;
#2603 = VERTEX_POINT ( 'NONE', #4232 ) ;
#2604 = CARTESIAN_POINT ( 'NONE',  ( -62.58146679511121846, 7.895427536684826997, 38.10000000000000142 ) ) ;
#2605 = ADVANCED_FACE ( 'NONE', ( #1053 ), #4568, .F. ) ;
#2606 = VECTOR ( 'NONE', #1441, 1000.000000000000000 ) ;
#2607 = EDGE_CURVE ( 'NONE', #3050, #4588, #4766, .T. ) ;
#2608 = ORIENTED_EDGE ( 'NONE', *, *, #5038, .F. ) ;
#2609 = SURFACE_STYLE_FILL_AREA ( #2581 ) ;
#2610 = SURFACE_STYLE_USAGE ( .BOTH. , #3864 ) ;
#2611 = FILL_AREA_STYLE ('',( #1055 ) ) ;
#2612 = STYLED_ITEM ( 'NONE', ( #1518 ), #1206 ) ;
#2613 = ORIENTED_EDGE ( 'NONE', *, *, #557, .F. ) ;
#2614 = VECTOR ( 'NONE', #182, 1000.000000000000000 ) ;
#2615 = PRESENTATION_LAYER_ASSIGNMENT (  '', '', ( #4840 ) ) ;
#2616 = PLANE ( 'NONE',  #2696 ) ;
#2617 = LINE ( 'NONE', #536, #1005 ) ;
#2618 = CIRCLE ( 'NONE', #3192, 0.7412256314667936552 ) ;
#2619 = DIRECTION ( 'NONE',  ( -1.000000000000000000, 0.000000000000000000, 0.000000000000000000 ) ) ;
#2620 =( GEOMETRIC_REPRESENTATION_CONTEXT ( 3 ) GLOBAL_UNCERTAINTY_ASSIGNED_CONTEXT ( ( #3433 ) ) GLOBAL_UNIT_ASSIGNED_CONTEXT ( ( #504, #4335, #2355 ) ) REPRESENTATION_CONTEXT ( 'NONE', 'WORKASPACE' ) );
#2621 = DIRECTION ( 'NONE',  ( 1.000000000000000000, 0.000000000000000000, 0.000000000000000000 ) ) ;
#2622 = DIRECTION ( 'NONE',  ( -1.000000000000000000, 0.000000000000000000, 0.000000000000000000 ) ) ;
#2623 = DIRECTION ( 'NONE',  ( -0.000000000000000000, -0.000000000000000000, -1.000000000000000000 ) ) ;
#2624 = CARTESIAN_POINT ( 'NONE',  ( -42.49067150965667850, 16.08376167166643356, 33.09999999999999432 ) ) ;
#2625 = DIRECTION ( 'NONE',  ( 0.000000000000000000, 0.000000000000000000, 1.000000000000000000 ) ) ;
#2626 = ORIENTED_EDGE ( 'NONE', *, *, #3358, .T. ) ;
#2627 = CLOSED_SHELL ( 'NONE', ( #4245, #944, #125, #470, #3731, #3333, #3238, #293, #3463, #2695, #1829, #3788, #2531, #4722, #4811, #134, #2388, #1324, #4492, #2097, #2076, #1635, #4273, #695, #4572, #1725, #877, #2674, #2635, #3294, #3513, #1720, #941, #3591, #2440, #1763, #3353, #828, #4816, #4106, #300, #2138, #193, #5032, #3491, #4401, #3201, #1745, #2599, #4584, #1611, #4112, #1085, #4303, #2082, #439, #4939, #1612, #2630, #1882, #4435, #4881, #3359, #1417, #132, #1182, #1698, #1573, #2767, #1543, #2605, #7, #3244, #4727, #1353, #3391, #3033, #2973, #849, #2478, #3797, #971, #1380, #2567, #169, #4111, #411, #4933, #769, #2446, #4340, #3857, #2289, #2897, #2950, #2719, #2833, #1851, #852, #908, #3555, #4817, #2419, #1206 ) ) ;
#2628 = ORIENTED_EDGE ( 'NONE', *, *, #2803, .T. ) ;
#2629 = CARTESIAN_POINT ( 'NONE',  ( -35.47924887030668373, 18.49009486927387158, 0.000000000000000000 ) ) ;
#2630 = ADVANCED_FACE ( 'NONE', ( #2279 ), #372, .F. ) ;
#2631 = DIRECTION ( 'NONE',  ( -1.000000000000000000, 0.000000000000000000, 0.000000000000000000 ) ) ;
#2632 = AXIS2_PLACEMENT_3D ( 'NONE', #3003, #248, #3028 ) ;
#2633 =( NAMED_UNIT ( * ) PLANE_ANGLE_UNIT ( ) SI_UNIT ( $, .RADIAN. ) );
#2634 = VECTOR ( 'NONE', #1525, 1000.000000000000000 ) ;
#2635 = ADVANCED_FACE ( 'NONE', ( #4981 ), #1455, .F. ) ;
#2636 = UNCERTAINTY_MEASURE_WITH_UNIT (LENGTH_MEASURE( 1.000000000000000082E-05 ), #837, 'distance_accuracy_value', 'NONE');
#2637 = VECTOR ( 'NONE', #2777, 1000.000000000000114 ) ;
#2638 = ORIENTED_EDGE ( 'NONE', *, *, #2735, .T. ) ;
#2639 = CARTESIAN_POINT ( 'NONE',  ( -35.11965665901217903, 17.55698531430387987, 0.000000000000000000 ) ) ;
#2640 = FILL_AREA_STYLE_COLOUR ( '', #3580 ) ;
#2641 =( NAMED_UNIT ( * ) SI_UNIT ( $, .STERADIAN. ) SOLID_ANGLE_UNIT ( ) );
#2642 = COLOUR_RGB ( '',0.2980392156862745057, 0.2980392156862745057, 0.2980392156862745057 ) ;
#2643 = AXIS2_PLACEMENT_3D ( 'NONE', #2776, #463, #440 ) ;
#2644 = AXIS2_PLACEMENT_3D ( 'NONE', #4957, #2277, #3832 ) ;
#2645 = ORIENTED_EDGE ( 'NONE', *, *, #3620, .T. ) ;
#2646 = VECTOR ( 'NONE', #826, 1000.000000000000000 ) ;
#2647 = DIRECTION ( 'NONE',  ( -0.000000000000000000, -0.000000000000000000, -1.000000000000000000 ) ) ;
#2648 = MECHANICAL_DESIGN_GEOMETRIC_PRESENTATION_REPRESENTATION (  '', ( #2234 ), #1823 ) ;
#2649 = MECHANICAL_DESIGN_GEOMETRIC_PRESENTATION_REPRESENTATION (  '', ( #926 ), #3478 ) ;
#2650 = DIRECTION ( 'NONE',  ( 1.000000000000000000, 0.000000000000000000, 0.000000000000000000 ) ) ;
#2651 = FILL_AREA_STYLE_COLOUR ( '', #282 ) ;
#2652 = COLOUR_RGB ( '',0.2980392156862745057, 0.2980392156862745057, 0.2980392156862745057 ) ;
#2653 = MECHANICAL_DESIGN_GEOMETRIC_PRESENTATION_REPRESENTATION (  '', ( #1130 ), #4381 ) ;
#2654 = UNCERTAINTY_MEASURE_WITH_UNIT (LENGTH_MEASURE( 1.000000000000000082E-05 ), #3941, 'distance_accuracy_value', 'NONE');
#2655 = CARTESIAN_POINT ( 'NONE',  ( -32.29110189870194603, 33.34937030025223947, 0.000000000000000000 ) ) ;
#2656 = DIRECTION ( 'NONE',  ( -0.000000000000000000, -0.000000000000000000, -1.000000000000000000 ) ) ;
#2657 = DIRECTION ( 'NONE',  ( -1.000000000000000000, 0.000000000000000000, 0.000000000000000000 ) ) ;
#2658 = ORIENTED_EDGE ( 'NONE', *, *, #3915, .T. ) ;
#2659 = FILL_AREA_STYLE ('',( #4668 ) ) ;
#2660 = MECHANICAL_DESIGN_GEOMETRIC_PRESENTATION_REPRESENTATION (  '', ( #4131 ), #3237 ) ;
#2661 =( NAMED_UNIT ( * ) PLANE_ANGLE_UNIT ( ) SI_UNIT ( $, .RADIAN. ) );
#2662 = CARTESIAN_POINT ( 'NONE',  ( -63.31228303323829465, 0.5248614593653875282, 38.10000000000000142 ) ) ;
#2663 = DIRECTION ( 'NONE',  ( -0.000000000000000000, -0.000000000000000000, -1.000000000000000000 ) ) ;
#2664 = EDGE_LOOP ( 'NONE', ( #1895, #845, #1925, #3764 ) ) ;
#2665 = DIRECTION ( 'NONE',  ( 0.000000000000000000, 0.000000000000000000, 1.000000000000000000 ) ) ;
#2666 = CARTESIAN_POINT ( 'NONE',  ( -63.79024112061139107, 0.7081143066386963447, 38.10000000000000142 ) ) ;
#2667 = FILL_AREA_STYLE ('',( #4177 ) ) ;
#2668 = FACE_OUTER_BOUND ( 'NONE', #794, .T. ) ;
#2669 = ORIENTED_EDGE ( 'NONE', *, *, #5037, .T. ) ;
#2670 = FACE_OUTER_BOUND ( 'NONE', #3228, .T. ) ;
#2671 = DIRECTION ( 'NONE',  ( -0.000000000000000000, -0.000000000000000000, -1.000000000000000000 ) ) ;
#2672 = FILL_AREA_STYLE_COLOUR ( '', #159 ) ;
#2673 =( NAMED_UNIT ( * ) PLANE_ANGLE_UNIT ( ) SI_UNIT ( $, .RADIAN. ) );
#2674 = ADVANCED_FACE ( 'NONE', ( #793 ), #2742, .F. ) ;
#2675 = SURFACE_STYLE_USAGE ( .BOTH. , #1462 ) ;
#2676 = EDGE_CURVE ( 'NONE', #4884, #1163, #3538, .T. ) ;
#2677 = DIRECTION ( 'NONE',  ( -0.000000000000000000, -0.000000000000000000, -1.000000000000000000 ) ) ;
#2678 = DIRECTION ( 'NONE',  ( -0.9337228840204949698, -0.3579966143086401598, 0.000000000000000000 ) ) ;
#2679 = CARTESIAN_POINT ( 'NONE',  ( -62.83432494586519113, 0.3416086120920716618, 38.10000000000000142 ) ) ;
#2680 = CARTESIAN_POINT ( 'NONE',  ( -33.58336787123207756, 12.79816424490507210, 38.10000000000000142 ) ) ;
#2681 =( LENGTH_UNIT ( ) NAMED_UNIT ( * ) SI_UNIT ( .MILLI., .METRE. ) );
#2682 = VERTEX_POINT ( 'NONE', #4312 ) ;
#2683 = DIRECTION ( 'NONE',  ( 1.000000000000000000, 0.000000000000000000, 0.000000000000000000 ) ) ;
#2684 = FACE_OUTER_BOUND ( 'NONE', #309, .T. ) ;
#2685 = DIRECTION ( 'NONE',  ( -0.000000000000000000, -0.000000000000000000, -1.000000000000000000 ) ) ;
#2686 = ORIENTED_EDGE ( 'NONE', *, *, #3431, .T. ) ;
#2687 = COLOUR_RGB ( '',0.2980392156862745057, 0.2980392156862745057, 0.2980392156862745057 ) ;
#2688 = VERTEX_POINT ( 'NONE', #3122 ) ;
#2689 =( NAMED_UNIT ( * ) PLANE_ANGLE_UNIT ( ) SI_UNIT ( $, .RADIAN. ) );
#2690 = ORIENTED_EDGE ( 'NONE', *, *, #3665, .F. ) ;
#2691 = ORIENTED_EDGE ( 'NONE', *, *, #749, .T. ) ;
#2692 =( LENGTH_UNIT ( ) NAMED_UNIT ( * ) SI_UNIT ( .MILLI., .METRE. ) );
#2693 =( NAMED_UNIT ( * ) SI_UNIT ( $, .STERADIAN. ) SOLID_ANGLE_UNIT ( ) );
#2694 = DIRECTION ( 'NONE',  ( -1.000000000000000000, 0.000000000000000000, 0.000000000000000000 ) ) ;
#2695 = ADVANCED_FACE ( 'NONE', ( #3200 ), #4705, .T. ) ;
#2696 = AXIS2_PLACEMENT_3D ( 'NONE', #4605, #321, #5045 ) ;
#2697 = SURFACE_STYLE_USAGE ( .BOTH. , #3520 ) ;
#2698 = CIRCLE ( 'NONE', #223, 0.8129607037970152383 ) ;
#2699 = EDGE_CURVE ( 'NONE', #3583, #1711, #2703, .T. ) ;
#2700 = PRESENTATION_STYLE_ASSIGNMENT (( #1517 ) ) ;
#2701 = SURFACE_SIDE_STYLE ('',( #1469 ) ) ;
#2702 = CYLINDRICAL_SURFACE ( 'NONE', #1898, 0.5625665551298592026 ) ;
#2703 = CIRCLE ( 'NONE', #1643, 0.5000000000000004441 ) ;
#2704 = LINE ( 'NONE', #1607, #2553 ) ;
#2705 = ORIENTED_EDGE ( 'NONE', *, *, #1606, .T. ) ;
#2706 = UNCERTAINTY_MEASURE_WITH_UNIT (LENGTH_MEASURE( 1.000000000000000082E-05 ), #1864, 'distance_accuracy_value', 'NONE');
#2707 = CARTESIAN_POINT ( 'NONE',  ( -63.82416733590749658, 0.5248614593653875282, 38.10000000000000142 ) ) ;
#2708 = FACE_OUTER_BOUND ( 'NONE', #3945, .T. ) ;
#2709 = AXIS2_PLACEMENT_3D ( 'NONE', #1568, #2315, #3133 ) ;
#2710 = CIRCLE ( 'NONE', #2059, 0.4622135902277516029 ) ;
#2711 = ORIENTED_EDGE ( 'NONE', *, *, #628, .F. ) ;
#2712 =( NAMED_UNIT ( * ) SI_UNIT ( $, .STERADIAN. ) SOLID_ANGLE_UNIT ( ) );
#2713 = CIRCLE ( 'NONE', #915, 0.5118843026691993758 ) ;
#2714 = ORIENTED_EDGE ( 'NONE', *, *, #3886, .F. ) ;
#2715 = ORIENTED_EDGE ( 'NONE', *, *, #5054, .F. ) ;
#2716 = MECHANICAL_DESIGN_GEOMETRIC_PRESENTATION_REPRESENTATION (  '', ( #3291 ), #4938 ) ;
#2717 = AXIS2_PLACEMENT_3D ( 'NONE', #2566, #4966, #1875 ) ;
#2718 =( NAMED_UNIT ( * ) PLANE_ANGLE_UNIT ( ) SI_UNIT ( $, .RADIAN. ) );
#2719 = ADVANCED_FACE ( 'NONE', ( #2479 ), #2520, .F. ) ;
#2720 = ORIENTED_EDGE ( 'NONE', *, *, #4393, .T. ) ;
#2721 = CARTESIAN_POINT ( 'NONE',  ( -59.65315102743786468, 17.02874230344544770, 38.10000000000000142 ) ) ;
#2722 = DIRECTION ( 'NONE',  ( 0.000000000000000000, 0.000000000000000000, 1.000000000000000000 ) ) ;
#2723 = CIRCLE ( 'NONE', #2228, 0.5000000000000004441 ) ;
#2724 = COLOUR_RGB ( '',0.2980392156862745057, 0.2980392156862745057, 0.2980392156862745057 ) ;
#2725 = CYLINDRICAL_SURFACE ( 'NONE', #2299, 0.8129607037970152383 ) ;
#2726 = CIRCLE ( 'NONE', #584, 0.9999999999999870104 ) ;
#2727 = DIRECTION ( 'NONE',  ( -0.000000000000000000, -0.000000000000000000, -1.000000000000000000 ) ) ;
#2728 = VECTOR ( 'NONE', #2780, 1000.000000000000000 ) ;
#2729 = MECHANICAL_DESIGN_GEOMETRIC_PRESENTATION_REPRESENTATION (  '', ( #5118 ), #2476 ) ;
#2730 = MECHANICAL_DESIGN_GEOMETRIC_PRESENTATION_REPRESENTATION (  '', ( #249 ), #3227 ) ;
#2731 = DIRECTION ( 'NONE',  ( -1.000000000000000000, 0.000000000000000000, 0.000000000000000000 ) ) ;
#2732 =( NAMED_UNIT ( * ) SI_UNIT ( $, .STERADIAN. ) SOLID_ANGLE_UNIT ( ) );
#2733 = DIRECTION ( 'NONE',  ( -0.000000000000000000, -0.000000000000000000, -1.000000000000000000 ) ) ;
#2734 = DIRECTION ( 'NONE',  ( -0.000000000000000000, -0.000000000000000000, -1.000000000000000000 ) ) ;
#2735 = EDGE_CURVE ( 'NONE', #475, #744, #576, .T. ) ;
#2736 = CARTESIAN_POINT ( 'NONE',  ( -27.68495013829701179, 25.87763152950190104, 38.10000000000000142 ) ) ;
#2737 = SURFACE_SIDE_STYLE ('',( #3486 ) ) ;
#2738 = SURFACE_STYLE_FILL_AREA ( #1185 ) ;
#2739 = STYLED_ITEM ( 'NONE', ( #457 ), #4933 ) ;
#2740 = ORIENTED_EDGE ( 'NONE', *, *, #3679, .T. ) ;
#2741 = LINE ( 'NONE', #3885, #2433 ) ;
#2742 = PLANE ( 'NONE',  #1802 ) ;
#2743 = ORIENTED_EDGE ( 'NONE', *, *, #1258, .F. ) ;
#2744 = ORIENTED_EDGE ( 'NONE', *, *, #2795, .T. ) ;
#2745 = UNCERTAINTY_MEASURE_WITH_UNIT (LENGTH_MEASURE( 1.000000000000000082E-05 ), #3873, 'distance_accuracy_value', 'NONE');
#2746 = LINE ( 'NONE', #1951, #1680 ) ;
#2747 = ORIENTED_EDGE ( 'NONE', *, *, #2104, .T. ) ;
#2748 = DIRECTION ( 'NONE',  ( -0.000000000000000000, -0.000000000000000000, -1.000000000000000000 ) ) ;
#2749 = SURFACE_STYLE_USAGE ( .BOTH. , #3211 ) ;
#2750 = CYLINDRICAL_SURFACE ( 'NONE', #2400, 0.5000000000000073275 ) ;
#2751 = LINE ( 'NONE', #1858, #1879 ) ;
#2752 = DIRECTION ( 'NONE',  ( -0.000000000000000000, -0.000000000000000000, -1.000000000000000000 ) ) ;
#2753 = SURFACE_STYLE_USAGE ( .BOTH. , #1201 ) ;
#2754 = CARTESIAN_POINT ( 'NONE',  ( -27.76500601735110507, 0.03484274304320529592, 0.000000000000000000 ) ) ;
#2755 = DIRECTION ( 'NONE',  ( -0.5722844846642902716, -0.8200551619327370867, 0.000000000000000000 ) ) ;
#2756 = FACE_OUTER_BOUND ( 'NONE', #2214, .T. ) ;
#2757 = VERTEX_POINT ( 'NONE', #3669 ) ;
#2758 = UNCERTAINTY_MEASURE_WITH_UNIT (LENGTH_MEASURE( 1.000000000000000082E-05 ), #4671, 'distance_accuracy_value', 'NONE');
#2759 = CIRCLE ( 'NONE', #3415, 0.5000000000000073275 ) ;
#2760 = AXIS2_PLACEMENT_3D ( 'NONE', #3516, #2824, #3547 ) ;
#2761 =( NAMED_UNIT ( * ) SI_UNIT ( $, .STERADIAN. ) SOLID_ANGLE_UNIT ( ) );
#2762 = DIRECTION ( 'NONE',  ( 1.000000000000000000, 0.000000000000000000, 0.000000000000000000 ) ) ;
#2763 = EDGE_CURVE ( 'NONE', #2005, #4922, #2122, .T. ) ;
#2764 = ORIENTED_EDGE ( 'NONE', *, *, #4748, .F. ) ;
#2765 = ORIENTED_EDGE ( 'NONE', *, *, #2505, .F. ) ;
#2766 = EDGE_CURVE ( 'NONE', #594, #2428, #4067, .T. ) ;
#2767 = ADVANCED_FACE ( 'NONE', ( #3329 ), #194, .F. ) ;
#2768 = ORIENTED_EDGE ( 'NONE', *, *, #1323, .F. ) ;
#2769 = DIRECTION ( 'NONE',  ( 0.8200551619327374198, 0.5722844846642899386, -0.000000000000000000 ) ) ;
#2770 =( LENGTH_UNIT ( ) NAMED_UNIT ( * ) SI_UNIT ( .MILLI., .METRE. ) );
#2771 =( GEOMETRIC_REPRESENTATION_CONTEXT ( 3 ) GLOBAL_UNCERTAINTY_ASSIGNED_CONTEXT ( ( #1317 ) ) GLOBAL_UNIT_ASSIGNED_CONTEXT ( ( #3379, #2191, #2549 ) ) REPRESENTATION_CONTEXT ( 'NONE', 'WORKASPACE' ) );
#2772 = VERTEX_POINT ( 'NONE', #4466 ) ;
#2773 = DIRECTION ( 'NONE',  ( 1.000000000000000000, 0.000000000000000000, 0.000000000000000000 ) ) ;
#2774 =( NAMED_UNIT ( * ) SI_UNIT ( $, .STERADIAN. ) SOLID_ANGLE_UNIT ( ) );
#2775 = CARTESIAN_POINT ( 'NONE',  ( -33.15307505450480363, 12.54351135983814203, 38.10000000000000142 ) ) ;
#2776 = CARTESIAN_POINT ( 'NONE',  ( -63.29010308713453270, 21.16890029208335378, 38.10000000000000142 ) ) ;
#2777 = DIRECTION ( 'NONE',  ( 0.5722844846642902716, 0.8200551619327370867, -0.000000000000000000 ) ) ;
#2778 = VECTOR ( 'NONE', #3820, 1000.000000000000000 ) ;
#2779 = FILL_AREA_STYLE ('',( #801 ) ) ;
#2780 = DIRECTION ( 'NONE',  ( -0.000000000000000000, -0.000000000000000000, -1.000000000000000000 ) ) ;
#2781 =( LENGTH_UNIT ( ) NAMED_UNIT ( * ) SI_UNIT ( .MILLI., .METRE. ) );
#2782 = COLOUR_RGB ( '',0.2980392156862745057, 0.2980392156862745057, 0.2980392156862745057 ) ;
#2783 = PRESENTATION_LAYER_ASSIGNMENT (  '', '', ( #4754 ) ) ;
#2784 = CARTESIAN_POINT ( 'NONE',  ( -68.49526337095133499, 33.51949909523553828, 0.000000000000000000 ) ) ;
#2785 = ORIENTED_EDGE ( 'NONE', *, *, #3903, .F. ) ;
#2786 = SURFACE_SIDE_STYLE ('',( #136 ) ) ;
#2787 = CARTESIAN_POINT ( 'NONE',  ( -68.39639288101632530, 25.87763152950190104, 38.10000000000000142 ) ) ;
#2788 = AXIS2_PLACEMENT_3D ( 'NONE', #4854, #1381, #1411 ) ;
#2789 = ORIENTED_EDGE ( 'NONE', *, *, #472, .F. ) ;
#2790 = ORIENTED_EDGE ( 'NONE', *, *, #3143, .F. ) ;
#2791 = PRESENTATION_LAYER_ASSIGNMENT (  '', '', ( #2381 ) ) ;
#2792 = ORIENTED_EDGE ( 'NONE', *, *, #1288, .T. ) ;
#2793 = CYLINDRICAL_SURFACE ( 'NONE', #1824, 0.5673323263053475785 ) ;
#2794 = PRESENTATION_LAYER_ASSIGNMENT (  '', '', ( #1665 ) ) ;
#2795 = EDGE_CURVE ( 'NONE', #3158, #4875, #916, .T. ) ;
#2796 =( NAMED_UNIT ( * ) SI_UNIT ( $, .STERADIAN. ) SOLID_ANGLE_UNIT ( ) );
#2797 = CIRCLE ( 'NONE', #994, 0.5340105721110509629 ) ;
#2798 = ORIENTED_EDGE ( 'NONE', *, *, #2887, .T. ) ;
#2799 =( LENGTH_UNIT ( ) NAMED_UNIT ( * ) SI_UNIT ( .MILLI., .METRE. ) );
#2800 = CARTESIAN_POINT ( 'NONE',  ( -32.29110189870194603, 33.34937030025223947, 38.10000000000000142 ) ) ;
#2801 = PRESENTATION_STYLE_ASSIGNMENT (( #21 ) ) ;
#2802 = PRESENTATION_STYLE_ASSIGNMENT (( #512 ) ) ;
#2803 = EDGE_CURVE ( 'NONE', #3567, #3687, #3034, .T. ) ;
#2804 = PRESENTATION_LAYER_ASSIGNMENT (  '', '', ( #3291 ) ) ;
#2805 = VECTOR ( 'NONE', #1958, 1000.000000000000114 ) ;
#2806 = PRESENTATION_STYLE_ASSIGNMENT (( #2753 ) ) ;
#2807 = DIRECTION ( 'NONE',  ( 0.000000000000000000, 0.000000000000000000, 1.000000000000000000 ) ) ;
#2808 = COLOUR_RGB ( '',0.2980392156862745057, 0.2980392156862745057, 0.2980392156862745057 ) ;
#2809 = DIRECTION ( 'NONE',  ( -1.000000000000000000, 0.000000000000000000, 0.000000000000000000 ) ) ;
#2810 = CIRCLE ( 'NONE', #3705, 0.5118843026691993758 ) ;
#2811 = COLOUR_RGB ( '',0.2980392156862745057, 0.2980392156862745057, 0.2980392156862745057 ) ;
#2812 = PRESENTATION_STYLE_ASSIGNMENT (( #3741 ) ) ;
#2813 = VERTEX_POINT ( 'NONE', #3853 ) ;
#2814 = UNCERTAINTY_MEASURE_WITH_UNIT (LENGTH_MEASURE( 1.000000000000000082E-05 ), #4621, 'distance_accuracy_value', 'NONE');
#2815 = SURFACE_STYLE_FILL_AREA ( #3561 ) ;
#2816 = PRESENTATION_LAYER_ASSIGNMENT (  '', '', ( #4204 ) ) ;
#2817 = SURFACE_STYLE_USAGE ( .BOTH. , #3231 ) ;
#2818 = DIRECTION ( 'NONE',  ( -0.000000000000000000, -0.000000000000000000, -1.000000000000000000 ) ) ;
#2819 = VERTEX_POINT ( 'NONE', #4626 ) ;
#2820 =( NAMED_UNIT ( * ) SI_UNIT ( $, .STERADIAN. ) SOLID_ANGLE_UNIT ( ) );
#2821 =( GEOMETRIC_REPRESENTATION_CONTEXT ( 3 ) GLOBAL_UNCERTAINTY_ASSIGNED_CONTEXT ( ( #1619 ) ) GLOBAL_UNIT_ASSIGNED_CONTEXT ( ( #3660, #856, #1629 ) ) REPRESENTATION_CONTEXT ( 'NONE', 'WORKASPACE' ) );
#2822 = FILL_AREA_STYLE_COLOUR ( '', #2974 ) ;
#2823 = VERTEX_POINT ( 'NONE', #1050 ) ;
#2824 = DIRECTION ( 'NONE',  ( 0.000000000000000000, 0.000000000000000000, 1.000000000000000000 ) ) ;
#2825 = CIRCLE ( 'NONE', #2086, 0.5000000000000004441 ) ;
#2826 = SURFACE_SIDE_STYLE ('',( #3163 ) ) ;
#2827 = EDGE_CURVE ( 'NONE', #4920, #2034, #1648, .T. ) ;
#2828 = ORIENTED_EDGE ( 'NONE', *, *, #1149, .T. ) ;
#2829 = CARTESIAN_POINT ( 'NONE',  ( -61.98303791952559294, 18.33641936412508855, 38.10000000000000142 ) ) ;
#2830 = SURFACE_STYLE_FILL_AREA ( #2015 ) ;
#2831 = DIRECTION ( 'NONE',  ( 0.000000000000000000, 0.000000000000000000, 1.000000000000000000 ) ) ;
#2832 = EDGE_CURVE ( 'NONE', #139, #3183, #341, .T. ) ;
#2833 = ADVANCED_FACE ( 'NONE', ( #1840, #2218, #627 ), #4591, .F. ) ;
#2834 = ORIENTED_EDGE ( 'NONE', *, *, #4836, .F. ) ;
#2835 = FILL_AREA_STYLE_COLOUR ( '', #2964 ) ;
#2836 = COLOUR_RGB ( '',0.2980392156862745057, 0.2980392156862745057, 0.2980392156862745057 ) ;
#2837 = DIRECTION ( 'NONE',  ( -0.000000000000000000, -0.000000000000000000, -1.000000000000000000 ) ) ;
#2838 = ORIENTED_EDGE ( 'NONE', *, *, #1569, .F. ) ;
#2839 = AXIS2_PLACEMENT_3D ( 'NONE', #156, #4889, #4494 ) ;
#2840 = DIRECTION ( 'NONE',  ( -1.000000000000000000, 0.000000000000000000, 0.000000000000000000 ) ) ;
#2841 = UNCERTAINTY_MEASURE_WITH_UNIT (LENGTH_MEASURE( 1.000000000000000082E-05 ), #2681, 'distance_accuracy_value', 'NONE');
#2842 = LINE ( 'NONE', #1764, #1427 ) ;
#2843 = EDGE_LOOP ( 'NONE', ( #4333, #319, #2323, #4457 ) ) ;
#2844 = LINE ( 'NONE', #2012, #242 ) ;
#2845 = VERTEX_POINT ( 'NONE', #1428 ) ;
#2846 = CIRCLE ( 'NONE', #5077, 1.484807796299135507 ) ;
#2847 = LINE ( 'NONE', #3603, #4681 ) ;
#2848 = DIRECTION ( 'NONE',  ( -0.000000000000000000, -0.000000000000000000, -1.000000000000000000 ) ) ;
#2849 = SURFACE_STYLE_USAGE ( .BOTH. , #537 ) ;
#2850 = STYLED_ITEM ( 'NONE', ( #2700 ), #2082 ) ;
#2851 = FILL_AREA_STYLE ('',( #4033 ) ) ;
#2852 = FILL_AREA_STYLE_COLOUR ( '', #1750 ) ;
#2853 = EDGE_CURVE ( 'NONE', #4542, #101, #53, .T. ) ;
#2854 = ORIENTED_EDGE ( 'NONE', *, *, #31, .T. ) ;
#2855 = UNCERTAINTY_MEASURE_WITH_UNIT (LENGTH_MEASURE( 1.000000000000000082E-05 ), #2217, 'distance_accuracy_value', 'NONE');
#2856 = CARTESIAN_POINT ( 'NONE',  ( -33.49987622420212574, 7.895427536684825220, 38.10000000000000142 ) ) ;
#2857 = VECTOR ( 'NONE', #1103, 1000.000000000000114 ) ;
#2858 = LINE ( 'NONE', #1297, #4439 ) ;
#2859 = VECTOR ( 'NONE', #2283, 999.9999999999998863 ) ;
#2860 = VECTOR ( 'NONE', #4502, 1000.000000000000227 ) ;
#2861 = VERTEX_POINT ( 'NONE', #4977 ) ;
#2862 = ORIENTED_EDGE ( 'NONE', *, *, #1788, .T. ) ;
#2863 = MECHANICAL_DESIGN_GEOMETRIC_PRESENTATION_REPRESENTATION (  '', ( #306 ), #4006 ) ;
#2864 =( GEOMETRIC_REPRESENTATION_CONTEXT ( 3 ) GLOBAL_UNCERTAINTY_ASSIGNED_CONTEXT ( ( #1060 ) ) GLOBAL_UNIT_ASSIGNED_CONTEXT ( ( #1359, #3714, #2867 ) ) REPRESENTATION_CONTEXT ( 'NONE', 'WORKASPACE' ) );
#2865 = AXIS2_PLACEMENT_3D ( 'NONE', #36, #1639, #2935 ) ;
#2866 = ORIENTED_EDGE ( 'NONE', *, *, #2264, .T. ) ;
#2867 =( NAMED_UNIT ( * ) SI_UNIT ( $, .STERADIAN. ) SOLID_ANGLE_UNIT ( ) );
#2868 = CARTESIAN_POINT ( 'NONE',  ( -34.09830509978775126, 18.33641936412507789, 38.10000000000000142 ) ) ;
#2869 = PRESENTATION_STYLE_ASSIGNMENT (( #4026 ) ) ;
#2870 = ORIENTED_EDGE ( 'NONE', *, *, #4523, .F. ) ;
#2871 = ORIENTED_EDGE ( 'NONE', *, *, #1012, .F. ) ;
#2872 = PRESENTATION_LAYER_ASSIGNMENT (  '', '', ( #2215 ) ) ;
#2873 =( NAMED_UNIT ( * ) PLANE_ANGLE_UNIT ( ) SI_UNIT ( $, .RADIAN. ) );
#2874 = DIRECTION ( 'NONE',  ( -0.000000000000000000, -0.000000000000000000, -1.000000000000000000 ) ) ;
#2875 = DIRECTION ( 'NONE',  ( -0.000000000000000000, 1.000000000000000000, -0.000000000000000000 ) ) ;
#2876 = VECTOR ( 'NONE', #3846, 1000.000000000000000 ) ;
#2877 = DIRECTION ( 'NONE',  ( -0.000000000000000000, -0.000000000000000000, -1.000000000000000000 ) ) ;
#2878 = CIRCLE ( 'NONE', #3542, 0.9382895641747712734 ) ;
#2879 = CIRCLE ( 'NONE', #4778, 0.7412256314667936552 ) ;
#2880 = ORIENTED_EDGE ( 'NONE', *, *, #33, .F. ) ;
#2881 = MECHANICAL_DESIGN_GEOMETRIC_PRESENTATION_REPRESENTATION (  '', ( #917 ), #670 ) ;
#2882 = ORIENTED_EDGE ( 'NONE', *, *, #3072, .F. ) ;
#2883 = PLANE ( 'NONE',  #4195 ) ;
#2884 = FILL_AREA_STYLE ('',( #3510 ) ) ;
#2885 = DIRECTION ( 'NONE',  ( -0.000000000000000000, -0.000000000000000000, -1.000000000000000000 ) ) ;
#2886 = PRESENTATION_LAYER_ASSIGNMENT (  '', '', ( #2229 ) ) ;
#2887 = EDGE_CURVE ( 'NONE', #178, #3541, #1161, .T. ) ;
#2888 = VECTOR ( 'NONE', #4632, 1000.000000000000000 ) ;
#2889 = DIRECTION ( 'NONE',  ( -0.3579966143086401598, -0.9337228840204949698, -0.000000000000000000 ) ) ;
#2890 = ORIENTED_EDGE ( 'NONE', *, *, #4436, .T. ) ;
#2891 = PRESENTATION_LAYER_ASSIGNMENT (  '', '', ( #3952 ) ) ;
#2892 =( GEOMETRIC_REPRESENTATION_CONTEXT ( 3 ) GLOBAL_UNCERTAINTY_ASSIGNED_CONTEXT ( ( #1363 ) ) GLOBAL_UNIT_ASSIGNED_CONTEXT ( ( #2770, #2358, #1256 ) ) REPRESENTATION_CONTEXT ( 'NONE', 'WORKASPACE' ) );
#2893 = ORIENTED_EDGE ( 'NONE', *, *, #532, .F. ) ;
#2894 = COLOUR_RGB ( '',0.2980392156862745057, 0.2980392156862745057, 0.2980392156862745057 ) ;
#2895 = DIRECTION ( 'NONE',  ( -0.5093057701338493670, -0.8605856334545485264, 0.000000000000000000 ) ) ;
#2896 = EDGE_CURVE ( 'NONE', #4318, #3071, #2710, .T. ) ;
#2897 = ADVANCED_FACE ( 'NONE', ( #2684 ), #734, .F. ) ;
#2898 = CARTESIAN_POINT ( 'NONE',  ( -61.13601946782520002, 17.10460652725317487, 0.000000000000000000 ) ) ;
#2899 = ORIENTED_EDGE ( 'NONE', *, *, #3581, .F. ) ;
#2900 = DIRECTION ( 'NONE',  ( 0.000000000000000000, 0.000000000000000000, 1.000000000000000000 ) ) ;
#2901 = STYLED_ITEM ( 'NONE', ( #385 ), #4727 ) ;
#2902 =( GEOMETRIC_REPRESENTATION_CONTEXT ( 3 ) GLOBAL_UNCERTAINTY_ASSIGNED_CONTEXT ( ( #3670 ) ) GLOBAL_UNIT_ASSIGNED_CONTEXT ( ( #943, #4486, #4828 ) ) REPRESENTATION_CONTEXT ( 'NONE', 'WORKASPACE' ) );
#2903 = SURFACE_SIDE_STYLE ('',( #1310 ) ) ;
#2904 =( LENGTH_UNIT ( ) NAMED_UNIT ( * ) SI_UNIT ( .MILLI., .METRE. ) );
#2905 = ORIENTED_EDGE ( 'NONE', *, *, #4560, .T. ) ;
#2906 = DIRECTION ( 'NONE',  ( -0.000000000000000000, -0.000000000000000000, -1.000000000000000000 ) ) ;
#2907 =( LENGTH_UNIT ( ) NAMED_UNIT ( * ) SI_UNIT ( .MILLI., .METRE. ) );
#2908 =( NAMED_UNIT ( * ) SI_UNIT ( $, .STERADIAN. ) SOLID_ANGLE_UNIT ( ) );
#2909 = ORIENTED_EDGE ( 'NONE', *, *, #4214, .T. ) ;
#2910 = EDGE_LOOP ( 'NONE', ( #3909, #4581, #2893, #912 ) ) ;
#2911 = DIRECTION ( 'NONE',  ( -1.000000000000000000, 0.000000000000000000, 0.000000000000000000 ) ) ;
#2912 = PRESENTATION_STYLE_ASSIGNMENT (( #992 ) ) ;
#2913 = EDGE_CURVE ( 'NONE', #2151, #3567, #3618, .T. ) ;
#2914 = DIRECTION ( 'NONE',  ( -0.000000000000000000, -0.000000000000000000, -1.000000000000000000 ) ) ;
#2915 = DIRECTION ( 'NONE',  ( 0.000000000000000000, -1.000000000000000000, 0.000000000000000000 ) ) ;
#2916 = EDGE_CURVE ( 'NONE', #546, #1048, #3148, .T. ) ;
#2917 = ORIENTED_EDGE ( 'NONE', *, *, #4873, .F. ) ;
#2918 = CARTESIAN_POINT ( 'NONE',  ( -34.30294641420780266, 22.47520871931651243, 38.10000000000000142 ) ) ;
#2919 = CIRCLE ( 'NONE', #1287, 0.8129607037970152383 ) ;
#2920 = CARTESIAN_POINT ( 'NONE',  ( -34.94532355148813707, 16.95287807963776316, 38.10000000000000142 ) ) ;
#2921 = VERTEX_POINT ( 'NONE', #861 ) ;
#2922 = LINE ( 'NONE', #589, #3605 ) ;
#2923 = PRESENTATION_STYLE_ASSIGNMENT (( #4841 ) ) ;
#2924 = ORIENTED_EDGE ( 'NONE', *, *, #1950, .T. ) ;
#2925 = ORIENTED_EDGE ( 'NONE', *, *, #792, .T. ) ;
#2926 = PRESENTATION_LAYER_ASSIGNMENT (  '', '', ( #3597 ) ) ;
#2927 = DIRECTION ( 'NONE',  ( 0.000000000000000000, 0.000000000000000000, 1.000000000000000000 ) ) ;
#2928 = CARTESIAN_POINT ( 'NONE',  ( -32.79123993217881150, 21.16890029208335378, 38.10000000000000142 ) ) ;
#2929 = LINE ( 'NONE', #3322, #1796 ) ;
#2930 = SURFACE_STYLE_USAGE ( .BOTH. , #4895 ) ;
#2931 = DIRECTION ( 'NONE',  ( -0.000000000000000000, -0.000000000000000000, -1.000000000000000000 ) ) ;
#2932 = ORIENTED_EDGE ( 'NONE', *, *, #2264, .F. ) ;
#2933 = ORIENTED_EDGE ( 'NONE', *, *, #96, .F. ) ;
#2934 = PRESENTATION_STYLE_ASSIGNMENT (( #3009 ) ) ;
#2935 = DIRECTION ( 'NONE',  ( -1.000000000000000000, 0.000000000000000000, 0.000000000000000000 ) ) ;
#2936 = STYLED_ITEM ( 'NONE', ( #4103 ), #470 ) ;
#2937 = DIRECTION ( 'NONE',  ( -1.000000000000000000, 0.000000000000000000, 0.000000000000000000 ) ) ;
#2938 = MECHANICAL_DESIGN_GEOMETRIC_PRESENTATION_REPRESENTATION (  '', ( #4840 ), #3757 ) ;
#2939 = UNCERTAINTY_MEASURE_WITH_UNIT (LENGTH_MEASURE( 1.000000000000000082E-05 ), #446, 'distance_accuracy_value', 'NONE');
#2940 = AXIS2_PLACEMENT_3D ( 'NONE', #358, #5074, #1959 ) ;
#2941 = ORIENTED_EDGE ( 'NONE', *, *, #5001, .T. ) ;
#2942 = MECHANICAL_DESIGN_GEOMETRIC_PRESENTATION_REPRESENTATION (  '', ( #49 ), #4096 ) ;
#2943 = SURFACE_SIDE_STYLE ('',( #1817 ) ) ;
#2944 = CYLINDRICAL_SURFACE ( 'NONE', #423, 0.9999999999999870104 ) ;
#2945 = EDGE_CURVE ( 'NONE', #963, #3050, #3934, .T. ) ;
#2946 =( GEOMETRIC_REPRESENTATION_CONTEXT ( 3 ) GLOBAL_UNCERTAINTY_ASSIGNED_CONTEXT ( ( #3529 ) ) GLOBAL_UNIT_ASSIGNED_CONTEXT ( ( #3280, #1329, #4440 ) ) REPRESENTATION_CONTEXT ( 'NONE', 'WORKASPACE' ) );
#2947 = DIRECTION ( 'NONE',  ( 1.000000000000000000, 0.000000000000000000, 0.000000000000000000 ) ) ;
#2948 = CARTESIAN_POINT ( 'NONE',  ( -33.15307505450480363, 21.51397324705279601, 38.10000000000000142 ) ) ;
#2949 = COLOUR_RGB ( '',0.2980392156862745057, 0.2980392156862745057, 0.2980392156862745057 ) ;
#2950 = ADVANCED_FACE ( 'NONE', ( #5110 ), #2327, .T. ) ;
#2951 = ORIENTED_EDGE ( 'NONE', *, *, #3613, .T. ) ;
#2952 = COLOUR_RGB ( '',0.2980392156862745057, 0.2980392156862745057, 0.2980392156862745057 ) ;
#2953 = LINE ( 'NONE', #2979, #117 ) ;
#2954 = CARTESIAN_POINT ( 'NONE',  ( -38.56688708918884601, 33.71587599479885711, 38.10000000000000142 ) ) ;
#2955 = CARTESIAN_POINT ( 'NONE',  ( -56.58844692662011511, 17.97372293522450803, 38.10000000000000142 ) ) ;
#2956 = AXIS2_PLACEMENT_3D ( 'NONE', #2117, #3726, #4874 ) ;
#2957 = FACE_OUTER_BOUND ( 'NONE', #3891, .T. ) ;
#2958 = ORIENTED_EDGE ( 'NONE', *, *, #4901, .T. ) ;
#2959 = UNCERTAINTY_MEASURE_WITH_UNIT (LENGTH_MEASURE( 1.000000000000000082E-05 ), #4104, 'distance_accuracy_value', 'NONE');
#2960 = CYLINDRICAL_SURFACE ( 'NONE', #1976, 0.5673323263053406951 ) ;
#2961 = STYLED_ITEM ( 'NONE', ( #2504 ), #3359 ) ;
#2962 = PRESENTATION_LAYER_ASSIGNMENT (  '', '', ( #2070 ) ) ;
#2963 = AXIS2_PLACEMENT_3D ( 'NONE', #3423, #4990, #3025 ) ;
#2964 = COLOUR_RGB ( '',0.2980392156862745057, 0.2980392156862745057, 0.2980392156862745057 ) ;
#2965 = EDGE_LOOP ( 'NONE', ( #1717, #2882, #2048, #98 ) ) ;
#2966 =( LENGTH_UNIT ( ) NAMED_UNIT ( * ) SI_UNIT ( .MILLI., .METRE. ) );
#2967 = VECTOR ( 'NONE', #2685, 1000.000000000000000 ) ;
#2968 = CARTESIAN_POINT ( 'NONE',  ( -39.02989159094103400, 0.3416086120920855396, 38.10000000000000142 ) ) ;
#2969 = CARTESIAN_POINT ( 'NONE',  ( -60.96168636030116517, 16.50049929258706172, 38.10000000000000142 ) ) ;
#2970 =( NAMED_UNIT ( * ) PLANE_ANGLE_UNIT ( ) SI_UNIT ( $, .RADIAN. ) );
#2971 = AXIS2_PLACEMENT_3D ( 'NONE', #289, #4603, #1091 ) ;
#2972 = SURFACE_STYLE_FILL_AREA ( #4548 ) ;
#2973 = ADVANCED_FACE ( 'NONE', ( #1997 ), #1632, .F. ) ;
#2974 = COLOUR_RGB ( '',0.2980392156862745057, 0.2980392156862745057, 0.2980392156862745057 ) ;
#2975 = VERTEX_POINT ( 'NONE', #1276 ) ;
#2976 = EDGE_CURVE ( 'NONE', #2196, #139, #2858, .T. ) ;
#2977 = CARTESIAN_POINT ( 'NONE',  ( -27.23112556093168735, 8.520307511124615374, 0.000000000000000000 ) ) ;
#2978 = EDGE_CURVE ( 'NONE', #2823, #2682, #2929, .T. ) ;
#2979 = CARTESIAN_POINT ( 'NONE',  ( -35.47924887030667662, 15.56738973761707712, 38.10000000000000142 ) ) ;
#2980 = DIRECTION ( 'NONE',  ( 1.000000000000000000, 0.000000000000000000, 0.000000000000000000 ) ) ;
#2981 = CARTESIAN_POINT ( 'NONE',  ( -60.96168636030116517, 16.50049929258706172, 0.000000000000000000 ) ) ;
#2982 = DIRECTION ( 'NONE',  ( 0.000000000000000000, 0.000000000000000000, 1.000000000000000000 ) ) ;
#2983 = SURFACE_STYLE_USAGE ( .BOTH. , #4951 ) ;
#2984 = VERTEX_POINT ( 'NONE', #137 ) ;
#2985 = LINE ( 'NONE', #251, #5106 ) ;
#2986 = SURFACE_STYLE_FILL_AREA ( #1262 ) ;
#2987 = DIRECTION ( 'NONE',  ( -1.000000000000000000, 0.000000000000000000, 0.000000000000000000 ) ) ;
#2988 =( NAMED_UNIT ( * ) SI_UNIT ( $, .STERADIAN. ) SOLID_ANGLE_UNIT ( ) );
#2989 = ORIENTED_EDGE ( 'NONE', *, *, #2192, .F. ) ;
#2990 = LINE ( 'NONE', #4176, #1181 ) ;
#2991 = DIRECTION ( 'NONE',  ( -1.000000000000000000, 0.000000000000000000, 0.000000000000000000 ) ) ;
#2992 = ORIENTED_EDGE ( 'NONE', *, *, #334, .F. ) ;
#2993 =( NAMED_UNIT ( * ) PLANE_ANGLE_UNIT ( ) SI_UNIT ( $, .RADIAN. ) );
#2994 = CARTESIAN_POINT ( 'NONE',  ( -59.07485281561364587, 23.91046158708940439, 0.000000000000000000 ) ) ;
#2995 = DIRECTION ( 'NONE',  ( 0.000000000000000000, 0.000000000000000000, 1.000000000000000000 ) ) ;
#2996 = LINE ( 'NONE', #1366, #3984 ) ;
#2997 =( NAMED_UNIT ( * ) PLANE_ANGLE_UNIT ( ) SI_UNIT ( $, .RADIAN. ) );
#2998 = UNCERTAINTY_MEASURE_WITH_UNIT (LENGTH_MEASURE( 1.000000000000000082E-05 ), #728, 'distance_accuracy_value', 'NONE');
#2999 =( NAMED_UNIT ( * ) PLANE_ANGLE_UNIT ( ) SI_UNIT ( $, .RADIAN. ) );
#3000 = CYLINDRICAL_SURFACE ( 'NONE', #4989, 0.5118843026691993758 ) ;
#3001 = CARTESIAN_POINT ( 'NONE',  ( -34.30294641420780266, 22.47520871931651243, 38.10000000000000142 ) ) ;
#3002 = DIRECTION ( 'NONE',  ( -0.5893864328791071916, -0.8078512441892020668, 0.000000000000000000 ) ) ;
#3003 = CARTESIAN_POINT ( 'NONE',  ( -33.87265359748052873, 11.32762300250749909, 0.000000000000000000 ) ) ;
#3004 = EDGE_CURVE ( 'NONE', #115, #1228, #4894, .T. ) ;
#3005 = AXIS2_PLACEMENT_3D ( 'NONE', #810, #3826, #390 ) ;
#3006 = SURFACE_STYLE_FILL_AREA ( #705 ) ;
#3007 = ORIENTED_EDGE ( 'NONE', *, *, #2050, .F. ) ;
#3008 = ORIENTED_EDGE ( 'NONE', *, *, #630, .T. ) ;
#3009 = SURFACE_STYLE_USAGE ( .BOTH. , #1447 ) ;
#3010 = DIRECTION ( 'NONE',  ( 0.000000000000000000, 0.000000000000000000, 1.000000000000000000 ) ) ;
#3011 = LINE ( 'NONE', #4999, #2309 ) ;
#3012 = ORIENTED_EDGE ( 'NONE', *, *, #3521, .F. ) ;
#3013 = FILL_AREA_STYLE_COLOUR ( '', #2450 ) ;
#3014 =( LENGTH_UNIT ( ) NAMED_UNIT ( * ) SI_UNIT ( .MILLI., .METRE. ) );
#3015 = DIRECTION ( 'NONE',  ( 0.3579966143086401598, 0.9337228840204949698, -0.000000000000000000 ) ) ;
#3016 = STYLED_ITEM ( 'NONE', ( #1960 ), #1182 ) ;
#3017 = VERTEX_POINT ( 'NONE', #4459 ) ;
#3018 = VECTOR ( 'NONE', #751, 1000.000000000000000 ) ;
#3019 = VECTOR ( 'NONE', #3644, 999.9999999999998863 ) ;
#3020 = LINE ( 'NONE', #2994, #2859 ) ;
#3021 = DIRECTION ( 'NONE',  ( -0.000000000000000000, 1.000000000000000000, 0.000000000000000000 ) ) ;
#3022 = COLOUR_RGB ( '',0.2980392156862745057, 0.2980392156862745057, 0.2980392156862745057 ) ;
#3023 = MECHANICAL_DESIGN_GEOMETRIC_PRESENTATION_REPRESENTATION (  '', ( #1969 ), #316 ) ;
#3024 = CARTESIAN_POINT ( 'NONE',  ( -57.05145142837230310, 33.71587599479885711, 0.000000000000000000 ) ) ;
#3025 = DIRECTION ( 'NONE',  ( 0.000000000000000000, 0.000000000000000000, 1.000000000000000000 ) ) ;
#3026 = CARTESIAN_POINT ( 'NONE',  ( -61.98303791952559294, 18.33641936412508855, 38.10000000000000142 ) ) ;
#3027 = COLOUR_RGB ( '',0.2980392156862745057, 0.2980392156862745057, 0.2980392156862745057 ) ;
#3028 = DIRECTION ( 'NONE',  ( -1.000000000000000000, 0.000000000000000000, 0.000000000000000000 ) ) ;
#3029 = CYLINDRICAL_SURFACE ( 'NONE', #4625, 0.5340105721110544046 ) ;
#3030 = ORIENTED_EDGE ( 'NONE', *, *, #1316, .T. ) ;
#3031 = CARTESIAN_POINT ( 'NONE',  ( -53.59067150965667992, 17.97372293522450803, 38.10000000000000142 ) ) ;
#3032 = CARTESIAN_POINT ( 'NONE',  ( -59.07485281561364587, 23.91046158708940439, 38.10000000000000142 ) ) ;
#3033 = ADVANCED_FACE ( 'NONE', ( #3253 ), #114, .F. ) ;
#3034 = LINE ( 'NONE', #1917, #3283 ) ;
#3035 = AXIS2_PLACEMENT_3D ( 'NONE', #4042, #296, #647 ) ;
#3036 = DIRECTION ( 'NONE',  ( 0.6901459099388770335, -0.7236702446519681642, 0.000000000000000000 ) ) ;
#3037 = MECHANICAL_DESIGN_GEOMETRIC_PRESENTATION_REPRESENTATION (  '', ( #1814 ), #3127 ) ;
#3038 = CIRCLE ( 'NONE', #1815, 0.9999999999999870104 ) ;
#3039 = ORIENTED_EDGE ( 'NONE', *, *, #1111, .T. ) ;
#3040 = MECHANICAL_DESIGN_GEOMETRIC_PRESENTATION_REPRESENTATION (  '', ( #2317 ), #4101 ) ;
#3041 = DIRECTION ( 'NONE',  ( -0.000000000000000000, -0.000000000000000000, -1.000000000000000000 ) ) ;
#3042 = EDGE_CURVE ( 'NONE', #3177, #4967, #3298, .T. ) ;
#3043 = EDGE_CURVE ( 'NONE', #3994, #3736, #937, .T. ) ;
#3044 = PRESENTATION_STYLE_ASSIGNMENT (( #1869 ) ) ;
#3045 = PRESENTATION_STYLE_ASSIGNMENT (( #1483 ) ) ;
#3046 = DIRECTION ( 'NONE',  ( -0.000000000000000000, -0.000000000000000000, -1.000000000000000000 ) ) ;
#3047 = CIRCLE ( 'NONE', #840, 1.484807796299142391 ) ;
#3048 = MECHANICAL_DESIGN_GEOMETRIC_PRESENTATION_REPRESENTATION (  '', ( #2961 ), #3472 ) ;
#3049 =( GEOMETRIC_REPRESENTATION_CONTEXT ( 3 ) GLOBAL_UNCERTAINTY_ASSIGNED_CONTEXT ( ( #2745 ) ) GLOBAL_UNIT_ASSIGNED_CONTEXT ( ( #3873, #3468, #3785 ) ) REPRESENTATION_CONTEXT ( 'NONE', 'WORKASPACE' ) );
#3050 = VERTEX_POINT ( 'NONE', #544 ) ;
#3051 = SURFACE_STYLE_FILL_AREA ( #718 ) ;
#3052 = STYLED_ITEM ( 'NONE', ( #3548 ), #2478 ) ;
#3053 = STYLED_ITEM ( 'NONE', ( #3203 ), #3491 ) ;
#3054 =( NAMED_UNIT ( * ) SI_UNIT ( $, .STERADIAN. ) SOLID_ANGLE_UNIT ( ) );
#3055 = DIRECTION ( 'NONE',  ( -0.000000000000000000, -0.000000000000000000, -1.000000000000000000 ) ) ;
#3056 = CARTESIAN_POINT ( 'NONE',  ( -34.54984631421057628, 18.37876154355187808, 38.10000000000000142 ) ) ;
#3057 = UNCERTAINTY_MEASURE_WITH_UNIT (LENGTH_MEASURE( 1.000000000000000082E-05 ), #4611, 'distance_accuracy_value', 'NONE');
#3058 = PRESENTATION_STYLE_ASSIGNMENT (( #5017 ) ) ;
#3059 = CARTESIAN_POINT ( 'NONE',  ( -32.29110189870194603, 0.7081143066386963447, 38.10000000000000142 ) ) ;
#3060 = SURFACE_STYLE_USAGE ( .BOTH. , #3082 ) ;
#3061 = CARTESIAN_POINT ( 'NONE',  ( -62.20868942183281547, 11.32762300250749909, 0.000000000000000000 ) ) ;
#3062 = STYLED_ITEM ( 'NONE', ( #4262 ), #4881 ) ;
#3063 = SURFACE_STYLE_FILL_AREA ( #5108 ) ;
#3064 = ORIENTED_EDGE ( 'NONE', *, *, #3678, .F. ) ;
#3065 = EDGE_CURVE ( 'NONE', #2813, #3404, #2469, .T. ) ;
#3066 = CARTESIAN_POINT ( 'NONE',  ( -61.77839660510554154, 22.47520871931651243, 38.10000000000000142 ) ) ;
#3067 = AXIS2_PLACEMENT_3D ( 'NONE', #2337, #1563, #1233 ) ;
#3068 = DIRECTION ( 'NONE',  ( -0.000000000000000000, -0.000000000000000000, -1.000000000000000000 ) ) ;
#3069 = CARTESIAN_POINT ( 'NONE',  ( -68.31633700196221071, 7.618197466983597899, 38.10000000000000142 ) ) ;
#3070 = EDGE_CURVE ( 'NONE', #2819, #4704, #2543, .T. ) ;
#3071 = VERTEX_POINT ( 'NONE', #4479 ) ;
#3072 = EDGE_CURVE ( 'NONE', #4922, #790, #959, .T. ) ;
#3073 = DIRECTION ( 'NONE',  ( -0.6901459099388770335, 0.7236702446519681642, 0.000000000000000000 ) ) ;
#3074 = VERTEX_POINT ( 'NONE', #189 ) ;
#3075 = EDGE_LOOP ( 'NONE', ( #771, #2880, #116, #2362 ) ) ;
#3076 = EDGE_CURVE ( 'NONE', #2517, #2601, #2515, .T. ) ;
#3077 = ORIENTED_EDGE ( 'NONE', *, *, #2232, .T. ) ;
#3078 = CARTESIAN_POINT ( 'NONE',  ( -38.56688708918884601, 0.3416086120920855396, 38.10000000000000142 ) ) ;
#3079 =( LENGTH_UNIT ( ) NAMED_UNIT ( * ) SI_UNIT ( .MILLI., .METRE. ) );
#3080 = FILL_AREA_STYLE_COLOUR ( '', #3944 ) ;
#3081 = DIRECTION ( 'NONE',  ( 0.3579966143086414920, 0.9337228840204944147, -0.000000000000000000 ) ) ;
#3082 = SURFACE_SIDE_STYLE ('',( #4244 ) ) ;
#3083 = CARTESIAN_POINT ( 'NONE',  ( -33.15307505450480363, 21.51397324705279601, 38.10000000000000142 ) ) ;
#3084 = DIRECTION ( 'NONE',  ( -0.000000000000000000, -0.000000000000000000, -1.000000000000000000 ) ) ;
#3085 = ORIENTED_EDGE ( 'NONE', *, *, #2976, .T. ) ;
#3086 = CARTESIAN_POINT ( 'NONE',  ( -61.13601946782520002, 17.10460652725317487, 38.10000000000000142 ) ) ;
#3087 = CARTESIAN_POINT ( 'NONE',  ( -27.68495013829701179, 8.179853077389036997, 38.10000000000000142 ) ) ;
#3088 = CARTESIAN_POINT ( 'NONE',  ( -36.43013134778728102, 16.95287807963776316, 0.000000000000000000 ) ) ;
#3089 = DIRECTION ( 'NONE',  ( -0.000000000000000000, -0.000000000000000000, -1.000000000000000000 ) ) ;
#3090 = VERTEX_POINT ( 'NONE', #1777 ) ;
#3091 = CARTESIAN_POINT ( 'NONE',  ( -61.77839660510554154, 11.58227588757442739, 38.10000000000000142 ) ) ;
#3092 = CIRCLE ( 'NONE', #4418, 0.4622135902277516029 ) ;
#3093 = ORIENTED_EDGE ( 'NONE', *, *, #3613, .F. ) ;
#3094 = CARTESIAN_POINT ( 'NONE',  ( -34.28268117844689300, 23.01600384671558785, 38.10000000000000142 ) ) ;
#3095 = DIRECTION ( 'NONE',  ( 0.3579966143086414365, -0.9337228840204945257, 0.000000000000000000 ) ) ;
#3096 = ORIENTED_EDGE ( 'NONE', *, *, #2500, .T. ) ;
#3097 = VERTEX_POINT ( 'NONE', #3345 ) ;
#3098 = UNCERTAINTY_MEASURE_WITH_UNIT (LENGTH_MEASURE( 1.000000000000000082E-05 ), #179, 'distance_accuracy_value', 'NONE');
#3099 = CARTESIAN_POINT ( 'NONE',  ( -36.43013134778728102, 16.95287807963776316, 38.10000000000000142 ) ) ;
#3100 = EDGE_CURVE ( 'NONE', #4956, #130, #2698, .T. ) ;
#3101 = SURFACE_STYLE_FILL_AREA ( #1043 ) ;
#3102 = SURFACE_STYLE_FILL_AREA ( #1544 ) ;
#3103 = MECHANICAL_DESIGN_GEOMETRIC_PRESENTATION_REPRESENTATION (  '', ( #1552 ), #4760 ) ;
#3104 = DIRECTION ( 'NONE',  ( 0.000000000000000000, 0.000000000000000000, 1.000000000000000000 ) ) ;
#3105 = CARTESIAN_POINT ( 'NONE',  ( -59.07485281561364587, 23.91046158708940439, 38.10000000000000142 ) ) ;
#3106 = STYLED_ITEM ( 'NONE', ( #3044 ), #2635 ) ;
#3107 =( NAMED_UNIT ( * ) SI_UNIT ( $, .STERADIAN. ) SOLID_ANGLE_UNIT ( ) );
#3108 = EDGE_CURVE ( 'NONE', #1038, #4853, #4011, .T. ) ;
#3109 = PLANE ( 'NONE',  #4023 ) ;
#3110 = VECTOR ( 'NONE', #3709, 1000.000000000000000 ) ;
#3111 = CARTESIAN_POINT ( 'NONE',  ( -33.49987622420212574, 26.16205707020611015, 38.10000000000000142 ) ) ;
#3112 = DIRECTION ( 'NONE',  ( -0.000000000000000000, -0.000000000000000000, -1.000000000000000000 ) ) ;
#3113 = CYLINDRICAL_SURFACE ( 'NONE', #4356, 0.8129607037970152383 ) ;
#3114 =( NAMED_UNIT ( * ) PLANE_ANGLE_UNIT ( ) SI_UNIT ( $, .RADIAN. ) );
#3115 = COLOUR_RGB ( '',0.2980392156862745057, 0.2980392156862745057, 0.2980392156862745057 ) ;
#3116 = CARTESIAN_POINT ( 'NONE',  ( -62.16456490882490726, 26.85998107977238192, 0.000000000000000000 ) ) ;
#3117 = CIRCLE ( 'NONE', #4186, 0.9999999999999870104 ) ;
#3118 = VERTEX_POINT ( 'NONE', #2495 ) ;
#3119 = ORIENTED_EDGE ( 'NONE', *, *, #3303, .F. ) ;
#3120 = CYLINDRICAL_SURFACE ( 'NONE', #2037, 0.5625665551298592026 ) ;
#3121 = CIRCLE ( 'NONE', #3035, 0.5340105721110509629 ) ;
#3122 = CARTESIAN_POINT ( 'NONE',  ( -48.04067150965667565, 16.08376167166643356, 10.90000000000000213 ) ) ;
#3123 = ORIENTED_EDGE ( 'NONE', *, *, #4593, .T. ) ;
#3124 =( NAMED_UNIT ( * ) PLANE_ANGLE_UNIT ( ) SI_UNIT ( $, .RADIAN. ) );
#3125 = CARTESIAN_POINT ( 'NONE',  ( -33.91677811048842983, 7.197503527118557898, 38.10000000000000142 ) ) ;
#3126 = ORIENTED_EDGE ( 'NONE', *, *, #526, .F. ) ;
#3127 =( GEOMETRIC_REPRESENTATION_CONTEXT ( 3 ) GLOBAL_UNCERTAINTY_ASSIGNED_CONTEXT ( ( #2636 ) ) GLOBAL_UNIT_ASSIGNED_CONTEXT ( ( #837, #4310, #422 ) ) REPRESENTATION_CONTEXT ( 'NONE', 'WORKASPACE' ) );
#3128 = ORIENTED_EDGE ( 'NONE', *, *, #2136, .F. ) ;
#3129 = CARTESIAN_POINT ( 'NONE',  ( -34.28268117844689300, 11.04148076017535018, 0.000000000000000000 ) ) ;
#3130 = CARTESIAN_POINT ( 'NONE',  ( -56.58844692662011511, 0.3416086120920855396, 0.000000000000000000 ) ) ;
#3131 = CIRCLE ( 'NONE', #1989, 0.5118843026691993758 ) ;
#3132 = CIRCLE ( 'NONE', #1578, 0.4622135902277516029 ) ;
#3133 = DIRECTION ( 'NONE',  ( 0.000000000000000000, 0.000000000000000000, 1.000000000000000000 ) ) ;
#3134 = CARTESIAN_POINT ( 'NONE',  ( -27.23112556093168735, 8.520307511124615374, 0.000000000000000000 ) ) ;
#3135 = MECHANICAL_DESIGN_GEOMETRIC_PRESENTATION_REPRESENTATION (  '', ( #5115 ), #4866 ) ;
#3136 = CARTESIAN_POINT ( 'NONE',  ( -61.37269246961105296, 27.04394614692273535, 38.10000000000000142 ) ) ;
#3137 = AXIS2_PLACEMENT_3D ( 'NONE', #4307, #419, #4251 ) ;
#3138 = LINE ( 'NONE', #2655, #4528 ) ;
#3139 = FILL_AREA_STYLE_COLOUR ( '', #119 ) ;
#3140 = EDGE_CURVE ( 'NONE', #1231, #2282, #3750, .T. ) ;
#3141 = SURFACE_SIDE_STYLE ('',( #1520 ) ) ;
#3142 = EDGE_CURVE ( 'NONE', #4730, #2603, #1199, .T. ) ;
#3143 = EDGE_CURVE ( 'NONE', #741, #58, #1981, .T. ) ;
#3144 = ORIENTED_EDGE ( 'NONE', *, *, #1204, .T. ) ;
#3145 = CARTESIAN_POINT ( 'NONE',  ( -62.20868942183281547, 22.72986160438344072, 38.10000000000000142 ) ) ;
#3146 = SURFACE_STYLE_USAGE ( .BOTH. , #1584 ) ;
#3147 = STYLED_ITEM ( 'NONE', ( #1033 ), #4817 ) ;
#3148 = LINE ( 'NONE', #3906, #890 ) ;
#3149 = CARTESIAN_POINT ( 'NONE',  ( -34.37265359748052873, 11.32762300250749909, 38.10000000000000142 ) ) ;
#3150 = EDGE_LOOP ( 'NONE', ( #1510, #1801, #2021, #606 ) ) ;
#3151 = VERTEX_POINT ( 'NONE', #3134 ) ;
#3152 = AXIS2_PLACEMENT_3D ( 'NONE', #142, #97, #4022 ) ;
#3153 = ORIENTED_EDGE ( 'NONE', *, *, #4968, .F. ) ;
#3154 = DIRECTION ( 'NONE',  ( -0.000000000000000000, -0.000000000000000000, -1.000000000000000000 ) ) ;
#3155 = ORIENTED_EDGE ( 'NONE', *, *, #3142, .T. ) ;
#3156 =( NAMED_UNIT ( * ) SI_UNIT ( $, .STERADIAN. ) SOLID_ANGLE_UNIT ( ) );
#3157 = FACE_OUTER_BOUND ( 'NONE', #3671, .T. ) ;
#3158 = VERTEX_POINT ( 'NONE', #4531 ) ;
#3159 = SURFACE_STYLE_FILL_AREA ( #2410 ) ;
#3160 = ORIENTED_EDGE ( 'NONE', *, *, #2224, .T. ) ;
#3161 = DIRECTION ( 'NONE',  ( -0.6901459099388773666, -0.7236702446519679421, 0.000000000000000000 ) ) ;
#3162 = DIRECTION ( 'NONE',  ( -0.000000000000000000, -0.000000000000000000, -1.000000000000000000 ) ) ;
#3163 = SURFACE_STYLE_FILL_AREA ( #1622 ) ;
#3164 = SURFACE_STYLE_FILL_AREA ( #5124 ) ;
#3165 = DIRECTION ( 'NONE',  ( -0.000000000000000000, -0.000000000000000000, -1.000000000000000000 ) ) ;
#3166 = DIRECTION ( 'NONE',  ( -0.000000000000000000, -0.000000000000000000, -1.000000000000000000 ) ) ;
#3167 = CARTESIAN_POINT ( 'NONE',  ( -39.49289609269322909, 16.08376167166643356, 0.000000000000000000 ) ) ;
#3168 = FACE_OUTER_BOUND ( 'NONE', #373, .T. ) ;
#3169 = SURFACE_STYLE_USAGE ( .BOTH. , #3141 ) ;
#3170 = ORIENTED_EDGE ( 'NONE', *, *, #3043, .F. ) ;
#3171 =( NAMED_UNIT ( * ) PLANE_ANGLE_UNIT ( ) SI_UNIT ( $, .RADIAN. ) );
#3172 = PRESENTATION_LAYER_ASSIGNMENT (  '', '', ( #2591 ) ) ;
#3173 = FILL_AREA_STYLE_COLOUR ( '', #2894 ) ;
#3174 = EDGE_CURVE ( 'NONE', #4934, #4107, #1542, .T. ) ;
#3175 = FACE_OUTER_BOUND ( 'NONE', #864, .T. ) ;
#3176 = ORIENTED_EDGE ( 'NONE', *, *, #1018, .F. ) ;
#3177 = VERTEX_POINT ( 'NONE', #245 ) ;
#3178 = EDGE_CURVE ( 'NONE', #120, #883, #4556, .T. ) ;
#3179 =( LENGTH_UNIT ( ) NAMED_UNIT ( * ) SI_UNIT ( .MILLI., .METRE. ) );
#3180 = AXIS2_PLACEMENT_3D ( 'NONE', #135, #112, #1192 ) ;
#3181 = ORIENTED_EDGE ( 'NONE', *, *, #3678, .T. ) ;
#3182 = DIRECTION ( 'NONE',  ( -0.000000000000000000, -0.000000000000000000, -1.000000000000000000 ) ) ;
#3183 = VERTEX_POINT ( 'NONE', #4947 ) ;
#3184 = PLANE ( 'NONE',  #297 ) ;
#3185 = DIRECTION ( 'NONE',  ( -0.000000000000000000, -0.000000000000000000, -1.000000000000000000 ) ) ;
#3186 = LINE ( 'NONE', #1702, #867 ) ;
#3187 =( NAMED_UNIT ( * ) PLANE_ANGLE_UNIT ( ) SI_UNIT ( $, .RADIAN. ) );
#3188 = VECTOR ( 'NONE', #1805, 1000.000000000000000 ) ;
#3189 = AXIS2_PLACEMENT_3D ( 'NONE', #2369, #84, #3926 ) ;
#3190 = CARTESIAN_POINT ( 'NONE',  ( -57.05145142837230310, 33.71587599479885711, 38.10000000000000142 ) ) ;
#3191 = ORIENTED_EDGE ( 'NONE', *, *, #2020, .T. ) ;
#3192 = AXIS2_PLACEMENT_3D ( 'NONE', #1336, #2900, #1742 ) ;
#3193 = FACE_OUTER_BOUND ( 'NONE', #2664, .T. ) ;
#3194 =( NAMED_UNIT ( * ) SI_UNIT ( $, .STERADIAN. ) SOLID_ANGLE_UNIT ( ) );
#3195 = FILL_AREA_STYLE_COLOUR ( '', #4699 ) ;
#3196 = MECHANICAL_DESIGN_GEOMETRIC_PRESENTATION_REPRESENTATION (  '', ( #3354 ), #4683 ) ;
#3197 = EDGE_LOOP ( 'NONE', ( #1589, #65, #3311, #3245 ) ) ;
#3198 = VECTOR ( 'NONE', #3814, 1000.000000000000114 ) ;
#3199 = STYLED_ITEM ( 'NONE', ( #2170 ), #2767 ) ;
#3200 = FACE_OUTER_BOUND ( 'NONE', #3729, .T. ) ;
#3201 = ADVANCED_FACE ( 'NONE', ( #3518 ), #5100, .F. ) ;
#3202 = VERTEX_POINT ( 'NONE', #3775 ) ;
#3203 = PRESENTATION_STYLE_ASSIGNMENT (( #3993 ) ) ;
#3204 = UNCERTAINTY_MEASURE_WITH_UNIT (LENGTH_MEASURE( 1.000000000000000082E-05 ), #3179, 'distance_accuracy_value', 'NONE');
#3205 = SURFACE_STYLE_USAGE ( .BOTH. , #3571 ) ;
#3206 = EDGE_CURVE ( 'NONE', #4648, #2603, #2751, .T. ) ;
#3207 = VECTOR ( 'NONE', #3484, 1000.000000000000114 ) ;
#3208 = ORIENTED_EDGE ( 'NONE', *, *, #4752, .T. ) ;
#3209 = EDGE_CURVE ( 'NONE', #3438, #3652, #4762, .T. ) ;
#3210 = DIRECTION ( 'NONE',  ( 1.000000000000000000, 0.000000000000000000, 0.000000000000000000 ) ) ;
#3211 = SURFACE_SIDE_STYLE ('',( #2083 ) ) ;
#3212 = DIRECTION ( 'NONE',  ( -0.3579966143086414920, 0.9337228840204944147, 0.000000000000000000 ) ) ;
#3213 =( NAMED_UNIT ( * ) SI_UNIT ( $, .STERADIAN. ) SOLID_ANGLE_UNIT ( ) );
#3214 = CIRCLE ( 'NONE', #4521, 0.9382895641747712734 ) ;
#3215 = AXIS2_PLACEMENT_3D ( 'NONE', #1063, #1516, #2619 ) ;
#3216 = ORIENTED_EDGE ( 'NONE', *, *, #3065, .F. ) ;
#3217 = UNCERTAINTY_MEASURE_WITH_UNIT (LENGTH_MEASURE( 1.000000000000000082E-05 ), #4432, 'distance_accuracy_value', 'NONE');
#3218 = COLOUR_RGB ( '',0.2980392156862745057, 0.2980392156862745057, 0.2980392156862745057 ) ;
#3219 = CIRCLE ( 'NONE', #1002, 1.799999999999999600 ) ;
#3220 = LINE ( 'NONE', #3247, #506 ) ;
#3221 =( GEOMETRIC_REPRESENTATION_CONTEXT ( 3 ) GLOBAL_UNCERTAINTY_ASSIGNED_CONTEXT ( ( #4083 ) ) GLOBAL_UNIT_ASSIGNED_CONTEXT ( ( #4691, #1852, #5048 ) ) REPRESENTATION_CONTEXT ( 'NONE', 'WORKASPACE' ) );
#3222 = CARTESIAN_POINT ( 'NONE',  ( -60.60209414900665337, 15.56738973761706646, 38.10000000000000142 ) ) ;
#3223 = LINE ( 'NONE', #4796, #2064 ) ;
#3224 = CIRCLE ( 'NONE', #920, 0.5000000000000004441 ) ;
#3225 =( GEOMETRIC_REPRESENTATION_CONTEXT ( 3 ) GLOBAL_UNCERTAINTY_ASSIGNED_CONTEXT ( ( #4132 ) ) GLOBAL_UNIT_ASSIGNED_CONTEXT ( ( #1173, #379, #3574 ) ) REPRESENTATION_CONTEXT ( 'NONE', 'WORKASPACE' ) );
#3226 = CIRCLE ( 'NONE', #1007, 0.5673323263053406951 ) ;
#3227 =( GEOMETRIC_REPRESENTATION_CONTEXT ( 3 ) GLOBAL_UNCERTAINTY_ASSIGNED_CONTEXT ( ( #4305 ) ) GLOBAL_UNIT_ASSIGNED_CONTEXT ( ( #543, #4357, #4431 ) ) REPRESENTATION_CONTEXT ( 'NONE', 'WORKASPACE' ) );
#3228 = EDGE_LOOP ( 'NONE', ( #774, #3546, #2380, #3008 ) ) ;
#3229 = UNCERTAINTY_MEASURE_WITH_UNIT (LENGTH_MEASURE( 1.000000000000000082E-05 ), #412, 'distance_accuracy_value', 'NONE');
#3230 =( NAMED_UNIT ( * ) SI_UNIT ( $, .STERADIAN. ) SOLID_ANGLE_UNIT ( ) );
#3231 = SURFACE_SIDE_STYLE ('',( #1686 ) ) ;
#3232 =( NAMED_UNIT ( * ) PLANE_ANGLE_UNIT ( ) SI_UNIT ( $, .RADIAN. ) );
#3233 = ORIENTED_EDGE ( 'NONE', *, *, #4921, .T. ) ;
#3234 = ORIENTED_EDGE ( 'NONE', *, *, #376, .F. ) ;
#3235 =( GEOMETRIC_REPRESENTATION_CONTEXT ( 3 ) GLOBAL_UNCERTAINTY_ASSIGNED_CONTEXT ( ( #2841 ) ) GLOBAL_UNIT_ASSIGNED_CONTEXT ( ( #2681, #4694, #3503 ) ) REPRESENTATION_CONTEXT ( 'NONE', 'WORKASPACE' ) );
#3236 = ORIENTED_EDGE ( 'NONE', *, *, #4213, .T. ) ;
#3237 =( GEOMETRIC_REPRESENTATION_CONTEXT ( 3 ) GLOBAL_UNCERTAINTY_ASSIGNED_CONTEXT ( ( #4021 ) ) GLOBAL_UNIT_ASSIGNED_CONTEXT ( ( #4229, #4151, #631 ) ) REPRESENTATION_CONTEXT ( 'NONE', 'WORKASPACE' ) );
#3238 = ADVANCED_FACE ( 'NONE', ( #619 ), #3425, .F. ) ;
#3239 = DIRECTION ( 'NONE',  ( 1.000000000000000000, 0.000000000000000000, 0.000000000000000000 ) ) ;
#3240 = ORIENTED_EDGE ( 'NONE', *, *, #3816, .T. ) ;
#3241 = COLOUR_RGB ( '',0.2980392156862745057, 0.2980392156862745057, 0.2980392156862745057 ) ;
#3242 = CARTESIAN_POINT ( 'NONE',  ( -27.23112556093168735, 25.53717709576632444, 38.10000000000000142 ) ) ;
#3243 = SURFACE_STYLE_FILL_AREA ( #1675 ) ;
#3244 = ADVANCED_FACE ( 'NONE', ( #1284 ), #81, .F. ) ;
#3245 = ORIENTED_EDGE ( 'NONE', *, *, #2978, .T. ) ;
#3246 = DIRECTION ( 'NONE',  ( 0.000000000000000000, 0.000000000000000000, 1.000000000000000000 ) ) ;
#3247 = CARTESIAN_POINT ( 'NONE',  ( -34.30294641420780266, 22.47520871931651243, 38.10000000000000142 ) ) ;
#3248 = CARTESIAN_POINT ( 'NONE',  ( -33.49987622420212574, 7.895427536684825220, 0.000000000000000000 ) ) ;
#3249 = EDGE_LOOP ( 'NONE', ( #394, #2258, #3181, #345 ) ) ;
#3250 = CARTESIAN_POINT ( 'NONE',  ( -57.05145142837230310, 33.71587599479885711, 38.10000000000000142 ) ) ;
#3251 = ORIENTED_EDGE ( 'NONE', *, *, #401, .T. ) ;
#3252 = FILL_AREA_STYLE_COLOUR ( '', #1908 ) ;
#3253 = FACE_OUTER_BOUND ( 'NONE', #998, .T. ) ;
#3254 = LINE ( 'NONE', #4433, #1001 ) ;
#3255 = ORIENTED_EDGE ( 'NONE', *, *, #3004, .F. ) ;
#3256 = PRESENTATION_STYLE_ASSIGNMENT (( #3540 ) ) ;
#3257 = UNCERTAINTY_MEASURE_WITH_UNIT (LENGTH_MEASURE( 1.000000000000000082E-05 ), #3501, 'distance_accuracy_value', 'NONE');
#3258 = ORIENTED_EDGE ( 'NONE', *, *, #1012, .T. ) ;
#3259 = FILL_AREA_STYLE_COLOUR ( '', #4844 ) ;
#3260 = SURFACE_SIDE_STYLE ('',( #3949 ) ) ;
#3261 = ORIENTED_EDGE ( 'NONE', *, *, #3143, .T. ) ;
#3262 = EDGE_CURVE ( 'NONE', #4028, #650, #848, .T. ) ;
#3263 = SURFACE_STYLE_FILL_AREA ( #1241 ) ;
#3264 = CARTESIAN_POINT ( 'NONE',  ( -63.31228303323829465, 0.5248614593653875282, 0.000000000000000000 ) ) ;
#3265 = DIRECTION ( 'NONE',  ( -0.000000000000000000, -0.000000000000000000, -1.000000000000000000 ) ) ;
#3266 = DIRECTION ( 'NONE',  ( 0.000000000000000000, 0.000000000000000000, 1.000000000000000000 ) ) ;
#3267 = EDGE_LOOP ( 'NONE', ( #4080, #1064, #719, #1521 ) ) ;
#3268 = UNCERTAINTY_MEASURE_WITH_UNIT (LENGTH_MEASURE( 1.000000000000000082E-05 ), #3452, 'distance_accuracy_value', 'NONE');
#3269 =( NAMED_UNIT ( * ) SI_UNIT ( $, .STERADIAN. ) SOLID_ANGLE_UNIT ( ) );
#3270 =( NAMED_UNIT ( * ) PLANE_ANGLE_UNIT ( ) SI_UNIT ( $, .RADIAN. ) );
#3271 = DIRECTION ( 'NONE',  ( 0.6901459099388774776, -0.7236702446519676091, 0.000000000000000000 ) ) ;
#3272 = AXIS2_PLACEMENT_3D ( 'NONE', #618, #2163, #1022 ) ;
#3273 = DIRECTION ( 'NONE',  ( -0.000000000000000000, -0.000000000000000000, -1.000000000000000000 ) ) ;
#3274 = FILL_AREA_STYLE_COLOUR ( '', #2464 ) ;
#3275 = AXIS2_PLACEMENT_3D ( 'NONE', #611, #640, #2203 ) ;
#3276 = PRESENTATION_LAYER_ASSIGNMENT (  '', '', ( #5090 ) ) ;
#3277 = ORIENTED_EDGE ( 'NONE', *, *, #2161, .F. ) ;
#3278 = UNCERTAINTY_MEASURE_WITH_UNIT (LENGTH_MEASURE( 1.000000000000000082E-05 ), #4606, 'distance_accuracy_value', 'NONE');
#3279 = VERTEX_POINT ( 'NONE', #2455 ) ;
#3280 =( LENGTH_UNIT ( ) NAMED_UNIT ( * ) SI_UNIT ( .MILLI., .METRE. ) );
#3281 = PRESENTATION_LAYER_ASSIGNMENT (  '', '', ( #403 ) ) ;
#3282 = SURFACE_STYLE_FILL_AREA ( #967 ) ;
#3283 = VECTOR ( 'NONE', #2298, 1000.000000000000000 ) ;
#3284 = ORIENTED_EDGE ( 'NONE', *, *, #2945, .F. ) ;
#3285 = CARTESIAN_POINT ( 'NONE',  ( -68.85021745838166396, 25.53717709576632444, 0.000000000000000000 ) ) ;
#3286 = FILL_AREA_STYLE ('',( #3355 ) ) ;
#3287 = CARTESIAN_POINT ( 'NONE',  ( -62.49797514808126664, 21.25932036198586772, 0.000000000000000000 ) ) ;
#3288 = FILL_AREA_STYLE_COLOUR ( '', #621 ) ;
#3289 = CIRCLE ( 'NONE', #911, 0.5000000000000073275 ) ;
#3290 = DIRECTION ( 'NONE',  ( -1.000000000000000000, 0.000000000000000000, 0.000000000000000000 ) ) ;
#3291 = STYLED_ITEM ( 'NONE', ( #1133 ), #3731 ) ;
#3292 = CIRCLE ( 'NONE', #1096, 0.5000000000000073275 ) ;
#3293 = VERTEX_POINT ( 'NONE', #2416 ) ;
#3294 = ADVANCED_FACE ( 'NONE', ( #4810 ), #1306, .F. ) ;
#3295 = PRESENTATION_STYLE_ASSIGNMENT (( #4969 ) ) ;
#3296 = FILL_AREA_STYLE ('',( #3565 ) ) ;
#3297 = FILL_AREA_STYLE_COLOUR ( '', #2652 ) ;
#3298 = LINE ( 'NONE', #4115, #2860 ) ;
#3299 =( GEOMETRIC_REPRESENTATION_CONTEXT ( 3 ) GLOBAL_UNCERTAINTY_ASSIGNED_CONTEXT ( ( #1122 ) ) GLOBAL_UNIT_ASSIGNED_CONTEXT ( ( #4765, #1269, #3576 ) ) REPRESENTATION_CONTEXT ( 'NONE', 'WORKASPACE' ) );
#3300 = AXIS2_PLACEMENT_3D ( 'NONE', #2057, #1238, #1676 ) ;
#3301 = VECTOR ( 'NONE', #3925, 1000.000000000000000 ) ;
#3302 =( LENGTH_UNIT ( ) NAMED_UNIT ( * ) SI_UNIT ( .MILLI., .METRE. ) );
#3303 = EDGE_CURVE ( 'NONE', #1294, #123, #4791, .T. ) ;
#3304 = VECTOR ( 'NONE', #3630, 1000.000000000000000 ) ;
#3305 = EDGE_CURVE ( 'NONE', #3494, #696, #870, .T. ) ;
#3306 = ORIENTED_EDGE ( 'NONE', *, *, #2384, .F. ) ;
#3307 = SURFACE_STYLE_FILL_AREA ( #4539 ) ;
#3308 = DIRECTION ( 'NONE',  ( 1.000000000000000000, 0.000000000000000000, 0.000000000000000000 ) ) ;
#3309 = SURFACE_SIDE_STYLE ('',( #4826 ) ) ;
#3310 = CARTESIAN_POINT ( 'NONE',  ( -60.96168636030116517, 17.55698531430387987, 38.10000000000000142 ) ) ;
#3311 = ORIENTED_EDGE ( 'NONE', *, *, #2523, .F. ) ;
#3312 =( NAMED_UNIT ( * ) PLANE_ANGLE_UNIT ( ) SI_UNIT ( $, .RADIAN. ) );
#3313 = DIRECTION ( 'NONE',  ( -1.000000000000000000, 0.000000000000000000, 0.000000000000000000 ) ) ;
#3314 = VECTOR ( 'NONE', #4655, 1000.000000000000114 ) ;
#3315 = EDGE_LOOP ( 'NONE', ( #1029, #3969, #2302, #1003 ) ) ;
#3316 = DIRECTION ( 'NONE',  ( -0.3579966143086414920, -0.9337228840204944147, -0.000000000000000000 ) ) ;
#3317 = SURFACE_STYLE_USAGE ( .BOTH. , #1035 ) ;
#3318 = ORIENTED_EDGE ( 'NONE', *, *, #3431, .F. ) ;
#3319 = PRESENTATION_STYLE_ASSIGNMENT (( #2594 ) ) ;
#3320 = DIRECTION ( 'NONE',  ( -0.000000000000000000, -0.000000000000000000, -1.000000000000000000 ) ) ;
#3321 = SURFACE_STYLE_FILL_AREA ( #4114 ) ;
#3322 = CARTESIAN_POINT ( 'NONE',  ( -61.98303791952559294, 15.72106524276586192, 38.10000000000000142 ) ) ;
#3323 = SURFACE_STYLE_FILL_AREA ( #3685 ) ;
#3324 = CARTESIAN_POINT ( 'NONE',  ( -63.29010308713453270, 21.16890029208335378, 38.10000000000000142 ) ) ;
#3325 = ORIENTED_EDGE ( 'NONE', *, *, #2445, .F. ) ;
#3326 = EDGE_LOOP ( 'NONE', ( #3708, #3569, #3688, #1326 ) ) ;
#3327 = EDGE_CURVE ( 'NONE', #1135, #963, #3132, .T. ) ;
#3328 = EDGE_CURVE ( 'NONE', #101, #368, #582, .T. ) ;
#3329 = FACE_OUTER_BOUND ( 'NONE', #2293, .T. ) ;
#3330 = LINE ( 'NONE', #2578, #1670 ) ;
#3331 = CARTESIAN_POINT ( 'NONE',  ( -62.20868942183281547, 11.32762300250749909, 38.10000000000000142 ) ) ;
#3332 = ORIENTED_EDGE ( 'NONE', *, *, #4659, .T. ) ;
#3333 = ADVANCED_FACE ( 'NONE', ( #4544 ), #4127, .F. ) ;
#3334 = PLANE ( 'NONE',  #1800 ) ;
#3335 = CARTESIAN_POINT ( 'NONE',  ( -27.58607964836199855, 0.5379855116554033145, 38.10000000000000142 ) ) ;
#3336 = ORIENTED_EDGE ( 'NONE', *, *, #3816, .F. ) ;
#3337 = DIRECTION ( 'NONE',  ( 0.000000000000000000, -1.000000000000000000, 0.000000000000000000 ) ) ;
#3338 =( NAMED_UNIT ( * ) PLANE_ANGLE_UNIT ( ) SI_UNIT ( $, .RADIAN. ) );
#3339 = LINE ( 'NONE', #4867, #326 ) ;
#3340 = ORIENTED_EDGE ( 'NONE', *, *, #4690, .F. ) ;
#3341 = ORIENTED_EDGE ( 'NONE', *, *, #3456, .T. ) ;
#3342 = VECTOR ( 'NONE', #2324, 999.9999999999998863 ) ;
#3343 = LINE ( 'NONE', #4892, #1894 ) ;
#3344 = DIRECTION ( 'NONE',  ( -0.000000000000000000, -0.000000000000000000, -1.000000000000000000 ) ) ;
#3345 = CARTESIAN_POINT ( 'NONE',  ( -56.58844692662011511, 16.08376167166643356, 0.000000000000000000 ) ) ;
#3346 = CARTESIAN_POINT ( 'NONE',  ( -48.04067150965667565, 17.97372293522450803, 21.60000000000000142 ) ) ;
#3347 = CARTESIAN_POINT ( 'NONE',  ( -38.56688708918884601, 9.957855956175963641, 38.10000000000000142 ) ) ;
#3348 = ORIENTED_EDGE ( 'NONE', *, *, #1703, .F. ) ;
#3349 = ORIENTED_EDGE ( 'NONE', *, *, #38, .F. ) ;
#3350 = CIRCLE ( 'NONE', #3924, 0.5000000000000004441 ) ;
#3351 = MECHANICAL_DESIGN_GEOMETRIC_PRESENTATION_REPRESENTATION (  '', ( #1392 ), #208 ) ;
#3352 = ORIENTED_EDGE ( 'NONE', *, *, #3887, .T. ) ;
#3353 = ADVANCED_FACE ( 'NONE', ( #229 ), #2944, .F. ) ;
#3354 = STYLED_ITEM ( 'NONE', ( #5005 ), #2630 ) ;
#3355 = FILL_AREA_STYLE_COLOUR ( '', #1739 ) ;
#3356 = ORIENTED_EDGE ( 'NONE', *, *, #96, .T. ) ;
#3357 = AXIS2_PLACEMENT_3D ( 'NONE', #2662, #1080, #2987 ) ;
#3358 = EDGE_CURVE ( 'NONE', #2034, #4818, #4071, .T. ) ;
#3359 = ADVANCED_FACE ( 'NONE', ( #4516 ), #949, .F. ) ;
#3360 = CARTESIAN_POINT ( 'NONE',  ( -32.79123993217881150, 21.16890029208335378, 38.10000000000000142 ) ) ;
#3361 = LINE ( 'NONE', #1340, #2614 ) ;
#3362 = AXIS2_PLACEMENT_3D ( 'NONE', #378, #752, #1541 ) ;
#3363 = LINE ( 'NONE', #4185, #1328 ) ;
#3364 = VECTOR ( 'NONE', #809, 1000.000000000000000 ) ;
#3365 = UNCERTAINTY_MEASURE_WITH_UNIT (LENGTH_MEASURE( 1.000000000000000082E-05 ), #2415, 'distance_accuracy_value', 'NONE');
#3366 = VERTEX_POINT ( 'NONE', #4633 ) ;
#3367 =( GEOMETRIC_REPRESENTATION_CONTEXT ( 3 ) GLOBAL_UNCERTAINTY_ASSIGNED_CONTEXT ( ( #2939 ) ) GLOBAL_UNIT_ASSIGNED_CONTEXT ( ( #446, #3187, #1244 ) ) REPRESENTATION_CONTEXT ( 'NONE', 'WORKASPACE' ) );
#3368 =( NAMED_UNIT ( * ) PLANE_ANGLE_UNIT ( ) SI_UNIT ( $, .RADIAN. ) );
#3369 = CARTESIAN_POINT ( 'NONE',  ( -39.49289609269322909, 16.08376167166643356, 38.10000000000000142 ) ) ;
#3370 = CARTESIAN_POINT ( 'NONE',  ( -62.16456490882490726, 7.197503527118557898, 38.10000000000000142 ) ) ;
#3371 = DIRECTION ( 'NONE',  ( -0.5093057701338493670, 0.8605856334545485264, -0.000000000000000000 ) ) ;
#3372 = DIRECTION ( 'NONE',  ( -0.000000000000000000, -0.000000000000000000, -1.000000000000000000 ) ) ;
#3373 = MECHANICAL_DESIGN_GEOMETRIC_PRESENTATION_REPRESENTATION (  '', ( #3543 ), #147 ) ;
#3374 = CARTESIAN_POINT ( 'NONE',  ( -48.04067150965667565, 17.97372293522450803, 10.90000000000000213 ) ) ;
#3375 = ORIENTED_EDGE ( 'NONE', *, *, #184, .T. ) ;
#3376 = EDGE_LOOP ( 'NONE', ( #3240, #3387, #1025, #541 ) ) ;
#3377 = CIRCLE ( 'NONE', #766, 1.799999999999999600 ) ;
#3378 = MECHANICAL_DESIGN_GEOMETRIC_PRESENTATION_REPRESENTATION (  '', ( #2212 ), #3225 ) ;
#3379 =( LENGTH_UNIT ( ) NAMED_UNIT ( * ) SI_UNIT ( .MILLI., .METRE. ) );
#3380 = AXIS2_PLACEMENT_3D ( 'NONE', #1084, #5060, #2303 ) ;
#3381 =( NAMED_UNIT ( * ) SI_UNIT ( $, .STERADIAN. ) SOLID_ANGLE_UNIT ( ) );
#3382 = SURFACE_STYLE_FILL_AREA ( #965 ) ;
#3383 =( GEOMETRIC_REPRESENTATION_CONTEXT ( 3 ) GLOBAL_UNCERTAINTY_ASSIGNED_CONTEXT ( ( #3278 ) ) GLOBAL_UNIT_ASSIGNED_CONTEXT ( ( #4606, #3896, #4266 ) ) REPRESENTATION_CONTEXT ( 'NONE', 'WORKASPACE' ) );
#3384 = MECHANICAL_DESIGN_GEOMETRIC_PRESENTATION_REPRESENTATION (  '', ( #1412 ), #1996 ) ;
#3385 = DIRECTION ( 'NONE',  ( 1.000000000000000000, 0.000000000000000000, 0.000000000000000000 ) ) ;
#3386 = PRESENTATION_LAYER_ASSIGNMENT (  '', '', ( #680 ) ) ;
#3387 = ORIENTED_EDGE ( 'NONE', *, *, #301, .F. ) ;
#3388 = VECTOR ( 'NONE', #3856, 1000.000000000000000 ) ;
#3389 =( LENGTH_UNIT ( ) NAMED_UNIT ( * ) SI_UNIT ( .MILLI., .METRE. ) );
#3390 = PRESENTATION_STYLE_ASSIGNMENT (( #181 ) ) ;
#3391 = ADVANCED_FACE ( 'NONE', ( #2668 ), #5006, .F. ) ;
#3392 = ORIENTED_EDGE ( 'NONE', *, *, #555, .F. ) ;
#3393 = DIRECTION ( 'NONE',  ( -0.000000000000000000, -0.000000000000000000, -1.000000000000000000 ) ) ;
#3394 = LINE ( 'NONE', #3078, #1151 ) ;
#3395 = COLOUR_RGB ( '',0.2980392156862745057, 0.2980392156862745057, 0.2980392156862745057 ) ;
#3396 = DIRECTION ( 'NONE',  ( -0.000000000000000000, -0.000000000000000000, -1.000000000000000000 ) ) ;
#3397 = EDGE_CURVE ( 'NONE', #2151, #2386, #4679, .T. ) ;
#3398 =( NAMED_UNIT ( * ) SI_UNIT ( $, .STERADIAN. ) SOLID_ANGLE_UNIT ( ) );
#3399 =( NAMED_UNIT ( * ) PLANE_ANGLE_UNIT ( ) SI_UNIT ( $, .RADIAN. ) );
#3400 = ORIENTED_EDGE ( 'NONE', *, *, #3072, .T. ) ;
#3401 = FILL_AREA_STYLE_COLOUR ( '', #3920 ) ;
#3402 = DIRECTION ( 'NONE',  ( 1.000000000000000000, 0.000000000000000000, 0.000000000000000000 ) ) ;
#3403 = LINE ( 'NONE', #1150, #4363 ) ;
#3404 = VERTEX_POINT ( 'NONE', #1164 ) ;
#3405 = ORIENTED_EDGE ( 'NONE', *, *, #3140, .F. ) ;
#3406 = SURFACE_STYLE_FILL_AREA ( #4997 ) ;
#3407 = FILL_AREA_STYLE_COLOUR ( '', #1572 ) ;
#3408 = DIRECTION ( 'NONE',  ( 0.000000000000000000, 0.000000000000000000, 1.000000000000000000 ) ) ;
#3409 = ORIENTED_EDGE ( 'NONE', *, *, #1476, .F. ) ;
#3410 = DIRECTION ( 'NONE',  ( 0.000000000000000000, 1.000000000000000000, 0.000000000000000000 ) ) ;
#3411 =( LENGTH_UNIT ( ) NAMED_UNIT ( * ) SI_UNIT ( .MILLI., .METRE. ) );
#3412 = CARTESIAN_POINT ( 'NONE',  ( -60.60209414900665337, 15.56738973761706646, 0.000000000000000000 ) ) ;
#3413 = ORIENTED_EDGE ( 'NONE', *, *, #4970, .T. ) ;
#3414 = LINE ( 'NONE', #4156, #3963 ) ;
#3415 = AXIS2_PLACEMENT_3D ( 'NONE', #2206, #1036, #3697 ) ;
#3416 = UNCERTAINTY_MEASURE_WITH_UNIT (LENGTH_MEASURE( 1.000000000000000082E-05 ), #2966, 'distance_accuracy_value', 'NONE');
#3417 = CARTESIAN_POINT ( 'NONE',  ( -56.58844692662011511, 0.3416086120920855396, 38.10000000000000142 ) ) ;
#3418 = DIRECTION ( 'NONE',  ( 0.000000000000000000, 0.000000000000000000, 1.000000000000000000 ) ) ;
#3419 = CARTESIAN_POINT ( 'NONE',  ( -60.96168636030116517, 16.50049929258706172, 38.10000000000000142 ) ) ;
#3420 = EDGE_CURVE ( 'NONE', #2984, #1845, #4538, .T. ) ;
#3421 = UNCERTAINTY_MEASURE_WITH_UNIT (LENGTH_MEASURE( 1.000000000000000082E-05 ), #2907, 'distance_accuracy_value', 'NONE');
#3422 = SURFACE_STYLE_USAGE ( .BOTH. , #4300 ) ;
#3423 = CARTESIAN_POINT ( 'NONE',  ( -48.04067150965667565, 16.08376167166643356, 12.70000000000000284 ) ) ;
#3424 = DIRECTION ( 'NONE',  ( 0.5722844846642898275, -0.8200551619327373087, 0.000000000000000000 ) ) ;
#3425 = CYLINDRICAL_SURFACE ( 'NONE', #3300, 0.5000000000000004441 ) ;
#3426 = DIRECTION ( 'NONE',  ( 0.000000000000000000, 0.000000000000000000, 1.000000000000000000 ) ) ;
#3427 = MECHANICAL_DESIGN_GEOMETRIC_PRESENTATION_REPRESENTATION (  '', ( #1452 ), #4205 ) ;
#3428 =( NAMED_UNIT ( * ) PLANE_ANGLE_UNIT ( ) SI_UNIT ( $, .RADIAN. ) );
#3429 = ORIENTED_EDGE ( 'NONE', *, *, #474, .F. ) ;
#3430 = EDGE_CURVE ( 'NONE', #178, #4395, #3787, .T. ) ;
#3431 = EDGE_CURVE ( 'NONE', #4168, #2527, #2153, .T. ) ;
#3432 = DIRECTION ( 'NONE',  ( -0.000000000000000000, -0.000000000000000000, -1.000000000000000000 ) ) ;
#3433 = UNCERTAINTY_MEASURE_WITH_UNIT (LENGTH_MEASURE( 1.000000000000000082E-05 ), #504, 'distance_accuracy_value', 'NONE');
#3434 = LINE ( 'NONE', #5055, #3771 ) ;
#3435 = SURFACE_STYLE_FILL_AREA ( #4976 ) ;
#3436 = DIRECTION ( 'NONE',  ( 0.000000000000000000, -1.000000000000000000, 0.000000000000000000 ) ) ;
#3437 = MECHANICAL_DESIGN_GEOMETRIC_PRESENTATION_REPRESENTATION (  '', ( #1709 ), #2118 ) ;
#3438 = VERTEX_POINT ( 'NONE', #3412 ) ;
#3439 = AXIS2_PLACEMENT_3D ( 'NONE', #141, #2429, #3308 ) ;
#3440 = CARTESIAN_POINT ( 'NONE',  ( -33.24701807344814597, 0.3416086120920746594, 38.10000000000000142 ) ) ;
#3441 = DIRECTION ( 'NONE',  ( -1.000000000000000000, 0.000000000000000000, 0.000000000000000000 ) ) ;
#3442 = SURFACE_SIDE_STYLE ('',( #1870 ) ) ;
#3443 = VECTOR ( 'NONE', #2542, 1000.000000000000000 ) ;
#3444 = ORIENTED_EDGE ( 'NONE', *, *, #4213, .F. ) ;
#3445 = CIRCLE ( 'NONE', #41, 1.800000000000001155 ) ;
#3446 = FILL_AREA_STYLE_COLOUR ( '', #2409 ) ;
#3447 = AXIS2_PLACEMENT_3D ( 'NONE', #1957, #1071, #3002 ) ;
#3448 = FILL_AREA_STYLE ('',( #2672 ) ) ;
#3449 = DIRECTION ( 'NONE',  ( 0.000000000000000000, 0.000000000000000000, 1.000000000000000000 ) ) ;
#3450 = PRESENTATION_LAYER_ASSIGNMENT (  '', '', ( #49 ) ) ;
#3451 = SURFACE_STYLE_USAGE ( .BOTH. , #671 ) ;
#3452 =( LENGTH_UNIT ( ) NAMED_UNIT ( * ) SI_UNIT ( .MILLI., .METRE. ) );
#3453 = FILL_AREA_STYLE ('',( #703 ) ) ;
#3454 = CIRCLE ( 'NONE', #1479, 0.4622135902277516029 ) ;
#3455 = DIRECTION ( 'NONE',  ( -0.000000000000000000, -0.000000000000000000, -1.000000000000000000 ) ) ;
#3456 = EDGE_CURVE ( 'NONE', #2009, #4920, #2280, .T. ) ;
#3457 = ORIENTED_EDGE ( 'NONE', *, *, #3818, .T. ) ;
#3458 = CIRCLE ( 'NONE', #143, 0.5000000000000004441 ) ;
#3459 = DIRECTION ( 'NONE',  ( -1.000000000000000000, 0.000000000000000000, 0.000000000000000000 ) ) ;
#3460 = DIRECTION ( 'NONE',  ( -0.000000000000000000, -0.000000000000000000, -1.000000000000000000 ) ) ;
#3461 = CARTESIAN_POINT ( 'NONE',  ( -34.54984631421057628, 15.67872306333906529, 38.10000000000000142 ) ) ;
#3462 = SURFACE_STYLE_USAGE ( .BOTH. , #4227 ) ;
#3463 = ADVANCED_FACE ( 'NONE', ( #4600 ), #3865, .T. ) ;
#3464 = STYLED_ITEM ( 'NONE', ( #4688 ), #4401 ) ;
#3465 = CARTESIAN_POINT ( 'NONE',  ( -68.85021745838166396, 8.520307511124615374, 0.000000000000000000 ) ) ;
#3466 = ORIENTED_EDGE ( 'NONE', *, *, #3719, .F. ) ;
#3467 = COLOUR_RGB ( '',0.2980392156862745057, 0.2980392156862745057, 0.2980392156862745057 ) ;
#3468 =( NAMED_UNIT ( * ) PLANE_ANGLE_UNIT ( ) SI_UNIT ( $, .RADIAN. ) );
#3469 = DIRECTION ( 'NONE',  ( 0.9337228840204945257, -0.3579966143086414365, 0.000000000000000000 ) ) ;
#3470 = SURFACE_STYLE_FILL_AREA ( #4315 ) ;
#3471 = AXIS2_PLACEMENT_3D ( 'NONE', #3955, #3166, #1625 ) ;
#3472 =( GEOMETRIC_REPRESENTATION_CONTEXT ( 3 ) GLOBAL_UNCERTAINTY_ASSIGNED_CONTEXT ( ( #4860 ) ) GLOBAL_UNIT_ASSIGNED_CONTEXT ( ( #4708, #1456, #2641 ) ) REPRESENTATION_CONTEXT ( 'NONE', 'WORKASPACE' ) );
#3473 = STYLED_ITEM ( 'NONE', ( #1807 ), #4584 ) ;
#3474 = ORIENTED_EDGE ( 'NONE', *, *, #1264, .F. ) ;
#3475 = ORIENTED_EDGE ( 'NONE', *, *, #4747, .T. ) ;
#3476 = MECHANICAL_DESIGN_GEOMETRIC_PRESENTATION_REPRESENTATION (  '', ( #2554 ), #3637 ) ;
#3477 = ORIENTED_EDGE ( 'NONE', *, *, #2044, .T. ) ;
#3478 =( GEOMETRIC_REPRESENTATION_CONTEXT ( 3 ) GLOBAL_UNCERTAINTY_ASSIGNED_CONTEXT ( ( #1042 ) ) GLOBAL_UNIT_ASSIGNED_CONTEXT ( ( #3970, #455, #1617 ) ) REPRESENTATION_CONTEXT ( 'NONE', 'WORKASPACE' ) );
#3479 = PRESENTATION_STYLE_ASSIGNMENT (( #1061 ) ) ;
#3480 = SURFACE_STYLE_USAGE ( .BOTH. , #1847 ) ;
#3481 = DIRECTION ( 'NONE',  ( 0.000000000000000000, 0.000000000000000000, 1.000000000000000000 ) ) ;
#3482 = SURFACE_STYLE_FILL_AREA ( #1909 ) ;
#3483 =( LENGTH_UNIT ( ) NAMED_UNIT ( * ) SI_UNIT ( .MILLI., .METRE. ) );
#3484 = DIRECTION ( 'NONE',  ( -0.6901459099388759233, 0.7236702446519691634, 0.000000000000000000 ) ) ;
#3485 =( NAMED_UNIT ( * ) PLANE_ANGLE_UNIT ( ) SI_UNIT ( $, .RADIAN. ) );
#3486 = SURFACE_STYLE_FILL_AREA ( #2659 ) ;
#3487 = DIRECTION ( 'NONE',  ( -1.000000000000000000, 0.000000000000000000, 0.000000000000000000 ) ) ;
#3488 = SURFACE_STYLE_USAGE ( .BOTH. , #3505 ) ;
#3489 = DIRECTION ( 'NONE',  ( 1.000000000000000000, 0.000000000000000000, 0.000000000000000000 ) ) ;
#3490 = CARTESIAN_POINT ( 'NONE',  ( -39.49289609269322909, 33.71587599479885711, 0.000000000000000000 ) ) ;
#3491 = ADVANCED_FACE ( 'NONE', ( #3157 ), #4415, .F. ) ;
#3492 = ORIENTED_EDGE ( 'NONE', *, *, #791, .T. ) ;
#3493 =( NAMED_UNIT ( * ) PLANE_ANGLE_UNIT ( ) SI_UNIT ( $, .RADIAN. ) );
#3494 = VERTEX_POINT ( 'NONE', #3568 ) ;
#3495 = ORIENTED_EDGE ( 'NONE', *, *, #2353, .F. ) ;
#3496 = CARTESIAN_POINT ( 'NONE',  ( -53.59067150965667992, -0.1213958896601058379, 33.09999999999999432 ) ) ;
#3497 = ORIENTED_EDGE ( 'NONE', *, *, #5054, .T. ) ;
#3498 =( NAMED_UNIT ( * ) PLANE_ANGLE_UNIT ( ) SI_UNIT ( $, .RADIAN. ) );
#3499 =( GEOMETRIC_REPRESENTATION_CONTEXT ( 3 ) GLOBAL_UNCERTAINTY_ASSIGNED_CONTEXT ( ( #2998 ) ) GLOBAL_UNIT_ASSIGNED_CONTEXT ( ( #728, #4663, #3107 ) ) REPRESENTATION_CONTEXT ( 'NONE', 'WORKASPACE' ) );
#3500 = DIRECTION ( 'NONE',  ( 1.000000000000000000, 0.000000000000000000, 0.000000000000000000 ) ) ;
#3501 =( LENGTH_UNIT ( ) NAMED_UNIT ( * ) SI_UNIT ( .MILLI., .METRE. ) );
#3502 = PRESENTATION_STYLE_ASSIGNMENT (( #4641 ) ) ;
#3503 =( NAMED_UNIT ( * ) SI_UNIT ( $, .STERADIAN. ) SOLID_ANGLE_UNIT ( ) );
#3504 = CARTESIAN_POINT ( 'NONE',  ( -68.85021745838166396, 33.12053181970672711, 0.000000000000000000 ) ) ;
#3505 = SURFACE_SIDE_STYLE ('',( #1916 ) ) ;
#3506 = DIRECTION ( 'NONE',  ( -1.000000000000000000, 0.000000000000000000, 0.000000000000000000 ) ) ;
#3507 = DIRECTION ( 'NONE',  ( -0.5893864328791068585, -0.8078512441892021778, -0.000000000000000000 ) ) ;
#3508 = EDGE_CURVE ( 'NONE', #3753, #5068, #3942, .T. ) ;
#3509 = VERTEX_POINT ( 'NONE', #1973 ) ;
#3510 = FILL_AREA_STYLE_COLOUR ( '', #2687 ) ;
#3511 = ORIENTED_EDGE ( 'NONE', *, *, #1756, .T. ) ;
#3512 = PRESENTATION_STYLE_ASSIGNMENT (( #4234 ) ) ;
#3513 = ADVANCED_FACE ( 'NONE', ( #3649 ), #2793, .T. ) ;
#3514 = CARTESIAN_POINT ( 'NONE',  ( -34.37265359748052873, 22.72986160438344072, 0.000000000000000000 ) ) ;
#3515 = VERTEX_POINT ( 'NONE', #2147 ) ;
#3516 = CARTESIAN_POINT ( 'NONE',  ( -68.13222220810143881, 0.7528379933234140564, 38.10000000000000142 ) ) ;
#3517 = DIRECTION ( 'NONE',  ( 1.000000000000000000, 0.000000000000000000, 0.000000000000000000 ) ) ;
#3518 = FACE_OUTER_BOUND ( 'NONE', #13, .T. ) ;
#3519 = EDGE_CURVE ( 'NONE', #3017, #4875, #3783, .T. ) ;
#3520 = SURFACE_SIDE_STYLE ('',( #3102 ) ) ;
#3521 = EDGE_CURVE ( 'NONE', #2276, #2352, #3330, .T. ) ;
#3522 = STYLED_ITEM ( 'NONE', ( #2377 ), #2950 ) ;
#3523 = DIRECTION ( 'NONE',  ( -0.000000000000000000, -0.000000000000000000, -1.000000000000000000 ) ) ;
#3524 =( LENGTH_UNIT ( ) NAMED_UNIT ( * ) SI_UNIT ( .MILLI., .METRE. ) );
#3525 = LINE ( 'NONE', #2679, #4344 ) ;
#3526 = PRESENTATION_STYLE_ASSIGNMENT (( #3959 ) ) ;
#3527 = DIRECTION ( 'NONE',  ( -1.000000000000000000, 0.000000000000000000, 0.000000000000000000 ) ) ;
#3528 = LINE ( 'NONE', #3031, #2188 ) ;
#3529 = UNCERTAINTY_MEASURE_WITH_UNIT (LENGTH_MEASURE( 1.000000000000000082E-05 ), #3280, 'distance_accuracy_value', 'NONE');
#3530 = CARTESIAN_POINT ( 'NONE',  ( -27.76500601735112284, 26.43928713990734281, 0.000000000000000000 ) ) ;
#3531 = CARTESIAN_POINT ( 'NONE',  ( -27.68495013829701179, 8.179853077389036997, 38.10000000000000142 ) ) ;
#3532 = FILL_AREA_STYLE ('',( #787 ) ) ;
#3533 = VECTOR ( 'NONE', #1887, 1000.000000000000000 ) ;
#3534 = ORIENTED_EDGE ( 'NONE', *, *, #3915, .F. ) ;
#3535 = ORIENTED_EDGE ( 'NONE', *, *, #4465, .T. ) ;
#3536 =( NAMED_UNIT ( * ) SI_UNIT ( $, .STERADIAN. ) SOLID_ANGLE_UNIT ( ) );
#3537 = PRESENTATION_LAYER_ASSIGNMENT (  '', '', ( #4445 ) ) ;
#3538 = LINE ( 'NONE', #2027, #4267 ) ;
#3539 = ORIENTED_EDGE ( 'NONE', *, *, #3076, .F. ) ;
#3540 = SURFACE_STYLE_USAGE ( .BOTH. , #4781 ) ;
#3541 = VERTEX_POINT ( 'NONE', #2551 ) ;
#3542 = AXIS2_PLACEMENT_3D ( 'NONE', #138, #4089, #1778 ) ;
#3543 = STYLED_ITEM ( 'NONE', ( #538 ), #4273 ) ;
#3544 = DIRECTION ( 'NONE',  ( 0.5893864328791068585, 0.8078512441892021778, 0.000000000000000000 ) ) ;
#3545 = PRESENTATION_LAYER_ASSIGNMENT (  '', '', ( #1330 ) ) ;
#3546 = ORIENTED_EDGE ( 'NONE', *, *, #2080, .F. ) ;
#3547 = DIRECTION ( 'NONE',  ( 1.000000000000000000, 0.000000000000000000, 0.000000000000000000 ) ) ;
#3548 = PRESENTATION_STYLE_ASSIGNMENT (( #1282 ) ) ;
#3549 = VECTOR ( 'NONE', #1682, 1000.000000000000000 ) ;
#3550 = SURFACE_SIDE_STYLE ('',( #3243 ) ) ;
#3551 =( GEOMETRIC_REPRESENTATION_CONTEXT ( 3 ) GLOBAL_UNCERTAINTY_ASSIGNED_CONTEXT ( ( #1876 ) ) GLOBAL_UNIT_ASSIGNED_CONTEXT ( ( #323, #4809, #5123 ) ) REPRESENTATION_CONTEXT ( 'NONE', 'WORKASPACE' ) );
#3552 = FILL_AREA_STYLE_COLOUR ( '', #4201 ) ;
#3553 = COLOUR_RGB ( '',0.2980392156862745057, 0.2980392156862745057, 0.2980392156862745057 ) ;
#3554 = AXIS2_PLACEMENT_3D ( 'NONE', #2051, #886, #4366 ) ;
#3555 = ADVANCED_FACE ( 'NONE', ( #4541 ), #995, .F. ) ;
#3556 = DIRECTION ( 'NONE',  ( 1.000000000000000000, 0.000000000000000000, 0.000000000000000000 ) ) ;
#3557 = DIRECTION ( 'NONE',  ( 1.000000000000000000, 0.000000000000000000, 0.000000000000000000 ) ) ;
#3558 = PRESENTATION_STYLE_ASSIGNMENT (( #2849 ) ) ;
#3559 = DIRECTION ( 'NONE',  ( -0.000000000000000000, -0.000000000000000000, -1.000000000000000000 ) ) ;
#3560 = VERTEX_POINT ( 'NONE', #195 ) ;
#3561 = FILL_AREA_STYLE ('',( #418 ) ) ;
#3562 = FACE_OUTER_BOUND ( 'NONE', #2333, .T. ) ;
#3563 = ORIENTED_EDGE ( 'NONE', *, *, #4879, .F. ) ;
#3564 = ORIENTED_EDGE ( 'NONE', *, *, #3456, .F. ) ;
#3565 = FILL_AREA_STYLE_COLOUR ( '', #3908 ) ;
#3566 = PRESENTATION_STYLE_ASSIGNMENT (( #428 ) ) ;
#3567 = VERTEX_POINT ( 'NONE', #1713 ) ;
#3568 = CARTESIAN_POINT ( 'NONE',  ( -32.29110189870193892, 33.34937030025223947, 38.10000000000000142 ) ) ;
#3569 = ORIENTED_EDGE ( 'NONE', *, *, #2676, .F. ) ;
#3570 = UNCERTAINTY_MEASURE_WITH_UNIT (LENGTH_MEASURE( 1.000000000000000082E-05 ), #346, 'distance_accuracy_value', 'NONE');
#3571 = SURFACE_SIDE_STYLE ('',( #1642 ) ) ;
#3572 = ORIENTED_EDGE ( 'NONE', *, *, #4429, .F. ) ;
#3573 = DIRECTION ( 'NONE',  ( -1.000000000000000000, 0.000000000000000000, 0.000000000000000000 ) ) ;
#3574 =( NAMED_UNIT ( * ) SI_UNIT ( $, .STERADIAN. ) SOLID_ANGLE_UNIT ( ) );
#3575 = FACE_OUTER_BOUND ( 'NONE', #1792, .T. ) ;
#3576 =( NAMED_UNIT ( * ) SI_UNIT ( $, .STERADIAN. ) SOLID_ANGLE_UNIT ( ) );
#3577 = FILL_AREA_STYLE_COLOUR ( '', #2836 ) ;
#3578 = FACE_OUTER_BOUND ( 'NONE', #895, .T. ) ;
#3579 = VECTOR ( 'NONE', #4031, 1000.000000000000114 ) ;
#3580 = COLOUR_RGB ( '',0.2980392156862745057, 0.2980392156862745057, 0.2980392156862745057 ) ;
#3581 = EDGE_CURVE ( 'NONE', #1379, #4983, #1257, .T. ) ;
#3582 = FACE_OUTER_BOUND ( 'NONE', #3197, .T. ) ;
#3583 = VERTEX_POINT ( 'NONE', #550 ) ;
#3584 = UNCERTAINTY_MEASURE_WITH_UNIT (LENGTH_MEASURE( 1.000000000000000082E-05 ), #450, 'distance_accuracy_value', 'NONE');
#3585 = SURFACE_SIDE_STYLE ('',( #4745 ) ) ;
#3586 = AXIS2_PLACEMENT_3D ( 'NONE', #1646, #436, #2121 ) ;
#3587 = CARTESIAN_POINT ( 'NONE',  ( -61.79487079032240615, 18.75859768483644174, 38.10000000000000142 ) ) ;
#3588 = FILL_AREA_STYLE ('',( #1585 ) ) ;
#3589 = SURFACE_STYLE_FILL_AREA ( #4726 ) ;
#3590 = EDGE_CURVE ( 'NONE', #4934, #1038, #1813, .T. ) ;
#3591 = ADVANCED_FACE ( 'NONE', ( #1331 ), #578, .F. ) ;
#3592 =( GEOMETRIC_REPRESENTATION_CONTEXT ( 3 ) GLOBAL_UNCERTAINTY_ASSIGNED_CONTEXT ( ( #2855 ) ) GLOBAL_UNIT_ASSIGNED_CONTEXT ( ( #2217, #2661, #4148 ) ) REPRESENTATION_CONTEXT ( 'NONE', 'WORKASPACE' ) );
#3593 = ORIENTED_EDGE ( 'NONE', *, *, #918, .F. ) ;
#3594 = ORIENTED_EDGE ( 'NONE', *, *, #2832, .T. ) ;
#3595 = ORIENTED_EDGE ( 'NONE', *, *, #70, .T. ) ;
#3596 = DIRECTION ( 'NONE',  ( 1.000000000000000000, 0.000000000000000000, 0.000000000000000000 ) ) ;
#3597 = STYLED_ITEM ( 'NONE', ( #1473 ), #1763 ) ;
#3598 = VERTEX_POINT ( 'NONE', #3490 ) ;
#3599 = CARTESIAN_POINT ( 'NONE',  ( -58.35634206377349642, 9.543591494498629757, 0.000000000000000000 ) ) ;
#3600 = LINE ( 'NONE', #3999, #736 ) ;
#3601 = CARTESIAN_POINT ( 'NONE',  ( -38.56688708918884601, 33.71587599479885711, 38.10000000000000142 ) ) ;
#3602 =( LENGTH_UNIT ( ) NAMED_UNIT ( * ) SI_UNIT ( .MILLI., .METRE. ) );
#3603 = CARTESIAN_POINT ( 'NONE',  ( -35.47924887030668373, 18.49009486927387158, 38.10000000000000142 ) ) ;
#3604 = CARTESIAN_POINT ( 'NONE',  ( -62.58146679511121846, 7.895427536684825220, 0.000000000000000000 ) ) ;
#3605 = VECTOR ( 'NONE', #2156, 1000.000000000000000 ) ;
#3606 = EDGE_CURVE ( 'NONE', #625, #4656, #1918, .T. ) ;
#3607 = FILL_AREA_STYLE ('',( #1938 ) ) ;
#3608 = LINE ( 'NONE', #903, #2007 ) ;
#3609 = EDGE_LOOP ( 'NONE', ( #2941, #3863, #4914, #3375 ) ) ;
#3610 = MECHANICAL_DESIGN_GEOMETRIC_PRESENTATION_REPRESENTATION (  '', ( #403 ), #2207 ) ;
#3611 = FILL_AREA_STYLE ('',( #3252 ) ) ;
#3612 = SURFACE_STYLE_USAGE ( .BOTH. , #391 ) ;
#3613 = EDGE_CURVE ( 'NONE', #913, #43, #4203, .T. ) ;
#3614 = AXIS2_PLACEMENT_3D ( 'NONE', #280, #2273, #3489 ) ;
#3615 = EDGE_LOOP ( 'NONE', ( #3894, #4169, #66, #2744 ) ) ;
#3616 = ORIENTED_EDGE ( 'NONE', *, *, #4904, .T. ) ;
#3617 = STYLED_ITEM ( 'NONE', ( #3794 ), #1543 ) ;
#3618 = CIRCLE ( 'NONE', #819, 0.5673323263053406951 ) ;
#3619 = STYLED_ITEM ( 'NONE', ( #2200 ), #1612 ) ;
#3620 = EDGE_CURVE ( 'NONE', #1644, #1116, #4565, .T. ) ;
#3621 =( LENGTH_UNIT ( ) NAMED_UNIT ( * ) SI_UNIT ( .MILLI., .METRE. ) );
#3622 = CIRCLE ( 'NONE', #1478, 1.484807796299142391 ) ;
#3623 = VECTOR ( 'NONE', #303, 1000.000000000000000 ) ;
#3624 = UNCERTAINTY_MEASURE_WITH_UNIT (LENGTH_MEASURE( 1.000000000000000082E-05 ), #5094, 'distance_accuracy_value', 'NONE');
#3625 =( GEOMETRIC_REPRESENTATION_CONTEXT ( 3 ) GLOBAL_UNCERTAINTY_ASSIGNED_CONTEXT ( ( #2537 ) ) GLOBAL_UNIT_ASSIGNED_CONTEXT ( ( #3014, #2689, #1926 ) ) REPRESENTATION_CONTEXT ( 'NONE', 'WORKASPACE' ) );
#3626 = FILL_AREA_STYLE_COLOUR ( '', #357 ) ;
#3627 = PRESENTATION_LAYER_ASSIGNMENT (  '', '', ( #663 ) ) ;
#3628 = ORIENTED_EDGE ( 'NONE', *, *, #2, .F. ) ;
#3629 = FACE_OUTER_BOUND ( 'NONE', #5059, .T. ) ;
#3630 = DIRECTION ( 'NONE',  ( -0.000000000000000000, -0.000000000000000000, -1.000000000000000000 ) ) ;
#3631 = FILL_AREA_STYLE_COLOUR ( '', #4526 ) ;
#3632 = ORIENTED_EDGE ( 'NONE', *, *, #4752, .F. ) ;
#3633 = MECHANICAL_DESIGN_GEOMETRIC_PRESENTATION_REPRESENTATION (  '', ( #3473 ), #4286 ) ;
#3634 = LINE ( 'NONE', #85, #3549 ) ;
#3635 = DIRECTION ( 'NONE',  ( 0.000000000000000000, 0.000000000000000000, 1.000000000000000000 ) ) ;
#3636 = MECHANICAL_DESIGN_GEOMETRIC_PRESENTATION_REPRESENTATION (  '', ( #1819 ), #2397 ) ;
#3637 =( GEOMETRIC_REPRESENTATION_CONTEXT ( 3 ) GLOBAL_UNCERTAINTY_ASSIGNED_CONTEXT ( ( #4138 ) ) GLOBAL_UNIT_ASSIGNED_CONTEXT ( ( #2115, #4775, #4409 ) ) REPRESENTATION_CONTEXT ( 'NONE', 'WORKASPACE' ) );
#3638 = DIRECTION ( 'NONE',  ( 1.000000000000000000, 0.000000000000000000, 0.000000000000000000 ) ) ;
#3639 = ORIENTED_EDGE ( 'NONE', *, *, #2827, .F. ) ;
#3640 = UNCERTAINTY_MEASURE_WITH_UNIT (LENGTH_MEASURE( 1.000000000000000082E-05 ), #2692, 'distance_accuracy_value', 'NONE');
#3641 = SURFACE_STYLE_USAGE ( .BOTH. , #4386 ) ;
#3642 =( GEOMETRIC_REPRESENTATION_CONTEXT ( 3 ) GLOBAL_UNCERTAINTY_ASSIGNED_CONTEXT ( ( #3663 ) ) GLOBAL_UNIT_ASSIGNED_CONTEXT ( ( #525, #2522, #942 ) ) REPRESENTATION_CONTEXT ( 'NONE', 'WORKASPACE' ) );
#3643 = SURFACE_STYLE_FILL_AREA ( #4010 ) ;
#3644 = DIRECTION ( 'NONE',  ( -0.3579966143086401598, 0.9337228840204949698, 0.000000000000000000 ) ) ;
#3645 = SURFACE_STYLE_USAGE ( .BOTH. , #1251 ) ;
#3646 = EDGE_LOOP ( 'NONE', ( #370, #477, #366, #499 ) ) ;
#3647 = ORIENTED_EDGE ( 'NONE', *, *, #5038, .T. ) ;
#3648 = VECTOR ( 'NONE', #2561, 1000.000000000000000 ) ;
#3649 = FACE_OUTER_BOUND ( 'NONE', #2160, .T. ) ;
#3650 = EDGE_CURVE ( 'NONE', #1430, #2819, #1841, .T. ) ;
#3651 = DIRECTION ( 'NONE',  ( -1.000000000000000000, 0.000000000000000000, 0.000000000000000000 ) ) ;
#3652 = VERTEX_POINT ( 'NONE', #1865 ) ;
#3653 = CARTESIAN_POINT ( 'NONE',  ( -27.76500601735112284, 26.43928713990734281, 38.10000000000000142 ) ) ;
#3654 =( NAMED_UNIT ( * ) PLANE_ANGLE_UNIT ( ) SI_UNIT ( $, .RADIAN. ) );
#3655 = DIRECTION ( 'NONE',  ( 0.6901459099388773666, -0.7236702446519679421, 0.000000000000000000 ) ) ;
#3656 = ORIENTED_EDGE ( 'NONE', *, *, #2795, .F. ) ;
#3657 = FILL_AREA_STYLE_COLOUR ( '', #48 ) ;
#3658 = DIRECTION ( 'NONE',  ( -1.000000000000000000, 0.000000000000000000, 0.000000000000000000 ) ) ;
#3659 = CARTESIAN_POINT ( 'NONE',  ( -56.58844692662011511, 33.71587599479885711, 0.000000000000000000 ) ) ;
#3660 =( LENGTH_UNIT ( ) NAMED_UNIT ( * ) SI_UNIT ( .MILLI., .METRE. ) );
#3661 = ORIENTED_EDGE ( 'NONE', *, *, #723, .T. ) ;
#3662 = CIRCLE ( 'NONE', #4652, 1.799999999999999600 ) ;
#3663 = UNCERTAINTY_MEASURE_WITH_UNIT (LENGTH_MEASURE( 1.000000000000000082E-05 ), #525, 'distance_accuracy_value', 'NONE');
#3664 = SURFACE_STYLE_USAGE ( .BOTH. , #92 ) ;
#3665 = EDGE_CURVE ( 'NONE', #3509, #4028, #1891, .T. ) ;
#3666 = ORIENTED_EDGE ( 'NONE', *, *, #3004, .T. ) ;
#3667 = EDGE_LOOP ( 'NONE', ( #2081, #3216, #1368, #4848 ) ) ;
#3668 =( GEOMETRIC_REPRESENTATION_CONTEXT ( 3 ) GLOBAL_UNCERTAINTY_ASSIGNED_CONTEXT ( ( #1066 ) ) GLOBAL_UNIT_ASSIGNED_CONTEXT ( ( #1827, #952, #1723 ) ) REPRESENTATION_CONTEXT ( 'NONE', 'WORKASPACE' ) );
#3669 = CARTESIAN_POINT ( 'NONE',  ( -68.96995260669778816, 8.173347176086082300, 38.10000000000000142 ) ) ;
#3670 = UNCERTAINTY_MEASURE_WITH_UNIT (LENGTH_MEASURE( 1.000000000000000082E-05 ), #943, 'distance_accuracy_value', 'NONE');
#3671 = EDGE_LOOP ( 'NONE', ( #3511, #2025, #469, #4392 ) ) ;
#3672 = FILL_AREA_STYLE ('',( #4931 ) ) ;
#3673 = EDGE_CURVE ( 'NONE', #1236, #3438, #686, .T. ) ;
#3674 = ORIENTED_EDGE ( 'NONE', *, *, #3759, .F. ) ;
#3675 = AXIS2_PLACEMENT_3D ( 'NONE', #302, #3112, #1580 ) ;
#3676 = DIRECTION ( 'NONE',  ( -0.000000000000000000, -0.000000000000000000, -1.000000000000000000 ) ) ;
#3677 = CYLINDRICAL_SURFACE ( 'NONE', #2839, 0.9999999999999870104 ) ;
#3678 = EDGE_CURVE ( 'NONE', #140, #2028, #1082, .T. ) ;
#3679 = EDGE_CURVE ( 'NONE', #2428, #3097, #1503, .T. ) ;
#3680 = DIRECTION ( 'NONE',  ( 0.000000000000000000, 0.000000000000000000, 1.000000000000000000 ) ) ;
#3681 = ORIENTED_EDGE ( 'NONE', *, *, #4550, .F. ) ;
#3682 = DIRECTION ( 'NONE',  ( -1.000000000000000000, 0.000000000000000000, 0.000000000000000000 ) ) ;
#3683 = VECTOR ( 'NONE', #1203, 1000.000000000000000 ) ;
#3684 =( NAMED_UNIT ( * ) SI_UNIT ( $, .STERADIAN. ) SOLID_ANGLE_UNIT ( ) );
#3685 = FILL_AREA_STYLE ('',( #2184 ) ) ;
#3686 = VECTOR ( 'NONE', #1846, 1000.000000000000000 ) ;
#3687 = VERTEX_POINT ( 'NONE', #1477 ) ;
#3688 = ORIENTED_EDGE ( 'NONE', *, *, #4782, .F. ) ;
#3689 = CARTESIAN_POINT ( 'NONE',  ( -68.40738605156792573, 8.173347176086082300, 0.000000000000000000 ) ) ;
#3690 = AXIS2_PLACEMENT_3D ( 'NONE', #77, #4758, #1674 ) ;
#3691 = DIRECTION ( 'NONE',  ( -0.5893864328791071916, 0.8078512441892020668, 0.000000000000000000 ) ) ;
#3692 = EDGE_LOOP ( 'NONE', ( #4129, #1775, #3325, #1410 ) ) ;
#3693 = VECTOR ( 'NONE', #2540, 1000.000000000000000 ) ;
#3694 =( NAMED_UNIT ( * ) SI_UNIT ( $, .STERADIAN. ) SOLID_ANGLE_UNIT ( ) );
#3695 =( LENGTH_UNIT ( ) NAMED_UNIT ( * ) SI_UNIT ( .MILLI., .METRE. ) );
#3696 = DIRECTION ( 'NONE',  ( -0.000000000000000000, -0.000000000000000000, -1.000000000000000000 ) ) ;
#3697 = DIRECTION ( 'NONE',  ( 1.000000000000000000, 0.000000000000000000, 0.000000000000000000 ) ) ;
#3698 = SURFACE_STYLE_FILL_AREA ( #2536 ) ;
#3699 = EDGE_CURVE ( 'NONE', #4875, #2386, #3011, .T. ) ;
#3700 = ORIENTED_EDGE ( 'NONE', *, *, #1934, .F. ) ;
#3701 = CIRCLE ( 'NONE', #4448, 0.4630045017521913775 ) ;
#3702 = LINE ( 'NONE', #2570, #197 ) ;
#3703 = DIRECTION ( 'NONE',  ( -0.000000000000000000, -0.000000000000000000, -1.000000000000000000 ) ) ;
#3704 = FILL_AREA_STYLE_COLOUR ( '', #2046 ) ;
#3705 = AXIS2_PLACEMENT_3D ( 'NONE', #3264, #2807, #3658 ) ;
#3706 = EDGE_LOOP ( 'NONE', ( #2989, #4359, #4290, #218 ) ) ;
#3707 = EDGE_CURVE ( 'NONE', #2921, #3202, #1984, .T. ) ;
#3708 = ORIENTED_EDGE ( 'NONE', *, *, #3958, .T. ) ;
#3709 = DIRECTION ( 'NONE',  ( -0.000000000000000000, -0.000000000000000000, -1.000000000000000000 ) ) ;
#3710 = AXIS2_PLACEMENT_3D ( 'NONE', #5091, #2769, #4707 ) ;
#3711 = SURFACE_STYLE_USAGE ( .BOTH. , #4902 ) ;
#3712 = CARTESIAN_POINT ( 'NONE',  ( -61.77839660510554154, 22.47520871931651243, 38.10000000000000142 ) ) ;
#3713 = ORIENTED_EDGE ( 'NONE', *, *, #700, .F. ) ;
#3714 =( NAMED_UNIT ( * ) PLANE_ANGLE_UNIT ( ) SI_UNIT ( $, .RADIAN. ) );
#3715 = FILL_AREA_STYLE ('',( #4855 ) ) ;
#3716 = CARTESIAN_POINT ( 'NONE',  ( -63.82416733590749658, 0.5248614593653875282, 38.10000000000000142 ) ) ;
#3717 = MECHANICAL_DESIGN_GEOMETRIC_PRESENTATION_REPRESENTATION (  '', ( #2901 ), #3235 ) ;
#3718 = VERTEX_POINT ( 'NONE', #4228 ) ;
#3719 = EDGE_CURVE ( 'NONE', #2682, #4497, #4647, .T. ) ;
#3720 = VECTOR ( 'NONE', #2915, 1000.000000000000000 ) ;
#3721 = DIRECTION ( 'NONE',  ( 0.000000000000000000, 0.000000000000000000, 1.000000000000000000 ) ) ;
#3722 = ORIENTED_EDGE ( 'NONE', *, *, #3178, .F. ) ;
#3723 = DIRECTION ( 'NONE',  ( 0.8605856334545485264, 0.5093057701338493670, -0.000000000000000000 ) ) ;
#3724 = DIRECTION ( 'NONE',  ( 0.6901459099388770335, 0.7236702446519681642, 0.000000000000000000 ) ) ;
#3725 = DIRECTION ( 'NONE',  ( -0.000000000000000000, -0.000000000000000000, -1.000000000000000000 ) ) ;
#3726 = DIRECTION ( 'NONE',  ( 0.000000000000000000, 0.000000000000000000, 1.000000000000000000 ) ) ;
#3727 = EDGE_CURVE ( 'NONE', #458, #3202, #655, .T. ) ;
#3728 = ORIENTED_EDGE ( 'NONE', *, *, #1934, .T. ) ;
#3729 = EDGE_LOOP ( 'NONE', ( #4161, #2645, #435, #314 ) ) ;
#3730 = AXIS2_PLACEMENT_3D ( 'NONE', #851, #1604, #2420 ) ;
#3731 = ADVANCED_FACE ( 'NONE', ( #3881 ), #4174, .F. ) ;
#3732 = DIRECTION ( 'NONE',  ( 0.000000000000000000, 0.000000000000000000, 1.000000000000000000 ) ) ;
#3733 = EDGE_CURVE ( 'NONE', #1379, #3811, #32, .T. ) ;
#3734 = VECTOR ( 'NONE', #467, 1000.000000000000000 ) ;
#3735 = LINE ( 'NONE', #3712, #936 ) ;
#3736 = VERTEX_POINT ( 'NONE', #2024 ) ;
#3737 =( NAMED_UNIT ( * ) PLANE_ANGLE_UNIT ( ) SI_UNIT ( $, .RADIAN. ) );
#3738 = CIRCLE ( 'NONE', #1526, 0.5000000000000004441 ) ;
#3739 = FACE_OUTER_BOUND ( 'NONE', #4054, .T. ) ;
#3740 = VERTEX_POINT ( 'NONE', #471 ) ;
#3741 = SURFACE_STYLE_USAGE ( .BOTH. , #1273 ) ;
#3742 = FACE_OUTER_BOUND ( 'NONE', #3861, .T. ) ;
#3743 = CARTESIAN_POINT ( 'NONE',  ( -63.79024112061139107, 33.34937030025223947, 38.10000000000000142 ) ) ;
#3744 = DIRECTION ( 'NONE',  ( 0.000000000000000000, 0.000000000000000000, 1.000000000000000000 ) ) ;
#3745 = ORIENTED_EDGE ( 'NONE', *, *, #3958, .F. ) ;
#3746 = COLOUR_RGB ( '',0.2980392156862745057, 0.2980392156862745057, 0.2980392156862745057 ) ;
#3747 = FILL_AREA_STYLE ('',( #1370 ) ) ;
#3748 = DIRECTION ( 'NONE',  ( -0.000000000000000000, 1.000000000000000000, -0.000000000000000000 ) ) ;
#3749 =( LENGTH_UNIT ( ) NAMED_UNIT ( * ) SI_UNIT ( .MILLI., .METRE. ) );
#3750 = LINE ( 'NONE', #4320, #2126 ) ;
#3751 = FILL_AREA_STYLE ('',( #758 ) ) ;
#3752 = SURFACE_SIDE_STYLE ('',( #3006 ) ) ;
#3753 = VERTEX_POINT ( 'NONE', #3149 ) ;
#3754 = ORIENTED_EDGE ( 'NONE', *, *, #61, .F. ) ;
#3755 = EDGE_CURVE ( 'NONE', #1278, #1613, #812, .T. ) ;
#3756 = DIRECTION ( 'NONE',  ( -0.000000000000000000, -0.000000000000000000, -1.000000000000000000 ) ) ;
#3757 =( GEOMETRIC_REPRESENTATION_CONTEXT ( 3 ) GLOBAL_UNCERTAINTY_ASSIGNED_CONTEXT ( ( #3584 ) ) GLOBAL_UNIT_ASSIGNED_CONTEXT ( ( #450, #30, #4389 ) ) REPRESENTATION_CONTEXT ( 'NONE', 'WORKASPACE' ) );
#3758 = VECTOR ( 'NONE', #104, 1000.000000000000000 ) ;
#3759 = EDGE_CURVE ( 'NONE', #4656, #4168, #1094, .T. ) ;
#3760 = ORIENTED_EDGE ( 'NONE', *, *, #3108, .F. ) ;
#3761 = MECHANICAL_DESIGN_GEOMETRIC_PRESENTATION_REPRESENTATION (  '', ( #3106 ), #1475 ) ;
#3762 = FILL_AREA_STYLE ('',( #925 ) ) ;
#3763 = SURFACE_SIDE_STYLE ('',( #122 ) ) ;
#3764 = ORIENTED_EDGE ( 'NONE', *, *, #1086, .T. ) ;
#3765 =( NAMED_UNIT ( * ) SI_UNIT ( $, .STERADIAN. ) SOLID_ANGLE_UNIT ( ) );
#3766 = UNCERTAINTY_MEASURE_WITH_UNIT (LENGTH_MEASURE( 1.000000000000000082E-05 ), #1949, 'distance_accuracy_value', 'NONE');
#3767 = CARTESIAN_POINT ( 'NONE',  ( -63.29010308713453270, 12.88858431480758604, 0.000000000000000000 ) ) ;
#3768 =( NAMED_UNIT ( * ) SI_UNIT ( $, .STERADIAN. ) SOLID_ANGLE_UNIT ( ) );
#3769 = FILL_AREA_STYLE_COLOUR ( '', #1857 ) ;
#3770 =( NAMED_UNIT ( * ) PLANE_ANGLE_UNIT ( ) SI_UNIT ( $, .RADIAN. ) );
#3771 = VECTOR ( 'NONE', #4995, 1000.000000000000000 ) ;
#3772 = AXIS2_PLACEMENT_3D ( 'NONE', #2291, #3426, #1859 ) ;
#3773 = CYLINDRICAL_SURFACE ( 'NONE', #4616, 0.5000000000000004441 ) ;
#3774 = SURFACE_STYLE_USAGE ( .BOTH. , #270 ) ;
#3775 = CARTESIAN_POINT ( 'NONE',  ( -68.31633700196221071, 7.618197466983597899, 0.000000000000000000 ) ) ;
#3776 = CARTESIAN_POINT ( 'NONE',  ( -27.68495013829701179, 8.179853077389036997, 0.000000000000000000 ) ) ;
#3777 = AXIS2_PLACEMENT_3D ( 'NONE', #1724, #2509, #3721 ) ;
#3778 = ORIENTED_EDGE ( 'NONE', *, *, #3174, .F. ) ;
#3779 = MECHANICAL_DESIGN_GEOMETRIC_PRESENTATION_REPRESENTATION (  '', ( #1006 ), #4285 ) ;
#3780 = CIRCLE ( 'NONE', #1906, 0.4622135902277516029 ) ;
#3781 = CARTESIAN_POINT ( 'NONE',  ( -34.28647222899093805, 18.75859768483644174, 38.10000000000000142 ) ) ;
#3782 = PRESENTATION_LAYER_ASSIGNMENT (  '', '', ( #3052 ) ) ;
#3783 = CIRCLE ( 'NONE', #2235, 0.5000000000000073275 ) ;
#3784 = ORIENTED_EDGE ( 'NONE', *, *, #3140, .T. ) ;
#3785 =( NAMED_UNIT ( * ) SI_UNIT ( $, .STERADIAN. ) SOLID_ANGLE_UNIT ( ) );
#3786 = PLANE ( 'NONE',  #3710 ) ;
#3787 = LINE ( 'NONE', #4259, #4120 ) ;
#3788 = ADVANCED_FACE ( 'NONE', ( #3562 ), #4701, .T. ) ;
#3789 = ORIENTED_EDGE ( 'NONE', *, *, #2328, .F. ) ;
#3790 = LINE ( 'NONE', #5067, #3314 ) ;
#3791 = CARTESIAN_POINT ( 'NONE',  ( -34.94532355148813707, 17.10460652725317487, 0.000000000000000000 ) ) ;
#3792 =( GEOMETRIC_REPRESENTATION_CONTEXT ( 3 ) GLOBAL_UNCERTAINTY_ASSIGNED_CONTEXT ( ( #478 ) ) GLOBAL_UNIT_ASSIGNED_CONTEXT ( ( #1434, #2993, #318 ) ) REPRESENTATION_CONTEXT ( 'NONE', 'WORKASPACE' ) );
#3793 = CARTESIAN_POINT ( 'NONE',  ( -48.04067150965667565, -0.1213958896601058379, 12.70000000000000284 ) ) ;
#3794 = PRESENTATION_STYLE_ASSIGNMENT (( #3840 ) ) ;
#3795 = EDGE_CURVE ( 'NONE', #2040, #4956, #862, .T. ) ;
#3796 = DIRECTION ( 'NONE',  ( 1.000000000000000000, 0.000000000000000000, 0.000000000000000000 ) ) ;
#3797 = ADVANCED_FACE ( 'NONE', ( #3175 ), #4411, .T. ) ;
#3798 = VECTOR ( 'NONE', #527, 1000.000000000000000 ) ;
#3799 = LINE ( 'NONE', #2513, #2436 ) ;
#3800 = PRESENTATION_STYLE_ASSIGNMENT (( #2514 ) ) ;
#3801 =( NAMED_UNIT ( * ) SI_UNIT ( $, .STERADIAN. ) SOLID_ANGLE_UNIT ( ) );
#3802 = CARTESIAN_POINT ( 'NONE',  ( -27.23112556093168735, 25.53717709576632444, 38.10000000000000142 ) ) ;
#3803 = ORIENTED_EDGE ( 'NONE', *, *, #749, .F. ) ;
#3804 = DIRECTION ( 'NONE',  ( -0.000000000000000000, -0.000000000000000000, -1.000000000000000000 ) ) ;
#3805 = ORIENTED_EDGE ( 'NONE', *, *, #4032, .F. ) ;
#3806 = SURFACE_STYLE_USAGE ( .BOTH. , #3827 ) ;
#3807 = CARTESIAN_POINT ( 'NONE',  ( -56.58844692662011511, 16.08376167166643356, 0.000000000000000000 ) ) ;
#3808 = ORIENTED_EDGE ( 'NONE', *, *, #3206, .F. ) ;
#3809 = FILL_AREA_STYLE ('',( #3013 ) ) ;
#3810 = PRESENTATION_STYLE_ASSIGNMENT (( #2610 ) ) ;
#3811 = VERTEX_POINT ( 'NONE', #2071 ) ;
#3812 = DIRECTION ( 'NONE',  ( -0.000000000000000000, -0.000000000000000000, -1.000000000000000000 ) ) ;
#3813 = PRESENTATION_STYLE_ASSIGNMENT (( #3480 ) ) ;
#3814 = DIRECTION ( 'NONE',  ( -0.5722844846642902716, 0.8200551619327370867, 0.000000000000000000 ) ) ;
#3815 = EDGE_CURVE ( 'NONE', #429, #4236, #4108, .T. ) ;
#3816 = EDGE_CURVE ( 'NONE', #37, #3279, #522, .T. ) ;
#3817 = FILL_AREA_STYLE ('',( #291 ) ) ;
#3818 = EDGE_CURVE ( 'NONE', #1048, #120, #2878, .T. ) ;
#3819 = CYLINDRICAL_SURFACE ( 'NONE', #4918, 0.8129607037970152383 ) ;
#3820 = DIRECTION ( 'NONE',  ( -0.000000000000000000, -0.000000000000000000, -1.000000000000000000 ) ) ;
#3821 = CARTESIAN_POINT ( 'NONE',  ( -34.28647222899093805, 15.29888692205449630, 38.10000000000000142 ) ) ;
#3822 = ORIENTED_EDGE ( 'NONE', *, *, #3519, .F. ) ;
#3823 = CIRCLE ( 'NONE', #2195, 0.4630045017521913775 ) ;
#3824 = LINE ( 'NONE', #4994, #2112 ) ;
#3825 =( NAMED_UNIT ( * ) SI_UNIT ( $, .STERADIAN. ) SOLID_ANGLE_UNIT ( ) );
#3826 = DIRECTION ( 'NONE',  ( 0.000000000000000000, 0.000000000000000000, 1.000000000000000000 ) ) ;
#3827 = SURFACE_SIDE_STYLE ('',( #685 ) ) ;
#3828 =( LENGTH_UNIT ( ) NAMED_UNIT ( * ) SI_UNIT ( .MILLI., .METRE. ) );
#3829 = SURFACE_STYLE_FILL_AREA ( #1787 ) ;
#3830 = VERTEX_POINT ( 'NONE', #4917 ) ;
#3831 = AXIS2_PLACEMENT_3D ( 'NONE', #1008, #2562, #4133 ) ;
#3832 = DIRECTION ( 'NONE',  ( -1.000000000000000000, 0.000000000000000000, 0.000000000000000000 ) ) ;
#3833 = FACE_OUTER_BOUND ( 'NONE', #2965, .T. ) ;
#3834 =( NAMED_UNIT ( * ) PLANE_ANGLE_UNIT ( ) SI_UNIT ( $, .RADIAN. ) );
#3835 = ORIENTED_EDGE ( 'NONE', *, *, #342, .F. ) ;
#3836 = VECTOR ( 'NONE', #4741, 1000.000000000000000 ) ;
#3837 = VECTOR ( 'NONE', #2430, 1000.000000000000000 ) ;
#3838 = VERTEX_POINT ( 'NONE', #3346 ) ;
#3839 = PRESENTATION_STYLE_ASSIGNMENT (( #4985 ) ) ;
#3840 = SURFACE_STYLE_USAGE ( .BOTH. , #2238 ) ;
#3841 = STYLED_ITEM ( 'NONE', ( #3566 ), #2695 ) ;
#3842 = CARTESIAN_POINT ( 'NONE',  ( -34.54984631421057628, 15.67872306333906529, 0.000000000000000000 ) ) ;
#3843 = MECHANICAL_DESIGN_GEOMETRIC_PRESENTATION_REPRESENTATION (  '', ( #3617 ), #3551 ) ;
#3844 = VECTOR ( 'NONE', #94, 1000.000000000000000 ) ;
#3845 = FACE_OUTER_BOUND ( 'NONE', #2041, .T. ) ;
#3846 = DIRECTION ( 'NONE',  ( -0.000000000000000000, -0.000000000000000000, -1.000000000000000000 ) ) ;
#3847 = EDGE_CURVE ( 'NONE', #3736, #3718, #909, .T. ) ;
#3848 = EDGE_CURVE ( 'NONE', #2338, #2428, #1905, .T. ) ;
#3849 = CARTESIAN_POINT ( 'NONE',  ( -35.47924887030668373, 18.49009486927387158, 38.10000000000000142 ) ) ;
#3850 = AXIS2_PLACEMENT_3D ( 'NONE', #4991, #679, #2243 ) ;
#3851 = CARTESIAN_POINT ( 'NONE',  ( -37.72500095553984067, 24.51389311239231006, 0.000000000000000000 ) ) ;
#3852 = LINE ( 'NONE', #1609, #803 ) ;
#3853 = CARTESIAN_POINT ( 'NONE',  ( -61.79866184086645120, 23.01600384671558785, 38.10000000000000142 ) ) ;
#3854 = PRESENTATION_LAYER_ASSIGNMENT (  '', '', ( #1814 ) ) ;
#3855 = VECTOR ( 'NONE', #875, 1000.000000000000114 ) ;
#3856 = DIRECTION ( 'NONE',  ( -1.000000000000000000, -0.000000000000000000, -0.000000000000000000 ) ) ;
#3857 = ADVANCED_FACE ( 'NONE', ( #2092 ), #598, .F. ) ;
#3858 = APPLICATION_PROTOCOL_DEFINITION ( 'draft international standard', 'automotive_design', 1998, #859 ) ;
#3859 = VECTOR ( 'NONE', #2127, 1000.000000000000000 ) ;
#3860 = VECTOR ( 'NONE', #3041, 1000.000000000000000 ) ;
#3861 = EDGE_LOOP ( 'NONE', ( #4755, #2924, #2925, #1281 ) ) ;
#3862 = DIRECTION ( 'NONE',  ( -0.000000000000000000, -0.000000000000000000, -1.000000000000000000 ) ) ;
#3863 = ORIENTED_EDGE ( 'NONE', *, *, #600, .F. ) ;
#3864 = SURFACE_SIDE_STYLE ('',( #2306 ) ) ;
#3865 = CYLINDRICAL_SURFACE ( 'NONE', #3554, 0.5118843026691993758 ) ;
#3866 = STYLED_ITEM ( 'NONE', ( #1771 ), #2388 ) ;
#3867 = VECTOR ( 'NONE', #2559, 1000.000000000000000 ) ;
#3868 = PRESENTATION_LAYER_ASSIGNMENT (  '', '', ( #2319 ) ) ;
#3869 = ORIENTED_EDGE ( 'NONE', *, *, #4630, .T. ) ;
#3870 = PRESENTATION_LAYER_ASSIGNMENT (  '', '', ( #926 ) ) ;
#3871 = DIRECTION ( 'NONE',  ( -0.000000000000000000, -0.000000000000000000, -1.000000000000000000 ) ) ;
#3872 = CARTESIAN_POINT ( 'NONE',  ( -34.94532355148813707, 17.10460652725317487, 0.000000000000000000 ) ) ;
#3873 =( LENGTH_UNIT ( ) NAMED_UNIT ( * ) SI_UNIT ( .MILLI., .METRE. ) );
#3874 = PLANE ( 'NONE',  #2940 ) ;
#3875 = DIRECTION ( 'NONE',  ( 0.000000000000000000, 0.000000000000000000, 1.000000000000000000 ) ) ;
#3876 = AXIS2_PLACEMENT_3D ( 'NONE', #1260, #4394, #3544 ) ;
#3877 = SURFACE_STYLE_USAGE ( .BOTH. , #762 ) ;
#3878 = ORIENTED_EDGE ( 'NONE', *, *, #1178, .T. ) ;
#3879 = DIRECTION ( 'NONE',  ( 0.000000000000000000, 0.000000000000000000, 1.000000000000000000 ) ) ;
#3880 = FILL_AREA_STYLE_COLOUR ( '', #2374 ) ;
#3881 = FACE_OUTER_BOUND ( 'NONE', #2555, .T. ) ;
#3882 = EDGE_CURVE ( 'NONE', #1902, #1307, #3254, .T. ) ;
#3883 = ORIENTED_EDGE ( 'NONE', *, *, #3978, .F. ) ;
#3884 = VERTEX_POINT ( 'NONE', #2473 ) ;
#3885 = CARTESIAN_POINT ( 'NONE',  ( -63.29010308713453270, 12.88858431480758426, 38.10000000000000142 ) ) ;
#3886 = EDGE_CURVE ( 'NONE', #4853, #4802, #3214, .T. ) ;
#3887 = EDGE_CURVE ( 'NONE', #1425, #172, #67, .T. ) ;
#3888 = DIRECTION ( 'NONE',  ( -0.000000000000000000, -0.000000000000000000, -1.000000000000000000 ) ) ;
#3889 = ORIENTED_EDGE ( 'NONE', *, *, #1259, .T. ) ;
#3890 = CARTESIAN_POINT ( 'NONE',  ( -27.23112556093167669, 0.9369527871842114886, 38.10000000000000142 ) ) ;
#3891 = EDGE_LOOP ( 'NONE', ( #2247, #1112, #3096, #1939 ) ) ;
#3892 = CARTESIAN_POINT ( 'NONE',  ( -68.40738605156792573, 8.173347176086082300, 38.10000000000000142 ) ) ;
#3893 = MANIFOLD_SOLID_BREP ( 'Cut-Extrude1', #2627 ) ;
#3894 = ORIENTED_EDGE ( 'NONE', *, *, #3699, .T. ) ;
#3895 = CARTESIAN_POINT ( 'NONE',  ( -48.04067150965667565, -0.1213958896601058379, 21.60000000000000142 ) ) ;
#3896 =( NAMED_UNIT ( * ) PLANE_ANGLE_UNIT ( ) SI_UNIT ( $, .RADIAN. ) );
#3897 = LINE ( 'NONE', #380, #5021 ) ;
#3898 = VECTOR ( 'NONE', #1172, 1000.000000000000000 ) ;
#3899 = FILL_AREA_STYLE_COLOUR ( '', #735 ) ;
#3900 =( NAMED_UNIT ( * ) PLANE_ANGLE_UNIT ( ) SI_UNIT ( $, .RADIAN. ) );
#3901 = CYLINDRICAL_SURFACE ( 'NONE', #2159, 0.5118843026691993758 ) ;
#3902 = DIRECTION ( 'NONE',  ( -0.5722844846642898275, -0.8200551619327373087, -0.000000000000000000 ) ) ;
#3903 = EDGE_CURVE ( 'NONE', #475, #625, #3121, .T. ) ;
#3904 = CARTESIAN_POINT ( 'NONE',  ( -63.82416733590749658, 33.53262314752554829, 38.10000000000000142 ) ) ;
#3905 = CARTESIAN_POINT ( 'NONE',  ( -27.23112556093168735, 25.53717709576632444, 38.10000000000000142 ) ) ;
#3906 = CARTESIAN_POINT ( 'NONE',  ( -37.00649020369969833, 23.91046158708940439, 38.10000000000000142 ) ) ;
#3907 = DIRECTION ( 'NONE',  ( -0.000000000000000000, -0.000000000000000000, -1.000000000000000000 ) ) ;
#3908 = COLOUR_RGB ( '',0.2980392156862745057, 0.2980392156862745057, 0.2980392156862745057 ) ;
#3909 = ORIENTED_EDGE ( 'NONE', *, *, #1504, .F. ) ;
#3910 = ORIENTED_EDGE ( 'NONE', *, *, #4368, .F. ) ;
#3911 = SURFACE_SIDE_STYLE ('',( #3938 ) ) ;
#3912 =( GEOMETRIC_REPRESENTATION_CONTEXT ( 3 ) GLOBAL_UNCERTAINTY_ASSIGNED_CONTEXT ( ( #4496 ) ) GLOBAL_UNIT_ASSIGNED_CONTEXT ( ( #3524, #2344, #2732 ) ) REPRESENTATION_CONTEXT ( 'NONE', 'WORKASPACE' ) );
#3913 = VERTEX_POINT ( 'NONE', #4192 ) ;
#3914 = PRESENTATION_STYLE_ASSIGNMENT (( #2357 ) ) ;
#3915 = EDGE_CURVE ( 'NONE', #2386, #3151, #416, .T. ) ;
#3916 = UNCERTAINTY_MEASURE_WITH_UNIT (LENGTH_MEASURE( 1.000000000000000082E-05 ), #681, 'distance_accuracy_value', 'NONE');
#3917 = SURFACE_SIDE_STYLE ('',( #3159 ) ) ;
#3918 = ORIENTED_EDGE ( 'NONE', *, *, #2676, .T. ) ;
#3919 = CYLINDRICAL_SURFACE ( 'NONE', #3586, 0.8129607037970152383 ) ;
#3920 = COLOUR_RGB ( '',0.2980392156862745057, 0.2980392156862745057, 0.2980392156862745057 ) ;
#3921 = DIRECTION ( 'NONE',  ( -0.3579966143086414365, -0.9337228840204945257, 0.000000000000000000 ) ) ;
#3922 = FILL_AREA_STYLE_COLOUR ( '', #1740 ) ;
#3923 = DIRECTION ( 'NONE',  ( -0.000000000000000000, -0.000000000000000000, -1.000000000000000000 ) ) ;
#3924 = AXIS2_PLACEMENT_3D ( 'NONE', #1118, #3871, #4182 ) ;
#3925 = DIRECTION ( 'NONE',  ( 0.000000000000000000, -1.000000000000000000, 0.000000000000000000 ) ) ;
#3926 = DIRECTION ( 'NONE',  ( -1.000000000000000000, 0.000000000000000000, 0.000000000000000000 ) ) ;
#3927 =( NAMED_UNIT ( * ) SI_UNIT ( $, .STERADIAN. ) SOLID_ANGLE_UNIT ( ) );
#3928 = LINE ( 'NONE', #414, #973 ) ;
#3929 =( NAMED_UNIT ( * ) SI_UNIT ( $, .STERADIAN. ) SOLID_ANGLE_UNIT ( ) );
#3930 = PRESENTATION_LAYER_ASSIGNMENT (  '', '', ( #1969 ) ) ;
#3931 = FILL_AREA_STYLE_COLOUR ( '', #340 ) ;
#3932 = VERTEX_POINT ( 'NONE', #4276 ) ;
#3933 = CARTESIAN_POINT ( 'NONE',  ( -35.11965665901217903, 16.50049929258706172, 38.10000000000000142 ) ) ;
#3934 = LINE ( 'NONE', #2422, #1232 ) ;
#3935 = PRESENTATION_STYLE_ASSIGNMENT (( #4390 ) ) ;
#3936 = ORIENTED_EDGE ( 'NONE', *, *, #1986, .T. ) ;
#3937 = ORIENTED_EDGE ( 'NONE', *, *, #2896, .F. ) ;
#3938 = SURFACE_STYLE_FILL_AREA ( #2884 ) ;
#3939 = CARTESIAN_POINT ( 'NONE',  ( -61.77839660510554154, 22.47520871931651243, 38.10000000000000142 ) ) ;
#3940 = ORIENTED_EDGE ( 'NONE', *, *, #783, .F. ) ;
#3941 =( LENGTH_UNIT ( ) NAMED_UNIT ( * ) SI_UNIT ( .MILLI., .METRE. ) );
#3942 = LINE ( 'NONE', #4019, #511 ) ;
#3943 = VERTEX_POINT ( 'NONE', #1105 ) ;
#3944 = COLOUR_RGB ( '',0.2980392156862745057, 0.2980392156862745057, 0.2980392156862745057 ) ;
#3945 = EDGE_LOOP ( 'NONE', ( #1554, #4527, #4634, #4785 ) ) ;
#3946 = CARTESIAN_POINT ( 'NONE',  ( -56.58844692662011511, 17.97372293522450803, 38.10000000000000142 ) ) ;
#3947 = CARTESIAN_POINT ( 'NONE',  ( -63.29010308713453270, 12.88858431480758604, 38.10000000000000142 ) ) ;
#3948 = VECTOR ( 'NONE', #2435, 1000.000000000000000 ) ;
#3949 = SURFACE_STYLE_FILL_AREA ( #47 ) ;
#3950 = EDGE_CURVE ( 'NONE', #744, #1608, #2797, .T. ) ;
#3951 = SURFACE_STYLE_FILL_AREA ( #4346 ) ;
#3952 = STYLED_ITEM ( 'NONE', ( #3813 ), #2440 ) ;
#3953 = VECTOR ( 'NONE', #3015, 999.9999999999998863 ) ;
#3954 = CARTESIAN_POINT ( 'NONE',  ( -33.24701807344814597, 0.3416086120920746594, 0.000000000000000000 ) ) ;
#3955 = CARTESIAN_POINT ( 'NONE',  ( -62.92826796480854767, 12.54351135983814203, 38.10000000000000142 ) ) ;
#3956 = DIRECTION ( 'NONE',  ( 1.000000000000000000, 0.000000000000000000, 0.000000000000000000 ) ) ;
#3957 = EDGE_CURVE ( 'NONE', #1659, #913, #4246, .T. ) ;
#3958 = EDGE_CURVE ( 'NONE', #1433, #1163, #1470, .T. ) ;
#3959 = SURFACE_STYLE_USAGE ( .BOTH. , #4743 ) ;
#3960 = FACE_OUTER_BOUND ( 'NONE', #4371, .T. ) ;
#3961 = ORIENTED_EDGE ( 'NONE', *, *, #4636, .F. ) ;
#3962 = CARTESIAN_POINT ( 'NONE',  ( -34.72973881428544729, 7.197503527118557898, 0.000000000000000000 ) ) ;
#3963 = VECTOR ( 'NONE', #748, 1000.000000000000000 ) ;
#3964 = DIRECTION ( 'NONE',  ( -0.3579966143086401598, -0.9337228840204949698, -0.000000000000000000 ) ) ;
#3965 = CARTESIAN_POINT ( 'NONE',  ( -39.49289609269322909, 0.3416086120920855951, 38.10000000000000142 ) ) ;
#3966 = ORIENTED_EDGE ( 'NONE', *, *, #792, .F. ) ;
#3967 = SURFACE_STYLE_USAGE ( .BOTH. , #4751 ) ;
#3968 =( NAMED_UNIT ( * ) PLANE_ANGLE_UNIT ( ) SI_UNIT ( $, .RADIAN. ) );
#3969 = ORIENTED_EDGE ( 'NONE', *, *, #622, .F. ) ;
#3970 =( LENGTH_UNIT ( ) NAMED_UNIT ( * ) SI_UNIT ( .MILLI., .METRE. ) );
#3971 = UNCERTAINTY_MEASURE_WITH_UNIT (LENGTH_MEASURE( 1.000000000000000082E-05 ), #1795, 'distance_accuracy_value', 'NONE');
#3972 = CARTESIAN_POINT ( 'NONE',  ( -62.20868942183281547, 11.32762300250749909, 38.10000000000000142 ) ) ;
#3973 = ORIENTED_EDGE ( 'NONE', *, *, #1534, .F. ) ;
#3974 = CYLINDRICAL_SURFACE ( 'NONE', #2270, 0.4622135902277516029 ) ;
#3975 = DIRECTION ( 'NONE',  ( -1.000000000000000000, 0.000000000000000000, 0.000000000000000000 ) ) ;
#3976 =( NAMED_UNIT ( * ) PLANE_ANGLE_UNIT ( ) SI_UNIT ( $, .RADIAN. ) );
#3977 = ORIENTED_EDGE ( 'NONE', *, *, #161, .T. ) ;
#3978 = EDGE_CURVE ( 'NONE', #1163, #3830, #1174, .T. ) ;
#3979 = FACE_BOUND ( 'NONE', #1871, .T. ) ;
#3980 = LINE ( 'NONE', #466, #3948 ) ;
#3981 = EDGE_CURVE ( 'NONE', #790, #5068, #577, .T. ) ;
#3982 = CARTESIAN_POINT ( 'NONE',  ( -37.72500095553984067, 9.543591494498629757, 0.000000000000000000 ) ) ;
#3983 = PRESENTATION_LAYER_ASSIGNMENT (  '', '', ( #1130 ) ) ;
#3984 = VECTOR ( 'NONE', #4522, 1000.000000000000000 ) ;
#3985 = EDGE_CURVE ( 'NONE', #2601, #2251, #3289, .T. ) ;
#3986 = VERTEX_POINT ( 'NONE', #1498 ) ;
#3987 = UNCERTAINTY_MEASURE_WITH_UNIT (LENGTH_MEASURE( 1.000000000000000082E-05 ), #111, 'distance_accuracy_value', 'NONE');
#3988 = CIRCLE ( 'NONE', #2348, 0.5000000000000004441 ) ;
#3989 = DIRECTION ( 'NONE',  ( -0.000000000000000000, 1.000000000000000000, -0.000000000000000000 ) ) ;
#3990 = ORIENTED_EDGE ( 'NONE', *, *, #472, .T. ) ;
#3991 = VERTEX_POINT ( 'NONE', #730 ) ;
#3992 = FILL_AREA_STYLE ('',( #2425 ) ) ;
#3993 = SURFACE_STYLE_USAGE ( .BOTH. , #2077 ) ;
#3994 = VERTEX_POINT ( 'NONE', #1834 ) ;
#3995 = CARTESIAN_POINT ( 'NONE',  ( -63.79024112061139107, 33.34937030025223947, 38.10000000000000142 ) ) ;
#3996 =( GEOMETRIC_REPRESENTATION_CONTEXT ( 3 ) GLOBAL_UNCERTAINTY_ASSIGNED_CONTEXT ( ( #643 ) ) GLOBAL_UNIT_ASSIGNED_CONTEXT ( ( #1886, #4696, #707 ) ) REPRESENTATION_CONTEXT ( 'NONE', 'WORKASPACE' ) );
#3997 = ORIENTED_EDGE ( 'NONE', *, *, #700, .T. ) ;
#3998 = CARTESIAN_POINT ( 'NONE',  ( -27.23112556093167669, 33.12053181970672711, 0.000000000000000000 ) ) ;
#3999 = CARTESIAN_POINT ( 'NONE',  ( -68.31633700196223913, 34.02264186384773836, 38.10000000000000142 ) ) ;
#4000 = CARTESIAN_POINT ( 'NONE',  ( -27.23112556093168735, 8.520307511124615374, 38.10000000000000142 ) ) ;
#4001 = EDGE_CURVE ( 'NONE', #2251, #1231, #214, .T. ) ;
#4002 = DIRECTION ( 'NONE',  ( 1.000000000000000000, 0.000000000000000000, 0.000000000000000000 ) ) ;
#4003 = CIRCLE ( 'NONE', #2521, 0.5625665551298592026 ) ;
#4004 = CARTESIAN_POINT ( 'NONE',  ( -48.04067150965667565, -0.1213958896601058379, 19.80000000000000071 ) ) ;
#4005 = VECTOR ( 'NONE', #4847, 1000.000000000000000 ) ;
#4006 =( GEOMETRIC_REPRESENTATION_CONTEXT ( 3 ) GLOBAL_UNCERTAINTY_ASSIGNED_CONTEXT ( ( #110 ) ) GLOBAL_UNIT_ASSIGNED_CONTEXT ( ( #2459, #4030, #2061 ) ) REPRESENTATION_CONTEXT ( 'NONE', 'WORKASPACE' ) );
#4007 = ORIENTED_EDGE ( 'NONE', *, *, #2360, .T. ) ;
#4008 = MECHANICAL_DESIGN_GEOMETRIC_PRESENTATION_REPRESENTATION (  '', ( #4263 ), #2864 ) ;
#4009 = DIRECTION ( 'NONE',  ( -1.000000000000000000, 0.000000000000000000, 0.000000000000000000 ) ) ;
#4010 = FILL_AREA_STYLE ('',( #2835 ) ) ;
#4011 = LINE ( 'NONE', #4041, #4596 ) ;
#4012 = EDGE_CURVE ( 'NONE', #1842, #58, #3403, .T. ) ;
#4013 = DIRECTION ( 'NONE',  ( -0.000000000000000000, -0.000000000000000000, -1.000000000000000000 ) ) ;
#4014 = AXIS2_PLACEMENT_3D ( 'NONE', #1448, #1502, #4564 ) ;
#4015 = EDGE_LOOP ( 'NONE', ( #2658, #1304, #4712, #980 ) ) ;
#4016 = ORIENTED_EDGE ( 'NONE', *, *, #2321, .F. ) ;
#4017 = VECTOR ( 'NONE', #3021, 1000.000000000000000 ) ;
#4018 = SURFACE_SIDE_STYLE ('',( #2004 ) ) ;
#4019 = CARTESIAN_POINT ( 'NONE',  ( -34.37265359748052873, 11.32762300250749909, 38.10000000000000142 ) ) ;
#4020 = CIRCLE ( 'NONE', #1809, 0.5000000000000004441 ) ;
#4021 = UNCERTAINTY_MEASURE_WITH_UNIT (LENGTH_MEASURE( 1.000000000000000082E-05 ), #4229, 'distance_accuracy_value', 'NONE');
#4022 = DIRECTION ( 'NONE',  ( 1.000000000000000000, 0.000000000000000000, 0.000000000000000000 ) ) ;
#4023 = AXIS2_PLACEMENT_3D ( 'NONE', #4352, #2018, #2755 ) ;
#4024 = ORIENTED_EDGE ( 'NONE', *, *, #3100, .F. ) ;
#4025 = CARTESIAN_POINT ( 'NONE',  ( -34.70865054970229124, 27.04394614692273535, 38.10000000000000142 ) ) ;
#4026 = SURFACE_STYLE_USAGE ( .BOTH. , #2826 ) ;
#4027 = AXIS2_PLACEMENT_3D ( 'NONE', #12, #2818, #2762 ) ;
#4028 = VERTEX_POINT ( 'NONE', #2624 ) ;
#4029 = COLOUR_RGB ( '',0.2980392156862745057, 0.2980392156862745057, 0.2980392156862745057 ) ;
#4030 =( NAMED_UNIT ( * ) PLANE_ANGLE_UNIT ( ) SI_UNIT ( $, .RADIAN. ) );
#4031 = DIRECTION ( 'NONE',  ( 0.6901459099388774776, -0.7236702446519676091, 0.000000000000000000 ) ) ;
#4032 = EDGE_CURVE ( 'NONE', #696, #37, #1090, .T. ) ;
#4033 = FILL_AREA_STYLE_COLOUR ( '', #237 ) ;
#4034 = PRESENTATION_LAYER_ASSIGNMENT (  '', '', ( #2234 ) ) ;
#4035 =( GEOMETRIC_REPRESENTATION_CONTEXT ( 3 ) GLOBAL_UNCERTAINTY_ASSIGNED_CONTEXT ( ( #1645 ) ) GLOBAL_UNIT_ASSIGNED_CONTEXT ( ( #113, #4164, #2139 ) ) REPRESENTATION_CONTEXT ( 'NONE', 'WORKASPACE' ) );
#4036 = SURFACE_SIDE_STYLE ('',( #2019 ) ) ;
#4037 = ORIENTED_EDGE ( 'NONE', *, *, #3673, .F. ) ;
#4038 = UNCERTAINTY_MEASURE_WITH_UNIT (LENGTH_MEASURE( 1.000000000000000082E-05 ), #4476, 'distance_accuracy_value', 'NONE');
#4039 =( NAMED_UNIT ( * ) PLANE_ANGLE_UNIT ( ) SI_UNIT ( $, .RADIAN. ) );
#4040 = PRESENTATION_STYLE_ASSIGNMENT (( #2468 ) ) ;
#4041 = CARTESIAN_POINT ( 'NONE',  ( -57.51445593012449820, 24.09962865071497617, 38.10000000000000142 ) ) ;
#4042 = CARTESIAN_POINT ( 'NONE',  ( -27.58607964836199855, 33.51949909523553828, 38.10000000000000142 ) ) ;
#4043 = ORIENTED_EDGE ( 'NONE', *, *, #1987, .F. ) ;
#4044 = ORIENTED_EDGE ( 'NONE', *, *, #1047, .F. ) ;
#4045 = ORIENTED_EDGE ( 'NONE', *, *, #4842, .T. ) ;
#4046 = DIRECTION ( 'NONE',  ( 1.000000000000000000, 0.000000000000000000, 0.000000000000000000 ) ) ;
#4047 = EDGE_CURVE ( 'NONE', #162, #2002, #3458, .T. ) ;
#4048 = DIRECTION ( 'NONE',  ( -0.5093057701338493670, -0.8605856334545485264, 0.000000000000000000 ) ) ;
#4049 = DIRECTION ( 'NONE',  ( -1.000000000000000000, 0.000000000000000000, 0.000000000000000000 ) ) ;
#4050 = EDGE_CURVE ( 'NONE', #4552, #939, #498, .T. ) ;
#4051 = ORIENTED_EDGE ( 'NONE', *, *, #1853, .T. ) ;
#4052 = EDGE_CURVE ( 'NONE', #1679, #3017, #704, .T. ) ;
#4053 = CARTESIAN_POINT ( 'NONE',  ( -33.58336787123207756, 12.79816424490507210, 38.10000000000000142 ) ) ;
#4054 = EDGE_LOOP ( 'NONE', ( #1706, #500, #2899, #1822 ) ) ;
#4055 = CARTESIAN_POINT ( 'NONE',  ( -61.77839660510554154, 22.47520871931651243, 0.000000000000000000 ) ) ;
#4056 = FACE_OUTER_BOUND ( 'NONE', #1277, .T. ) ;
#4057 = DIRECTION ( 'NONE',  ( 1.000000000000000000, 0.000000000000000000, 0.000000000000000000 ) ) ;
#4058 = ORIENTED_EDGE ( 'NONE', *, *, #386, .T. ) ;
#4059 = CARTESIAN_POINT ( 'NONE',  ( -33.87265359748052873, 22.72986160438344072, 38.10000000000000142 ) ) ;
#4060 = PRESENTATION_STYLE_ASSIGNMENT (( #452 ) ) ;
#4061 = LINE ( 'NONE', #449, #1011 ) ;
#4062 = CIRCLE ( 'NONE', #1850, 0.5000000000000004441 ) ;
#4063 = SURFACE_SIDE_STYLE ('',( #496 ) ) ;
#4064 = ORIENTED_EDGE ( 'NONE', *, *, #1671, .T. ) ;
#4065 = VECTOR ( 'NONE', #1735, 999.9999999999998863 ) ;
#4066 = EDGE_LOOP ( 'NONE', ( #813, #2715, #3564, #4153 ) ) ;
#4067 = LINE ( 'NONE', #1760, #4434 ) ;
#4068 = DIRECTION ( 'NONE',  ( -0.000000000000000000, 0.000000000000000000, -1.000000000000000000 ) ) ;
#4069 = LINE ( 'NONE', #2098, #1598 ) ;
#4070 = ORIENTED_EDGE ( 'NONE', *, *, #3430, .T. ) ;
#4071 = LINE ( 'NONE', #4470, #2314 ) ;
#4072 = EDGE_CURVE ( 'NONE', #1038, #3994, #1656, .T. ) ;
#4073 = ORIENTED_EDGE ( 'NONE', *, *, #4748, .T. ) ;
#4074 = AXIS2_PLACEMENT_3D ( 'NONE', #5028, #2272, #364 ) ;
#4075 =( GEOMETRIC_REPRESENTATION_CONTEXT ( 3 ) GLOBAL_UNCERTAINTY_ASSIGNED_CONTEXT ( ( #1831 ) ) GLOBAL_UNIT_ASSIGNED_CONTEXT ( ( #2003, #1970, #3536 ) ) REPRESENTATION_CONTEXT ( 'NONE', 'WORKASPACE' ) );
#4076 = DIRECTION ( 'NONE',  ( -0.000000000000000000, -0.000000000000000000, -1.000000000000000000 ) ) ;
#4077 = CARTESIAN_POINT ( 'NONE',  ( -53.59067150965667992, 16.08376167166643356, 38.10000000000000142 ) ) ;
#4078 =( LENGTH_UNIT ( ) NAMED_UNIT ( * ) SI_UNIT ( .MILLI., .METRE. ) );
#4079 = CARTESIAN_POINT ( 'NONE',  ( -61.77839660510554154, 22.47520871931651243, 38.10000000000000142 ) ) ;
#4080 = ORIENTED_EDGE ( 'NONE', *, *, #334, .T. ) ;
#4081 = EDGE_LOOP ( 'NONE', ( #4843, #4037, #35, #1210 ) ) ;
#4082 = MECHANICAL_DESIGN_GEOMETRIC_PRESENTATION_REPRESENTATION (  '', ( #4754 ), #561 ) ;
#4083 = UNCERTAINTY_MEASURE_WITH_UNIT (LENGTH_MEASURE( 1.000000000000000082E-05 ), #4691, 'distance_accuracy_value', 'NONE');
#4084 = FILL_AREA_STYLE ('',( #4498 ) ) ;
#4085 = FILL_AREA_STYLE_COLOUR ( '', #3746 ) ;
#4086 = SURFACE_SIDE_STYLE ('',( #3321 ) ) ;
#4087 = CIRCLE ( 'NONE', #2047, 1.484807796299142391 ) ;
#4088 = CARTESIAN_POINT ( 'NONE',  ( -61.79866184086645120, 23.01600384671558785, 38.10000000000000142 ) ) ;
#4089 = DIRECTION ( 'NONE',  ( -0.000000000000000000, -0.000000000000000000, -1.000000000000000000 ) ) ;
#4090 = PRESENTATION_LAYER_ASSIGNMENT (  '', '', ( #1392 ) ) ;
#4091 =( GEOMETRIC_REPRESENTATION_CONTEXT ( 3 ) GLOBAL_UNCERTAINTY_ASSIGNED_CONTEXT ( ( #3217 ) ) GLOBAL_UNIT_ASSIGNED_CONTEXT ( ( #4432, #1321, #3684 ) ) REPRESENTATION_CONTEXT ( 'NONE', 'WORKASPACE' ) );
#4092 = ORIENTED_EDGE ( 'NONE', *, *, #4377, .F. ) ;
#4093 = VERTEX_POINT ( 'NONE', #3802 ) ;
#4094 =( NAMED_UNIT ( * ) SI_UNIT ( $, .STERADIAN. ) SOLID_ANGLE_UNIT ( ) );
#4095 = CARTESIAN_POINT ( 'NONE',  ( -27.23112556093167669, 33.12053181970672711, 38.10000000000000142 ) ) ;
#4096 =( GEOMETRIC_REPRESENTATION_CONTEXT ( 3 ) GLOBAL_UNCERTAINTY_ASSIGNED_CONTEXT ( ( #3098 ) ) GLOBAL_UNIT_ASSIGNED_CONTEXT ( ( #179, #3737, #947 ) ) REPRESENTATION_CONTEXT ( 'NONE', 'WORKASPACE' ) );
#4097 = PRESENTATION_STYLE_ASSIGNMENT (( #1334 ) ) ;
#4098 =( GEOMETRIC_REPRESENTATION_CONTEXT ( 3 ) GLOBAL_UNCERTAINTY_ASSIGNED_CONTEXT ( ( #1419 ) ) GLOBAL_UNIT_ASSIGNED_CONTEXT ( ( #4469, #1791, #2154 ) ) REPRESENTATION_CONTEXT ( 'NONE', 'WORKASPACE' ) );
#4099 = ORIENTED_EDGE ( 'NONE', *, *, #4001, .F. ) ;
#4100 = STYLED_ITEM ( 'NONE', ( #3810 ), #1720 ) ;
#4101 =( GEOMETRIC_REPRESENTATION_CONTEXT ( 3 ) GLOBAL_UNCERTAINTY_ASSIGNED_CONTEXT ( ( #3987 ) ) GLOBAL_UNIT_ASSIGNED_CONTEXT ( ( #111, #4799, #3269 ) ) REPRESENTATION_CONTEXT ( 'NONE', 'WORKASPACE' ) );
#4102 = FILL_AREA_STYLE_COLOUR ( '', #566 ) ;
#4103 = PRESENTATION_STYLE_ASSIGNMENT (( #4863 ) ) ;
#4104 =( LENGTH_UNIT ( ) NAMED_UNIT ( * ) SI_UNIT ( .MILLI., .METRE. ) );
#4105 =( NAMED_UNIT ( * ) SI_UNIT ( $, .STERADIAN. ) SOLID_ANGLE_UNIT ( ) );
#4106 = ADVANCED_FACE ( 'NONE', ( #4665 ), #2702, .T. ) ;
#4107 = VERTEX_POINT ( 'NONE', #4693 ) ;
#4108 = CIRCLE ( 'NONE', #2221, 0.8129607037970082439 ) ;
#4109 = VECTOR ( 'NONE', #2931, 1000.000000000000000 ) ;
#4110 = EDGE_LOOP ( 'NONE', ( #3155, #3808, #601, #4007 ) ) ;
#4111 = ADVANCED_FACE ( 'NONE', ( #3168 ), #3109, .F. ) ;
#4112 = ADVANCED_FACE ( 'NONE', ( #3578 ), #4720, .F. ) ;
#4113 = CARTESIAN_POINT ( 'NONE',  ( -61.77839660510554154, 11.58227588757442739, 38.10000000000000142 ) ) ;
#4114 = FILL_AREA_STYLE ('',( #3401 ) ) ;
#4115 = CARTESIAN_POINT ( 'NONE',  ( -68.85021745838166396, 0.9369527871842114886, 38.10000000000000142 ) ) ;
#4116 = CIRCLE ( 'NONE', #1179, 0.5673323263053475785 ) ;
#4117 = CIRCLE ( 'NONE', #1667, 0.5340105721110544046 ) ;
#4118 = CARTESIAN_POINT ( 'NONE',  ( -63.31228303323829465, 0.5248614593653875282, 38.10000000000000142 ) ) ;
#4119 = ORIENTED_EDGE ( 'NONE', *, *, #267, .T. ) ;
#4120 = VECTOR ( 'NONE', #3046, 1000.000000000000000 ) ;
#4121 = EDGE_LOOP ( 'NONE', ( #3869, #2866 ) ) ;
#4122 = DIRECTION ( 'NONE',  ( -0.5722844846642902716, 0.8200551619327370867, 0.000000000000000000 ) ) ;
#4123 = CARTESIAN_POINT ( 'NONE',  ( -42.49067150965667850, -0.1213958896601058379, 33.09999999999999432 ) ) ;
#4124 = ORIENTED_EDGE ( 'NONE', *, *, #4992, .F. ) ;
#4125 = SURFACE_SIDE_STYLE ('',( #4514 ) ) ;
#4126 = DIRECTION ( 'NONE',  ( -1.000000000000000000, 0.000000000000000000, 0.000000000000000000 ) ) ;
#4127 = CYLINDRICAL_SURFACE ( 'NONE', #1332, 1.484807796299142391 ) ;
#4128 = MECHANICAL_DESIGN_GEOMETRIC_PRESENTATION_REPRESENTATION (  '', ( #3147 ), #3792 ) ;
#4129 = ORIENTED_EDGE ( 'NONE', *, *, #3848, .T. ) ;
#4130 =( NAMED_UNIT ( * ) PLANE_ANGLE_UNIT ( ) SI_UNIT ( $, .RADIAN. ) );
#4131 = STYLED_ITEM ( 'NONE', ( #5034 ), #1769 ) ;
#4132 = UNCERTAINTY_MEASURE_WITH_UNIT (LENGTH_MEASURE( 1.000000000000000082E-05 ), #1173, 'distance_accuracy_value', 'NONE');
#4133 = DIRECTION ( 'NONE',  ( -1.000000000000000000, 0.000000000000000000, 0.000000000000000000 ) ) ;
#4134 = DIRECTION ( 'NONE',  ( -0.000000000000000000, -0.000000000000000000, -1.000000000000000000 ) ) ;
#4135 = CARTESIAN_POINT ( 'NONE',  ( -62.49797514808126664, 12.79816424490507210, 0.000000000000000000 ) ) ;
#4136 = UNCERTAINTY_MEASURE_WITH_UNIT (LENGTH_MEASURE( 1.000000000000000082E-05 ), #2781, 'distance_accuracy_value', 'NONE');
#4137 = ORIENTED_EDGE ( 'NONE', *, *, #4208, .T. ) ;
#4138 = UNCERTAINTY_MEASURE_WITH_UNIT (LENGTH_MEASURE( 1.000000000000000082E-05 ), #2115, 'distance_accuracy_value', 'NONE');
#4139 = LINE ( 'NONE', #617, #4749 ) ;
#4140 = DIRECTION ( 'NONE',  ( -1.000000000000000000, 0.000000000000000000, 0.000000000000000000 ) ) ;
#4141 =( LENGTH_UNIT ( ) NAMED_UNIT ( * ) SI_UNIT ( .MILLI., .METRE. ) );
#4142 = CARTESIAN_POINT ( 'NONE',  ( -37.00649020369969833, 23.91046158708940439, 38.10000000000000142 ) ) ;
#4143 = EDGE_CURVE ( 'NONE', #3567, #3151, #3223, .T. ) ;
#4144 = DIRECTION ( 'NONE',  ( 0.000000000000000000, -1.000000000000000000, 0.000000000000000000 ) ) ;
#4145 = ORIENTED_EDGE ( 'NONE', *, *, #100, .F. ) ;
#4146 = PRODUCT_RELATED_PRODUCT_CATEGORY ( 'part', '', ( #1239 ) ) ;
#4147 = ORIENTED_EDGE ( 'NONE', *, *, #760, .F. ) ;
#4148 =( NAMED_UNIT ( * ) SI_UNIT ( $, .STERADIAN. ) SOLID_ANGLE_UNIT ( ) );
#4149 = DIRECTION ( 'NONE',  ( -0.8605856334545485264, 0.5093057701338493670, 0.000000000000000000 ) ) ;
#4150 = FILL_AREA_STYLE_COLOUR ( '', #1911 ) ;
#4151 =( NAMED_UNIT ( * ) PLANE_ANGLE_UNIT ( ) SI_UNIT ( $, .RADIAN. ) );
#4152 = AXIS2_PLACEMENT_3D ( 'NONE', #2948, #4134, #2565 ) ;
#4153 = ORIENTED_EDGE ( 'NONE', *, *, #1183, .T. ) ;
#4154 = SURFACE_SIDE_STYLE ('',( #4543 ) ) ;
#4155 = ORIENTED_EDGE ( 'NONE', *, *, #2198, .T. ) ;
#4156 = CARTESIAN_POINT ( 'NONE',  ( -38.56688708918884601, 33.71587599479885711, 0.000000000000000000 ) ) ;
#4157 = DIRECTION ( 'NONE',  ( 0.000000000000000000, 0.000000000000000000, -1.000000000000000000 ) ) ;
#4158 = CARTESIAN_POINT ( 'NONE',  ( -57.51445593012449820, 0.3416086120920855396, 0.000000000000000000 ) ) ;
#4159 = CARTESIAN_POINT ( 'NONE',  ( -57.51445593012449820, 33.71587599479885711, 38.10000000000000142 ) ) ;
#4160 = CARTESIAN_POINT ( 'NONE',  ( -53.59067150965667992, -0.1213958896601058379, 33.09999999999999432 ) ) ;
#4161 = ORIENTED_EDGE ( 'NONE', *, *, #727, .F. ) ;
#4162 = CIRCLE ( 'NONE', #4829, 1.484807796299142391 ) ;
#4163 = DIRECTION ( 'NONE',  ( 1.000000000000000000, 0.000000000000000000, 0.000000000000000000 ) ) ;
#4164 =( NAMED_UNIT ( * ) PLANE_ANGLE_UNIT ( ) SI_UNIT ( $, .RADIAN. ) );
#4165 = UNCERTAINTY_MEASURE_WITH_UNIT (LENGTH_MEASURE( 1.000000000000000082E-05 ), #1407, 'distance_accuracy_value', 'NONE');
#4166 = SURFACE_STYLE_USAGE ( .BOTH. , #677 ) ;
#4167 = DIRECTION ( 'NONE',  ( -1.000000000000000000, -0.000000000000000000, -0.000000000000000000 ) ) ;
#4168 = VERTEX_POINT ( 'NONE', #2065 ) ;
#4169 = ORIENTED_EDGE ( 'NONE', *, *, #3397, .F. ) ;
#4170 = COLOUR_RGB ( '',0.2980392156862745057, 0.2980392156862745057, 0.2980392156862745057 ) ;
#4171 = FACE_OUTER_BOUND ( 'NONE', #4897, .T. ) ;
#4172 = EDGE_CURVE ( 'NONE', #4704, #368, #2713, .T. ) ;
#4173 = CARTESIAN_POINT ( 'NONE',  ( -56.58844692662011511, 17.97372293522450803, 38.10000000000000142 ) ) ;
#4174 = CYLINDRICAL_SURFACE ( 'NONE', #583, 1.484807796299142391 ) ;
#4175 = ORIENTED_EDGE ( 'NONE', *, *, #2945, .T. ) ;
#4176 = CARTESIAN_POINT ( 'NONE',  ( -56.58844692662011511, 17.97372293522450803, 38.10000000000000142 ) ) ;
#4177 = FILL_AREA_STYLE_COLOUR ( '', #324 ) ;
#4178 = SURFACE_STYLE_FILL_AREA ( #2611 ) ;
#4179 = ORIENTED_EDGE ( 'NONE', *, *, #4630, .F. ) ;
#4180 = MECHANICAL_DESIGN_GEOMETRIC_PRESENTATION_REPRESENTATION (  '', ( #3841 ), #2620 ) ;
#4181 = CARTESIAN_POINT ( 'NONE',  ( -68.31633700196221071, 26.43928713990734281, 38.10000000000000142 ) ) ;
#4182 = DIRECTION ( 'NONE',  ( -1.000000000000000000, 0.000000000000000000, 0.000000000000000000 ) ) ;
#4183 = DIRECTION ( 'NONE',  ( -1.000000000000000000, 0.000000000000000000, 0.000000000000000000 ) ) ;
#4184 = FACE_OUTER_BOUND ( 'NONE', #4428, .T. ) ;
#4185 = CARTESIAN_POINT ( 'NONE',  ( -34.30294641420780266, 11.58227588757442739, 0.000000000000000000 ) ) ;
#4186 = AXIS2_PLACEMENT_3D ( 'NONE', #3933, #4282, #3487 ) ;
#4187 = ORIENTED_EDGE ( 'NONE', *, *, #4407, .F. ) ;
#4188 = SURFACE_STYLE_FILL_AREA ( #1877 ) ;
#4189 = CARTESIAN_POINT ( 'NONE',  ( -34.37265359748052873, 22.72986160438344072, 38.10000000000000142 ) ) ;
#4190 = CARTESIAN_POINT ( 'NONE',  ( -57.51445593012449820, 24.09962865071497617, 38.10000000000000142 ) ) ;
#4191 = DIRECTION ( 'NONE',  ( -0.000000000000000000, -0.000000000000000000, -1.000000000000000000 ) ) ;
#4192 = CARTESIAN_POINT ( 'NONE',  ( -37.00649020369969833, 10.14702301980153365, 0.000000000000000000 ) ) ;
#4193 = VECTOR ( 'NONE', #881, 1000.000000000000000 ) ;
#4194 =( GEOMETRIC_REPRESENTATION_CONTEXT ( 3 ) GLOBAL_UNCERTAINTY_ASSIGNED_CONTEXT ( ( #797 ) ) GLOBAL_UNIT_ASSIGNED_CONTEXT ( ( #4576, #3770, #1437 ) ) REPRESENTATION_CONTEXT ( 'NONE', 'WORKASPACE' ) );
#4195 = AXIS2_PLACEMENT_3D ( 'NONE', #2856, #4772, #1247 ) ;
#4196 = FILL_AREA_STYLE_COLOUR ( '', #2811 ) ;
#4197 = ORIENTED_EDGE ( 'NONE', *, *, #656, .F. ) ;
#4198 = FACE_OUTER_BOUND ( 'NONE', #4081, .T. ) ;
#4199 = ORIENTED_EDGE ( 'NONE', *, *, #2014, .F. ) ;
#4200 = STYLED_ITEM ( 'NONE', ( #199 ), #3353 ) ;
#4201 = COLOUR_RGB ( '',0.2980392156862745057, 0.2980392156862745057, 0.2980392156862745057 ) ;
#4202 = FILL_AREA_STYLE ('',( #709 ) ) ;
#4203 = LINE ( 'NONE', #4594, #3388 ) ;
#4204 = STYLED_ITEM ( 'NONE', ( #1429 ), #3555 ) ;
#4205 =( GEOMETRIC_REPRESENTATION_CONTEXT ( 3 ) GLOBAL_UNCERTAINTY_ASSIGNED_CONTEXT ( ( #1184 ) ) GLOBAL_UNIT_ASSIGNED_CONTEXT ( ( #4226, #3114, #4646 ) ) REPRESENTATION_CONTEXT ( 'NONE', 'WORKASPACE' ) );
#4206 = EDGE_CURVE ( 'NONE', #711, #2823, #1658, .T. ) ;
#4207 = EDGE_LOOP ( 'NONE', ( #2491, #808, #4145, #2690 ) ) ;
#4208 = EDGE_CURVE ( 'NONE', #3991, #2352, #2490, .T. ) ;
#4209 = DIRECTION ( 'NONE',  ( -0.000000000000000000, -0.000000000000000000, -1.000000000000000000 ) ) ;
#4210 = DIRECTION ( 'NONE',  ( 0.7236702446519677201, 0.6901459099388775886, -0.000000000000000000 ) ) ;
#4211 = DIRECTION ( 'NONE',  ( -0.000000000000000000, -0.000000000000000000, -1.000000000000000000 ) ) ;
#4212 = ORIENTED_EDGE ( 'NONE', *, *, #5037, .F. ) ;
#4213 = EDGE_CURVE ( 'NONE', #2484, #533, #3339, .T. ) ;
#4214 = EDGE_CURVE ( 'NONE', #1885, #1425, #1367, .T. ) ;
#4215 = CARTESIAN_POINT ( 'NONE',  ( -63.31228303323829465, 0.5248614593653875282, 38.10000000000000142 ) ) ;
#4216 = FILL_AREA_STYLE ('',( #2339 ) ) ;
#4217 = CARTESIAN_POINT ( 'NONE',  ( -61.37269246961105296, 7.013538459968201799, 38.10000000000000142 ) ) ;
#4218 = VECTOR ( 'NONE', #4369, 1000.000000000000000 ) ;
#4219 = FILL_AREA_STYLE_COLOUR ( '', #2808 ) ;
#4220 = LINE ( 'NONE', #3604, #4450 ) ;
#4221 = DIRECTION ( 'NONE',  ( -0.000000000000000000, -0.000000000000000000, -1.000000000000000000 ) ) ;
#4222 = DIRECTION ( 'NONE',  ( 0.000000000000000000, 0.000000000000000000, 1.000000000000000000 ) ) ;
#4223 = DIRECTION ( 'NONE',  ( -1.000000000000000000, 0.000000000000000000, 0.000000000000000000 ) ) ;
#4224 = PRESENTATION_STYLE_ASSIGNMENT (( #362 ) ) ;
#4225 = CARTESIAN_POINT ( 'NONE',  ( -32.79123993217881150, 12.88858431480758426, 38.10000000000000142 ) ) ;
#4226 =( LENGTH_UNIT ( ) NAMED_UNIT ( * ) SI_UNIT ( .MILLI., .METRE. ) );
#4227 = SURFACE_SIDE_STYLE ('',( #305 ) ) ;
#4228 = CARTESIAN_POINT ( 'NONE',  ( -62.83432494586520534, 33.71587599479886421, 0.000000000000000000 ) ) ;
#4229 =( LENGTH_UNIT ( ) NAMED_UNIT ( * ) SI_UNIT ( .MILLI., .METRE. ) );
#4230 = ORIENTED_EDGE ( 'NONE', *, *, #4309, .T. ) ;
#4231 = FILL_AREA_STYLE_COLOUR ( '', #1100 ) ;
#4232 = CARTESIAN_POINT ( 'NONE',  ( -38.56688708918884601, 9.957855956175963641, 0.000000000000000000 ) ) ;
#4233 = SURFACE_SIDE_STYLE ('',( #348 ) ) ;
#4234 = SURFACE_STYLE_USAGE ( .BOTH. , #773 ) ;
#4235 =( GEOMETRIC_REPRESENTATION_CONTEXT ( 3 ) GLOBAL_UNCERTAINTY_ASSIGNED_CONTEXT ( ( #4551 ) ) GLOBAL_UNIT_ASSIGNED_CONTEXT ( ( #3411, #772, #286 ) ) REPRESENTATION_CONTEXT ( 'NONE', 'WORKASPACE' ) );
#4236 = VERTEX_POINT ( 'NONE', #4890 ) ;
#4237 = SURFACE_SIDE_STYLE ('',( #3051 ) ) ;
#4238 = DIRECTION ( 'NONE',  ( -0.000000000000000000, 1.000000000000000000, -0.000000000000000000 ) ) ;
#4239 = FACE_OUTER_BOUND ( 'NONE', #599, .T. ) ;
#4240 = EDGE_CURVE ( 'NONE', #1345, #1236, #2466, .T. ) ;
#4241 = CARTESIAN_POINT ( 'NONE',  ( -62.16456490882490726, 26.85998107977238192, 38.10000000000000142 ) ) ;
#4242 = LINE ( 'NONE', #1496, #320 ) ;
#4243 = CARTESIAN_POINT ( 'NONE',  ( -34.94532355148813707, 16.95287807963776316, 0.000000000000000000 ) ) ;
#4244 = SURFACE_STYLE_FILL_AREA ( #5050 ) ;
#4245 = ADVANCED_FACE ( 'NONE', ( #1292 ), #979, .F. ) ;
#4246 = LINE ( 'NONE', #5020, #64 ) ;
#4247 = CARTESIAN_POINT ( 'NONE',  ( -63.79024112061140528, 0.7081143066386970109, 0.000000000000000000 ) ) ;
#4248 = ORIENTED_EDGE ( 'NONE', *, *, #4523, .T. ) ;
#4249 =( GEOMETRIC_REPRESENTATION_CONTEXT ( 3 ) GLOBAL_UNCERTAINTY_ASSIGNED_CONTEXT ( ( #2592 ) ) GLOBAL_UNIT_ASSIGNED_CONTEXT ( ( #1592, #2006, #1153 ) ) REPRESENTATION_CONTEXT ( 'NONE', 'WORKASPACE' ) );
#4250 = LINE ( 'NONE', #337, #1319 ) ;
#4251 = DIRECTION ( 'NONE',  ( -1.000000000000000000, 0.000000000000000000, 0.000000000000000000 ) ) ;
#4252 = SURFACE_STYLE_USAGE ( .BOTH. , #367 ) ;
#4253 = ORIENTED_EDGE ( 'NONE', *, *, #1892, .T. ) ;
#4254 = MECHANICAL_DESIGN_GEOMETRIC_PRESENTATION_REPRESENTATION (  '', ( #2936 ), #479 ) ;
#4255 = SURFACE_STYLE_FILL_AREA ( #3809 ) ;
#4256 = ORIENTED_EDGE ( 'NONE', *, *, #409, .F. ) ;
#4258 = PLANE ( 'NONE',  #1893 ) ;
#4257 = VECTOR ( 'NONE', #4410, 1000.000000000000000 ) ;
#4259 = CARTESIAN_POINT ( 'NONE',  ( -36.42819199187547952, 17.02874230344544770, 38.10000000000000142 ) ) ;
#4260 = MECHANICAL_DESIGN_GEOMETRIC_PRESENTATION_REPRESENTATION (  '', ( #2524 ), #4915 ) ;
#4261 = VERTEX_POINT ( 'NONE', #4079 ) ;
#4262 = PRESENTATION_STYLE_ASSIGNMENT (( #5043 ) ) ;
#4263 = STYLED_ITEM ( 'NONE', ( #529 ), #2567 ) ;
#4264 = ORIENTED_EDGE ( 'NONE', *, *, #656, .T. ) ;
#4265 = LINE ( 'NONE', #264, #3018 ) ;
#4266 =( NAMED_UNIT ( * ) SI_UNIT ( $, .STERADIAN. ) SOLID_ANGLE_UNIT ( ) );
#4267 = VECTOR ( 'NONE', #885, 1000.000000000000000 ) ;
#4268 = SURFACE_SIDE_STYLE ('',( #3164 ) ) ;
#4269 = CIRCLE ( 'NONE', #2533, 1.800000000000001155 ) ;
#4270 = AXIS2_PLACEMENT_3D ( 'NONE', #11, #2023, #1966 ) ;
#4271 = COLOUR_RGB ( '',0.2980392156862745057, 0.2980392156862745057, 0.2980392156862745057 ) ;
#4272 =( NAMED_UNIT ( * ) PLANE_ANGLE_UNIT ( ) SI_UNIT ( $, .RADIAN. ) );
#4273 = ADVANCED_FACE ( 'NONE', ( #902 ), #4913, .F. ) ;
#4274 = DIRECTION ( 'NONE',  ( -1.000000000000000000, 0.000000000000000000, 0.000000000000000000 ) ) ;
#4275 =( GEOMETRIC_REPRESENTATION_CONTEXT ( 3 ) GLOBAL_UNCERTAINTY_ASSIGNED_CONTEXT ( ( #2814 ) ) GLOBAL_UNIT_ASSIGNED_CONTEXT ( ( #4621, #1474, #3825 ) ) REPRESENTATION_CONTEXT ( 'NONE', 'WORKASPACE' ) );
#4276 = CARTESIAN_POINT ( 'NONE',  ( -34.30294641420780266, 22.47520871931651243, 38.10000000000000142 ) ) ;
#4277 = EDGE_LOOP ( 'NONE', ( #1993, #3990 ) ) ;
#4278 = EDGE_CURVE ( 'NONE', #955, #1116, #2879, .T. ) ;
#4279 = MECHANICAL_DESIGN_GEOMETRIC_PRESENTATION_REPRESENTATION (  '', ( #663 ), #2539 ) ;
#4280 = EDGE_CURVE ( 'NONE', #650, #1789, #1492, .T. ) ;
#4281 =( NAMED_UNIT ( * ) SI_UNIT ( $, .STERADIAN. ) SOLID_ANGLE_UNIT ( ) );
#4282 = DIRECTION ( 'NONE',  ( -0.000000000000000000, -0.000000000000000000, -1.000000000000000000 ) ) ;
#4283 =( NAMED_UNIT ( * ) SI_UNIT ( $, .STERADIAN. ) SOLID_ANGLE_UNIT ( ) );
#4284 = DIRECTION ( 'NONE',  ( 1.000000000000000000, 0.000000000000000000, 0.000000000000000000 ) ) ;
#4285 =( GEOMETRIC_REPRESENTATION_CONTEXT ( 3 ) GLOBAL_UNCERTAINTY_ASSIGNED_CONTEXT ( ( #896 ) ) GLOBAL_UNIT_ASSIGNED_CONTEXT ( ( #2033, #4738, #2013 ) ) REPRESENTATION_CONTEXT ( 'NONE', 'WORKASPACE' ) );
#4286 =( GEOMETRIC_REPRESENTATION_CONTEXT ( 3 ) GLOBAL_UNCERTAINTY_ASSIGNED_CONTEXT ( ( #1714 ) ) GLOBAL_UNIT_ASSIGNED_CONTEXT ( ( #2213, #4617, #1024 ) ) REPRESENTATION_CONTEXT ( 'NONE', 'WORKASPACE' ) );
#4287 = ORIENTED_EDGE ( 'NONE', *, *, #161, .F. ) ;
#4288 = FACE_OUTER_BOUND ( 'NONE', #4858, .T. ) ;
#4289 =( NAMED_UNIT ( * ) PLANE_ANGLE_UNIT ( ) SI_UNIT ( $, .RADIAN. ) );
#4290 = ORIENTED_EDGE ( 'NONE', *, *, #1980, .T. ) ;
#4291 = AXIS2_PLACEMENT_3D ( 'NONE', #873, #4838, #1221 ) ;
#4292 = ORIENTED_EDGE ( 'NONE', *, *, #5014, .T. ) ;
#4293 = STYLED_ITEM ( 'NONE', ( #4040 ), #971 ) ;
#4294 = UNCERTAINTY_MEASURE_WITH_UNIT (LENGTH_MEASURE( 1.000000000000000082E-05 ), #392, 'distance_accuracy_value', 'NONE');
#4295 = VERTEX_POINT ( 'NONE', #3842 ) ;
#4296 = FACE_OUTER_BOUND ( 'NONE', #5121, .T. ) ;
#4297 = SURFACE_STYLE_USAGE ( .BOTH. , #407 ) ;
#4298 = DIRECTION ( 'NONE',  ( -1.000000000000000000, 0.000000000000000000, 0.000000000000000000 ) ) ;
#4299 = CIRCLE ( 'NONE', #2244, 0.9382895641747712734 ) ;
#4300 = SURFACE_SIDE_STYLE ('',( #4188 ) ) ;
#4301 = DIRECTION ( 'NONE',  ( -0.000000000000000000, -0.000000000000000000, -1.000000000000000000 ) ) ;
#4302 = MECHANICAL_DESIGN_GEOMETRIC_PRESENTATION_REPRESENTATION (  '', ( #2739 ), #2485 ) ;
#4303 = ADVANCED_FACE ( 'NONE', ( #1418 ), #1830, .T. ) ;
#4304 = DIRECTION ( 'NONE',  ( -1.000000000000000000, 0.000000000000000000, 0.000000000000000000 ) ) ;
#4305 = UNCERTAINTY_MEASURE_WITH_UNIT (LENGTH_MEASURE( 1.000000000000000082E-05 ), #543, 'distance_accuracy_value', 'NONE');
#4306 = LINE ( 'NONE', #4225, #3623 ) ;
#4307 = CARTESIAN_POINT ( 'NONE',  ( -62.20868942183281547, 22.72986160438344072, 38.10000000000000142 ) ) ;
#4308 = CARTESIAN_POINT ( 'NONE',  ( -35.11965665901217903, 17.55698531430387987, 38.10000000000000142 ) ) ;
#4309 = EDGE_CURVE ( 'NONE', #1236, #711, #3038, .T. ) ;
#4310 =( NAMED_UNIT ( * ) PLANE_ANGLE_UNIT ( ) SI_UNIT ( $, .RADIAN. ) );
#4311 = ORIENTED_EDGE ( 'NONE', *, *, #4047, .T. ) ;
#4312 = CARTESIAN_POINT ( 'NONE',  ( -61.98303791952559294, 15.72106524276586192, 0.000000000000000000 ) ) ;
#4313 = ORIENTED_EDGE ( 'NONE', *, *, #1788, .F. ) ;
#4314 = SURFACE_SIDE_STYLE ('',( #1194 ) ) ;
#4315 = FILL_AREA_STYLE ('',( #5041 ) ) ;
#4316 = ORIENTED_EDGE ( 'NONE', *, *, #1534, .T. ) ;
#4317 =( NAMED_UNIT ( * ) PLANE_ANGLE_UNIT ( ) SI_UNIT ( $, .RADIAN. ) );
#4318 = VERTEX_POINT ( 'NONE', #3056 ) ;
#4319 = DIRECTION ( 'NONE',  ( 0.6901459099388773666, 0.7236702446519679421, -0.000000000000000000 ) ) ;
#4320 = CARTESIAN_POINT ( 'NONE',  ( -34.30294641420780266, 22.47520871931651243, 0.000000000000000000 ) ) ;
#4321 = LINE ( 'NONE', #5102, #2637 ) ;
#4322 =( GEOMETRIC_REPRESENTATION_CONTEXT ( 3 ) GLOBAL_UNCERTAINTY_ASSIGNED_CONTEXT ( ( #4136 ) ) GLOBAL_UNIT_ASSIGNED_CONTEXT ( ( #2781, #1626, #1655 ) ) REPRESENTATION_CONTEXT ( 'NONE', 'WORKASPACE' ) );
#4323 = AXIS2_PLACEMENT_3D ( 'NONE', #778, #3449, #3517 ) ;
#4324 = CARTESIAN_POINT ( 'NONE',  ( -68.31633700196223913, 0.03484274304320356119, 38.10000000000000142 ) ) ;
#4325 = DIRECTION ( 'NONE',  ( -0.000000000000000000, -0.000000000000000000, -1.000000000000000000 ) ) ;
#4326 = CYLINDRICAL_SURFACE ( 'NONE', #4478, 1.799999999999999600 ) ;
#4327 = DIRECTION ( 'NONE',  ( -1.000000000000000000, 0.000000000000000000, 0.000000000000000000 ) ) ;
#4328 = VERTEX_POINT ( 'NONE', #4135 ) ;
#4329 = DIRECTION ( 'NONE',  ( -0.000000000000000000, -0.000000000000000000, -1.000000000000000000 ) ) ;
#4330 = CIRCLE ( 'NONE', #4074, 1.484807796299142391 ) ;
#4331 =( GEOMETRIC_REPRESENTATION_CONTEXT ( 3 ) GLOBAL_UNCERTAINTY_ASSIGNED_CONTEXT ( ( #5016 ) ) GLOBAL_UNIT_ASSIGNED_CONTEXT ( ( #2114, #3270, #2712 ) ) REPRESENTATION_CONTEXT ( 'NONE', 'WORKASPACE' ) );
#4332 = EDGE_CURVE ( 'NONE', #1255, #3017, #3363, .T. ) ;
#4333 = ORIENTED_EDGE ( 'NONE', *, *, #4904, .F. ) ;
#4334 = CARTESIAN_POINT ( 'NONE',  ( -39.02989159094103400, 33.71587599479885711, 38.10000000000000142 ) ) ;
#4335 =( NAMED_UNIT ( * ) PLANE_ANGLE_UNIT ( ) SI_UNIT ( $, .RADIAN. ) );
#4336 = ORIENTED_EDGE ( 'NONE', *, *, #2976, .F. ) ;
#4337 = FACE_OUTER_BOUND ( 'NONE', #1972, .T. ) ;
#4338 = ORIENTED_EDGE ( 'NONE', *, *, #3620, .F. ) ;
#4339 = PRODUCT_DEFINITION_CONTEXT ( 'detailed design', #1059, 'design' ) ;
#4340 = ADVANCED_FACE ( 'NONE', ( #1098 ), #4640, .T. ) ;
#4341 = ORIENTED_EDGE ( 'NONE', *, *, #4460, .F. ) ;
#4342 = EDGE_CURVE ( 'NONE', #4542, #4704, #3897, .T. ) ;
#4343 = CARTESIAN_POINT ( 'NONE',  ( -61.53149670510276792, 15.67872306333906174, 38.10000000000000142 ) ) ;
#4344 = VECTOR ( 'NONE', #2656, 1000.000000000000000 ) ;
#4345 = FILL_AREA_STYLE ('',( #1093 ) ) ;
#4346 = FILL_AREA_STYLE ('',( #3631 ) ) ;
#4347 = COLOUR_RGB ( '',0.2980392156862745057, 0.2980392156862745057, 0.2980392156862745057 ) ;
#4348 = CARTESIAN_POINT ( 'NONE',  ( -63.79024112061139107, 33.34937030025223947, 0.000000000000000000 ) ) ;
#4349 = PRESENTATION_LAYER_ASSIGNMENT (  '', '', ( #2528 ) ) ;
#4350 = CARTESIAN_POINT ( 'NONE',  ( -61.37269246961105296, 27.04394614692273535, 0.000000000000000000 ) ) ;
#4351 = CARTESIAN_POINT ( 'NONE',  ( -33.58336787123207756, 21.25932036198586772, 38.10000000000000142 ) ) ;
#4352 = CARTESIAN_POINT ( 'NONE',  ( -27.23112556093167669, 33.12053181970672711, 38.10000000000000142 ) ) ;
#4353 = PRESENTATION_LAYER_ASSIGNMENT (  '', '', ( #899 ) ) ;
#4354 = ORIENTED_EDGE ( 'NONE', *, *, #3847, .F. ) ;
#4355 = PRODUCT_DEFINITION_SHAPE ( 'NONE', 'NONE',  #1919 ) ;
#4356 = AXIS2_PLACEMENT_3D ( 'NONE', #834, #519, #2022 ) ;
#4357 =( NAMED_UNIT ( * ) PLANE_ANGLE_UNIT ( ) SI_UNIT ( $, .RADIAN. ) );
#4358 = SURFACE_STYLE_FILL_AREA ( #1661 ) ;
#4359 = ORIENTED_EDGE ( 'NONE', *, *, #3508, .T. ) ;
#4360 = EDGE_LOOP ( 'NONE', ( #4910, #230, #4812, #4175 ) ) ;
#4361 = EDGE_LOOP ( 'NONE', ( #2705, #934, #3539, #4467 ) ) ;
#4362 = CARTESIAN_POINT ( 'NONE',  ( -37.72500095553984067, 9.543591494498629757, 38.10000000000000142 ) ) ;
#4363 = VECTOR ( 'NONE', #4167, 1000.000000000000000 ) ;
#4364 = DIRECTION ( 'NONE',  ( 0.8605856334545485264, -0.5093057701338493670, 0.000000000000000000 ) ) ;
#4365 = ORIENTED_EDGE ( 'NONE', *, *, #1358, .F. ) ;
#4366 = DIRECTION ( 'NONE',  ( -1.000000000000000000, 0.000000000000000000, 0.000000000000000000 ) ) ;
#4367 = STYLED_ITEM ( 'NONE', ( #2423 ), #3797 ) ;
#4368 = EDGE_CURVE ( 'NONE', #962, #429, #4660, .T. ) ;
#4369 = DIRECTION ( 'NONE',  ( -0.000000000000000000, -0.000000000000000000, -1.000000000000000000 ) ) ;
#4370 = CIRCLE ( 'NONE', #5022, 0.8129607037970152383 ) ;
#4371 = EDGE_LOOP ( 'NONE', ( #3409, #4073, #1553, #1193, #1689, #2373, #4482, #3030, #571, #2095, #662, #889, #815, #661, #2143, #1083, #4780, #4155, #2501, #425, #2628, #217, #4974, #2031, #4437, #2798, #2498, #2958, #2093, #4944, #3332, #4631, #1261, #1384, #2862, #2356, #4045, #456, #2125, #275, #2686, #1222, #531, #4929, #3457, #2411, #4253, #2580, #2951 ) ) ;
#4372 = DIRECTION ( 'NONE',  ( 1.000000000000000000, 0.000000000000000000, 0.000000000000000000 ) ) ;
#4373 = PRESENTATION_LAYER_ASSIGNMENT (  '', '', ( #3866 ) ) ;
#4374 = MECHANICAL_DESIGN_GEOMETRIC_PRESENTATION_REPRESENTATION (  '', ( #1820 ), #5112 ) ;
#4375 =( NAMED_UNIT ( * ) SI_UNIT ( $, .STERADIAN. ) SOLID_ANGLE_UNIT ( ) );
#4376 = PRESENTATION_LAYER_ASSIGNMENT (  '', '', ( #153 ) ) ;
#4377 = EDGE_CURVE ( 'NONE', #82, #744, #4321, .T. ) ;
#4378 = AXIS2_PLACEMENT_3D ( 'NONE', #4686, #2722, #1955 ) ;
#4379 =( GEOMETRIC_REPRESENTATION_CONTEXT ( 3 ) GLOBAL_UNCERTAINTY_ASSIGNED_CONTEXT ( ( #4165 ) ) GLOBAL_UNIT_ASSIGNED_CONTEXT ( ( #1407, #4925, #1785 ) ) REPRESENTATION_CONTEXT ( 'NONE', 'WORKASPACE' ) );
#4380 = DIRECTION ( 'NONE',  ( -1.000000000000000000, 0.000000000000000000, 0.000000000000000000 ) ) ;
#4381 =( GEOMETRIC_REPRESENTATION_CONTEXT ( 3 ) GLOBAL_UNCERTAINTY_ASSIGNED_CONTEXT ( ( #2654 ) ) GLOBAL_UNIT_ASSIGNED_CONTEXT ( ( #3941, #3124, #3156 ) ) REPRESENTATION_CONTEXT ( 'NONE', 'WORKASPACE' ) );
#4382 = CARTESIAN_POINT ( 'NONE',  ( -68.85021745838166396, 25.53717709576632444, 38.10000000000000142 ) ) ;
#4383 = FILL_AREA_STYLE ('',( #1628 ) ) ;
#4384 = PRESENTATION_STYLE_ASSIGNMENT (( #27 ) ) ;
#4385 = ORIENTED_EDGE ( 'NONE', *, *, #4436, .F. ) ;
#4386 = SURFACE_SIDE_STYLE ('',( #2815 ) ) ;
#4387 = CARTESIAN_POINT ( 'NONE',  ( -63.79024112061139107, 33.34937030025223947, 0.000000000000000000 ) ) ;
#4388 = AXIS2_PLACEMENT_3D ( 'NONE', #4797, #202, #1414 ) ;
#4389 =( NAMED_UNIT ( * ) SI_UNIT ( $, .STERADIAN. ) SOLID_ANGLE_UNIT ( ) );
#4390 = SURFACE_STYLE_USAGE ( .BOTH. , #2045 ) ;
#4391 = CIRCLE ( 'NONE', #4721, 0.5625665551298592026 ) ;
#4392 = ORIENTED_EDGE ( 'NONE', *, *, #1258, .T. ) ;
#4393 = EDGE_CURVE ( 'NONE', #2484, #632, #3292, .T. ) ;
#4394 = DIRECTION ( 'NONE',  ( 0.8078512441892022888, -0.5893864328791069696, 0.000000000000000000 ) ) ;
#4395 = VERTEX_POINT ( 'NONE', #5073 ) ;
#4396 = CARTESIAN_POINT ( 'NONE',  ( -34.54984631421057628, 15.67872306333906529, 38.10000000000000142 ) ) ;
#4397 = PLANE ( 'NONE',  #4503 ) ;
#4398 = DIRECTION ( 'NONE',  ( -0.000000000000000000, -0.000000000000000000, -1.000000000000000000 ) ) ;
#4399 = ORIENTED_EDGE ( 'NONE', *, *, #232, .T. ) ;
#4400 = VECTOR ( 'NONE', #4742, 1000.000000000000227 ) ;
#4401 = ADVANCED_FACE ( 'NONE', ( #780 ), #1933, .T. ) ;
#4402 = CARTESIAN_POINT ( 'NONE',  ( -34.30294641420780266, 11.58227588757442739, 38.10000000000000142 ) ) ;
#4403 = DIRECTION ( 'NONE',  ( -0.000000000000000000, -0.000000000000000000, -1.000000000000000000 ) ) ;
#4404 = DIRECTION ( 'NONE',  ( -0.000000000000000000, -0.000000000000000000, -1.000000000000000000 ) ) ;
#4405 = SURFACE_STYLE_FILL_AREA ( #1388 ) ;
#4406 = ORIENTED_EDGE ( 'NONE', *, *, #1545, .F. ) ;
#4407 = EDGE_CURVE ( 'NONE', #1902, #1379, #4761, .T. ) ;
#4408 = PLANE ( 'NONE',  #73 ) ;
#4409 =( NAMED_UNIT ( * ) SI_UNIT ( $, .STERADIAN. ) SOLID_ANGLE_UNIT ( ) );
#4410 = DIRECTION ( 'NONE',  ( -0.000000000000000000, -0.000000000000000000, -1.000000000000000000 ) ) ;
#4411 = CYLINDRICAL_SURFACE ( 'NONE', #1250, 0.5673323263053406951 ) ;
#4412 = ORIENTED_EDGE ( 'NONE', *, *, #3950, .T. ) ;
#4413 =( NAMED_UNIT ( * ) PLANE_ANGLE_UNIT ( ) SI_UNIT ( $, .RADIAN. ) );
#4414 = STYLED_ITEM ( 'NONE', ( #2934 ), #852 ) ;
#4415 = PLANE ( 'NONE',  #1415 ) ;
#4416 = CIRCLE ( 'NONE', #551, 0.5000000000000004441 ) ;
#4417 = LINE ( 'NONE', #1378, #3798 ) ;
#4418 = AXIS2_PLACEMENT_3D ( 'NONE', #1832, #2927, #4163 ) ;
#4419 = ORIENTED_EDGE ( 'NONE', *, *, #2016, .F. ) ;
#4420 =( LENGTH_UNIT ( ) NAMED_UNIT ( * ) SI_UNIT ( .MILLI., .METRE. ) );
#4421 = FACE_OUTER_BOUND ( 'NONE', #1867, .T. ) ;
#4422 = CARTESIAN_POINT ( 'NONE',  ( -48.04067150965667565, 17.97372293522450803, 19.80000000000000071 ) ) ;
#4423 = VECTOR ( 'NONE', #1141, 1000.000000000000000 ) ;
#4424 = DIRECTION ( 'NONE',  ( 0.000000000000000000, 0.000000000000000000, 1.000000000000000000 ) ) ;
#4425 = VECTOR ( 'NONE', #1570, 1000.000000000000000 ) ;
#4426 = PRESENTATION_LAYER_ASSIGNMENT (  '', '', ( #1552 ) ) ;
#4427 = FILL_AREA_STYLE ('',( #4546 ) ) ;
#4428 = EDGE_LOOP ( 'NONE', ( #3661, #4099, #1692, #3475 ) ) ;
#4429 = EDGE_CURVE ( 'NONE', #556, #429, #2342, .T. ) ;
#4430 =( LENGTH_UNIT ( ) NAMED_UNIT ( * ) SI_UNIT ( .MILLI., .METRE. ) );
#4431 =( NAMED_UNIT ( * ) SI_UNIT ( $, .STERADIAN. ) SOLID_ANGLE_UNIT ( ) );
#4432 =( LENGTH_UNIT ( ) NAMED_UNIT ( * ) SI_UNIT ( .MILLI., .METRE. ) );
#4433 = CARTESIAN_POINT ( 'NONE',  ( -39.49289609269322909, 16.08376167166643356, 38.10000000000000142 ) ) ;
#4434 = VECTOR ( 'NONE', #1712, 1000.000000000000000 ) ;
#4435 = ADVANCED_FACE ( 'NONE', ( #3575 ), #1601, .F. ) ;
#4436 = EDGE_CURVE ( 'NONE', #3097, #1307, #1506, .T. ) ;
#4437 = ORIENTED_EDGE ( 'NONE', *, *, #872, .T. ) ;
#4438 = ORIENTED_EDGE ( 'NONE', *, *, #3358, .F. ) ;
#4439 = VECTOR ( 'NONE', #1687, 1000.000000000000114 ) ;
#4440 =( NAMED_UNIT ( * ) SI_UNIT ( $, .STERADIAN. ) SOLID_ANGLE_UNIT ( ) );
#4441 = ORIENTED_EDGE ( 'NONE', *, *, #3795, .T. ) ;
#4442 = UNCERTAINTY_MEASURE_WITH_UNIT (LENGTH_MEASURE( 1.000000000000000082E-05 ), #490, 'distance_accuracy_value', 'NONE');
#4443 = AXIS2_PLACEMENT_3D ( 'NONE', #3335, #4907, #4489 ) ;
#4444 = SURFACE_SIDE_STYLE ('',( #3282 ) ) ;
#4445 = STYLED_ITEM ( 'NONE', ( #3526 ), #4111 ) ;
#4446 = VERTEX_POINT ( 'NONE', #633 ) ;
#4447 = CYLINDRICAL_SURFACE ( 'NONE', #56, 0.4630045017521913775 ) ;
#4448 = AXIS2_PLACEMENT_3D ( 'NONE', #3024, #3104, #2343 ) ;
#4449 = ORIENTED_EDGE ( 'NONE', *, *, #4012, .T. ) ;
#4450 = VECTOR ( 'NONE', #1311, 1000.000000000000114 ) ;
#4451 = MECHANICAL_DESIGN_GEOMETRIC_PRESENTATION_REPRESENTATION (  '', ( #2316 ), #1495 ) ;
#4452 = CARTESIAN_POINT ( 'NONE',  ( -68.31633700196221071, 7.618197466983597899, 38.10000000000000142 ) ) ;
#4453 = CARTESIAN_POINT ( 'NONE',  ( -39.49289609269322909, 17.97372293522450803, 38.10000000000000142 ) ) ;
#4454 = CARTESIAN_POINT ( 'NONE',  ( -34.30294641420780266, 11.58227588757442739, 0.000000000000000000 ) ) ;
#4455 = COLOUR_RGB ( '',0.2980392156862745057, 0.2980392156862745057, 0.2980392156862745057 ) ;
#4456 = COLOUR_RGB ( '',0.2980392156862745057, 0.2980392156862745057, 0.2980392156862745057 ) ;
#4457 = ORIENTED_EDGE ( 'NONE', *, *, #1183, .F. ) ;
#4458 = DIRECTION ( 'NONE',  ( -1.000000000000000000, 0.000000000000000000, 0.000000000000000000 ) ) ;
#4459 = CARTESIAN_POINT ( 'NONE',  ( -33.58336787123207756, 12.79816424490507210, 0.000000000000000000 ) ) ;
#4460 = EDGE_CURVE ( 'NONE', #2772, #417, #2398, .T. ) ;
#4461 = DIRECTION ( 'NONE',  ( -1.000000000000000000, 0.000000000000000000, 0.000000000000000000 ) ) ;
#4462 = PRESENTATION_LAYER_ASSIGNMENT (  '', '', ( #4870 ) ) ;
#4463 = ORIENTED_EDGE ( 'NONE', *, *, #2321, .T. ) ;
#4464 = VERTEX_POINT ( 'NONE', #3440 ) ;
#4465 = EDGE_CURVE ( 'NONE', #842, #4504, #2726, .T. ) ;
#4466 = CARTESIAN_POINT ( 'NONE',  ( -34.72973881428544729, 26.85998107977238192, 0.000000000000000000 ) ) ;
#4467 = ORIENTED_EDGE ( 'NONE', *, *, #342, .T. ) ;
#4468 = DIRECTION ( 'NONE',  ( -0.8605856334545485264, -0.5093057701338493670, 0.000000000000000000 ) ) ;
#4469 =( LENGTH_UNIT ( ) NAMED_UNIT ( * ) SI_UNIT ( .MILLI., .METRE. ) );
#4470 = CARTESIAN_POINT ( 'NONE',  ( -57.51445593012449820, 0.3416086120920855396, 38.10000000000000142 ) ) ;
#4471 = CARTESIAN_POINT ( 'NONE',  ( -33.87265359748052873, 22.72986160438344072, 38.10000000000000142 ) ) ;
#4472 = FILL_AREA_STYLE ('',( #1341 ) ) ;
#4473 = SURFACE_STYLE_FILL_AREA ( #1748 ) ;
#4474 =( NAMED_UNIT ( * ) SI_UNIT ( $, .STERADIAN. ) SOLID_ANGLE_UNIT ( ) );
#4475 = ORIENTED_EDGE ( 'NONE', *, *, #2020, .F. ) ;
#4476 =( LENGTH_UNIT ( ) NAMED_UNIT ( * ) SI_UNIT ( .MILLI., .METRE. ) );
#4477 = LINE ( 'NONE', #2954, #1962 ) ;
#4478 = AXIS2_PLACEMENT_3D ( 'NONE', #4004, #2875, #3635 ) ;
#4479 = CARTESIAN_POINT ( 'NONE',  ( -34.09830509978775126, 18.33641936412507789, 38.10000000000000142 ) ) ;
#4480 = DIRECTION ( 'NONE',  ( 0.3579966143086401598, 0.9337228840204949698, 0.000000000000000000 ) ) ;
#4481 = ORIENTED_EDGE ( 'NONE', *, *, #4485, .T. ) ;
#4482 = ORIENTED_EDGE ( 'NONE', *, *, #4968, .T. ) ;
#4483 = CARTESIAN_POINT ( 'NONE',  ( -33.87265359748052873, 22.72986160438344072, 0.000000000000000000 ) ) ;
#4484 = DIRECTION ( 'NONE',  ( 1.000000000000000000, 0.000000000000000000, 0.000000000000000000 ) ) ;
#4485 = EDGE_CURVE ( 'NONE', #476, #3830, #2197, .T. ) ;
#4486 =( NAMED_UNIT ( * ) PLANE_ANGLE_UNIT ( ) SI_UNIT ( $, .RADIAN. ) );
#4487 = ORIENTED_EDGE ( 'NONE', *, *, #4661, .T. ) ;
#4488 = COLOUR_RGB ( '',0.2980392156862745057, 0.2980392156862745057, 0.2980392156862745057 ) ;
#4489 = DIRECTION ( 'NONE',  ( 1.000000000000000000, 0.000000000000000000, 0.000000000000000000 ) ) ;
#4490 = EDGE_CURVE ( 'NONE', #476, #1278, #1579, .T. ) ;
#4491 = AXIS2_PLACEMENT_3D ( 'NONE', #1107, #764, #3459 ) ;
#4492 = ADVANCED_FACE ( 'NONE', ( #1114 ), #5036, .F. ) ;
#4493 = DIRECTION ( 'NONE',  ( -1.000000000000000000, 0.000000000000000000, 0.000000000000000000 ) ) ;
#4494 = DIRECTION ( 'NONE',  ( -1.000000000000000000, 0.000000000000000000, 0.000000000000000000 ) ) ;
#4495 = ORIENTED_EDGE ( 'NONE', *, *, #2166, .F. ) ;
#4496 = UNCERTAINTY_MEASURE_WITH_UNIT (LENGTH_MEASURE( 1.000000000000000082E-05 ), #3524, 'distance_accuracy_value', 'NONE');
#4497 = VERTEX_POINT ( 'NONE', #1431 ) ;
#4498 = FILL_AREA_STYLE_COLOUR ( '', #989 ) ;
#4499 = CARTESIAN_POINT ( 'NONE',  ( -57.51445593012449820, 9.957855956175963641, 38.10000000000000142 ) ) ;
#4500 = DIRECTION ( 'NONE',  ( 0.7236702446519681642, -0.6901459099388770335, 0.000000000000000000 ) ) ;
#4501 =( GEOMETRIC_REPRESENTATION_CONTEXT ( 3 ) GLOBAL_UNCERTAINTY_ASSIGNED_CONTEXT ( ( #1015 ) ) GLOBAL_UNIT_ASSIGNED_CONTEXT ( ( #3483, #4612, #1910 ) ) REPRESENTATION_CONTEXT ( 'NONE', 'WORKASPACE' ) );
#4502 = DIRECTION ( 'NONE',  ( -0.5722844846642898275, -0.8200551619327373087, -0.000000000000000000 ) ) ;
#4503 = AXIS2_PLACEMENT_3D ( 'NONE', #3242, #1599, #3161 ) ;
#4504 = VERTEX_POINT ( 'NONE', #1528 ) ;
#4505 = ORIENTED_EDGE ( 'NONE', *, *, #3981, .T. ) ;
#4506 = FILL_AREA_STYLE_COLOUR ( '', #1395 ) ;
#4507 = AXIS2_PLACEMENT_3D ( 'NONE', #4173, #1132, #2193 ) ;
#4508 = FILL_AREA_STYLE ('',( #4150 ) ) ;
#4509 = VECTOR ( 'NONE', #3055, 1000.000000000000000 ) ;
#4510 = DIRECTION ( 'NONE',  ( -0.000000000000000000, -0.000000000000000000, -1.000000000000000000 ) ) ;
#4511 = VERTEX_POINT ( 'NONE', #3091 ) ;
#4512 = MECHANICAL_DESIGN_GEOMETRIC_PRESENTATION_REPRESENTATION (  '', ( #4100 ), #4235 ) ;
#4513 = COLOUR_RGB ( '',0.2980392156862745057, 0.2980392156862745057, 0.2980392156862745057 ) ;
#4514 = SURFACE_STYLE_FILL_AREA ( #3762 ) ;
#4515 = CARTESIAN_POINT ( 'NONE',  ( -68.87344783956824301, 0.7528379933234140564, 38.10000000000000142 ) ) ;
#4516 = FACE_OUTER_BOUND ( 'NONE', #2457, .T. ) ;
#4517 = VECTOR ( 'NONE', #3372, 1000.000000000000000 ) ;
#4518 = DIRECTION ( 'NONE',  ( -0.6901459099388759233, 0.7236702446519691634, 0.000000000000000000 ) ) ;
#4519 = CARTESIAN_POINT ( 'NONE',  ( -27.23112556093167669, 33.12053181970672711, 38.10000000000000142 ) ) ;
#4520 = DIRECTION ( 'NONE',  ( -0.000000000000000000, -0.000000000000000000, -1.000000000000000000 ) ) ;
#4521 = AXIS2_PLACEMENT_3D ( 'NONE', #960, #2573, #620 ) ;
#4522 = DIRECTION ( 'NONE',  ( 1.000000000000000000, 0.000000000000000000, 0.000000000000000000 ) ) ;
#4523 = EDGE_CURVE ( 'NONE', #741, #115, #2990, .T. ) ;
#4524 = COLOUR_RGB ( '',0.2980392156862745057, 0.2980392156862745057, 0.2980392156862745057 ) ;
#4525 = DIRECTION ( 'NONE',  ( -0.000000000000000000, -0.000000000000000000, -1.000000000000000000 ) ) ;
#4526 = COLOUR_RGB ( '',0.2980392156862745057, 0.2980392156862745057, 0.2980392156862745057 ) ;
#4527 = ORIENTED_EDGE ( 'NONE', *, *, #5099, .F. ) ;
#4528 = VECTOR ( 'NONE', #3081, 1000.000000000000114 ) ;
#4529 = FACE_OUTER_BOUND ( 'NONE', #4830, .T. ) ;
#4530 = LINE ( 'NONE', #4113, #726 ) ;
#4531 = CARTESIAN_POINT ( 'NONE',  ( -32.79123993217881150, 12.88858431480758426, 38.10000000000000142 ) ) ;
#4532 = VECTOR ( 'NONE', #2848, 1000.000000000000000 ) ;
#4533 = STYLED_ITEM ( 'NONE', ( #919 ), #3591 ) ;
#4534 = AXIS2_PLACEMENT_3D ( 'NONE', #4919, #2186, #4327 ) ;
#4535 = FILL_AREA_STYLE ('',( #3274 ) ) ;
#4536 = SURFACE_STYLE_USAGE ( .BOTH. , #3752 ) ;
#4537 = ORIENTED_EDGE ( 'NONE', *, *, #3305, .F. ) ;
#4538 = CIRCLE ( 'NONE', #4629, 0.8129607037970152383 ) ;
#4539 = FILL_AREA_STYLE ('',( #277 ) ) ;
#4540 = CARTESIAN_POINT ( 'NONE',  ( -39.49289609269322909, 17.97372293522450803, 38.10000000000000142 ) ) ;
#4541 = FACE_OUTER_BOUND ( 'NONE', #4207, .T. ) ;
#4542 = VERTEX_POINT ( 'NONE', #310 ) ;
#4543 = SURFACE_STYLE_FILL_AREA ( #3715 ) ;
#4544 = FACE_OUTER_BOUND ( 'NONE', #3150, .T. ) ;
#4545 = CIRCLE ( 'NONE', #5047, 0.5118843026691993758 ) ;
#4546 = FILL_AREA_STYLE_COLOUR ( '', #3395 ) ;
#4547 =( NAMED_UNIT ( * ) SI_UNIT ( $, .STERADIAN. ) SOLID_ANGLE_UNIT ( ) );
#4548 = FILL_AREA_STYLE ('',( #2564 ) ) ;
#4549 =( LENGTH_UNIT ( ) NAMED_UNIT ( * ) SI_UNIT ( .MILLI., .METRE. ) );
#4550 = EDGE_CURVE ( 'NONE', #2527, #417, #1897, .T. ) ;
#4551 = UNCERTAINTY_MEASURE_WITH_UNIT (LENGTH_MEASURE( 1.000000000000000082E-05 ), #3411, 'distance_accuracy_value', 'NONE');
#4552 = VERTEX_POINT ( 'NONE', #690 ) ;
#4553 = SURFACE_STYLE_FILL_AREA ( #4084 ) ;
#4554 = CARTESIAN_POINT ( 'NONE',  ( -34.70865054970229124, 7.013538459968202687, 38.10000000000000142 ) ) ;
#4555 = LINE ( 'NONE', #244, #1156 ) ;
#4556 = LINE ( 'NONE', #272, #308 ) ;
#4557 = SURFACE_STYLE_FILL_AREA ( #3751 ) ;
#4558 =( NAMED_UNIT ( * ) SI_UNIT ( $, .STERADIAN. ) SOLID_ANGLE_UNIT ( ) );
#4559 = ORIENTED_EDGE ( 'NONE', *, *, #3707, .F. ) ;
#4560 = EDGE_CURVE ( 'NONE', #3118, #43, #2252, .T. ) ;
#4561 = ORIENTED_EDGE ( 'NONE', *, *, #978, .F. ) ;
#4562 = VECTOR ( 'NONE', #3265, 1000.000000000000000 ) ;
#4563 = SURFACE_SIDE_STYLE ('',( #2986 ) ) ;
#4564 = DIRECTION ( 'NONE',  ( 1.000000000000000000, 0.000000000000000000, 0.000000000000000000 ) ) ;
#4565 = LINE ( 'NONE', #4627, #4953 ) ;
#4566 = ORIENTED_EDGE ( 'NONE', *, *, #1309, .F. ) ;
#4567 = SURFACE_SIDE_STYLE ('',( #2609 ) ) ;
#4568 = PLANE ( 'NONE',  #1883 ) ;
#4569 = FACE_OUTER_BOUND ( 'NONE', #3646, .T. ) ;
#4570 = SURFACE_STYLE_FILL_AREA ( #3286 ) ;
#4571 = ORIENTED_EDGE ( 'NONE', *, *, #821, .F. ) ;
#4572 = ADVANCED_FACE ( 'NONE', ( #2957 ), #3029, .T. ) ;
#4573 = DIRECTION ( 'NONE',  ( 0.000000000000000000, 0.000000000000000000, 1.000000000000000000 ) ) ;
#4574 = CARTESIAN_POINT ( 'NONE',  ( -56.58844692662011511, 16.08376167166643356, 38.10000000000000142 ) ) ;
#4575 = PRESENTATION_STYLE_ASSIGNMENT (( #3317 ) ) ;
#4576 =( LENGTH_UNIT ( ) NAMED_UNIT ( * ) SI_UNIT ( .MILLI., .METRE. ) );
#4577 = CIRCLE ( 'NONE', #3675, 0.5000000000000004441 ) ;
#4578 = PRESENTATION_LAYER_ASSIGNMENT (  '', '', ( #1709 ) ) ;
#4579 = DIRECTION ( 'NONE',  ( 0.000000000000000000, 0.000000000000000000, 1.000000000000000000 ) ) ;
#4580 = CARTESIAN_POINT ( 'NONE',  ( -60.60209414900666047, 18.49009486927386448, 38.10000000000000142 ) ) ;
#4581 = ORIENTED_EDGE ( 'NONE', *, *, #518, .T. ) ;
#4582 = LINE ( 'NONE', #1442, #3443 ) ;
#4583 = DIRECTION ( 'NONE',  ( 1.000000000000000000, 0.000000000000000000, 0.000000000000000000 ) ) ;
#4584 = ADVANCED_FACE ( 'NONE', ( #2546 ), #4585, .T. ) ;
#4585 = CYLINDRICAL_SURFACE ( 'NONE', #332, 0.5118843026691993758 ) ;
#4586 = ORIENTED_EDGE ( 'NONE', *, *, #3679, .F. ) ;
#4587 =( NAMED_UNIT ( * ) PLANE_ANGLE_UNIT ( ) SI_UNIT ( $, .RADIAN. ) );
#4588 = VERTEX_POINT ( 'NONE', #4993 ) ;
#4589 = AXIS2_PLACEMENT_3D ( 'NONE', #3370, #1423, #2980 ) ;
#4590 = SURFACE_STYLE_USAGE ( .BOTH. , #1783 ) ;
#4591 = PLANE ( 'NONE',  #4507 ) ;
#4592 = CIRCLE ( 'NONE', #3275, 1.800000000000001155 ) ;
#4593 = EDGE_CURVE ( 'NONE', #711, #3652, #1074, .T. ) ;
#4594 = CARTESIAN_POINT ( 'NONE',  ( -56.58844692662011511, 17.97372293522450803, 38.10000000000000142 ) ) ;
#4595 = EDGE_CURVE ( 'NONE', #3652, #2682, #3780, .T. ) ;
#4596 = VECTOR ( 'NONE', #2885, 1000.000000000000000 ) ;
#4597 = EDGE_LOOP ( 'NONE', ( #2223, #4313, #706, #1457 ) ) ;
#4598 = CARTESIAN_POINT ( 'NONE',  ( -32.79123993217881150, 21.16890029208335378, 38.10000000000000142 ) ) ;
#4599 = CARTESIAN_POINT ( 'NONE',  ( -34.94532355148813707, 17.10460652725317487, 38.10000000000000142 ) ) ;
#4600 = FACE_OUTER_BOUND ( 'NONE', #2843, .T. ) ;
#4601 = VERTEX_POINT ( 'NONE', #3374 ) ;
#4602 = COLOUR_RGB ( '',0.2980392156862745057, 0.2980392156862745057, 0.2980392156862745057 ) ;
#4603 = DIRECTION ( 'NONE',  ( -0.000000000000000000, -0.000000000000000000, -1.000000000000000000 ) ) ;
#4604 = UNCERTAINTY_MEASURE_WITH_UNIT (LENGTH_MEASURE( 1.000000000000000082E-05 ), #1924, 'distance_accuracy_value', 'NONE');
#4605 = CARTESIAN_POINT ( 'NONE',  ( -62.58146679511121846, 26.16205707020611371, 38.10000000000000142 ) ) ;
#4606 =( LENGTH_UNIT ( ) NAMED_UNIT ( * ) SI_UNIT ( .MILLI., .METRE. ) );
#4607 = CARTESIAN_POINT ( 'NONE',  ( -33.91677811048842983, 7.197503527118557898, 38.10000000000000142 ) ) ;
#4608 = UNCERTAINTY_MEASURE_WITH_UNIT (LENGTH_MEASURE( 1.000000000000000082E-05 ), #3389, 'distance_accuracy_value', 'NONE');
#4609 = MECHANICAL_DESIGN_GEOMETRIC_PRESENTATION_REPRESENTATION (  '', ( #1731 ), #2142 ) ;
#4610 = SURFACE_SIDE_STYLE ('',( #701 ) ) ;
#4611 =( LENGTH_UNIT ( ) NAMED_UNIT ( * ) SI_UNIT ( .MILLI., .METRE. ) );
#4612 =( NAMED_UNIT ( * ) PLANE_ANGLE_UNIT ( ) SI_UNIT ( $, .RADIAN. ) );
#4613 = SURFACE_SIDE_STYLE ('',( #4557 ) ) ;
#4614 = AXIS2_PLACEMENT_3D ( 'NONE', #2516, #1322, #168 ) ;
#4615 = PRESENTATION_LAYER_ASSIGNMENT (  '', '', ( #3464 ) ) ;
#4616 = AXIS2_PLACEMENT_3D ( 'NONE', #4059, #2906, #2208 ) ;
#4617 =( NAMED_UNIT ( * ) PLANE_ANGLE_UNIT ( ) SI_UNIT ( $, .RADIAN. ) );
#4618 = ORIENTED_EDGE ( 'NONE', *, *, #4332, .T. ) ;
#4619 = FACE_OUTER_BOUND ( 'NONE', #684, .T. ) ;
#4620 = UNCERTAINTY_MEASURE_WITH_UNIT (LENGTH_MEASURE( 1.000000000000000082E-05 ), #2096, 'distance_accuracy_value', 'NONE');
#4621 =( LENGTH_UNIT ( ) NAMED_UNIT ( * ) SI_UNIT ( .MILLI., .METRE. ) );
#4622 = MECHANICAL_DESIGN_GEOMETRIC_PRESENTATION_REPRESENTATION (  '', ( #672 ), #3299 ) ;
#4623 = PRESENTATION_LAYER_ASSIGNMENT (  '', '', ( #4200 ) ) ;
#4624 = DIRECTION ( 'NONE',  ( -1.000000000000000000, 0.000000000000000000, 0.000000000000000000 ) ) ;
#4625 = AXIS2_PLACEMENT_3D ( 'NONE', #649, #1401, #250 ) ;
#4626 = CARTESIAN_POINT ( 'NONE',  ( -61.37269246961105296, 7.013538459968201799, 0.000000000000000000 ) ) ;
#4627 = CARTESIAN_POINT ( 'NONE',  ( -68.87344783956824301, 0.7528379933234140564, 38.10000000000000142 ) ) ;
#4628 = COLOUR_RGB ( '',0.2980392156862745057, 0.2980392156862745057, 0.2980392156862745057 ) ;
#4629 = AXIS2_PLACEMENT_3D ( 'NONE', #3125, #4211, #2334 ) ;
#4630 = EDGE_CURVE ( 'NONE', #3838, #4680, #3219, .T. ) ;
#4631 = ORIENTED_EDGE ( 'NONE', *, *, #3076, .T. ) ;
#4632 = DIRECTION ( 'NONE',  ( 1.000000000000000000, 0.000000000000000000, 0.000000000000000000 ) ) ;
#4633 = CARTESIAN_POINT ( 'NONE',  ( -63.29010308713453270, 21.16890029208335378, 38.10000000000000142 ) ) ;
#4634 = ORIENTED_EDGE ( 'NONE', *, *, #4280, .F. ) ;
#4635 = CARTESIAN_POINT ( 'NONE',  ( -57.51445593012449820, 0.3416086120920855396, 38.10000000000000142 ) ) ;
#4636 = EDGE_CURVE ( 'NONE', #3366, #1433, #1757, .T. ) ;
#4637 = VECTOR ( 'NONE', #2647, 1000.000000000000000 ) ;
#4638 = DIRECTION ( 'NONE',  ( -1.000000000000000000, 0.000000000000000000, 0.000000000000000000 ) ) ;
#4639 = SURFACE_SIDE_STYLE ('',( #1143 ) ) ;
#4640 = CYLINDRICAL_SURFACE ( 'NONE', #3215, 0.5118843026691993758 ) ;
#4641 = SURFACE_STYLE_USAGE ( .BOTH. , #5075 ) ;
#4642 = CARTESIAN_POINT ( 'NONE',  ( -68.31633700196221071, 26.43928713990734281, 0.000000000000000000 ) ) ;
#4643 = DIRECTION ( 'NONE',  ( -0.000000000000000000, -0.000000000000000000, -1.000000000000000000 ) ) ;
#4644 = VERTEX_POINT ( 'NONE', #1373 ) ;
#4645 = PRESENTATION_STYLE_ASSIGNMENT (( #2347 ) ) ;
#4646 =( NAMED_UNIT ( * ) SI_UNIT ( $, .STERADIAN. ) SOLID_ANGLE_UNIT ( ) );
#4647 = LINE ( 'NONE', #3465, #235 ) ;
#4648 = VERTEX_POINT ( 'NONE', #3347 ) ;
#4649 = DIRECTION ( 'NONE',  ( 1.000000000000000000, 0.000000000000000000, 0.000000000000000000 ) ) ;
#4650 = FILL_AREA_STYLE ('',( #1529 ) ) ;
#4651 = DIRECTION ( 'NONE',  ( -0.000000000000000000, -0.000000000000000000, -1.000000000000000000 ) ) ;
#4652 = AXIS2_PLACEMENT_3D ( 'NONE', #106, #86, #4424 ) ;
#4653 = ORIENTED_EDGE ( 'NONE', *, *, #727, .T. ) ;
#4654 = EDGE_CURVE ( 'NONE', #963, #1930, #5113, .T. ) ;
#4655 = DIRECTION ( 'NONE',  ( 0.5722844846642902716, 0.8200551619327370867, -0.000000000000000000 ) ) ;
#4656 = VERTEX_POINT ( 'NONE', #3111 ) ;
#4657 = CARTESIAN_POINT ( 'NONE',  ( -68.40738605156792573, 8.173347176086082300, 38.10000000000000142 ) ) ;
#4658 = CARTESIAN_POINT ( 'NONE',  ( -63.31228303323829465, 33.53262314752554829, 38.10000000000000142 ) ) ;
#4659 = EDGE_CURVE ( 'NONE', #4093, #2517, #3226, .T. ) ;
#4660 = LINE ( 'NONE', #4348, #2805 ) ;
#4661 = EDGE_CURVE ( 'NONE', #2845, #123, #4117, .T. ) ;
#4662 = DIRECTION ( 'NONE',  ( -0.000000000000000000, -0.000000000000000000, -1.000000000000000000 ) ) ;
#4663 =( NAMED_UNIT ( * ) PLANE_ANGLE_UNIT ( ) SI_UNIT ( $, .RADIAN. ) );
#4664 = AXIS2_PLACEMENT_3D ( 'NONE', #4362, #3154, #4731 ) ;
#4665 = FACE_OUTER_BOUND ( 'NONE', #2190, .T. ) ;
#4666 = CARTESIAN_POINT ( 'NONE',  ( -38.56688708918884601, 0.3416086120920855396, 0.000000000000000000 ) ) ;
#4667 = EDGE_LOOP ( 'NONE', ( #200, #4537, #464, #581 ) ) ;
#4668 = FILL_AREA_STYLE_COLOUR ( '', #1627 ) ;
#4669 = UNCERTAINTY_MEASURE_WITH_UNIT (LENGTH_MEASURE( 1.000000000000000082E-05 ), #1230, 'distance_accuracy_value', 'NONE');
#4670 = DIRECTION ( 'NONE',  ( -0.000000000000000000, -0.000000000000000000, -1.000000000000000000 ) ) ;
#4671 =( LENGTH_UNIT ( ) NAMED_UNIT ( * ) SI_UNIT ( .MILLI., .METRE. ) );
#4672 = DIRECTION ( 'NONE',  ( 0.000000000000000000, 0.000000000000000000, 1.000000000000000000 ) ) ;
#4673 = ORIENTED_EDGE ( 'NONE', *, *, #4047, .F. ) ;
#4674 = AXIS2_PLACEMENT_3D ( 'NONE', #3599, #4877, #2773 ) ;
#4675 = CARTESIAN_POINT ( 'NONE',  ( -42.49067150965667850, 17.97372293522450803, 38.10000000000000142 ) ) ;
#4676 =( LENGTH_UNIT ( ) NAMED_UNIT ( * ) SI_UNIT ( .MILLI., .METRE. ) );
#4677 = EDGE_LOOP ( 'NONE', ( #1530, #1075, #1765, #2447 ) ) ;
#4678 =( GEOMETRIC_REPRESENTATION_CONTEXT ( 3 ) GLOBAL_UNCERTAINTY_ASSIGNED_CONTEXT ( ( #1994 ) ) GLOBAL_UNIT_ASSIGNED_CONTEXT ( ( #835, #63, #2761 ) ) REPRESENTATION_CONTEXT ( 'NONE', 'WORKASPACE' ) );
#4679 = LINE ( 'NONE', #287, #1104 ) ;
#4680 = VERTEX_POINT ( 'NONE', #6 ) ;
#4681 = VECTOR ( 'NONE', #4794, 1000.000000000000000 ) ;
#4682 = CARTESIAN_POINT ( 'NONE',  ( -57.51445593012449820, 33.71587599479885711, 38.10000000000000142 ) ) ;
#4683 =( GEOMETRIC_REPRESENTATION_CONTEXT ( 3 ) GLOBAL_UNCERTAINTY_ASSIGNED_CONTEXT ( ( #4604 ) ) GLOBAL_UNIT_ASSIGNED_CONTEXT ( ( #1924, #3493, #1432 ) ) REPRESENTATION_CONTEXT ( 'NONE', 'WORKASPACE' ) );
#4684 = ORIENTED_EDGE ( 'NONE', *, *, #3521, .T. ) ;
#4685 = DIRECTION ( 'NONE',  ( 0.000000000000000000, 1.000000000000000000, 0.000000000000000000 ) ) ;
#4686 = CARTESIAN_POINT ( 'NONE',  ( -57.05145142837230310, 0.3416086120920855396, 38.10000000000000142 ) ) ;
#4687 = SURFACE_STYLE_USAGE ( .BOTH. , #4639 ) ;
#4688 = PRESENTATION_STYLE_ASSIGNMENT (( #2697 ) ) ;
#4689 = CIRCLE ( 'NONE', #2709, 1.799999999999999600 ) ;
#4690 = EDGE_CURVE ( 'NONE', #4328, #162, #2704, .T. ) ;
#4691 =( LENGTH_UNIT ( ) NAMED_UNIT ( * ) SI_UNIT ( .MILLI., .METRE. ) );
#4692 = CIRCLE ( 'NONE', #2458, 0.9382895641747712734 ) ;
#4693 = CARTESIAN_POINT ( 'NONE',  ( -57.51445593012449820, 33.71587599479885711, 0.000000000000000000 ) ) ;
#4694 =( NAMED_UNIT ( * ) PLANE_ANGLE_UNIT ( ) SI_UNIT ( $, .RADIAN. ) );
#4695 = AXIS2_PLACEMENT_3D ( 'NONE', #1881, #5051, #4583 ) ;
#4696 =( NAMED_UNIT ( * ) PLANE_ANGLE_UNIT ( ) SI_UNIT ( $, .RADIAN. ) );
#4697 = FILL_AREA_STYLE_COLOUR ( '', #1565 ) ;
#4698 = PRESENTATION_STYLE_ASSIGNMENT (( #3146 ) ) ;
#4699 = COLOUR_RGB ( '',0.2980392156862745057, 0.2980392156862745057, 0.2980392156862745057 ) ;
#4700 = AXIS2_PLACEMENT_3D ( 'NONE', #2463, #3266, #3290 ) ;
#4701 = CYLINDRICAL_SURFACE ( 'NONE', #2066, 0.5673323263053475785 ) ;
#4702 = ORIENTED_EDGE ( 'NONE', *, *, #593, .T. ) ;
#4703 = VECTOR ( 'NONE', #4896, 1000.000000000000000 ) ;
#4704 = VERTEX_POINT ( 'NONE', #4247 ) ;
#4705 = CYLINDRICAL_SURFACE ( 'NONE', #2865, 0.7412256314667936552 ) ;
#4706 = EDGE_LOOP ( 'NONE', ( #2201, #2274, #3400, #4505 ) ) ;
#4707 = DIRECTION ( 'NONE',  ( -0.5722844846642898275, 0.8200551619327373087, 0.000000000000000000 ) ) ;
#4708 =( LENGTH_UNIT ( ) NAMED_UNIT ( * ) SI_UNIT ( .MILLI., .METRE. ) );
#4709 = CIRCLE ( 'NONE', #4378, 0.4630045017521913775 ) ;
#4710 = UNCERTAINTY_MEASURE_WITH_UNIT (LENGTH_MEASURE( 1.000000000000000082E-05 ), #3302, 'distance_accuracy_value', 'NONE');
#4711 = CARTESIAN_POINT ( 'NONE',  ( -34.70865054970229124, 7.013538459968202687, 0.000000000000000000 ) ) ;
#4712 = ORIENTED_EDGE ( 'NONE', *, *, #2913, .F. ) ;
#4713 = FACE_OUTER_BOUND ( 'NONE', #1505, .T. ) ;
#4714 = SURFACE_SIDE_STYLE ('',( #1567 ) ) ;
#4715 = PRESENTATION_STYLE_ASSIGNMENT (( #4687 ) ) ;
#4716 = SURFACE_STYLE_FILL_AREA ( #213 ) ;
#4717 = AXIS2_PLACEMENT_3D ( 'NONE', #3821, #298, #1884 ) ;
#4718 = FILL_AREA_STYLE_COLOUR ( '', #552 ) ;
#4719 = CARTESIAN_POINT ( 'NONE',  ( -34.30294641420780266, 11.58227588757442739, 38.10000000000000142 ) ) ;
#4720 = CYLINDRICAL_SURFACE ( 'NONE', #4935, 0.9382895641747712734 ) ;
#4721 = AXIS2_PLACEMENT_3D ( 'NONE', #3892, #1595, #3596 ) ;
#4722 = ADVANCED_FACE ( 'NONE', ( #2756 ), #3901, .T. ) ;
#4723 = DIRECTION ( 'NONE',  ( 0.000000000000000000, 0.000000000000000000, 1.000000000000000000 ) ) ;
#4724 = ORIENTED_EDGE ( 'NONE', *, *, #4332, .F. ) ;
#4725 = CARTESIAN_POINT ( 'NONE',  ( -34.28268117844689300, 23.01600384671558785, 0.000000000000000000 ) ) ;
#4726 = FILL_AREA_STYLE ('',( #3195 ) ) ;
#4727 = ADVANCED_FACE ( 'NONE', ( #5023 ), #5078, .T. ) ;
#4728 = EDGE_CURVE ( 'NONE', #4648, #288, #4299, .T. ) ;
#4729 = ORIENTED_EDGE ( 'NONE', *, *, #1853, .F. ) ;
#4730 = VERTEX_POINT ( 'NONE', #4666 ) ;
#4731 = DIRECTION ( 'NONE',  ( -1.000000000000000000, 0.000000000000000000, 0.000000000000000000 ) ) ;
#4732 = EDGE_LOOP ( 'NONE', ( #3784, #935, #4561, #2330 ) ) ;
#4733 = ORIENTED_EDGE ( 'NONE', *, *, #262, .F. ) ;
#4734 = CARTESIAN_POINT ( 'NONE',  ( -38.56688708918884601, 0.3416086120920855396, 38.10000000000000142 ) ) ;
#4735 = ORIENTED_EDGE ( 'NONE', *, *, #3882, .F. ) ;
#4736 = DIRECTION ( 'NONE',  ( -0.9337228840204945257, 0.3579966143086414365, 0.000000000000000000 ) ) ;
#4737 =( LENGTH_UNIT ( ) NAMED_UNIT ( * ) SI_UNIT ( .MILLI., .METRE. ) );
#4738 =( NAMED_UNIT ( * ) PLANE_ANGLE_UNIT ( ) SI_UNIT ( $, .RADIAN. ) );
#4739 = SURFACE_STYLE_USAGE ( .BOTH. , #4268 ) ;
#4740 = COLOUR_RGB ( '',0.2980392156862745057, 0.2980392156862745057, 0.2980392156862745057 ) ;
#4741 = DIRECTION ( 'NONE',  ( -0.000000000000000000, 1.000000000000000000, -0.000000000000000000 ) ) ;
#4742 = DIRECTION ( 'NONE',  ( 0.5893864328791068585, -0.8078512441892021778, 0.000000000000000000 ) ) ;
#4743 = SURFACE_SIDE_STYLE ('',( #2396 ) ) ;
#4744 = VERTEX_POINT ( 'NONE', #3849 ) ;
#4745 = SURFACE_STYLE_FILL_AREA ( #1318 ) ;
#4746 = LINE ( 'NONE', #3905, #4868 ) ;
#4747 = EDGE_CURVE ( 'NONE', #2601, #14, #2465, .T. ) ;
#4748 = EDGE_CURVE ( 'NONE', #3509, #1902, #2399, .T. ) ;
#4749 = VECTOR ( 'NONE', #3748, 1000.000000000000000 ) ;
#4750 = ORIENTED_EDGE ( 'NONE', *, *, #2016, .T. ) ;
#4751 = SURFACE_SIDE_STYLE ('',( #2407 ) ) ;
#4752 = EDGE_CURVE ( 'NONE', #115, #4934, #775, .T. ) ;
#4753 = ORIENTED_EDGE ( 'NONE', *, *, #2766, .T. ) ;
#4754 = STYLED_ITEM ( 'NONE', ( #3479 ), #695 ) ;
#4755 = ORIENTED_EDGE ( 'NONE', *, *, #2699, .F. ) ;
#4756 = SURFACE_STYLE_FILL_AREA ( #1977 ) ;
#4757 = AXIS2_PLACEMENT_3D ( 'NONE', #1070, #1833, #2622 ) ;
#4758 = DIRECTION ( 'NONE',  ( 0.000000000000000000, 0.000000000000000000, 1.000000000000000000 ) ) ;
#4759 = CARTESIAN_POINT ( 'NONE',  ( -33.87265359748052873, 11.32762300250749909, 38.10000000000000142 ) ) ;
#4760 =( GEOMETRIC_REPRESENTATION_CONTEXT ( 3 ) GLOBAL_UNCERTAINTY_ASSIGNED_CONTEXT ( ( #3268 ) ) GLOBAL_UNIT_ASSIGNED_CONTEXT ( ( #3452, #4272, #674 ) ) REPRESENTATION_CONTEXT ( 'NONE', 'WORKASPACE' ) );
#4761 = LINE ( 'NONE', #2367, #3301 ) ;
#4762 = CIRCLE ( 'NONE', #2456, 0.9999999999999870104 ) ;
#4763 = ORIENTED_EDGE ( 'NONE', *, *, #2523, .T. ) ;
#4764 = LINE ( 'NONE', #4813, #3758 ) ;
#4765 =( LENGTH_UNIT ( ) NAMED_UNIT ( * ) SI_UNIT ( .MILLI., .METRE. ) );
#4766 = CIRCLE ( 'NONE', #311, 0.9999999999999870104 ) ;
#4767 = LINE ( 'NONE', #832, #4562 ) ;
#4768 =( GEOMETRIC_REPRESENTATION_CONTEXT ( 3 ) GLOBAL_UNCERTAINTY_ASSIGNED_CONTEXT ( ( #2758 ) ) GLOBAL_UNIT_ASSIGNED_CONTEXT ( ( #4671, #653, #3381 ) ) REPRESENTATION_CONTEXT ( 'NONE', 'WORKASPACE' ) );
#4769 =( GEOMETRIC_REPRESENTATION_CONTEXT ( 3 ) GLOBAL_UNCERTAINTY_ASSIGNED_CONTEXT ( ( #269 ) ) GLOBAL_UNIT_ASSIGNED_CONTEXT ( ( #4737, #3654, #4375 ) ) REPRESENTATION_CONTEXT ( 'NONE', 'WORKASPACE' ) );
#4770 = EDGE_LOOP ( 'NONE', ( #823, #2335, #3429, #1944 ) ) ;
#4771 = UNCERTAINTY_MEASURE_WITH_UNIT (LENGTH_MEASURE( 1.000000000000000082E-05 ), #1590, 'distance_accuracy_value', 'NONE');
#4772 = DIRECTION ( 'NONE',  ( 0.8078512441892022888, 0.5893864328791069696, -0.000000000000000000 ) ) ;
#4773 = PRESENTATION_LAYER_ASSIGNMENT (  '', '', ( #4100 ) ) ;
#4774 = PRESENTATION_LAYER_ASSIGNMENT (  '', '', ( #917 ) ) ;
#4775 =( NAMED_UNIT ( * ) PLANE_ANGLE_UNIT ( ) SI_UNIT ( $, .RADIAN. ) );
#4776 = MECHANICAL_DESIGN_GEOMETRIC_PRESENTATION_REPRESENTATION (  '', ( #4445 ), #3367 ) ;
#4777 = EDGE_LOOP ( 'NONE', ( #1782, #1637 ) ) ;
#4778 = AXIS2_PLACEMENT_3D ( 'NONE', #1121, #3744, #3796 ) ;
#4779 = SURFACE_STYLE_USAGE ( .BOTH. , #397 ) ;
#4780 = ORIENTED_EDGE ( 'NONE', *, *, #409, .T. ) ;
#4781 = SURFACE_SIDE_STYLE ('',( #16 ) ) ;
#4782 = EDGE_CURVE ( 'NONE', #3366, #4884, #3608, .T. ) ;
#4783 = CARTESIAN_POINT ( 'NONE',  ( -34.28268117844689300, 11.04148076017535018, 38.10000000000000142 ) ) ;
#4784 = STYLED_ITEM ( 'NONE', ( #3058 ), #293 ) ;
#4785 = ORIENTED_EDGE ( 'NONE', *, *, #3262, .F. ) ;
#4786 = FILL_AREA_STYLE_COLOUR ( '', #624 ) ;
#4787 =( NAMED_UNIT ( * ) PLANE_ANGLE_UNIT ( ) SI_UNIT ( $, .RADIAN. ) );
#4788 =( GEOMETRIC_REPRESENTATION_CONTEXT ( 3 ) GLOBAL_UNCERTAINTY_ASSIGNED_CONTEXT ( ( #2094 ) ) GLOBAL_UNIT_ASSIGNED_CONTEXT ( ( #183, #203, #3054 ) ) REPRESENTATION_CONTEXT ( 'NONE', 'WORKASPACE' ) );
#4789 = AXIS2_PLACEMENT_3D ( 'NONE', #260, #1115, #3095 ) ;
#4790 = SURFACE_STYLE_USAGE ( .BOTH. , #3260 ) ;
#4791 = LINE ( 'NONE', #1263, #2471 ) ;
#4792 = PRESENTATION_LAYER_ASSIGNMENT (  '', '', ( #249 ) ) ;
#4793 = ORIENTED_EDGE ( 'NONE', *, *, #592, .T. ) ;
#4794 = DIRECTION ( 'NONE',  ( -0.000000000000000000, -0.000000000000000000, -1.000000000000000000 ) ) ;
#4795 = CARTESIAN_POINT ( 'NONE',  ( -34.72973881428544729, 26.85998107977238192, 38.10000000000000142 ) ) ;
#4796 = CARTESIAN_POINT ( 'NONE',  ( -27.23112556093168735, 8.520307511124615374, 38.10000000000000142 ) ) ;
#4797 = CARTESIAN_POINT ( 'NONE',  ( -68.85021745838166396, 8.520307511124615374, 38.10000000000000142 ) ) ;
#4798 = ORIENTED_EDGE ( 'NONE', *, *, #502, .F. ) ;
#4799 =( NAMED_UNIT ( * ) PLANE_ANGLE_UNIT ( ) SI_UNIT ( $, .RADIAN. ) );
#4800 = CARTESIAN_POINT ( 'NONE',  ( -61.53149670510276792, 18.37876154355187452, 38.10000000000000142 ) ) ;
#4801 = DIRECTION ( 'NONE',  ( -0.000000000000000000, -0.000000000000000000, -1.000000000000000000 ) ) ;
#4802 = VERTEX_POINT ( 'NONE', #57 ) ;
#4803 = ORIENTED_EDGE ( 'NONE', *, *, #2500, .F. ) ;
#4804 = PRESENTATION_LAYER_ASSIGNMENT (  '', '', ( #520 ) ) ;
#4805 = ORIENTED_EDGE ( 'NONE', *, *, #4278, .F. ) ;
#4806 = FILL_AREA_STYLE_COLOUR ( '', #160 ) ;
#4807 =( NAMED_UNIT ( * ) PLANE_ANGLE_UNIT ( ) SI_UNIT ( $, .RADIAN. ) );
#4808 = EDGE_LOOP ( 'NONE', ( #2510, #3572, #1160, #3233 ) ) ;
#4809 =( NAMED_UNIT ( * ) PLANE_ANGLE_UNIT ( ) SI_UNIT ( $, .RADIAN. ) );
#4810 = FACE_OUTER_BOUND ( 'NONE', #3326, .T. ) ;
#4811 = ADVANCED_FACE ( 'NONE', ( #3960 ), #108, .T. ) ;
#4812 = ORIENTED_EDGE ( 'NONE', *, *, #4654, .F. ) ;
#4813 = CARTESIAN_POINT ( 'NONE',  ( -27.76500601735112284, 26.43928713990734281, 38.10000000000000142 ) ) ;
#4814 = SURFACE_STYLE_USAGE ( .BOTH. , #105 ) ;
#4815 = PLANE ( 'NONE',  #2100 ) ;
#4816 = ADVANCED_FACE ( 'NONE', ( #3582 ), #4911, .F. ) ;
#4817 = ADVANCED_FACE ( 'NONE', ( #468 ), #492, .F. ) ;
#4818 = VERTEX_POINT ( 'NONE', #4635 ) ;
#4819 = FILL_AREA_STYLE_COLOUR ( '', #1195 ) ;
#4820 = ORIENTED_EDGE ( 'NONE', *, *, #3206, .T. ) ;
#4821 = UNCERTAINTY_MEASURE_WITH_UNIT (LENGTH_MEASURE( 1.000000000000000082E-05 ), #3695, 'distance_accuracy_value', 'NONE');
#4822 = AXIS2_PLACEMENT_3D ( 'NONE', #2010, #2519, #3573 ) ;
#4823 = DIRECTION ( 'NONE',  ( -1.000000000000000000, 0.000000000000000000, 0.000000000000000000 ) ) ;
#4824 = ORIENTED_EDGE ( 'NONE', *, *, #724, .T. ) ;
#4825 = ORIENTED_EDGE ( 'NONE', *, *, #74, .F. ) ;
#4826 = SURFACE_STYLE_FILL_AREA ( #1377 ) ;
#4827 = STYLED_ITEM ( 'NONE', ( #4060 ), #1851 ) ;
#4828 =( NAMED_UNIT ( * ) SI_UNIT ( $, .STERADIAN. ) SOLID_ANGLE_UNIT ( ) );
#4829 = AXIS2_PLACEMENT_3D ( 'NONE', #4243, #4325, #2262 ) ;
#4830 = EDGE_LOOP ( 'NONE', ( #763, #4419, #3700, #2308 ) ) ;
#4831 = FILL_AREA_STYLE ('',( #3259 ) ) ;
#4832 = PRESENTATION_STYLE_ASSIGNMENT (( #4790 ) ) ;
#4833 = CARTESIAN_POINT ( 'NONE',  ( -56.58844692662011511, 16.08376167166643356, 33.09999999999999432 ) ) ;
#4834 = ORIENTED_EDGE ( 'NONE', *, *, #1545, .T. ) ;
#4835 = EDGE_LOOP ( 'NONE', ( #1732, #3961, #3789, #4137 ) ) ;
#4836 = EDGE_CURVE ( 'NONE', #1608, #2975, #664, .T. ) ;
#4837 = LINE ( 'NONE', #720, #1963 ) ;
#4838 = DIRECTION ( 'NONE',  ( -0.000000000000000000, -0.000000000000000000, -1.000000000000000000 ) ) ;
#4839 = LINE ( 'NONE', #1270, #3734 ) ;
#4840 = STYLED_ITEM ( 'NONE', ( #811 ), #2973 ) ;
#4841 = SURFACE_STYLE_USAGE ( .BOTH. , #1343 ) ;
#4842 = EDGE_CURVE ( 'NONE', #1711, #475, #3790, .T. ) ;
#4843 = ORIENTED_EDGE ( 'NONE', *, *, #1703, .T. ) ;
#4844 = COLOUR_RGB ( '',0.2980392156862745057, 0.2980392156862745057, 0.2980392156862745057 ) ;
#4845 = DIRECTION ( 'NONE',  ( 0.6901459099388759233, 0.7236702446519691634, -0.000000000000000000 ) ) ;
#4846 = DIRECTION ( 'NONE',  ( -1.000000000000000000, 0.000000000000000000, 0.000000000000000000 ) ) ;
#4847 = DIRECTION ( 'NONE',  ( -0.000000000000000000, -0.000000000000000000, -1.000000000000000000 ) ) ;
#4848 = ORIENTED_EDGE ( 'NONE', *, *, #3303, .T. ) ;
#4849 = ORIENTED_EDGE ( 'NONE', *, *, #4465, .F. ) ;
#4850 = ORIENTED_EDGE ( 'NONE', *, *, #4012, .F. ) ;
#4851 = DIRECTION ( 'NONE',  ( -0.000000000000000000, -0.000000000000000000, -1.000000000000000000 ) ) ;
#4852 = COLOUR_RGB ( '',0.2980392156862745057, 0.2980392156862745057, 0.2980392156862745057 ) ;
#4853 = VERTEX_POINT ( 'NONE', #2233 ) ;
#4854 = CARTESIAN_POINT ( 'NONE',  ( -68.49526337095133499, 33.51949909523553828, 38.10000000000000142 ) ) ;
#4855 = FILL_AREA_STYLE_COLOUR ( '', #2949 ) ;
#4856 = FILL_AREA_STYLE_COLOUR ( '', #2724 ) ;
#4857 = VECTOR ( 'NONE', #3436, 1000.000000000000000 ) ;
#4858 = EDGE_LOOP ( 'NONE', ( #2538, #3563, #2354, #4820 ) ) ;
#4859 = ORIENTED_EDGE ( 'NONE', *, *, #376, .T. ) ;
#4860 = UNCERTAINTY_MEASURE_WITH_UNIT (LENGTH_MEASURE( 1.000000000000000082E-05 ), #4708, 'distance_accuracy_value', 'NONE');
#4861 = AXIS2_PLACEMENT_3D ( 'NONE', #4658, #322, #1119 ) ;
#4862 =( GEOMETRIC_REPRESENTATION_CONTEXT ( 3 ) GLOBAL_UNCERTAINTY_ASSIGNED_CONTEXT ( ( #639 ) ) GLOBAL_UNIT_ASSIGNED_CONTEXT ( ( #1338, #1383, #1766 ) ) REPRESENTATION_CONTEXT ( 'NONE', 'WORKASPACE' ) );
#4863 = SURFACE_STYLE_USAGE ( .BOTH. , #2903 ) ;
#4864 = FACE_OUTER_BOUND ( 'NONE', #4954, .T. ) ;
#4865 = PRESENTATION_STYLE_ASSIGNMENT (( #590 ) ) ;
#4866 =( GEOMETRIC_REPRESENTATION_CONTEXT ( 3 ) GLOBAL_UNCERTAINTY_ASSIGNED_CONTEXT ( ( #3365 ) ) GLOBAL_UNIT_ASSIGNED_CONTEXT ( ( #2415, #80, #462 ) ) REPRESENTATION_CONTEXT ( 'NONE', 'WORKASPACE' ) );
#4867 = CARTESIAN_POINT ( 'NONE',  ( -63.29010308713453270, 12.88858431480758604, 38.10000000000000142 ) ) ;
#4868 = VECTOR ( 'NONE', #1223, 1000.000000000000000 ) ;
#4869 = ORIENTED_EDGE ( 'NONE', *, *, #3142, .F. ) ;
#4870 = STYLED_ITEM ( 'NONE', ( #3914 ), #1745 ) ;
#4871 = LINE ( 'NONE', #4189, #1536 ) ;
#4872 = DIRECTION ( 'NONE',  ( -0.3579966143086414920, -0.9337228840204944147, -0.000000000000000000 ) ) ;
#4873 = EDGE_CURVE ( 'NONE', #883, #2483, #3414, .T. ) ;
#4874 = DIRECTION ( 'NONE',  ( 1.000000000000000000, 0.000000000000000000, 0.000000000000000000 ) ) ;
#4875 = VERTEX_POINT ( 'NONE', #1511 ) ;
#4876 = SURFACE_SIDE_STYLE ('',( #3307 ) ) ;
#4877 = DIRECTION ( 'NONE',  ( -0.000000000000000000, -0.000000000000000000, -1.000000000000000000 ) ) ;
#4878 = CARTESIAN_POINT ( 'NONE',  ( -33.87265359748052873, 22.72986160438344072, 38.10000000000000142 ) ) ;
#4879 = EDGE_CURVE ( 'NONE', #288, #3913, #1139, .T. ) ;
#4880 = SURFACE_STYLE_USAGE ( .BOTH. , #1355 ) ;
#4881 = ADVANCED_FACE ( 'NONE', ( #2670 ), #4962, .T. ) ;
#4882 = AXIS2_PLACEMENT_3D ( 'NONE', #2898, #4851, #3651 ) ;
#4883 = CARTESIAN_POINT ( 'NONE',  ( -57.51445593012449820, 33.71587599479885711, 0.000000000000000000 ) ) ;
#4884 = VERTEX_POINT ( 'NONE', #4181 ) ;
#4885 = DIRECTION ( 'NONE',  ( -0.9337228840204949698, 0.3579966143086401598, 0.000000000000000000 ) ) ;
#4886 = DIRECTION ( 'NONE',  ( -0.000000000000000000, -1.000000000000000000, -0.000000000000000000 ) ) ;
#4887 = LINE ( 'NONE', #2487, #4998 ) ;
#4888 = SURFACE_STYLE_USAGE ( .BOTH. , #4937 ) ;
#4889 = DIRECTION ( 'NONE',  ( -0.000000000000000000, -0.000000000000000000, -1.000000000000000000 ) ) ;
#4890 = CARTESIAN_POINT ( 'NONE',  ( -62.58146679511121846, 26.16205707020611371, 0.000000000000000000 ) ) ;
#4891 = ORIENTED_EDGE ( 'NONE', *, *, #4490, .T. ) ;
#4892 = CARTESIAN_POINT ( 'NONE',  ( -60.60209414900666047, 18.49009486927386448, 38.10000000000000142 ) ) ;
#4893 = LINE ( 'NONE', #1804, #2368 ) ;
#4894 = LINE ( 'NONE', #2091, #4257 ) ;
#4895 = SURFACE_SIDE_STYLE ('',( #3323 ) ) ;
#4896 = DIRECTION ( 'NONE',  ( -0.000000000000000000, -0.000000000000000000, -1.000000000000000000 ) ) ;
#4897 = EDGE_LOOP ( 'NONE', ( #3628, #4850, #493, #2768, #2917, #1564, #3336, #3805, #4733, #4341, #1077, #2834, #1673, #4092, #3966, #4571, #3405, #513, #1362, #2405, #1438, #3126, #4849, #3973, #335, #28, #352, #2401, #2608, #4287, #3534, #1558, #3822, #4724, #1837, #865, #1265, #2992, #4566, #2474, #4024, #2838, #3277, #517, #3474, #4869, #4199, #876, #4385, #4586, #5062, #5035, #1213, #4147, #4495, #1140, #1426, #4044, #3128, #818, #4805, #404, #4673, #3340, #682, #4475, #4559, #3713, #3466, #1138, #1335, #3348, #968, #737, #3007, #1733, #547, #3883, #3745, #689, #3012, #2613, #924, #5044, #4043, #4212, #565, #3910, #4124, #2187, #4197, #2714, #940, #5117 ) ) ;
#4898 = EDGE_LOOP ( 'NONE', ( #299, #524, #945, #3123 ) ) ;
#4899 =( NAMED_UNIT ( * ) PLANE_ANGLE_UNIT ( ) SI_UNIT ( $, .RADIAN. ) );
#4900 = SURFACE_STYLE_FILL_AREA ( #1690 ) ;
#4901 = EDGE_CURVE ( 'NONE', #4744, #4318, #2326, .T. ) ;
#4902 = SURFACE_SIDE_STYLE ('',( #2499 ) ) ;
#4903 = CARTESIAN_POINT ( 'NONE',  ( -34.37265359748052873, 11.32762300250749909, 0.000000000000000000 ) ) ;
#4904 = EDGE_CURVE ( 'NONE', #101, #2009, #261, .T. ) ;
#4905 = ORIENTED_EDGE ( 'NONE', *, *, #4342, .T. ) ;
#4906 = FACE_OUTER_BOUND ( 'NONE', #4770, .T. ) ;
#4907 = DIRECTION ( 'NONE',  ( 0.000000000000000000, 0.000000000000000000, 1.000000000000000000 ) ) ;
#4908 = ORIENTED_EDGE ( 'NONE', *, *, #474, .T. ) ;
#4909 = CIRCLE ( 'NONE', #634, 0.9999999999999870104 ) ;
#4910 = ORIENTED_EDGE ( 'NONE', *, *, #2607, .T. ) ;
#4911 = PLANE ( 'NONE',  #4388 ) ;
#4912 = CARTESIAN_POINT ( 'NONE',  ( -56.58844692662011511, 16.08376167166643356, 38.10000000000000142 ) ) ;
#4913 = CYLINDRICAL_SURFACE ( 'NONE', #1901, 0.8129607037970082439 ) ;
#4914 = ORIENTED_EDGE ( 'NONE', *, *, #1761, .F. ) ;
#4915 =( GEOMETRIC_REPRESENTATION_CONTEXT ( 3 ) GLOBAL_UNCERTAINTY_ASSIGNED_CONTEXT ( ( #1538 ) ) GLOBAL_UNIT_ASSIGNED_CONTEXT ( ( #3749, #958, #1398 ) ) REPRESENTATION_CONTEXT ( 'NONE', 'WORKASPACE' ) );
#4916 = CARTESIAN_POINT ( 'NONE',  ( -33.91677811048842983, 7.197503527118557898, 0.000000000000000000 ) ) ;
#4917 = CARTESIAN_POINT ( 'NONE',  ( -68.96372520732167288, 25.87763152950190104, 0.000000000000000000 ) ) ;
#4918 = AXIS2_PLACEMENT_3D ( 'NONE', #757, #2677, #2731 ) ;
#4919 = CARTESIAN_POINT ( 'NONE',  ( -60.96168636030116517, 17.55698531430387987, 38.10000000000000142 ) ) ;
#4920 = VERTEX_POINT ( 'NONE', #1872 ) ;
#4921 = EDGE_CURVE ( 'NONE', #102, #962, #798, .T. ) ;
#4922 = VERTEX_POINT ( 'NONE', #4783 ) ;
#4923 = FILL_AREA_STYLE_COLOUR ( '', #22 ) ;
#4924 = COLOUR_RGB ( '',0.2980392156862745057, 0.2980392156862745057, 0.2980392156862745057 ) ;
#4925 =( NAMED_UNIT ( * ) PLANE_ANGLE_UNIT ( ) SI_UNIT ( $, .RADIAN. ) );
#4926 =( GEOMETRIC_REPRESENTATION_CONTEXT ( 3 ) GLOBAL_UNCERTAINTY_ASSIGNED_CONTEXT ( ( #206 ) ) GLOBAL_UNIT_ASSIGNED_CONTEXT ( ( #3079, #2673, #1515 ) ) REPRESENTATION_CONTEXT ( 'NONE', 'WORKASPACE' ) );
#4927 = STYLED_ITEM ( 'NONE', ( #1889 ), #2897 ) ;
#4928 = PRESENTATION_LAYER_ASSIGNMENT (  '', '', ( #747 ) ) ;
#4929 = ORIENTED_EDGE ( 'NONE', *, *, #2916, .T. ) ;
#4930 = MECHANICAL_DESIGN_GEOMETRIC_PRESENTATION_REPRESENTATION (  '', ( #415 ), #4275 ) ;
#4931 = FILL_AREA_STYLE_COLOUR ( '', #4271 ) ;
#4932 = DIRECTION ( 'NONE',  ( 1.000000000000000000, 0.000000000000000000, 0.000000000000000000 ) ) ;
#4933 = ADVANCED_FACE ( 'NONE', ( #2359 ), #1974, .F. ) ;
#4934 = VERTEX_POINT ( 'NONE', #4682 ) ;
#4935 = AXIS2_PLACEMENT_3D ( 'NONE', #1988, #3559, #26 ) ;
#4936 = DIRECTION ( 'NONE',  ( 1.000000000000000000, 0.000000000000000000, -0.000000000000000000 ) ) ;
#4937 = SURFACE_SIDE_STYLE ('',( #2972 ) ) ;
#4938 =( GEOMETRIC_REPRESENTATION_CONTEXT ( 3 ) GLOBAL_UNCERTAINTY_ASSIGNED_CONTEXT ( ( #729 ) ) GLOBAL_UNIT_ASSIGNED_CONTEXT ( ( #3828, #2633, #2988 ) ) REPRESENTATION_CONTEXT ( 'NONE', 'WORKASPACE' ) );
#4939 = ADVANCED_FACE ( 'NONE', ( #42 ), #2385, .F. ) ;
#4940 = DIRECTION ( 'NONE',  ( -0.000000000000000000, 1.000000000000000000, -0.000000000000000000 ) ) ;
#4941 = CIRCLE ( 'NONE', #4861, 0.5118843026691993758 ) ;
#4942 = PRESENTATION_LAYER_ASSIGNMENT (  '', '', ( #1820 ) ) ;
#4943 = VECTOR ( 'NONE', #4209, 1000.000000000000000 ) ;
#4944 = ORIENTED_EDGE ( 'NONE', *, *, #918, .T. ) ;
#4945 = DIRECTION ( 'NONE',  ( 0.6901459099388759233, 0.7236702446519691634, -0.000000000000000000 ) ) ;
#4946 = FACE_OUTER_BOUND ( 'NONE', #93, .T. ) ;
#4947 = CARTESIAN_POINT ( 'NONE',  ( -62.58146679511121846, 7.895427536684826997, 0.000000000000000000 ) ) ;
#4948 = PRESENTATION_LAYER_ASSIGNMENT (  '', '', ( #672 ) ) ;
#4949 = AXIS2_PLACEMENT_3D ( 'NONE', #716, #2255, #743 ) ;
#4950 = SURFACE_STYLE_USAGE ( .BOTH. , #4613 ) ;
#4951 = SURFACE_SIDE_STYLE ('',( #1472 ) ) ;
#4952 = EDGE_LOOP ( 'NONE', ( #4338, #2765, #1300, #5042 ) ) ;
#4953 = VECTOR ( 'NONE', #3089, 1000.000000000000000 ) ;
#4954 = EDGE_LOOP ( 'NONE', ( #3595, #3722, #1620, #15 ) ) ;
#4955 = STYLED_ITEM ( 'NONE', ( #4384 ), #4811 ) ;
#4956 = VERTEX_POINT ( 'NONE', #4711 ) ;
#4957 = CARTESIAN_POINT ( 'NONE',  ( -58.35634206377349642, 24.51389311239231006, 38.10000000000000142 ) ) ;
#4958 = DIRECTION ( 'NONE',  ( 0.000000000000000000, -1.000000000000000000, 0.000000000000000000 ) ) ;
#4959 =( LENGTH_UNIT ( ) NAMED_UNIT ( * ) SI_UNIT ( .MILLI., .METRE. ) );
#4960 = MECHANICAL_DESIGN_GEOMETRIC_PRESENTATION_REPRESENTATION (  '', ( #520 ), #2902 ) ;
#4961 = ORIENTED_EDGE ( 'NONE', *, *, #4208, .F. ) ;
#4962 = CYLINDRICAL_SURFACE ( 'NONE', #88, 0.5118843026691993758 ) ;
#4963 = CARTESIAN_POINT ( 'NONE',  ( -61.37269246961105296, 27.04394614692273535, 38.10000000000000142 ) ) ;
#4964 = SURFACE_SIDE_STYLE ('',( #4473 ) ) ;
#4965 = EDGE_CURVE ( 'NONE', #4511, #3177, #2825, .T. ) ;
#4966 = DIRECTION ( 'NONE',  ( -0.000000000000000000, -0.000000000000000000, -1.000000000000000000 ) ) ;
#4967 = VERTEX_POINT ( 'NONE', #2008 ) ;
#4968 = EDGE_CURVE ( 'NONE', #288, #4464, #2746, .T. ) ;
#4969 = SURFACE_STYLE_USAGE ( .BOTH. , #1728 ) ;
#4970 = EDGE_CURVE ( 'NONE', #2757, #458, #4391, .T. ) ;
#4971 = FACE_OUTER_BOUND ( 'NONE', #1561, .T. ) ;
#4972 = CARTESIAN_POINT ( 'NONE',  ( -38.56688708918884601, 0.3416086120920855396, 0.000000000000000000 ) ) ;
#4973 = CARTESIAN_POINT ( 'NONE',  ( -27.68495013829701179, 25.87763152950190104, 0.000000000000000000 ) ) ;
#4974 = ORIENTED_EDGE ( 'NONE', *, *, #76, .T. ) ;
#4975 = ORIENTED_EDGE ( 'NONE', *, *, #1117, .F. ) ;
#4976 = FILL_AREA_STYLE ('',( #4923 ) ) ;
#4977 = CARTESIAN_POINT ( 'NONE',  ( -27.76500601735110507, 0.03484274304320529592, 38.10000000000000142 ) ) ;
#4978 = CARTESIAN_POINT ( 'NONE',  ( -53.59067150965667992, 33.71587599479885711, 38.10000000000000142 ) ) ;
#4979 = VERTEX_POINT ( 'NONE', #3514 ) ;
#4980 = CARTESIAN_POINT ( 'NONE',  ( -34.70865054970229124, 27.04394614692273535, 38.10000000000000142 ) ) ;
#4981 = FACE_OUTER_BOUND ( 'NONE', #4835, .T. ) ;
#4982 = DIRECTION ( 'NONE',  ( -1.000000000000000000, 0.000000000000000000, 0.000000000000000000 ) ) ;
#4983 = VERTEX_POINT ( 'NONE', #4734 ) ;
#4984 = CARTESIAN_POINT ( 'NONE',  ( -62.49797514808126664, 12.79816424490507210, 38.10000000000000142 ) ) ;
#4985 = SURFACE_STYLE_USAGE ( .BOTH. , #4714 ) ;
#4986 = COLOUR_RGB ( '',0.2980392156862745057, 0.2980392156862745057, 0.2980392156862745057 ) ;
#4987 = DIRECTION ( 'NONE',  ( 0.5093057701338493670, 0.8605856334545485264, 0.000000000000000000 ) ) ;
#4988 = STYLED_ITEM ( 'NONE', ( #5087 ), #1882 ) ;
#4989 = AXIS2_PLACEMENT_3D ( 'NONE', #2288, #702, #1147 ) ;
#4990 = DIRECTION ( 'NONE',  ( 0.000000000000000000, 1.000000000000000000, 0.000000000000000000 ) ) ;
#4991 = CARTESIAN_POINT ( 'NONE',  ( -58.35634206377349642, 24.51389311239231006, 38.10000000000000142 ) ) ;
#4992 = EDGE_CURVE ( 'NONE', #1855, #962, #4545, .T. ) ;
#4993 = CARTESIAN_POINT ( 'NONE',  ( -60.60209414900666047, 18.49009486927386448, 0.000000000000000000 ) ) ;
#4994 = CARTESIAN_POINT ( 'NONE',  ( -68.85021745838166396, 0.9369527871842114886, 0.000000000000000000 ) ) ;
#4995 = DIRECTION ( 'NONE',  ( -0.000000000000000000, 1.000000000000000000, -0.000000000000000000 ) ) ;
#4996 = VECTOR ( 'NONE', #4221, 1000.000000000000000 ) ;
#4997 = FILL_AREA_STYLE ('',( #252 ) ) ;
#4998 = VECTOR ( 'NONE', #1364, 1000.000000000000000 ) ;
#4999 = CARTESIAN_POINT ( 'NONE',  ( -32.79123993217881150, 12.88858431480758426, 0.000000000000000000 ) ) ;
#5000 = MECHANICAL_DESIGN_GEOMETRIC_PRESENTATION_REPRESENTATION (  '', ( #2528 ), #563 ) ;
#5001 = EDGE_CURVE ( 'NONE', #4588, #3074, #2164, .T. ) ;
#5002 = ORIENTED_EDGE ( 'NONE', *, *, #1047, .T. ) ;
#5004 = PRESENTATION_LAYER_ASSIGNMENT (  '', '', ( #4263 ) ) ;
#5003 = DIRECTION ( 'NONE',  ( 1.000000000000000000, 0.000000000000000000, 0.000000000000000000 ) ) ;
#5005 = PRESENTATION_STYLE_ASSIGNMENT (( #691 ) ) ;
#5006 = CYLINDRICAL_SURFACE ( 'NONE', #2073, 1.484807796299142391 ) ;
#5007 = ORIENTED_EDGE ( 'NONE', *, *, #38, .T. ) ;
#5008 = CARTESIAN_POINT ( 'NONE',  ( -37.00649020369969833, 10.14702301980153365, 38.10000000000000142 ) ) ;
#5009 = COLOUR_RGB ( '',0.2980392156862745057, 0.2980392156862745057, 0.2980392156862745057 ) ;
#5010 = DIRECTION ( 'NONE',  ( 1.000000000000000000, 0.000000000000000000, 0.000000000000000000 ) ) ;
#5011 = FILL_AREA_STYLE ('',( #1142 ) ) ;
#5012 = CARTESIAN_POINT ( 'NONE',  ( -68.31633700196223913, 34.02264186384773836, 38.10000000000000142 ) ) ;
#5013 = VECTOR ( 'NONE', #4958, 1000.000000000000000 ) ;
#5014 = EDGE_CURVE ( 'NONE', #4107, #4853, #2124, .T. ) ;
#5015 = AXIS2_PLACEMENT_3D ( 'NONE', #3776, #2266, #2598 ) ;
#5016 = UNCERTAINTY_MEASURE_WITH_UNIT (LENGTH_MEASURE( 1.000000000000000082E-05 ), #2114, 'distance_accuracy_value', 'NONE');
#5017 = SURFACE_STYLE_USAGE ( .BOTH. , #4610 ) ;
#5018 = CARTESIAN_POINT ( 'NONE',  ( -56.58844692662011511, 16.08376167166643356, 38.10000000000000142 ) ) ;
#5019 = LINE ( 'NONE', #4719, #4996 ) ;
#5020 = CARTESIAN_POINT ( 'NONE',  ( -39.49289609269322909, 17.97372293522450803, 38.10000000000000142 ) ) ;
#5021 = VECTOR ( 'NONE', #2752, 1000.000000000000000 ) ;
#5022 = AXIS2_PLACEMENT_3D ( 'NONE', #1575, #1123, #1102 ) ;
#5023 = FACE_OUTER_BOUND ( 'NONE', #2119, .T. ) ;
#5024 = ORIENTED_EDGE ( 'NONE', *, *, #3882, .T. ) ;
#5025 = FILL_AREA_STYLE ('',( #1129 ) ) ;
#5026 = DIRECTION ( 'NONE',  ( -1.000000000000000000, 0.000000000000000000, 0.000000000000000000 ) ) ;
#5027 = VECTOR ( 'NONE', #1721, 1000.000000000000000 ) ;
#5028 = CARTESIAN_POINT ( 'NONE',  ( -34.94532355148813707, 16.95287807963776316, 38.10000000000000142 ) ) ;
#5029 = VECTOR ( 'NONE', #1914, 1000.000000000000000 ) ;
#5030 =( NAMED_UNIT ( * ) PLANE_ANGLE_UNIT ( ) SI_UNIT ( $, .RADIAN. ) );
#5031 = AXIS2_PLACEMENT_3D ( 'NONE', #3587, #1248, #4846 ) ;
#5032 = ADVANCED_FACE ( 'NONE', ( #922 ), #2451, .F. ) ;
#5033 = AXIS2_PLACEMENT_3D ( 'NONE', #4123, #2171, #4068 ) ;
#5034 = PRESENTATION_STYLE_ASSIGNMENT (( #1450 ) ) ;
#5035 = ORIENTED_EDGE ( 'NONE', *, *, #2044, .F. ) ;
#5036 = CYLINDRICAL_SURFACE ( 'NONE', #2644, 0.9382895641747712734 ) ;
#5037 = EDGE_CURVE ( 'NONE', #4236, #3090, #4069, .T. ) ;
#5038 = EDGE_CURVE ( 'NONE', #1351, #4295, #694, .T. ) ;
#5039 = CARTESIAN_POINT ( 'NONE',  ( -32.79123993217881150, 12.88858431480758426, 38.10000000000000142 ) ) ;
#5040 = PRESENTATION_STYLE_ASSIGNMENT (( #715 ) ) ;
#5041 = FILL_AREA_STYLE_COLOUR ( '', #759 ) ;
#5042 = ORIENTED_EDGE ( 'NONE', *, *, #4278, .T. ) ;
#5043 = SURFACE_STYLE_USAGE ( .BOTH. , #4237 ) ;
#5044 = ORIENTED_EDGE ( 'NONE', *, *, #4661, .F. ) ;
#5045 = DIRECTION ( 'NONE',  ( 0.5893864328791071916, -0.8078512441892020668, 0.000000000000000000 ) ) ;
#5046 = LINE ( 'NONE', #3099, #4509 ) ;
#5047 = AXIS2_PLACEMENT_3D ( 'NONE', #1716, #118, #3239 ) ;
#5048 =( NAMED_UNIT ( * ) SI_UNIT ( $, .STERADIAN. ) SOLID_ANGLE_UNIT ( ) );
#5049 = SURFACE_SIDE_STYLE ('',( #3482 ) ) ;
#5050 = FILL_AREA_STYLE ('',( #804 ) ) ;
#5051 = DIRECTION ( 'NONE',  ( 0.000000000000000000, 0.000000000000000000, 1.000000000000000000 ) ) ;
#5052 = PRESENTATION_STYLE_ASSIGNMENT (( #3169 ) ) ;
#5053 = CYLINDRICAL_SURFACE ( 'NONE', #2602, 1.484807796299135507 ) ;
#5054 = EDGE_CURVE ( 'NONE', #4920, #2467, #579, .T. ) ;
#5055 = CARTESIAN_POINT ( 'NONE',  ( -42.49067150965667850, -0.1213958896601058379, 33.09999999999999432 ) ) ;
#5056 = FILL_AREA_STYLE ('',( #1109 ) ) ;
#5057 = CARTESIAN_POINT ( 'NONE',  ( -42.49067150965667850, 16.08376167166643356, 38.10000000000000142 ) ) ;
#5058 = CIRCLE ( 'NONE', #1614, 0.4630045017521913775 ) ;
#5059 = EDGE_LOOP ( 'NONE', ( #3492, #3495, #3593, #1374 ) ) ;
#5060 = DIRECTION ( 'NONE',  ( -0.000000000000000000, -0.000000000000000000, -1.000000000000000000 ) ) ;
#5061 = SURFACE_SIDE_STYLE ('',( #4255 ) ) ;
#5062 = ORIENTED_EDGE ( 'NONE', *, *, #3848, .F. ) ;
#5063 = DIRECTION ( 'NONE',  ( 0.5722844846642902716, -0.8200551619327370867, 0.000000000000000000 ) ) ;
#5064 = FILL_AREA_STYLE ('',( #313 ) ) ;
#5065 = ORIENTED_EDGE ( 'NONE', *, *, #3590, .F. ) ;
#5066 = EDGE_CURVE ( 'NONE', #4261, #3991, #3735, .T. ) ;
#5067 = CARTESIAN_POINT ( 'NONE',  ( -27.23112556093167669, 33.12053181970672711, 38.10000000000000142 ) ) ;
#5068 = VERTEX_POINT ( 'NONE', #4903 ) ;
#5069 = UNCERTAINTY_MEASURE_WITH_UNIT (LENGTH_MEASURE( 1.000000000000000082E-05 ), #4420, 'distance_accuracy_value', 'NONE');
#5070 = LINE ( 'NONE', #2721, #4423 ) ;
#5071 = CARTESIAN_POINT ( 'NONE',  ( -34.30294641420780266, 11.58227588757442739, 38.10000000000000142 ) ) ;
#5072 = FILL_AREA_STYLE_COLOUR ( '', #3115 ) ;
#5073 = CARTESIAN_POINT ( 'NONE',  ( -36.42819199187547952, 17.02874230344544770, 0.000000000000000000 ) ) ;
#5074 = DIRECTION ( 'NONE',  ( -0.7236702446519692744, 0.6901459099388760343, 0.000000000000000000 ) ) ;
#5075 = SURFACE_SIDE_STYLE ('',( #359 ) ) ;
#5076 = FACE_OUTER_BOUND ( 'NONE', #3267, .T. ) ;
#5077 = AXIS2_PLACEMENT_3D ( 'NONE', #3086, #3432, #5080 ) ;
#5078 = CYLINDRICAL_SURFACE ( 'NONE', #4717, 0.4622135902277516029 ) ;
#5079 = PRESENTATION_LAYER_ASSIGNMENT (  '', '', ( #2850 ) ) ;
#5080 = DIRECTION ( 'NONE',  ( -1.000000000000000000, 0.000000000000000000, 0.000000000000000000 ) ) ;
#5081 = CARTESIAN_POINT ( 'NONE',  ( -32.79123993217881150, 21.16890029208335378, 0.000000000000000000 ) ) ;
#5082 =( LENGTH_UNIT ( ) NAMED_UNIT ( * ) SI_UNIT ( .MILLI., .METRE. ) );
#5083 = EDGE_LOOP ( 'NONE', ( #3535, #4825, #553, #4859 ) ) ;
#5084 = CARTESIAN_POINT ( 'NONE',  ( -68.40738605156792573, 8.173347176086082300, 0.000000000000000000 ) ) ;
#5085 = ORIENTED_EDGE ( 'NONE', *, *, #4143, .T. ) ;
#5086 = VECTOR ( 'NONE', #4238, 1000.000000000000000 ) ;
#5087 = PRESENTATION_STYLE_ASSIGNMENT (( #3967 ) ) ;
#5088 = FILL_AREA_STYLE_COLOUR ( '', #4602 ) ;
#5089 = VERTEX_POINT ( 'NONE', #177 ) ;
#5091 = CARTESIAN_POINT ( 'NONE',  ( -68.85021745838166396, 33.12053181970672711, 38.10000000000000142 ) ) ;
#5090 = STYLED_ITEM ( 'NONE', ( #2116 ), #3033 ) ;
#5092 = CARTESIAN_POINT ( 'NONE',  ( -34.94532355148813707, 16.95287807963776316, 38.10000000000000142 ) ) ;
#5093 = PRESENTATION_LAYER_ASSIGNMENT (  '', '', ( #306 ) ) ;
#5094 =( LENGTH_UNIT ( ) NAMED_UNIT ( * ) SI_UNIT ( .MILLI., .METRE. ) );
#5095 = EDGE_LOOP ( 'NONE', ( #4311, #2743, #1596, #4750 ) ) ;
#5096 = DIRECTION ( 'NONE',  ( 1.000000000000000000, 0.000000000000000000, 0.000000000000000000 ) ) ;
#5097 = FACE_OUTER_BOUND ( 'NONE', #4667, .T. ) ;
#5098 = LINE ( 'NONE', #1095, #3198 ) ;
#5099 = EDGE_CURVE ( 'NONE', #1789, #3118, #2842, .T. ) ;
#5100 = PLANE ( 'NONE',  #3447 ) ;
#5101 = PRESENTATION_LAYER_ASSIGNMENT (  '', '', ( #3841 ) ) ;
#5102 = CARTESIAN_POINT ( 'NONE',  ( -27.23112556093167669, 33.12053181970672711, 0.000000000000000000 ) ) ;
#5103 = PLANE ( 'NONE',  #201 ) ;
#5104 = CARTESIAN_POINT ( 'NONE',  ( -34.72973881428544729, 7.197503527118557898, 38.10000000000000142 ) ) ;
#5105 = EDGE_CURVE ( 'NONE', #172, #2845, #4417, .T. ) ;
#5106 = VECTOR ( 'NONE', #1403, 1000.000000000000000 ) ;
#5107 = PRESENTATION_STYLE_ASSIGNMENT (( #54 ) ) ;
#5108 = FILL_AREA_STYLE ('',( #1152 ) ) ;
#5109 = FILL_AREA_STYLE_COLOUR ( '', #4986 ) ;
#5110 = FACE_OUTER_BOUND ( 'NONE', #1500, .T. ) ;
#5111 = VECTOR ( 'NONE', #802, 1000.000000000000000 ) ;
#5112 =( GEOMETRIC_REPRESENTATION_CONTEXT ( 3 ) GLOBAL_UNCERTAINTY_ASSIGNED_CONTEXT ( ( #2486 ) ) GLOBAL_UNIT_ASSIGNED_CONTEXT ( ( #3602, #3976, #3213 ) ) REPRESENTATION_CONTEXT ( 'NONE', 'WORKASPACE' ) );
#5113 = CIRCLE ( 'NONE', #4534, 0.9999999999999870104 ) ;
#5114 = ORIENTED_EDGE ( 'NONE', *, *, #3727, .F. ) ;
#5115 = STYLED_ITEM ( 'NONE', ( #4832 ), #1573 ) ;
#5116 = SURFACE_STYLE_FILL_AREA ( #3992 ) ;
#5117 = ORIENTED_EDGE ( 'NONE', *, *, #232, .F. ) ;
#5118 = STYLED_ITEM ( 'NONE', ( #1927 ), #3463 ) ;
#5119 = ORIENTED_EDGE ( 'NONE', *, *, #2853, .T. ) ;
#5120 =( NAMED_UNIT ( * ) SI_UNIT ( $, .STERADIAN. ) SOLID_ANGLE_UNIT ( ) );
#5121 = EDGE_LOOP ( 'NONE', ( #2669, #4803, #1420, #2099 ) ) ;
#5122 = FILL_AREA_STYLE_COLOUR ( '', #4740 ) ;
#5123 =( NAMED_UNIT ( * ) SI_UNIT ( $, .STERADIAN. ) SOLID_ANGLE_UNIT ( ) );
#5124 = FILL_AREA_STYLE ('',( #3552 ) ) ;
ENDSEC;
END-ISO-10303-21;
