ISO-10303-21;
HEADER;
FILE_DESCRIPTION(('FreeCAD Model'),'2;1');
FILE_NAME('Open CASCADE Shape Model','2024-06-14T15:09:03',(''),(''),
  'Open CASCADE STEP processor 7.6','FreeCAD','Unknown');
FILE_SCHEMA(('AUTOMOTIVE_DESIGN { 1 0 10303 214 1 1 1 1 }'));
ENDSEC;
DATA;
#1 = APPLICATION_PROTOCOL_DEFINITION('international standard',
  'automotive_design',2000,#2);
#2 = APPLICATION_CONTEXT(
  'core data for automotive mechanical design processes');
#3 = SHAPE_DEFINITION_REPRESENTATION(#4,#10);
#4 = PRODUCT_DEFINITION_SHAPE('','',#5);
#5 = PRODUCT_DEFINITION('design','',#6,#9);
#6 = PRODUCT_DEFINITION_FORMATION('','',#7);
#7 = PRODUCT('Corps','Corps','',(#8));
#8 = PRODUCT_CONTEXT('',#2,'mechanical');
#9 = PRODUCT_DEFINITION_CONTEXT('part definition',#2,'design');
#10 = ADVANCED_BREP_SHAPE_REPRESENTATION('',(#11,#15),#11073);
#11 = AXIS2_PLACEMENT_3D('',#12,#13,#14);
#12 = CARTESIAN_POINT('',(0.,0.,0.));
#13 = DIRECTION('',(0.,0.,1.));
#14 = DIRECTION('',(1.,0.,-0.));
#15 = MANIFOLD_SOLID_BREP('',#16);
#16 = CLOSED_SHELL('',(#17,#239,#315,#391,#1309,#4686,#4874,#5062,#5089,
    #5116,#5143,#5170,#5197,#5224,#5251,#5278,#5305,#5332,#5359,#5386,
    #5413,#5440,#5467,#5494,#5521,#5548,#5575,#5602,#5629,#5656,#5683,
    #5710,#5737,#5764,#5791,#5818,#5845,#5872,#5899,#5926,#5933,#6010,
    #6059,#6109,#6186,#6235,#6285,#6341,#6397,#6453,#6509,#6565,#6621,
    #6677,#6733,#6789,#6845,#6901,#6957,#7013,#7069,#7125,#7181,#7237,
    #7293,#7349,#7405,#7461,#7517,#7573,#7629,#7685,#7741,#7797,#7853,
    #7909,#7965,#8021,#8077,#8133,#8189,#8245,#8301,#8357,#8413,#8469,
    #8525,#8581,#8637,#8693,#8749,#8805,#8861,#8917,#8973,#9029,#9085,
    #9141,#9197,#9253,#9309,#9365,#9421,#9477,#9533,#9589,#9645,#9701,
    #9757,#9813,#9869,#9925,#9981,#10037,#10093,#10149,#10205,#10261,
    #10317,#10388,#10437,#10486,#10513,#10540,#10611,#10660,#10709,
    #10736,#10763,#10774,#10785,#10789,#10793,#10797,#10801,#10805,
    #10809,#10813,#10817,#10821,#10825,#10829,#10833,#10837,#10841,
    #10845,#10849,#10853,#10857,#10861,#10865,#10869,#10873,#10877,
    #10881,#10885,#10889,#10893,#10897,#10901,#10905,#10909,#10913,
    #10917,#10921,#10925,#10929,#10933,#10937,#10941,#10945,#10949,
    #10953,#10957,#10961,#10965,#10969,#10973,#10977,#10981,#10985,
    #10989,#10993,#10997,#11001,#11005,#11009,#11013,#11017,#11021,
    #11025,#11029,#11033,#11037,#11041,#11045,#11049,#11053,#11057,
    #11061,#11065,#11069));
#17 = ADVANCED_FACE('',(#18),#32,.F.);
#18 = FACE_BOUND('',#19,.F.);
#19 = EDGE_LOOP('',(#20,#55,#83,#111,#134,#162,#185,#213));
#20 = ORIENTED_EDGE('',*,*,#21,.T.);
#21 = EDGE_CURVE('',#22,#24,#26,.T.);
#22 = VERTEX_POINT('',#23);
#23 = CARTESIAN_POINT('',(-27.55,0.,-0.));
#24 = VERTEX_POINT('',#25);
#25 = CARTESIAN_POINT('',(-27.55,-3.,6.661338147751E-16));
#26 = SURFACE_CURVE('',#27,(#31,#43),.PCURVE_S1.);
#27 = LINE('',#28,#29);
#28 = CARTESIAN_POINT('',(-27.55,0.,0.));
#29 = VECTOR('',#30,1.);
#30 = DIRECTION('',(0.,-1.,2.22044604925E-16));
#31 = PCURVE('',#32,#37);
#32 = PLANE('',#33);
#33 = AXIS2_PLACEMENT_3D('',#34,#35,#36);
#34 = CARTESIAN_POINT('',(-27.55,0.,0.));
#35 = DIRECTION('',(0.,2.22044604925E-16,1.));
#36 = DIRECTION('',(1.,0.,0.));
#37 = DEFINITIONAL_REPRESENTATION('',(#38),#42);
#38 = LINE('',#39,#40);
#39 = CARTESIAN_POINT('',(0.,0.));
#40 = VECTOR('',#41,1.);
#41 = DIRECTION('',(0.,-1.));
#42 = ( GEOMETRIC_REPRESENTATION_CONTEXT(2) 
PARAMETRIC_REPRESENTATION_CONTEXT() REPRESENTATION_CONTEXT('2D SPACE',''
  ) );
#43 = PCURVE('',#44,#49);
#44 = PLANE('',#45);
#45 = AXIS2_PLACEMENT_3D('',#46,#47,#48);
#46 = CARTESIAN_POINT('',(-27.55,8.570921750106E-15,38.6));
#47 = DIRECTION('',(1.,0.,0.));
#48 = DIRECTION('',(0.,-2.22044604925E-16,-1.));
#49 = DEFINITIONAL_REPRESENTATION('',(#50),#54);
#50 = LINE('',#51,#52);
#51 = CARTESIAN_POINT('',(38.6,0.));
#52 = VECTOR('',#53,1.);
#53 = DIRECTION('',(0.,-1.));
#54 = ( GEOMETRIC_REPRESENTATION_CONTEXT(2) 
PARAMETRIC_REPRESENTATION_CONTEXT() REPRESENTATION_CONTEXT('2D SPACE',''
  ) );
#55 = ORIENTED_EDGE('',*,*,#56,.T.);
#56 = EDGE_CURVE('',#24,#57,#59,.T.);
#57 = VERTEX_POINT('',#58);
#58 = CARTESIAN_POINT('',(-23.05,-3.,8.881784197001E-16));
#59 = SURFACE_CURVE('',#60,(#64,#71),.PCURVE_S1.);
#60 = LINE('',#61,#62);
#61 = CARTESIAN_POINT('',(-27.55,-3.,4.440892098501E-16));
#62 = VECTOR('',#63,1.);
#63 = DIRECTION('',(1.,0.,0.));
#64 = PCURVE('',#32,#65);
#65 = DEFINITIONAL_REPRESENTATION('',(#66),#70);
#66 = LINE('',#67,#68);
#67 = CARTESIAN_POINT('',(0.,-3.));
#68 = VECTOR('',#69,1.);
#69 = DIRECTION('',(1.,0.));
#70 = ( GEOMETRIC_REPRESENTATION_CONTEXT(2) 
PARAMETRIC_REPRESENTATION_CONTEXT() REPRESENTATION_CONTEXT('2D SPACE',''
  ) );
#71 = PCURVE('',#72,#77);
#72 = PLANE('',#73);
#73 = AXIS2_PLACEMENT_3D('',#74,#75,#76);
#74 = CARTESIAN_POINT('',(0.,-3.,19.3));
#75 = DIRECTION('',(-2.254526039504E-97,1.,-2.22044604925E-16));
#76 = DIRECTION('',(0.,2.22044604925E-16,1.));
#77 = DEFINITIONAL_REPRESENTATION('',(#78),#82);
#78 = LINE('',#79,#80);
#79 = CARTESIAN_POINT('',(-19.3,-27.55));
#80 = VECTOR('',#81,1.);
#81 = DIRECTION('',(0.,1.));
#82 = ( GEOMETRIC_REPRESENTATION_CONTEXT(2) 
PARAMETRIC_REPRESENTATION_CONTEXT() REPRESENTATION_CONTEXT('2D SPACE',''
  ) );
#83 = ORIENTED_EDGE('',*,*,#84,.T.);
#84 = EDGE_CURVE('',#57,#85,#87,.T.);
#85 = VERTEX_POINT('',#86);
#86 = CARTESIAN_POINT('',(-18.05,-3.,6.661338147751E-16));
#87 = SURFACE_CURVE('',#88,(#92,#99),.PCURVE_S1.);
#88 = LINE('',#89,#90);
#89 = CARTESIAN_POINT('',(-27.55,-3.,4.440892098501E-16));
#90 = VECTOR('',#91,1.);
#91 = DIRECTION('',(1.,0.,0.));
#92 = PCURVE('',#32,#93);
#93 = DEFINITIONAL_REPRESENTATION('',(#94),#98);
#94 = LINE('',#95,#96);
#95 = CARTESIAN_POINT('',(0.,-3.));
#96 = VECTOR('',#97,1.);
#97 = DIRECTION('',(1.,0.));
#98 = ( GEOMETRIC_REPRESENTATION_CONTEXT(2) 
PARAMETRIC_REPRESENTATION_CONTEXT() REPRESENTATION_CONTEXT('2D SPACE',''
  ) );
#99 = PCURVE('',#100,#105);
#100 = PLANE('',#101);
#101 = AXIS2_PLACEMENT_3D('',#102,#103,#104);
#102 = CARTESIAN_POINT('',(-20.55,-3.,-0.386363636364));
#103 = DIRECTION('',(2.22044604925E-16,1.,-1.876341667125E-16));
#104 = DIRECTION('',(2.22044604925E-16,-1.876341667125E-16,-1.));
#105 = DEFINITIONAL_REPRESENTATION('',(#106),#110);
#106 = LINE('',#107,#108);
#107 = CARTESIAN_POINT('',(-0.386363636364,7.));
#108 = VECTOR('',#109,1.);
#109 = DIRECTION('',(2.22044604925E-16,-1.));
#110 = ( GEOMETRIC_REPRESENTATION_CONTEXT(2) 
PARAMETRIC_REPRESENTATION_CONTEXT() REPRESENTATION_CONTEXT('2D SPACE',''
  ) );
#111 = ORIENTED_EDGE('',*,*,#112,.T.);
#112 = EDGE_CURVE('',#85,#113,#115,.T.);
#113 = VERTEX_POINT('',#114);
#114 = CARTESIAN_POINT('',(18.05,-3.,6.661338147751E-16));
#115 = SURFACE_CURVE('',#116,(#120,#127),.PCURVE_S1.);
#116 = LINE('',#117,#118);
#117 = CARTESIAN_POINT('',(-27.55,-3.,4.440892098501E-16));
#118 = VECTOR('',#119,1.);
#119 = DIRECTION('',(1.,0.,0.));
#120 = PCURVE('',#32,#121);
#121 = DEFINITIONAL_REPRESENTATION('',(#122),#126);
#122 = LINE('',#123,#124);
#123 = CARTESIAN_POINT('',(0.,-3.));
#124 = VECTOR('',#125,1.);
#125 = DIRECTION('',(1.,0.));
#126 = ( GEOMETRIC_REPRESENTATION_CONTEXT(2) 
PARAMETRIC_REPRESENTATION_CONTEXT() REPRESENTATION_CONTEXT('2D SPACE',''
  ) );
#127 = PCURVE('',#72,#128);
#128 = DEFINITIONAL_REPRESENTATION('',(#129),#133);
#129 = LINE('',#130,#131);
#130 = CARTESIAN_POINT('',(-19.3,-27.55));
#131 = VECTOR('',#132,1.);
#132 = DIRECTION('',(0.,1.));
#133 = ( GEOMETRIC_REPRESENTATION_CONTEXT(2) 
PARAMETRIC_REPRESENTATION_CONTEXT() REPRESENTATION_CONTEXT('2D SPACE',''
  ) );
#134 = ORIENTED_EDGE('',*,*,#135,.T.);
#135 = EDGE_CURVE('',#113,#136,#138,.T.);
#136 = VERTEX_POINT('',#137);
#137 = CARTESIAN_POINT('',(23.05,-3.,8.881784197001E-16));
#138 = SURFACE_CURVE('',#139,(#143,#150),.PCURVE_S1.);
#139 = LINE('',#140,#141);
#140 = CARTESIAN_POINT('',(-27.55,-3.,4.440892098501E-16));
#141 = VECTOR('',#142,1.);
#142 = DIRECTION('',(1.,0.,0.));
#143 = PCURVE('',#32,#144);
#144 = DEFINITIONAL_REPRESENTATION('',(#145),#149);
#145 = LINE('',#146,#147);
#146 = CARTESIAN_POINT('',(0.,-3.));
#147 = VECTOR('',#148,1.);
#148 = DIRECTION('',(1.,0.));
#149 = ( GEOMETRIC_REPRESENTATION_CONTEXT(2) 
PARAMETRIC_REPRESENTATION_CONTEXT() REPRESENTATION_CONTEXT('2D SPACE',''
  ) );
#150 = PCURVE('',#151,#156);
#151 = PLANE('',#152);
#152 = AXIS2_PLACEMENT_3D('',#153,#154,#155);
#153 = CARTESIAN_POINT('',(20.55,-3.,-0.386363636364));
#154 = DIRECTION('',(3.519731271844E-31,1.,-1.876341667125E-16));
#155 = DIRECTION('',(0.,1.876341667125E-16,1.));
#156 = DEFINITIONAL_REPRESENTATION('',(#157),#161);
#157 = LINE('',#158,#159);
#158 = CARTESIAN_POINT('',(0.386363636364,-48.1));
#159 = VECTOR('',#160,1.);
#160 = DIRECTION('',(0.,1.));
#161 = ( GEOMETRIC_REPRESENTATION_CONTEXT(2) 
PARAMETRIC_REPRESENTATION_CONTEXT() REPRESENTATION_CONTEXT('2D SPACE',''
  ) );
#162 = ORIENTED_EDGE('',*,*,#163,.T.);
#163 = EDGE_CURVE('',#136,#164,#166,.T.);
#164 = VERTEX_POINT('',#165);
#165 = CARTESIAN_POINT('',(27.55,-3.,6.661338147751E-16));
#166 = SURFACE_CURVE('',#167,(#171,#178),.PCURVE_S1.);
#167 = LINE('',#168,#169);
#168 = CARTESIAN_POINT('',(-27.55,-3.,4.440892098501E-16));
#169 = VECTOR('',#170,1.);
#170 = DIRECTION('',(1.,0.,0.));
#171 = PCURVE('',#32,#172);
#172 = DEFINITIONAL_REPRESENTATION('',(#173),#177);
#173 = LINE('',#174,#175);
#174 = CARTESIAN_POINT('',(0.,-3.));
#175 = VECTOR('',#176,1.);
#176 = DIRECTION('',(1.,0.));
#177 = ( GEOMETRIC_REPRESENTATION_CONTEXT(2) 
PARAMETRIC_REPRESENTATION_CONTEXT() REPRESENTATION_CONTEXT('2D SPACE',''
  ) );
#178 = PCURVE('',#72,#179);
#179 = DEFINITIONAL_REPRESENTATION('',(#180),#184);
#180 = LINE('',#181,#182);
#181 = CARTESIAN_POINT('',(-19.3,-27.55));
#182 = VECTOR('',#183,1.);
#183 = DIRECTION('',(0.,1.));
#184 = ( GEOMETRIC_REPRESENTATION_CONTEXT(2) 
PARAMETRIC_REPRESENTATION_CONTEXT() REPRESENTATION_CONTEXT('2D SPACE',''
  ) );
#185 = ORIENTED_EDGE('',*,*,#186,.F.);
#186 = EDGE_CURVE('',#187,#164,#189,.T.);
#187 = VERTEX_POINT('',#188);
#188 = CARTESIAN_POINT('',(27.55,0.,0.));
#189 = SURFACE_CURVE('',#190,(#194,#201),.PCURVE_S1.);
#190 = LINE('',#191,#192);
#191 = CARTESIAN_POINT('',(27.55,0.,0.));
#192 = VECTOR('',#193,1.);
#193 = DIRECTION('',(0.,-1.,2.22044604925E-16));
#194 = PCURVE('',#32,#195);
#195 = DEFINITIONAL_REPRESENTATION('',(#196),#200);
#196 = LINE('',#197,#198);
#197 = CARTESIAN_POINT('',(55.1,0.));
#198 = VECTOR('',#199,1.);
#199 = DIRECTION('',(0.,-1.));
#200 = ( GEOMETRIC_REPRESENTATION_CONTEXT(2) 
PARAMETRIC_REPRESENTATION_CONTEXT() REPRESENTATION_CONTEXT('2D SPACE',''
  ) );
#201 = PCURVE('',#202,#207);
#202 = PLANE('',#203);
#203 = AXIS2_PLACEMENT_3D('',#204,#205,#206);
#204 = CARTESIAN_POINT('',(27.55,0.,0.));
#205 = DIRECTION('',(-1.,0.,0.));
#206 = DIRECTION('',(0.,2.22044604925E-16,1.));
#207 = DEFINITIONAL_REPRESENTATION('',(#208),#212);
#208 = LINE('',#209,#210);
#209 = CARTESIAN_POINT('',(0.,0.));
#210 = VECTOR('',#211,1.);
#211 = DIRECTION('',(0.,-1.));
#212 = ( GEOMETRIC_REPRESENTATION_CONTEXT(2) 
PARAMETRIC_REPRESENTATION_CONTEXT() REPRESENTATION_CONTEXT('2D SPACE',''
  ) );
#213 = ORIENTED_EDGE('',*,*,#214,.F.);
#214 = EDGE_CURVE('',#22,#187,#215,.T.);
#215 = SURFACE_CURVE('',#216,(#220,#227),.PCURVE_S1.);
#216 = LINE('',#217,#218);
#217 = CARTESIAN_POINT('',(-27.55,0.,0.));
#218 = VECTOR('',#219,1.);
#219 = DIRECTION('',(1.,0.,0.));
#220 = PCURVE('',#32,#221);
#221 = DEFINITIONAL_REPRESENTATION('',(#222),#226);
#222 = LINE('',#223,#224);
#223 = CARTESIAN_POINT('',(0.,0.));
#224 = VECTOR('',#225,1.);
#225 = DIRECTION('',(1.,0.));
#226 = ( GEOMETRIC_REPRESENTATION_CONTEXT(2) 
PARAMETRIC_REPRESENTATION_CONTEXT() REPRESENTATION_CONTEXT('2D SPACE',''
  ) );
#227 = PCURVE('',#228,#233);
#228 = PLANE('',#229);
#229 = AXIS2_PLACEMENT_3D('',#230,#231,#232);
#230 = CARTESIAN_POINT('',(0.,4.285460875053E-15,19.3));
#231 = DIRECTION('',(-2.254526039504E-97,1.,-2.22044604925E-16));
#232 = DIRECTION('',(0.,2.22044604925E-16,1.));
#233 = DEFINITIONAL_REPRESENTATION('',(#234),#238);
#234 = LINE('',#235,#236);
#235 = CARTESIAN_POINT('',(-19.3,-27.55));
#236 = VECTOR('',#237,1.);
#237 = DIRECTION('',(0.,1.));
#238 = ( GEOMETRIC_REPRESENTATION_CONTEXT(2) 
PARAMETRIC_REPRESENTATION_CONTEXT() REPRESENTATION_CONTEXT('2D SPACE',''
  ) );
#239 = ADVANCED_FACE('',(#240),#44,.F.);
#240 = FACE_BOUND('',#241,.F.);
#241 = EDGE_LOOP('',(#242,#272,#293,#294));
#242 = ORIENTED_EDGE('',*,*,#243,.T.);
#243 = EDGE_CURVE('',#244,#246,#248,.T.);
#244 = VERTEX_POINT('',#245);
#245 = CARTESIAN_POINT('',(-27.55,8.570921750106E-15,38.6));
#246 = VERTEX_POINT('',#247);
#247 = CARTESIAN_POINT('',(-27.55,-3.,38.6));
#248 = SURFACE_CURVE('',#249,(#253,#260),.PCURVE_S1.);
#249 = LINE('',#250,#251);
#250 = CARTESIAN_POINT('',(-27.55,8.570921750106E-15,38.6));
#251 = VECTOR('',#252,1.);
#252 = DIRECTION('',(0.,-1.,2.22044604925E-16));
#253 = PCURVE('',#44,#254);
#254 = DEFINITIONAL_REPRESENTATION('',(#255),#259);
#255 = LINE('',#256,#257);
#256 = CARTESIAN_POINT('',(0.,0.));
#257 = VECTOR('',#258,1.);
#258 = DIRECTION('',(0.,-1.));
#259 = ( GEOMETRIC_REPRESENTATION_CONTEXT(2) 
PARAMETRIC_REPRESENTATION_CONTEXT() REPRESENTATION_CONTEXT('2D SPACE',''
  ) );
#260 = PCURVE('',#261,#266);
#261 = PLANE('',#262);
#262 = AXIS2_PLACEMENT_3D('',#263,#264,#265);
#263 = CARTESIAN_POINT('',(27.55,8.570921750106E-15,38.6));
#264 = DIRECTION('',(0.,-2.22044604925E-16,-1.));
#265 = DIRECTION('',(-1.,0.,0.));
#266 = DEFINITIONAL_REPRESENTATION('',(#267),#271);
#267 = LINE('',#268,#269);
#268 = CARTESIAN_POINT('',(55.1,0.));
#269 = VECTOR('',#270,1.);
#270 = DIRECTION('',(0.,-1.));
#271 = ( GEOMETRIC_REPRESENTATION_CONTEXT(2) 
PARAMETRIC_REPRESENTATION_CONTEXT() REPRESENTATION_CONTEXT('2D SPACE',''
  ) );
#272 = ORIENTED_EDGE('',*,*,#273,.T.);
#273 = EDGE_CURVE('',#246,#24,#274,.T.);
#274 = SURFACE_CURVE('',#275,(#279,#286),.PCURVE_S1.);
#275 = LINE('',#276,#277);
#276 = CARTESIAN_POINT('',(-27.55,-3.,38.6));
#277 = VECTOR('',#278,1.);
#278 = DIRECTION('',(0.,-2.22044604925E-16,-1.));
#279 = PCURVE('',#44,#280);
#280 = DEFINITIONAL_REPRESENTATION('',(#281),#285);
#281 = LINE('',#282,#283);
#282 = CARTESIAN_POINT('',(6.661338147751E-16,-3.));
#283 = VECTOR('',#284,1.);
#284 = DIRECTION('',(1.,4.930380657631E-32));
#285 = ( GEOMETRIC_REPRESENTATION_CONTEXT(2) 
PARAMETRIC_REPRESENTATION_CONTEXT() REPRESENTATION_CONTEXT('2D SPACE',''
  ) );
#286 = PCURVE('',#72,#287);
#287 = DEFINITIONAL_REPRESENTATION('',(#288),#292);
#288 = LINE('',#289,#290);
#289 = CARTESIAN_POINT('',(19.3,-27.55));
#290 = VECTOR('',#291,1.);
#291 = DIRECTION('',(-1.,1.154122327223E-128));
#292 = ( GEOMETRIC_REPRESENTATION_CONTEXT(2) 
PARAMETRIC_REPRESENTATION_CONTEXT() REPRESENTATION_CONTEXT('2D SPACE',''
  ) );
#293 = ORIENTED_EDGE('',*,*,#21,.F.);
#294 = ORIENTED_EDGE('',*,*,#295,.F.);
#295 = EDGE_CURVE('',#244,#22,#296,.T.);
#296 = SURFACE_CURVE('',#297,(#301,#308),.PCURVE_S1.);
#297 = LINE('',#298,#299);
#298 = CARTESIAN_POINT('',(-27.55,8.570921750106E-15,38.6));
#299 = VECTOR('',#300,1.);
#300 = DIRECTION('',(0.,-2.22044604925E-16,-1.));
#301 = PCURVE('',#44,#302);
#302 = DEFINITIONAL_REPRESENTATION('',(#303),#307);
#303 = LINE('',#304,#305);
#304 = CARTESIAN_POINT('',(3.503246160812E-46,-1.577721810442E-30));
#305 = VECTOR('',#306,1.);
#306 = DIRECTION('',(1.,4.930380657631E-32));
#307 = ( GEOMETRIC_REPRESENTATION_CONTEXT(2) 
PARAMETRIC_REPRESENTATION_CONTEXT() REPRESENTATION_CONTEXT('2D SPACE',''
  ) );
#308 = PCURVE('',#228,#309);
#309 = DEFINITIONAL_REPRESENTATION('',(#310),#314);
#310 = LINE('',#311,#312);
#311 = CARTESIAN_POINT('',(19.3,-27.55));
#312 = VECTOR('',#313,1.);
#313 = DIRECTION('',(-1.,1.154122327223E-128));
#314 = ( GEOMETRIC_REPRESENTATION_CONTEXT(2) 
PARAMETRIC_REPRESENTATION_CONTEXT() REPRESENTATION_CONTEXT('2D SPACE',''
  ) );
#315 = ADVANCED_FACE('',(#316),#202,.F.);
#316 = FACE_BOUND('',#317,.F.);
#317 = EDGE_LOOP('',(#318,#319,#342,#370));
#318 = ORIENTED_EDGE('',*,*,#186,.T.);
#319 = ORIENTED_EDGE('',*,*,#320,.T.);
#320 = EDGE_CURVE('',#164,#321,#323,.T.);
#321 = VERTEX_POINT('',#322);
#322 = CARTESIAN_POINT('',(27.55,-3.,38.6));
#323 = SURFACE_CURVE('',#324,(#328,#335),.PCURVE_S1.);
#324 = LINE('',#325,#326);
#325 = CARTESIAN_POINT('',(27.55,-3.,4.440892098501E-16));
#326 = VECTOR('',#327,1.);
#327 = DIRECTION('',(0.,2.22044604925E-16,1.));
#328 = PCURVE('',#202,#329);
#329 = DEFINITIONAL_REPRESENTATION('',(#330),#334);
#330 = LINE('',#331,#332);
#331 = CARTESIAN_POINT('',(-2.22044604925E-16,-3.));
#332 = VECTOR('',#333,1.);
#333 = DIRECTION('',(1.,-4.930380657631E-32));
#334 = ( GEOMETRIC_REPRESENTATION_CONTEXT(2) 
PARAMETRIC_REPRESENTATION_CONTEXT() REPRESENTATION_CONTEXT('2D SPACE',''
  ) );
#335 = PCURVE('',#72,#336);
#336 = DEFINITIONAL_REPRESENTATION('',(#337),#341);
#337 = LINE('',#338,#339);
#338 = CARTESIAN_POINT('',(-19.3,27.55));
#339 = VECTOR('',#340,1.);
#340 = DIRECTION('',(1.,-1.154122327223E-128));
#341 = ( GEOMETRIC_REPRESENTATION_CONTEXT(2) 
PARAMETRIC_REPRESENTATION_CONTEXT() REPRESENTATION_CONTEXT('2D SPACE',''
  ) );
#342 = ORIENTED_EDGE('',*,*,#343,.F.);
#343 = EDGE_CURVE('',#344,#321,#346,.T.);
#344 = VERTEX_POINT('',#345);
#345 = CARTESIAN_POINT('',(27.55,8.570921750106E-15,38.6));
#346 = SURFACE_CURVE('',#347,(#351,#358),.PCURVE_S1.);
#347 = LINE('',#348,#349);
#348 = CARTESIAN_POINT('',(27.55,8.570921750106E-15,38.6));
#349 = VECTOR('',#350,1.);
#350 = DIRECTION('',(0.,-1.,2.22044604925E-16));
#351 = PCURVE('',#202,#352);
#352 = DEFINITIONAL_REPRESENTATION('',(#353),#357);
#353 = LINE('',#354,#355);
#354 = CARTESIAN_POINT('',(38.6,0.));
#355 = VECTOR('',#356,1.);
#356 = DIRECTION('',(0.,-1.));
#357 = ( GEOMETRIC_REPRESENTATION_CONTEXT(2) 
PARAMETRIC_REPRESENTATION_CONTEXT() REPRESENTATION_CONTEXT('2D SPACE',''
  ) );
#358 = PCURVE('',#359,#364);
#359 = PLANE('',#360);
#360 = AXIS2_PLACEMENT_3D('',#361,#362,#363);
#361 = CARTESIAN_POINT('',(27.55,8.570921750106E-15,38.6));
#362 = DIRECTION('',(0.,-2.22044604925E-16,-1.));
#363 = DIRECTION('',(-1.,0.,0.));
#364 = DEFINITIONAL_REPRESENTATION('',(#365),#369);
#365 = LINE('',#366,#367);
#366 = CARTESIAN_POINT('',(0.,0.));
#367 = VECTOR('',#368,1.);
#368 = DIRECTION('',(0.,-1.));
#369 = ( GEOMETRIC_REPRESENTATION_CONTEXT(2) 
PARAMETRIC_REPRESENTATION_CONTEXT() REPRESENTATION_CONTEXT('2D SPACE',''
  ) );
#370 = ORIENTED_EDGE('',*,*,#371,.F.);
#371 = EDGE_CURVE('',#187,#344,#372,.T.);
#372 = SURFACE_CURVE('',#373,(#377,#384),.PCURVE_S1.);
#373 = LINE('',#374,#375);
#374 = CARTESIAN_POINT('',(27.55,0.,0.));
#375 = VECTOR('',#376,1.);
#376 = DIRECTION('',(0.,2.22044604925E-16,1.));
#377 = PCURVE('',#202,#378);
#378 = DEFINITIONAL_REPRESENTATION('',(#379),#383);
#379 = LINE('',#380,#381);
#380 = CARTESIAN_POINT('',(0.,0.));
#381 = VECTOR('',#382,1.);
#382 = DIRECTION('',(1.,-4.930380657631E-32));
#383 = ( GEOMETRIC_REPRESENTATION_CONTEXT(2) 
PARAMETRIC_REPRESENTATION_CONTEXT() REPRESENTATION_CONTEXT('2D SPACE',''
  ) );
#384 = PCURVE('',#228,#385);
#385 = DEFINITIONAL_REPRESENTATION('',(#386),#390);
#386 = LINE('',#387,#388);
#387 = CARTESIAN_POINT('',(-19.3,27.55));
#388 = VECTOR('',#389,1.);
#389 = DIRECTION('',(1.,-1.154122327223E-128));
#390 = ( GEOMETRIC_REPRESENTATION_CONTEXT(2) 
PARAMETRIC_REPRESENTATION_CONTEXT() REPRESENTATION_CONTEXT('2D SPACE',''
  ) );
#391 = ADVANCED_FACE('',(#392),#228,.T.);
#392 = FACE_BOUND('',#393,.T.);
#393 = EDGE_LOOP('',(#394,#395,#396,#419,#447,#475,#503,#531,#559,#587,
    #615,#643,#671,#699,#727,#755,#783,#811,#839,#867,#895,#923,#951,
    #979,#1007,#1035,#1063,#1091,#1119,#1147,#1175,#1203,#1231,#1259,
    #1287,#1308));
#394 = ORIENTED_EDGE('',*,*,#214,.F.);
#395 = ORIENTED_EDGE('',*,*,#295,.F.);
#396 = ORIENTED_EDGE('',*,*,#397,.F.);
#397 = EDGE_CURVE('',#398,#244,#400,.T.);
#398 = VERTEX_POINT('',#399);
#399 = CARTESIAN_POINT('',(-21.65,8.659739592076E-15,38.6));
#400 = SURFACE_CURVE('',#401,(#405,#412),.PCURVE_S1.);
#401 = LINE('',#402,#403);
#402 = CARTESIAN_POINT('',(27.55,8.570921750106E-15,38.6));
#403 = VECTOR('',#404,1.);
#404 = DIRECTION('',(-1.,0.,0.));
#405 = PCURVE('',#228,#406);
#406 = DEFINITIONAL_REPRESENTATION('',(#407),#411);
#407 = LINE('',#408,#409);
#408 = CARTESIAN_POINT('',(19.3,27.55));
#409 = VECTOR('',#410,1.);
#410 = DIRECTION('',(0.,-1.));
#411 = ( GEOMETRIC_REPRESENTATION_CONTEXT(2) 
PARAMETRIC_REPRESENTATION_CONTEXT() REPRESENTATION_CONTEXT('2D SPACE',''
  ) );
#412 = PCURVE('',#261,#413);
#413 = DEFINITIONAL_REPRESENTATION('',(#414),#418);
#414 = LINE('',#415,#416);
#415 = CARTESIAN_POINT('',(0.,-1.577721810442E-30));
#416 = VECTOR('',#417,1.);
#417 = DIRECTION('',(1.,0.));
#418 = ( GEOMETRIC_REPRESENTATION_CONTEXT(2) 
PARAMETRIC_REPRESENTATION_CONTEXT() REPRESENTATION_CONTEXT('2D SPACE',''
  ) );
#419 = ORIENTED_EDGE('',*,*,#420,.F.);
#420 = EDGE_CURVE('',#421,#398,#423,.T.);
#421 = VERTEX_POINT('',#422);
#422 = CARTESIAN_POINT('',(-21.65,8.304468224196E-15,36.6));
#423 = SURFACE_CURVE('',#424,(#428,#435),.PCURVE_S1.);
#424 = LINE('',#425,#426);
#425 = CARTESIAN_POINT('',(-21.65,6.51700915455E-15,28.95));
#426 = VECTOR('',#427,1.);
#427 = DIRECTION('',(-1.107774775231E-113,2.22044604925E-16,1.));
#428 = PCURVE('',#228,#429);
#429 = DEFINITIONAL_REPRESENTATION('',(#430),#434);
#430 = LINE('',#431,#432);
#431 = CARTESIAN_POINT('',(9.65,-21.65));
#432 = VECTOR('',#433,1.);
#433 = DIRECTION('',(1.,-1.107774775231E-113));
#434 = ( GEOMETRIC_REPRESENTATION_CONTEXT(2) 
PARAMETRIC_REPRESENTATION_CONTEXT() REPRESENTATION_CONTEXT('2D SPACE',''
  ) );
#435 = PCURVE('',#436,#441);
#436 = PLANE('',#437);
#437 = AXIS2_PLACEMENT_3D('',#438,#439,#440);
#438 = CARTESIAN_POINT('',(-21.65,-3.,38.6));
#439 = DIRECTION('',(-1.,-2.254526039504E-97,3.898278662117E-113));
#440 = DIRECTION('',(1.107774775231E-113,-2.22044604925E-16,-1.));
#441 = DEFINITIONAL_REPRESENTATION('',(#442),#446);
#442 = LINE('',#443,#444);
#443 = CARTESIAN_POINT('',(9.65,-3.));
#444 = VECTOR('',#445,1.);
#445 = DIRECTION('',(-1.,0.));
#446 = ( GEOMETRIC_REPRESENTATION_CONTEXT(2) 
PARAMETRIC_REPRESENTATION_CONTEXT() REPRESENTATION_CONTEXT('2D SPACE',''
  ) );
#447 = ORIENTED_EDGE('',*,*,#448,.F.);
#448 = EDGE_CURVE('',#449,#421,#451,.T.);
#449 = VERTEX_POINT('',#450);
#450 = CARTESIAN_POINT('',(-22.65,8.304468224196E-15,36.6));
#451 = SURFACE_CURVE('',#452,(#456,#463),.PCURVE_S1.);
#452 = LINE('',#453,#454);
#453 = CARTESIAN_POINT('',(-10.825,8.215650382226E-15,36.6));
#454 = VECTOR('',#455,1.);
#455 = DIRECTION('',(1.,2.254526039504E-97,-3.898278662117E-113));
#456 = PCURVE('',#228,#457);
#457 = DEFINITIONAL_REPRESENTATION('',(#458),#462);
#458 = LINE('',#459,#460);
#459 = CARTESIAN_POINT('',(17.3,-10.825));
#460 = VECTOR('',#461,1.);
#461 = DIRECTION('',(1.107774775231E-113,1.));
#462 = ( GEOMETRIC_REPRESENTATION_CONTEXT(2) 
PARAMETRIC_REPRESENTATION_CONTEXT() REPRESENTATION_CONTEXT('2D SPACE',''
  ) );
#463 = PCURVE('',#464,#469);
#464 = PLANE('',#465);
#465 = AXIS2_PLACEMENT_3D('',#466,#467,#468);
#466 = CARTESIAN_POINT('',(-21.65,-3.,36.6));
#467 = DIRECTION('',(-1.107774775231E-113,2.22044604925E-16,1.));
#468 = DIRECTION('',(-1.,-2.254526039504E-97,3.898278662117E-113));
#469 = DEFINITIONAL_REPRESENTATION('',(#470),#474);
#470 = LINE('',#471,#472);
#471 = CARTESIAN_POINT('',(-10.825,-3.));
#472 = VECTOR('',#473,1.);
#473 = DIRECTION('',(-1.,2.598852441411E-113));
#474 = ( GEOMETRIC_REPRESENTATION_CONTEXT(2) 
PARAMETRIC_REPRESENTATION_CONTEXT() REPRESENTATION_CONTEXT('2D SPACE',''
  ) );
#475 = ORIENTED_EDGE('',*,*,#476,.F.);
#476 = EDGE_CURVE('',#477,#449,#479,.T.);
#477 = VERTEX_POINT('',#478);
#478 = CARTESIAN_POINT('',(-22.65,8.082423619271E-15,35.6));
#479 = SURFACE_CURVE('',#480,(#484,#491),.PCURVE_S1.);
#480 = LINE('',#481,#482);
#481 = CARTESIAN_POINT('',(-22.65,6.294964549625E-15,27.95));
#482 = VECTOR('',#483,1.);
#483 = DIRECTION('',(-1.107774775231E-113,2.22044604925E-16,1.));
#484 = PCURVE('',#228,#485);
#485 = DEFINITIONAL_REPRESENTATION('',(#486),#490);
#486 = LINE('',#487,#488);
#487 = CARTESIAN_POINT('',(8.65,-22.65));
#488 = VECTOR('',#489,1.);
#489 = DIRECTION('',(1.,-1.107774775231E-113));
#490 = ( GEOMETRIC_REPRESENTATION_CONTEXT(2) 
PARAMETRIC_REPRESENTATION_CONTEXT() REPRESENTATION_CONTEXT('2D SPACE',''
  ) );
#491 = PCURVE('',#492,#497);
#492 = PLANE('',#493);
#493 = AXIS2_PLACEMENT_3D('',#494,#495,#496);
#494 = CARTESIAN_POINT('',(-22.65,-3.,36.6));
#495 = DIRECTION('',(-1.,-2.254526039504E-97,3.898278662117E-113));
#496 = DIRECTION('',(1.107774775231E-113,-2.22044604925E-16,-1.));
#497 = DEFINITIONAL_REPRESENTATION('',(#498),#502);
#498 = LINE('',#499,#500);
#499 = CARTESIAN_POINT('',(8.65,-3.));
#500 = VECTOR('',#501,1.);
#501 = DIRECTION('',(-1.,0.));
#502 = ( GEOMETRIC_REPRESENTATION_CONTEXT(2) 
PARAMETRIC_REPRESENTATION_CONTEXT() REPRESENTATION_CONTEXT('2D SPACE',''
  ) );
#503 = ORIENTED_EDGE('',*,*,#504,.F.);
#504 = EDGE_CURVE('',#505,#477,#507,.T.);
#505 = VERTEX_POINT('',#506);
#506 = CARTESIAN_POINT('',(-20.65,8.082423619271E-15,35.6));
#507 = SURFACE_CURVE('',#508,(#512,#519),.PCURVE_S1.);
#508 = LINE('',#509,#510);
#509 = CARTESIAN_POINT('',(-11.325,7.993605777301E-15,35.6));
#510 = VECTOR('',#511,1.);
#511 = DIRECTION('',(-1.,-2.254526039504E-97,3.898278662117E-113));
#512 = PCURVE('',#228,#513);
#513 = DEFINITIONAL_REPRESENTATION('',(#514),#518);
#514 = LINE('',#515,#516);
#515 = CARTESIAN_POINT('',(16.3,-11.325));
#516 = VECTOR('',#517,1.);
#517 = DIRECTION('',(-1.107774775231E-113,-1.));
#518 = ( GEOMETRIC_REPRESENTATION_CONTEXT(2) 
PARAMETRIC_REPRESENTATION_CONTEXT() REPRESENTATION_CONTEXT('2D SPACE',''
  ) );
#519 = PCURVE('',#520,#525);
#520 = PLANE('',#521);
#521 = AXIS2_PLACEMENT_3D('',#522,#523,#524);
#522 = CARTESIAN_POINT('',(-22.65,-3.,35.6));
#523 = DIRECTION('',(1.107774775231E-113,-2.22044604925E-16,-1.));
#524 = DIRECTION('',(1.,2.254526039504E-97,-3.898278662117E-113));
#525 = DEFINITIONAL_REPRESENTATION('',(#526),#530);
#526 = LINE('',#527,#528);
#527 = CARTESIAN_POINT('',(11.325,-3.));
#528 = VECTOR('',#529,1.);
#529 = DIRECTION('',(-1.,-2.598852441411E-113));
#530 = ( GEOMETRIC_REPRESENTATION_CONTEXT(2) 
PARAMETRIC_REPRESENTATION_CONTEXT() REPRESENTATION_CONTEXT('2D SPACE',''
  ) );
#531 = ORIENTED_EDGE('',*,*,#532,.F.);
#532 = EDGE_CURVE('',#533,#505,#535,.T.);
#533 = VERTEX_POINT('',#534);
#534 = CARTESIAN_POINT('',(-20.65,8.659739592076E-15,38.6));
#535 = SURFACE_CURVE('',#536,(#540,#547),.PCURVE_S1.);
#536 = LINE('',#537,#538);
#537 = CARTESIAN_POINT('',(-20.65,6.183942247162E-15,27.45));
#538 = VECTOR('',#539,1.);
#539 = DIRECTION('',(1.107774775231E-113,-2.22044604925E-16,-1.));
#540 = PCURVE('',#228,#541);
#541 = DEFINITIONAL_REPRESENTATION('',(#542),#546);
#542 = LINE('',#543,#544);
#543 = CARTESIAN_POINT('',(8.15,-20.65));
#544 = VECTOR('',#545,1.);
#545 = DIRECTION('',(-1.,1.107774775231E-113));
#546 = ( GEOMETRIC_REPRESENTATION_CONTEXT(2) 
PARAMETRIC_REPRESENTATION_CONTEXT() REPRESENTATION_CONTEXT('2D SPACE',''
  ) );
#547 = PCURVE('',#548,#553);
#548 = PLANE('',#549);
#549 = AXIS2_PLACEMENT_3D('',#550,#551,#552);
#550 = CARTESIAN_POINT('',(-20.65,-3.,35.6));
#551 = DIRECTION('',(1.,2.254526039504E-97,-3.898278662117E-113));
#552 = DIRECTION('',(-1.107774775231E-113,2.22044604925E-16,1.));
#553 = DEFINITIONAL_REPRESENTATION('',(#554),#558);
#554 = LINE('',#555,#556);
#555 = CARTESIAN_POINT('',(-8.15,-3.));
#556 = VECTOR('',#557,1.);
#557 = DIRECTION('',(-1.,0.));
#558 = ( GEOMETRIC_REPRESENTATION_CONTEXT(2) 
PARAMETRIC_REPRESENTATION_CONTEXT() REPRESENTATION_CONTEXT('2D SPACE',''
  ) );
#559 = ORIENTED_EDGE('',*,*,#560,.F.);
#560 = EDGE_CURVE('',#561,#533,#563,.T.);
#561 = VERTEX_POINT('',#562);
#562 = CARTESIAN_POINT('',(-7.55,8.659739592076E-15,38.6));
#563 = SURFACE_CURVE('',#564,(#568,#575),.PCURVE_S1.);
#564 = LINE('',#565,#566);
#565 = CARTESIAN_POINT('',(27.55,8.570921750106E-15,38.6));
#566 = VECTOR('',#567,1.);
#567 = DIRECTION('',(-1.,0.,0.));
#568 = PCURVE('',#228,#569);
#569 = DEFINITIONAL_REPRESENTATION('',(#570),#574);
#570 = LINE('',#571,#572);
#571 = CARTESIAN_POINT('',(19.3,27.55));
#572 = VECTOR('',#573,1.);
#573 = DIRECTION('',(0.,-1.));
#574 = ( GEOMETRIC_REPRESENTATION_CONTEXT(2) 
PARAMETRIC_REPRESENTATION_CONTEXT() REPRESENTATION_CONTEXT('2D SPACE',''
  ) );
#575 = PCURVE('',#576,#581);
#576 = PLANE('',#577);
#577 = AXIS2_PLACEMENT_3D('',#578,#579,#580);
#578 = CARTESIAN_POINT('',(27.55,8.570921750106E-15,38.6));
#579 = DIRECTION('',(0.,-2.22044604925E-16,-1.));
#580 = DIRECTION('',(-1.,0.,0.));
#581 = DEFINITIONAL_REPRESENTATION('',(#582),#586);
#582 = LINE('',#583,#584);
#583 = CARTESIAN_POINT('',(0.,-1.577721810442E-30));
#584 = VECTOR('',#585,1.);
#585 = DIRECTION('',(1.,0.));
#586 = ( GEOMETRIC_REPRESENTATION_CONTEXT(2) 
PARAMETRIC_REPRESENTATION_CONTEXT() REPRESENTATION_CONTEXT('2D SPACE',''
  ) );
#587 = ORIENTED_EDGE('',*,*,#588,.F.);
#588 = EDGE_CURVE('',#589,#561,#591,.T.);
#589 = VERTEX_POINT('',#590);
#590 = CARTESIAN_POINT('',(-7.55,8.260059303211E-15,36.6));
#591 = SURFACE_CURVE('',#592,(#596,#603),.PCURVE_S1.);
#592 = LINE('',#593,#594);
#593 = CARTESIAN_POINT('',(-7.55,6.51700915455E-15,28.95));
#594 = VECTOR('',#595,1.);
#595 = DIRECTION('',(-1.107774775231E-113,2.22044604925E-16,1.));
#596 = PCURVE('',#228,#597);
#597 = DEFINITIONAL_REPRESENTATION('',(#598),#602);
#598 = LINE('',#599,#600);
#599 = CARTESIAN_POINT('',(9.65,-7.55));
#600 = VECTOR('',#601,1.);
#601 = DIRECTION('',(1.,-1.107774775231E-113));
#602 = ( GEOMETRIC_REPRESENTATION_CONTEXT(2) 
PARAMETRIC_REPRESENTATION_CONTEXT() REPRESENTATION_CONTEXT('2D SPACE',''
  ) );
#603 = PCURVE('',#604,#609);
#604 = PLANE('',#605);
#605 = AXIS2_PLACEMENT_3D('',#606,#607,#608);
#606 = CARTESIAN_POINT('',(-7.55,-3.,38.6));
#607 = DIRECTION('',(-1.,-2.254526039504E-97,3.898278662117E-113));
#608 = DIRECTION('',(1.107774775231E-113,-2.22044604925E-16,-1.));
#609 = DEFINITIONAL_REPRESENTATION('',(#610),#614);
#610 = LINE('',#611,#612);
#611 = CARTESIAN_POINT('',(9.65,-3.));
#612 = VECTOR('',#613,1.);
#613 = DIRECTION('',(-1.,0.));
#614 = ( GEOMETRIC_REPRESENTATION_CONTEXT(2) 
PARAMETRIC_REPRESENTATION_CONTEXT() REPRESENTATION_CONTEXT('2D SPACE',''
  ) );
#615 = ORIENTED_EDGE('',*,*,#616,.F.);
#616 = EDGE_CURVE('',#617,#589,#619,.T.);
#617 = VERTEX_POINT('',#618);
#618 = CARTESIAN_POINT('',(-8.55,8.304468224196E-15,36.6));
#619 = SURFACE_CURVE('',#620,(#624,#631),.PCURVE_S1.);
#620 = LINE('',#621,#622);
#621 = CARTESIAN_POINT('',(-3.775,8.215650382226E-15,36.6));
#622 = VECTOR('',#623,1.);
#623 = DIRECTION('',(1.,2.254526039504E-97,-3.898278662117E-113));
#624 = PCURVE('',#228,#625);
#625 = DEFINITIONAL_REPRESENTATION('',(#626),#630);
#626 = LINE('',#627,#628);
#627 = CARTESIAN_POINT('',(17.3,-3.775));
#628 = VECTOR('',#629,1.);
#629 = DIRECTION('',(1.107774775231E-113,1.));
#630 = ( GEOMETRIC_REPRESENTATION_CONTEXT(2) 
PARAMETRIC_REPRESENTATION_CONTEXT() REPRESENTATION_CONTEXT('2D SPACE',''
  ) );
#631 = PCURVE('',#632,#637);
#632 = PLANE('',#633);
#633 = AXIS2_PLACEMENT_3D('',#634,#635,#636);
#634 = CARTESIAN_POINT('',(-7.55,-3.,36.6));
#635 = DIRECTION('',(-1.107774775231E-113,2.22044604925E-16,1.));
#636 = DIRECTION('',(-1.,-2.254526039504E-97,3.898278662117E-113));
#637 = DEFINITIONAL_REPRESENTATION('',(#638),#642);
#638 = LINE('',#639,#640);
#639 = CARTESIAN_POINT('',(-3.775,-3.));
#640 = VECTOR('',#641,1.);
#641 = DIRECTION('',(-1.,2.598852441411E-113));
#642 = ( GEOMETRIC_REPRESENTATION_CONTEXT(2) 
PARAMETRIC_REPRESENTATION_CONTEXT() REPRESENTATION_CONTEXT('2D SPACE',''
  ) );
#643 = ORIENTED_EDGE('',*,*,#644,.F.);
#644 = EDGE_CURVE('',#645,#617,#647,.T.);
#645 = VERTEX_POINT('',#646);
#646 = CARTESIAN_POINT('',(-8.55,8.082423619271E-15,35.6));
#647 = SURFACE_CURVE('',#648,(#652,#659),.PCURVE_S1.);
#648 = LINE('',#649,#650);
#649 = CARTESIAN_POINT('',(-8.55,6.294964549625E-15,27.95));
#650 = VECTOR('',#651,1.);
#651 = DIRECTION('',(-1.107774775231E-113,2.22044604925E-16,1.));
#652 = PCURVE('',#228,#653);
#653 = DEFINITIONAL_REPRESENTATION('',(#654),#658);
#654 = LINE('',#655,#656);
#655 = CARTESIAN_POINT('',(8.65,-8.55));
#656 = VECTOR('',#657,1.);
#657 = DIRECTION('',(1.,-1.107774775231E-113));
#658 = ( GEOMETRIC_REPRESENTATION_CONTEXT(2) 
PARAMETRIC_REPRESENTATION_CONTEXT() REPRESENTATION_CONTEXT('2D SPACE',''
  ) );
#659 = PCURVE('',#660,#665);
#660 = PLANE('',#661);
#661 = AXIS2_PLACEMENT_3D('',#662,#663,#664);
#662 = CARTESIAN_POINT('',(-8.55,-3.,36.6));
#663 = DIRECTION('',(-1.,-2.254526039504E-97,3.898278662117E-113));
#664 = DIRECTION('',(1.107774775231E-113,-2.22044604925E-16,-1.));
#665 = DEFINITIONAL_REPRESENTATION('',(#666),#670);
#666 = LINE('',#667,#668);
#667 = CARTESIAN_POINT('',(8.65,-3.));
#668 = VECTOR('',#669,1.);
#669 = DIRECTION('',(-1.,-4.930380657631E-32));
#670 = ( GEOMETRIC_REPRESENTATION_CONTEXT(2) 
PARAMETRIC_REPRESENTATION_CONTEXT() REPRESENTATION_CONTEXT('2D SPACE',''
  ) );
#671 = ORIENTED_EDGE('',*,*,#672,.F.);
#672 = EDGE_CURVE('',#673,#645,#675,.T.);
#673 = VERTEX_POINT('',#674);
#674 = CARTESIAN_POINT('',(-7.55,8.082423619271E-15,35.6));
#675 = SURFACE_CURVE('',#676,(#680,#687),.PCURVE_S1.);
#676 = LINE('',#677,#678);
#677 = CARTESIAN_POINT('',(-4.275,7.993605777301E-15,35.6));
#678 = VECTOR('',#679,1.);
#679 = DIRECTION('',(-1.,-2.254526039504E-97,3.898278662117E-113));
#680 = PCURVE('',#228,#681);
#681 = DEFINITIONAL_REPRESENTATION('',(#682),#686);
#682 = LINE('',#683,#684);
#683 = CARTESIAN_POINT('',(16.3,-4.275));
#684 = VECTOR('',#685,1.);
#685 = DIRECTION('',(-1.107774775231E-113,-1.));
#686 = ( GEOMETRIC_REPRESENTATION_CONTEXT(2) 
PARAMETRIC_REPRESENTATION_CONTEXT() REPRESENTATION_CONTEXT('2D SPACE',''
  ) );
#687 = PCURVE('',#688,#693);
#688 = PLANE('',#689);
#689 = AXIS2_PLACEMENT_3D('',#690,#691,#692);
#690 = CARTESIAN_POINT('',(-8.55,-3.,35.6));
#691 = DIRECTION('',(1.107774775231E-113,-2.22044604925E-16,-1.));
#692 = DIRECTION('',(1.,2.254526039504E-97,-3.898278662117E-113));
#693 = DEFINITIONAL_REPRESENTATION('',(#694),#698);
#694 = LINE('',#695,#696);
#695 = CARTESIAN_POINT('',(4.275,-3.));
#696 = VECTOR('',#697,1.);
#697 = DIRECTION('',(-1.,-2.598852441411E-113));
#698 = ( GEOMETRIC_REPRESENTATION_CONTEXT(2) 
PARAMETRIC_REPRESENTATION_CONTEXT() REPRESENTATION_CONTEXT('2D SPACE',''
  ) );
#699 = ORIENTED_EDGE('',*,*,#700,.F.);
#700 = EDGE_CURVE('',#701,#673,#703,.T.);
#701 = VERTEX_POINT('',#702);
#702 = CARTESIAN_POINT('',(-6.55,8.038014698286E-15,35.6));
#703 = SURFACE_CURVE('',#704,(#708,#715),.PCURVE_S1.);
#704 = LINE('',#705,#706);
#705 = CARTESIAN_POINT('',(-3.775,7.993605777301E-15,35.6));
#706 = VECTOR('',#707,1.);
#707 = DIRECTION('',(-1.,-2.254526039504E-97,3.898278662117E-113));
#708 = PCURVE('',#228,#709);
#709 = DEFINITIONAL_REPRESENTATION('',(#710),#714);
#710 = LINE('',#711,#712);
#711 = CARTESIAN_POINT('',(16.3,-3.775));
#712 = VECTOR('',#713,1.);
#713 = DIRECTION('',(-1.107774775231E-113,-1.));
#714 = ( GEOMETRIC_REPRESENTATION_CONTEXT(2) 
PARAMETRIC_REPRESENTATION_CONTEXT() REPRESENTATION_CONTEXT('2D SPACE',''
  ) );
#715 = PCURVE('',#716,#721);
#716 = PLANE('',#717);
#717 = AXIS2_PLACEMENT_3D('',#718,#719,#720);
#718 = CARTESIAN_POINT('',(-7.55,-3.,35.6));
#719 = DIRECTION('',(1.107774775231E-113,-2.22044604925E-16,-1.));
#720 = DIRECTION('',(1.,2.254526039504E-97,-3.898278662117E-113));
#721 = DEFINITIONAL_REPRESENTATION('',(#722),#726);
#722 = LINE('',#723,#724);
#723 = CARTESIAN_POINT('',(3.775,-3.));
#724 = VECTOR('',#725,1.);
#725 = DIRECTION('',(-1.,-2.598852441411E-113));
#726 = ( GEOMETRIC_REPRESENTATION_CONTEXT(2) 
PARAMETRIC_REPRESENTATION_CONTEXT() REPRESENTATION_CONTEXT('2D SPACE',''
  ) );
#727 = ORIENTED_EDGE('',*,*,#728,.F.);
#728 = EDGE_CURVE('',#729,#701,#731,.T.);
#729 = VERTEX_POINT('',#730);
#730 = CARTESIAN_POINT('',(-5.55,8.082423619271E-15,35.6));
#731 = SURFACE_CURVE('',#732,(#736,#743),.PCURVE_S1.);
#732 = LINE('',#733,#734);
#733 = CARTESIAN_POINT('',(-3.775,7.993605777301E-15,35.6));
#734 = VECTOR('',#735,1.);
#735 = DIRECTION('',(-1.,-2.254526039504E-97,3.898278662117E-113));
#736 = PCURVE('',#228,#737);
#737 = DEFINITIONAL_REPRESENTATION('',(#738),#742);
#738 = LINE('',#739,#740);
#739 = CARTESIAN_POINT('',(16.3,-3.775));
#740 = VECTOR('',#741,1.);
#741 = DIRECTION('',(-1.107774775231E-113,-1.));
#742 = ( GEOMETRIC_REPRESENTATION_CONTEXT(2) 
PARAMETRIC_REPRESENTATION_CONTEXT() REPRESENTATION_CONTEXT('2D SPACE',''
  ) );
#743 = PCURVE('',#744,#749);
#744 = PLANE('',#745);
#745 = AXIS2_PLACEMENT_3D('',#746,#747,#748);
#746 = CARTESIAN_POINT('',(-7.55,-3.,35.6));
#747 = DIRECTION('',(1.107774775231E-113,-2.22044604925E-16,-1.));
#748 = DIRECTION('',(1.,2.254526039504E-97,-3.898278662117E-113));
#749 = DEFINITIONAL_REPRESENTATION('',(#750),#754);
#750 = LINE('',#751,#752);
#751 = CARTESIAN_POINT('',(3.775,-3.));
#752 = VECTOR('',#753,1.);
#753 = DIRECTION('',(-1.,-2.598852441411E-113));
#754 = ( GEOMETRIC_REPRESENTATION_CONTEXT(2) 
PARAMETRIC_REPRESENTATION_CONTEXT() REPRESENTATION_CONTEXT('2D SPACE',''
  ) );
#755 = ORIENTED_EDGE('',*,*,#756,.F.);
#756 = EDGE_CURVE('',#757,#729,#759,.T.);
#757 = VERTEX_POINT('',#758);
#758 = CARTESIAN_POINT('',(-5.55,8.304468224196E-15,36.6));
#759 = SURFACE_CURVE('',#760,(#764,#771),.PCURVE_S1.);
#760 = LINE('',#761,#762);
#761 = CARTESIAN_POINT('',(-5.55,6.183942247162E-15,27.45));
#762 = VECTOR('',#763,1.);
#763 = DIRECTION('',(1.107774775231E-113,-2.22044604925E-16,-1.));
#764 = PCURVE('',#228,#765);
#765 = DEFINITIONAL_REPRESENTATION('',(#766),#770);
#766 = LINE('',#767,#768);
#767 = CARTESIAN_POINT('',(8.15,-5.55));
#768 = VECTOR('',#769,1.);
#769 = DIRECTION('',(-1.,1.107774775231E-113));
#770 = ( GEOMETRIC_REPRESENTATION_CONTEXT(2) 
PARAMETRIC_REPRESENTATION_CONTEXT() REPRESENTATION_CONTEXT('2D SPACE',''
  ) );
#771 = PCURVE('',#772,#777);
#772 = PLANE('',#773);
#773 = AXIS2_PLACEMENT_3D('',#774,#775,#776);
#774 = CARTESIAN_POINT('',(-5.55,-3.,35.6));
#775 = DIRECTION('',(1.,2.254526039504E-97,-3.898278662117E-113));
#776 = DIRECTION('',(-1.107774775231E-113,2.22044604925E-16,1.));
#777 = DEFINITIONAL_REPRESENTATION('',(#778),#782);
#778 = LINE('',#779,#780);
#779 = CARTESIAN_POINT('',(-8.15,-3.));
#780 = VECTOR('',#781,1.);
#781 = DIRECTION('',(-1.,0.));
#782 = ( GEOMETRIC_REPRESENTATION_CONTEXT(2) 
PARAMETRIC_REPRESENTATION_CONTEXT() REPRESENTATION_CONTEXT('2D SPACE',''
  ) );
#783 = ORIENTED_EDGE('',*,*,#784,.F.);
#784 = EDGE_CURVE('',#785,#757,#787,.T.);
#785 = VERTEX_POINT('',#786);
#786 = CARTESIAN_POINT('',(-6.55,8.304468224196E-15,36.6));
#787 = SURFACE_CURVE('',#788,(#792,#799),.PCURVE_S1.);
#788 = LINE('',#789,#790);
#789 = CARTESIAN_POINT('',(-2.775,8.215650382226E-15,36.6));
#790 = VECTOR('',#791,1.);
#791 = DIRECTION('',(1.,2.254526039504E-97,-3.898278662117E-113));
#792 = PCURVE('',#228,#793);
#793 = DEFINITIONAL_REPRESENTATION('',(#794),#798);
#794 = LINE('',#795,#796);
#795 = CARTESIAN_POINT('',(17.3,-2.775));
#796 = VECTOR('',#797,1.);
#797 = DIRECTION('',(1.107774775231E-113,1.));
#798 = ( GEOMETRIC_REPRESENTATION_CONTEXT(2) 
PARAMETRIC_REPRESENTATION_CONTEXT() REPRESENTATION_CONTEXT('2D SPACE',''
  ) );
#799 = PCURVE('',#800,#805);
#800 = PLANE('',#801);
#801 = AXIS2_PLACEMENT_3D('',#802,#803,#804);
#802 = CARTESIAN_POINT('',(-5.55,-3.,36.6));
#803 = DIRECTION('',(-1.107774775231E-113,2.22044604925E-16,1.));
#804 = DIRECTION('',(-1.,-2.254526039504E-97,3.898278662117E-113));
#805 = DEFINITIONAL_REPRESENTATION('',(#806),#810);
#806 = LINE('',#807,#808);
#807 = CARTESIAN_POINT('',(-2.775,-3.));
#808 = VECTOR('',#809,1.);
#809 = DIRECTION('',(-1.,2.598852441411E-113));
#810 = ( GEOMETRIC_REPRESENTATION_CONTEXT(2) 
PARAMETRIC_REPRESENTATION_CONTEXT() REPRESENTATION_CONTEXT('2D SPACE',''
  ) );
#811 = ORIENTED_EDGE('',*,*,#812,.F.);
#812 = EDGE_CURVE('',#813,#785,#815,.T.);
#813 = VERTEX_POINT('',#814);
#814 = CARTESIAN_POINT('',(-6.55,8.659739592076E-15,38.6));
#815 = SURFACE_CURVE('',#816,(#820,#827),.PCURVE_S1.);
#816 = LINE('',#817,#818);
#817 = CARTESIAN_POINT('',(-6.55,6.294964549625E-15,27.95));
#818 = VECTOR('',#819,1.);
#819 = DIRECTION('',(1.107774775231E-113,-2.22044604925E-16,-1.));
#820 = PCURVE('',#228,#821);
#821 = DEFINITIONAL_REPRESENTATION('',(#822),#826);
#822 = LINE('',#823,#824);
#823 = CARTESIAN_POINT('',(8.65,-6.55));
#824 = VECTOR('',#825,1.);
#825 = DIRECTION('',(-1.,1.107774775231E-113));
#826 = ( GEOMETRIC_REPRESENTATION_CONTEXT(2) 
PARAMETRIC_REPRESENTATION_CONTEXT() REPRESENTATION_CONTEXT('2D SPACE',''
  ) );
#827 = PCURVE('',#828,#833);
#828 = PLANE('',#829);
#829 = AXIS2_PLACEMENT_3D('',#830,#831,#832);
#830 = CARTESIAN_POINT('',(-6.55,-3.,36.6));
#831 = DIRECTION('',(1.,2.254526039504E-97,-3.898278662117E-113));
#832 = DIRECTION('',(-1.107774775231E-113,2.22044604925E-16,1.));
#833 = DEFINITIONAL_REPRESENTATION('',(#834),#838);
#834 = LINE('',#835,#836);
#835 = CARTESIAN_POINT('',(-8.65,-3.));
#836 = VECTOR('',#837,1.);
#837 = DIRECTION('',(-1.,0.));
#838 = ( GEOMETRIC_REPRESENTATION_CONTEXT(2) 
PARAMETRIC_REPRESENTATION_CONTEXT() REPRESENTATION_CONTEXT('2D SPACE',''
  ) );
#839 = ORIENTED_EDGE('',*,*,#840,.F.);
#840 = EDGE_CURVE('',#841,#813,#843,.T.);
#841 = VERTEX_POINT('',#842);
#842 = CARTESIAN_POINT('',(6.55,8.659739592076E-15,38.6));
#843 = SURFACE_CURVE('',#844,(#848,#855),.PCURVE_S1.);
#844 = LINE('',#845,#846);
#845 = CARTESIAN_POINT('',(27.55,8.570921750106E-15,38.6));
#846 = VECTOR('',#847,1.);
#847 = DIRECTION('',(-1.,0.,0.));
#848 = PCURVE('',#228,#849);
#849 = DEFINITIONAL_REPRESENTATION('',(#850),#854);
#850 = LINE('',#851,#852);
#851 = CARTESIAN_POINT('',(19.3,27.55));
#852 = VECTOR('',#853,1.);
#853 = DIRECTION('',(0.,-1.));
#854 = ( GEOMETRIC_REPRESENTATION_CONTEXT(2) 
PARAMETRIC_REPRESENTATION_CONTEXT() REPRESENTATION_CONTEXT('2D SPACE',''
  ) );
#855 = PCURVE('',#856,#861);
#856 = PLANE('',#857);
#857 = AXIS2_PLACEMENT_3D('',#858,#859,#860);
#858 = CARTESIAN_POINT('',(27.55,8.570921750106E-15,38.6));
#859 = DIRECTION('',(0.,-2.22044604925E-16,-1.));
#860 = DIRECTION('',(-1.,0.,0.));
#861 = DEFINITIONAL_REPRESENTATION('',(#862),#866);
#862 = LINE('',#863,#864);
#863 = CARTESIAN_POINT('',(0.,-1.577721810442E-30));
#864 = VECTOR('',#865,1.);
#865 = DIRECTION('',(1.,0.));
#866 = ( GEOMETRIC_REPRESENTATION_CONTEXT(2) 
PARAMETRIC_REPRESENTATION_CONTEXT() REPRESENTATION_CONTEXT('2D SPACE',''
  ) );
#867 = ORIENTED_EDGE('',*,*,#868,.F.);
#868 = EDGE_CURVE('',#869,#841,#871,.T.);
#869 = VERTEX_POINT('',#870);
#870 = CARTESIAN_POINT('',(6.55,8.304468224196E-15,36.6));
#871 = SURFACE_CURVE('',#872,(#876,#883),.PCURVE_S1.);
#872 = LINE('',#873,#874);
#873 = CARTESIAN_POINT('',(6.55,6.51700915455E-15,28.95));
#874 = VECTOR('',#875,1.);
#875 = DIRECTION('',(-1.107774775231E-113,2.22044604925E-16,1.));
#876 = PCURVE('',#228,#877);
#877 = DEFINITIONAL_REPRESENTATION('',(#878),#882);
#878 = LINE('',#879,#880);
#879 = CARTESIAN_POINT('',(9.65,6.55));
#880 = VECTOR('',#881,1.);
#881 = DIRECTION('',(1.,-1.107774775231E-113));
#882 = ( GEOMETRIC_REPRESENTATION_CONTEXT(2) 
PARAMETRIC_REPRESENTATION_CONTEXT() REPRESENTATION_CONTEXT('2D SPACE',''
  ) );
#883 = PCURVE('',#884,#889);
#884 = PLANE('',#885);
#885 = AXIS2_PLACEMENT_3D('',#886,#887,#888);
#886 = CARTESIAN_POINT('',(6.55,-3.,38.6));
#887 = DIRECTION('',(-1.,-2.254526039504E-97,3.898278662117E-113));
#888 = DIRECTION('',(1.107774775231E-113,-2.22044604925E-16,-1.));
#889 = DEFINITIONAL_REPRESENTATION('',(#890),#894);
#890 = LINE('',#891,#892);
#891 = CARTESIAN_POINT('',(9.65,-3.));
#892 = VECTOR('',#893,1.);
#893 = DIRECTION('',(-1.,-4.930380657631E-32));
#894 = ( GEOMETRIC_REPRESENTATION_CONTEXT(2) 
PARAMETRIC_REPRESENTATION_CONTEXT() REPRESENTATION_CONTEXT('2D SPACE',''
  ) );
#895 = ORIENTED_EDGE('',*,*,#896,.F.);
#896 = EDGE_CURVE('',#897,#869,#899,.T.);
#897 = VERTEX_POINT('',#898);
#898 = CARTESIAN_POINT('',(5.55,8.304468224196E-15,36.6));
#899 = SURFACE_CURVE('',#900,(#904,#911),.PCURVE_S1.);
#900 = LINE('',#901,#902);
#901 = CARTESIAN_POINT('',(3.275,8.215650382226E-15,36.6));
#902 = VECTOR('',#903,1.);
#903 = DIRECTION('',(1.,2.254526039504E-97,-3.898278662117E-113));
#904 = PCURVE('',#228,#905);
#905 = DEFINITIONAL_REPRESENTATION('',(#906),#910);
#906 = LINE('',#907,#908);
#907 = CARTESIAN_POINT('',(17.3,3.275));
#908 = VECTOR('',#909,1.);
#909 = DIRECTION('',(1.107774775231E-113,1.));
#910 = ( GEOMETRIC_REPRESENTATION_CONTEXT(2) 
PARAMETRIC_REPRESENTATION_CONTEXT() REPRESENTATION_CONTEXT('2D SPACE',''
  ) );
#911 = PCURVE('',#912,#917);
#912 = PLANE('',#913);
#913 = AXIS2_PLACEMENT_3D('',#914,#915,#916);
#914 = CARTESIAN_POINT('',(6.55,-3.,36.6));
#915 = DIRECTION('',(-1.107774775231E-113,2.22044604925E-16,1.));
#916 = DIRECTION('',(-1.,-2.254526039504E-97,3.898278662117E-113));
#917 = DEFINITIONAL_REPRESENTATION('',(#918),#922);
#918 = LINE('',#919,#920);
#919 = CARTESIAN_POINT('',(3.275,-3.));
#920 = VECTOR('',#921,1.);
#921 = DIRECTION('',(-1.,2.598852441411E-113));
#922 = ( GEOMETRIC_REPRESENTATION_CONTEXT(2) 
PARAMETRIC_REPRESENTATION_CONTEXT() REPRESENTATION_CONTEXT('2D SPACE',''
  ) );
#923 = ORIENTED_EDGE('',*,*,#924,.F.);
#924 = EDGE_CURVE('',#925,#897,#927,.T.);
#925 = VERTEX_POINT('',#926);
#926 = CARTESIAN_POINT('',(5.55,8.082423619271E-15,35.6));
#927 = SURFACE_CURVE('',#928,(#932,#939),.PCURVE_S1.);
#928 = LINE('',#929,#930);
#929 = CARTESIAN_POINT('',(5.55,6.294964549625E-15,27.95));
#930 = VECTOR('',#931,1.);
#931 = DIRECTION('',(-1.107774775231E-113,2.22044604925E-16,1.));
#932 = PCURVE('',#228,#933);
#933 = DEFINITIONAL_REPRESENTATION('',(#934),#938);
#934 = LINE('',#935,#936);
#935 = CARTESIAN_POINT('',(8.65,5.55));
#936 = VECTOR('',#937,1.);
#937 = DIRECTION('',(1.,-1.107774775231E-113));
#938 = ( GEOMETRIC_REPRESENTATION_CONTEXT(2) 
PARAMETRIC_REPRESENTATION_CONTEXT() REPRESENTATION_CONTEXT('2D SPACE',''
  ) );
#939 = PCURVE('',#940,#945);
#940 = PLANE('',#941);
#941 = AXIS2_PLACEMENT_3D('',#942,#943,#944);
#942 = CARTESIAN_POINT('',(5.55,-3.,36.6));
#943 = DIRECTION('',(-1.,-2.254526039504E-97,3.898278662117E-113));
#944 = DIRECTION('',(1.107774775231E-113,-2.22044604925E-16,-1.));
#945 = DEFINITIONAL_REPRESENTATION('',(#946),#950);
#946 = LINE('',#947,#948);
#947 = CARTESIAN_POINT('',(8.65,-3.));
#948 = VECTOR('',#949,1.);
#949 = DIRECTION('',(-1.,-4.930380657631E-32));
#950 = ( GEOMETRIC_REPRESENTATION_CONTEXT(2) 
PARAMETRIC_REPRESENTATION_CONTEXT() REPRESENTATION_CONTEXT('2D SPACE',''
  ) );
#951 = ORIENTED_EDGE('',*,*,#952,.F.);
#952 = EDGE_CURVE('',#953,#925,#955,.T.);
#953 = VERTEX_POINT('',#954);
#954 = CARTESIAN_POINT('',(6.55,8.082423619271E-15,35.6));
#955 = SURFACE_CURVE('',#956,(#960,#967),.PCURVE_S1.);
#956 = LINE('',#957,#958);
#957 = CARTESIAN_POINT('',(2.775,7.993605777301E-15,35.6));
#958 = VECTOR('',#959,1.);
#959 = DIRECTION('',(-1.,-2.254526039504E-97,3.898278662117E-113));
#960 = PCURVE('',#228,#961);
#961 = DEFINITIONAL_REPRESENTATION('',(#962),#966);
#962 = LINE('',#963,#964);
#963 = CARTESIAN_POINT('',(16.3,2.775));
#964 = VECTOR('',#965,1.);
#965 = DIRECTION('',(-1.107774775231E-113,-1.));
#966 = ( GEOMETRIC_REPRESENTATION_CONTEXT(2) 
PARAMETRIC_REPRESENTATION_CONTEXT() REPRESENTATION_CONTEXT('2D SPACE',''
  ) );
#967 = PCURVE('',#968,#973);
#968 = PLANE('',#969);
#969 = AXIS2_PLACEMENT_3D('',#970,#971,#972);
#970 = CARTESIAN_POINT('',(5.55,-3.,35.6));
#971 = DIRECTION('',(1.107774775231E-113,-2.22044604925E-16,-1.));
#972 = DIRECTION('',(1.,2.254526039504E-97,-3.898278662117E-113));
#973 = DEFINITIONAL_REPRESENTATION('',(#974),#978);
#974 = LINE('',#975,#976);
#975 = CARTESIAN_POINT('',(-2.775,-3.));
#976 = VECTOR('',#977,1.);
#977 = DIRECTION('',(-1.,-2.598852441411E-113));
#978 = ( GEOMETRIC_REPRESENTATION_CONTEXT(2) 
PARAMETRIC_REPRESENTATION_CONTEXT() REPRESENTATION_CONTEXT('2D SPACE',''
  ) );
#979 = ORIENTED_EDGE('',*,*,#980,.F.);
#980 = EDGE_CURVE('',#981,#953,#983,.T.);
#981 = VERTEX_POINT('',#982);
#982 = CARTESIAN_POINT('',(7.55,8.082423619271E-15,35.6));
#983 = SURFACE_CURVE('',#984,(#988,#995),.PCURVE_S1.);
#984 = LINE('',#985,#986);
#985 = CARTESIAN_POINT('',(2.775,7.993605777301E-15,35.6));
#986 = VECTOR('',#987,1.);
#987 = DIRECTION('',(-1.,-2.254526039504E-97,3.898278662117E-113));
#988 = PCURVE('',#228,#989);
#989 = DEFINITIONAL_REPRESENTATION('',(#990),#994);
#990 = LINE('',#991,#992);
#991 = CARTESIAN_POINT('',(16.3,2.775));
#992 = VECTOR('',#993,1.);
#993 = DIRECTION('',(-1.107774775231E-113,-1.));
#994 = ( GEOMETRIC_REPRESENTATION_CONTEXT(2) 
PARAMETRIC_REPRESENTATION_CONTEXT() REPRESENTATION_CONTEXT('2D SPACE',''
  ) );
#995 = PCURVE('',#996,#1001);
#996 = PLANE('',#997);
#997 = AXIS2_PLACEMENT_3D('',#998,#999,#1000);
#998 = CARTESIAN_POINT('',(6.55,-3.,35.6));
#999 = DIRECTION('',(1.107774775231E-113,-2.22044604925E-16,-1.));
#1000 = DIRECTION('',(1.,2.254526039504E-97,-3.898278662117E-113));
#1001 = DEFINITIONAL_REPRESENTATION('',(#1002),#1006);
#1002 = LINE('',#1003,#1004);
#1003 = CARTESIAN_POINT('',(-3.775,-3.));
#1004 = VECTOR('',#1005,1.);
#1005 = DIRECTION('',(-1.,-2.598852441411E-113));
#1006 = ( GEOMETRIC_REPRESENTATION_CONTEXT(2) 
PARAMETRIC_REPRESENTATION_CONTEXT() REPRESENTATION_CONTEXT('2D SPACE',''
  ) );
#1007 = ORIENTED_EDGE('',*,*,#1008,.F.);
#1008 = EDGE_CURVE('',#1009,#981,#1011,.T.);
#1009 = VERTEX_POINT('',#1010);
#1010 = CARTESIAN_POINT('',(8.55,8.082423619271E-15,35.6));
#1011 = SURFACE_CURVE('',#1012,(#1016,#1023),.PCURVE_S1.);
#1012 = LINE('',#1013,#1014);
#1013 = CARTESIAN_POINT('',(3.275,7.993605777301E-15,35.6));
#1014 = VECTOR('',#1015,1.);
#1015 = DIRECTION('',(-1.,-2.254526039504E-97,3.898278662117E-113));
#1016 = PCURVE('',#228,#1017);
#1017 = DEFINITIONAL_REPRESENTATION('',(#1018),#1022);
#1018 = LINE('',#1019,#1020);
#1019 = CARTESIAN_POINT('',(16.3,3.275));
#1020 = VECTOR('',#1021,1.);
#1021 = DIRECTION('',(-1.107774775231E-113,-1.));
#1022 = ( GEOMETRIC_REPRESENTATION_CONTEXT(2) 
PARAMETRIC_REPRESENTATION_CONTEXT() REPRESENTATION_CONTEXT('2D SPACE',''
  ) );
#1023 = PCURVE('',#1024,#1029);
#1024 = PLANE('',#1025);
#1025 = AXIS2_PLACEMENT_3D('',#1026,#1027,#1028);
#1026 = CARTESIAN_POINT('',(6.55,-3.,35.6));
#1027 = DIRECTION('',(1.107774775231E-113,-2.22044604925E-16,-1.));
#1028 = DIRECTION('',(1.,2.254526039504E-97,-3.898278662117E-113));
#1029 = DEFINITIONAL_REPRESENTATION('',(#1030),#1034);
#1030 = LINE('',#1031,#1032);
#1031 = CARTESIAN_POINT('',(-3.275,-3.));
#1032 = VECTOR('',#1033,1.);
#1033 = DIRECTION('',(-1.,-2.598852441411E-113));
#1034 = ( GEOMETRIC_REPRESENTATION_CONTEXT(2) 
PARAMETRIC_REPRESENTATION_CONTEXT() REPRESENTATION_CONTEXT('2D SPACE',''
  ) );
#1035 = ORIENTED_EDGE('',*,*,#1036,.F.);
#1036 = EDGE_CURVE('',#1037,#1009,#1039,.T.);
#1037 = VERTEX_POINT('',#1038);
#1038 = CARTESIAN_POINT('',(8.55,8.304468224196E-15,36.6));
#1039 = SURFACE_CURVE('',#1040,(#1044,#1051),.PCURVE_S1.);
#1040 = LINE('',#1041,#1042);
#1041 = CARTESIAN_POINT('',(8.55,6.183942247162E-15,27.45));
#1042 = VECTOR('',#1043,1.);
#1043 = DIRECTION('',(1.107774775231E-113,-2.22044604925E-16,-1.));
#1044 = PCURVE('',#228,#1045);
#1045 = DEFINITIONAL_REPRESENTATION('',(#1046),#1050);
#1046 = LINE('',#1047,#1048);
#1047 = CARTESIAN_POINT('',(8.15,8.55));
#1048 = VECTOR('',#1049,1.);
#1049 = DIRECTION('',(-1.,1.107774775231E-113));
#1050 = ( GEOMETRIC_REPRESENTATION_CONTEXT(2) 
PARAMETRIC_REPRESENTATION_CONTEXT() REPRESENTATION_CONTEXT('2D SPACE',''
  ) );
#1051 = PCURVE('',#1052,#1057);
#1052 = PLANE('',#1053);
#1053 = AXIS2_PLACEMENT_3D('',#1054,#1055,#1056);
#1054 = CARTESIAN_POINT('',(8.55,-3.,35.6));
#1055 = DIRECTION('',(1.,2.254526039504E-97,-3.898278662117E-113));
#1056 = DIRECTION('',(-1.107774775231E-113,2.22044604925E-16,1.));
#1057 = DEFINITIONAL_REPRESENTATION('',(#1058),#1062);
#1058 = LINE('',#1059,#1060);
#1059 = CARTESIAN_POINT('',(-8.15,-3.));
#1060 = VECTOR('',#1061,1.);
#1061 = DIRECTION('',(-1.,4.930380657631E-32));
#1062 = ( GEOMETRIC_REPRESENTATION_CONTEXT(2) 
PARAMETRIC_REPRESENTATION_CONTEXT() REPRESENTATION_CONTEXT('2D SPACE',''
  ) );
#1063 = ORIENTED_EDGE('',*,*,#1064,.F.);
#1064 = EDGE_CURVE('',#1065,#1037,#1067,.T.);
#1065 = VERTEX_POINT('',#1066);
#1066 = CARTESIAN_POINT('',(7.55,8.304468224196E-15,36.6));
#1067 = SURFACE_CURVE('',#1068,(#1072,#1079),.PCURVE_S1.);
#1068 = LINE('',#1069,#1070);
#1069 = CARTESIAN_POINT('',(4.275,8.215650382226E-15,36.6));
#1070 = VECTOR('',#1071,1.);
#1071 = DIRECTION('',(1.,2.254526039504E-97,-3.898278662117E-113));
#1072 = PCURVE('',#228,#1073);
#1073 = DEFINITIONAL_REPRESENTATION('',(#1074),#1078);
#1074 = LINE('',#1075,#1076);
#1075 = CARTESIAN_POINT('',(17.3,4.275));
#1076 = VECTOR('',#1077,1.);
#1077 = DIRECTION('',(1.107774775231E-113,1.));
#1078 = ( GEOMETRIC_REPRESENTATION_CONTEXT(2) 
PARAMETRIC_REPRESENTATION_CONTEXT() REPRESENTATION_CONTEXT('2D SPACE',''
  ) );
#1079 = PCURVE('',#1080,#1085);
#1080 = PLANE('',#1081);
#1081 = AXIS2_PLACEMENT_3D('',#1082,#1083,#1084);
#1082 = CARTESIAN_POINT('',(8.55,-3.,36.6));
#1083 = DIRECTION('',(-1.107774775231E-113,2.22044604925E-16,1.));
#1084 = DIRECTION('',(-1.,-2.254526039504E-97,3.898278662117E-113));
#1085 = DEFINITIONAL_REPRESENTATION('',(#1086),#1090);
#1086 = LINE('',#1087,#1088);
#1087 = CARTESIAN_POINT('',(4.275,-3.));
#1088 = VECTOR('',#1089,1.);
#1089 = DIRECTION('',(-1.,2.598852441411E-113));
#1090 = ( GEOMETRIC_REPRESENTATION_CONTEXT(2) 
PARAMETRIC_REPRESENTATION_CONTEXT() REPRESENTATION_CONTEXT('2D SPACE',''
  ) );
#1091 = ORIENTED_EDGE('',*,*,#1092,.F.);
#1092 = EDGE_CURVE('',#1093,#1065,#1095,.T.);
#1093 = VERTEX_POINT('',#1094);
#1094 = CARTESIAN_POINT('',(7.55,8.659739592076E-15,38.6));
#1095 = SURFACE_CURVE('',#1096,(#1100,#1107),.PCURVE_S1.);
#1096 = LINE('',#1097,#1098);
#1097 = CARTESIAN_POINT('',(7.55,6.183942247162E-15,27.45));
#1098 = VECTOR('',#1099,1.);
#1099 = DIRECTION('',(1.107774775231E-113,-2.22044604925E-16,-1.));
#1100 = PCURVE('',#228,#1101);
#1101 = DEFINITIONAL_REPRESENTATION('',(#1102),#1106);
#1102 = LINE('',#1103,#1104);
#1103 = CARTESIAN_POINT('',(8.15,7.55));
#1104 = VECTOR('',#1105,1.);
#1105 = DIRECTION('',(-1.,1.107774775231E-113));
#1106 = ( GEOMETRIC_REPRESENTATION_CONTEXT(2) 
PARAMETRIC_REPRESENTATION_CONTEXT() REPRESENTATION_CONTEXT('2D SPACE',''
  ) );
#1107 = PCURVE('',#1108,#1113);
#1108 = PLANE('',#1109);
#1109 = AXIS2_PLACEMENT_3D('',#1110,#1111,#1112);
#1110 = CARTESIAN_POINT('',(7.55,-3.,36.6));
#1111 = DIRECTION('',(1.,2.254526039504E-97,-3.898278662117E-113));
#1112 = DIRECTION('',(-1.107774775231E-113,2.22044604925E-16,1.));
#1113 = DEFINITIONAL_REPRESENTATION('',(#1114),#1118);
#1114 = LINE('',#1115,#1116);
#1115 = CARTESIAN_POINT('',(-9.15,-3.));
#1116 = VECTOR('',#1117,1.);
#1117 = DIRECTION('',(-1.,4.930380657631E-32));
#1118 = ( GEOMETRIC_REPRESENTATION_CONTEXT(2) 
PARAMETRIC_REPRESENTATION_CONTEXT() REPRESENTATION_CONTEXT('2D SPACE',''
  ) );
#1119 = ORIENTED_EDGE('',*,*,#1120,.F.);
#1120 = EDGE_CURVE('',#1121,#1093,#1123,.T.);
#1121 = VERTEX_POINT('',#1122);
#1122 = CARTESIAN_POINT('',(20.65,8.659739592076E-15,38.6));
#1123 = SURFACE_CURVE('',#1124,(#1128,#1135),.PCURVE_S1.);
#1124 = LINE('',#1125,#1126);
#1125 = CARTESIAN_POINT('',(27.55,8.570921750106E-15,38.6));
#1126 = VECTOR('',#1127,1.);
#1127 = DIRECTION('',(-1.,0.,0.));
#1128 = PCURVE('',#228,#1129);
#1129 = DEFINITIONAL_REPRESENTATION('',(#1130),#1134);
#1130 = LINE('',#1131,#1132);
#1131 = CARTESIAN_POINT('',(19.3,27.55));
#1132 = VECTOR('',#1133,1.);
#1133 = DIRECTION('',(0.,-1.));
#1134 = ( GEOMETRIC_REPRESENTATION_CONTEXT(2) 
PARAMETRIC_REPRESENTATION_CONTEXT() REPRESENTATION_CONTEXT('2D SPACE',''
  ) );
#1135 = PCURVE('',#1136,#1141);
#1136 = PLANE('',#1137);
#1137 = AXIS2_PLACEMENT_3D('',#1138,#1139,#1140);
#1138 = CARTESIAN_POINT('',(27.55,8.570921750106E-15,38.6));
#1139 = DIRECTION('',(0.,-2.22044604925E-16,-1.));
#1140 = DIRECTION('',(-1.,0.,0.));
#1141 = DEFINITIONAL_REPRESENTATION('',(#1142),#1146);
#1142 = LINE('',#1143,#1144);
#1143 = CARTESIAN_POINT('',(0.,-1.577721810442E-30));
#1144 = VECTOR('',#1145,1.);
#1145 = DIRECTION('',(1.,0.));
#1146 = ( GEOMETRIC_REPRESENTATION_CONTEXT(2) 
PARAMETRIC_REPRESENTATION_CONTEXT() REPRESENTATION_CONTEXT('2D SPACE',''
  ) );
#1147 = ORIENTED_EDGE('',*,*,#1148,.F.);
#1148 = EDGE_CURVE('',#1149,#1121,#1151,.T.);
#1149 = VERTEX_POINT('',#1150);
#1150 = CARTESIAN_POINT('',(20.65,8.082423619271E-15,35.6));
#1151 = SURFACE_CURVE('',#1152,(#1156,#1163),.PCURVE_S1.);
#1152 = LINE('',#1153,#1154);
#1153 = CARTESIAN_POINT('',(20.65,6.51700915455E-15,28.95));
#1154 = VECTOR('',#1155,1.);
#1155 = DIRECTION('',(-1.107774775231E-113,2.22044604925E-16,1.));
#1156 = PCURVE('',#228,#1157);
#1157 = DEFINITIONAL_REPRESENTATION('',(#1158),#1162);
#1158 = LINE('',#1159,#1160);
#1159 = CARTESIAN_POINT('',(9.65,20.65));
#1160 = VECTOR('',#1161,1.);
#1161 = DIRECTION('',(1.,-1.107774775231E-113));
#1162 = ( GEOMETRIC_REPRESENTATION_CONTEXT(2) 
PARAMETRIC_REPRESENTATION_CONTEXT() REPRESENTATION_CONTEXT('2D SPACE',''
  ) );
#1163 = PCURVE('',#1164,#1169);
#1164 = PLANE('',#1165);
#1165 = AXIS2_PLACEMENT_3D('',#1166,#1167,#1168);
#1166 = CARTESIAN_POINT('',(20.65,-3.,38.6));
#1167 = DIRECTION('',(-1.,-2.254526039504E-97,3.898278662117E-113));
#1168 = DIRECTION('',(1.107774775231E-113,-2.22044604925E-16,-1.));
#1169 = DEFINITIONAL_REPRESENTATION('',(#1170),#1174);
#1170 = LINE('',#1171,#1172);
#1171 = CARTESIAN_POINT('',(9.65,-3.));
#1172 = VECTOR('',#1173,1.);
#1173 = DIRECTION('',(-1.,-4.930380657631E-32));
#1174 = ( GEOMETRIC_REPRESENTATION_CONTEXT(2) 
PARAMETRIC_REPRESENTATION_CONTEXT() REPRESENTATION_CONTEXT('2D SPACE',''
  ) );
#1175 = ORIENTED_EDGE('',*,*,#1176,.F.);
#1176 = EDGE_CURVE('',#1177,#1149,#1179,.T.);
#1177 = VERTEX_POINT('',#1178);
#1178 = CARTESIAN_POINT('',(22.65,8.082423619271E-15,35.6));
#1179 = SURFACE_CURVE('',#1180,(#1184,#1191),.PCURVE_S1.);
#1180 = LINE('',#1181,#1182);
#1181 = CARTESIAN_POINT('',(10.325,7.993605777301E-15,35.6));
#1182 = VECTOR('',#1183,1.);
#1183 = DIRECTION('',(-1.,-2.254526039504E-97,3.898278662117E-113));
#1184 = PCURVE('',#228,#1185);
#1185 = DEFINITIONAL_REPRESENTATION('',(#1186),#1190);
#1186 = LINE('',#1187,#1188);
#1187 = CARTESIAN_POINT('',(16.3,10.325));
#1188 = VECTOR('',#1189,1.);
#1189 = DIRECTION('',(-1.107774775231E-113,-1.));
#1190 = ( GEOMETRIC_REPRESENTATION_CONTEXT(2) 
PARAMETRIC_REPRESENTATION_CONTEXT() REPRESENTATION_CONTEXT('2D SPACE',''
  ) );
#1191 = PCURVE('',#1192,#1197);
#1192 = PLANE('',#1193);
#1193 = AXIS2_PLACEMENT_3D('',#1194,#1195,#1196);
#1194 = CARTESIAN_POINT('',(20.65,-3.,35.6));
#1195 = DIRECTION('',(1.107774775231E-113,-2.22044604925E-16,-1.));
#1196 = DIRECTION('',(1.,2.254526039504E-97,-3.898278662117E-113));
#1197 = DEFINITIONAL_REPRESENTATION('',(#1198),#1202);
#1198 = LINE('',#1199,#1200);
#1199 = CARTESIAN_POINT('',(-10.325,-3.));
#1200 = VECTOR('',#1201,1.);
#1201 = DIRECTION('',(-1.,-2.598852441411E-113));
#1202 = ( GEOMETRIC_REPRESENTATION_CONTEXT(2) 
PARAMETRIC_REPRESENTATION_CONTEXT() REPRESENTATION_CONTEXT('2D SPACE',''
  ) );
#1203 = ORIENTED_EDGE('',*,*,#1204,.F.);
#1204 = EDGE_CURVE('',#1205,#1177,#1207,.T.);
#1205 = VERTEX_POINT('',#1206);
#1206 = CARTESIAN_POINT('',(22.65,8.304468224196E-15,36.6));
#1207 = SURFACE_CURVE('',#1208,(#1212,#1219),.PCURVE_S1.);
#1208 = LINE('',#1209,#1210);
#1209 = CARTESIAN_POINT('',(22.65,6.183942247162E-15,27.45));
#1210 = VECTOR('',#1211,1.);
#1211 = DIRECTION('',(1.107774775231E-113,-2.22044604925E-16,-1.));
#1212 = PCURVE('',#228,#1213);
#1213 = DEFINITIONAL_REPRESENTATION('',(#1214),#1218);
#1214 = LINE('',#1215,#1216);
#1215 = CARTESIAN_POINT('',(8.15,22.65));
#1216 = VECTOR('',#1217,1.);
#1217 = DIRECTION('',(-1.,1.107774775231E-113));
#1218 = ( GEOMETRIC_REPRESENTATION_CONTEXT(2) 
PARAMETRIC_REPRESENTATION_CONTEXT() REPRESENTATION_CONTEXT('2D SPACE',''
  ) );
#1219 = PCURVE('',#1220,#1225);
#1220 = PLANE('',#1221);
#1221 = AXIS2_PLACEMENT_3D('',#1222,#1223,#1224);
#1222 = CARTESIAN_POINT('',(22.65,-3.,35.6));
#1223 = DIRECTION('',(1.,2.254526039504E-97,-3.898278662117E-113));
#1224 = DIRECTION('',(-1.107774775231E-113,2.22044604925E-16,1.));
#1225 = DEFINITIONAL_REPRESENTATION('',(#1226),#1230);
#1226 = LINE('',#1227,#1228);
#1227 = CARTESIAN_POINT('',(-8.15,-3.));
#1228 = VECTOR('',#1229,1.);
#1229 = DIRECTION('',(-1.,4.930380657631E-32));
#1230 = ( GEOMETRIC_REPRESENTATION_CONTEXT(2) 
PARAMETRIC_REPRESENTATION_CONTEXT() REPRESENTATION_CONTEXT('2D SPACE',''
  ) );
#1231 = ORIENTED_EDGE('',*,*,#1232,.F.);
#1232 = EDGE_CURVE('',#1233,#1205,#1235,.T.);
#1233 = VERTEX_POINT('',#1234);
#1234 = CARTESIAN_POINT('',(21.65,8.304468224196E-15,36.6));
#1235 = SURFACE_CURVE('',#1236,(#1240,#1247),.PCURVE_S1.);
#1236 = LINE('',#1237,#1238);
#1237 = CARTESIAN_POINT('',(11.325,8.215650382226E-15,36.6));
#1238 = VECTOR('',#1239,1.);
#1239 = DIRECTION('',(1.,2.254526039504E-97,-3.898278662117E-113));
#1240 = PCURVE('',#228,#1241);
#1241 = DEFINITIONAL_REPRESENTATION('',(#1242),#1246);
#1242 = LINE('',#1243,#1244);
#1243 = CARTESIAN_POINT('',(17.3,11.325));
#1244 = VECTOR('',#1245,1.);
#1245 = DIRECTION('',(1.107774775231E-113,1.));
#1246 = ( GEOMETRIC_REPRESENTATION_CONTEXT(2) 
PARAMETRIC_REPRESENTATION_CONTEXT() REPRESENTATION_CONTEXT('2D SPACE',''
  ) );
#1247 = PCURVE('',#1248,#1253);
#1248 = PLANE('',#1249);
#1249 = AXIS2_PLACEMENT_3D('',#1250,#1251,#1252);
#1250 = CARTESIAN_POINT('',(22.65,-3.,36.6));
#1251 = DIRECTION('',(-1.107774775231E-113,2.22044604925E-16,1.));
#1252 = DIRECTION('',(-1.,-2.254526039504E-97,3.898278662117E-113));
#1253 = DEFINITIONAL_REPRESENTATION('',(#1254),#1258);
#1254 = LINE('',#1255,#1256);
#1255 = CARTESIAN_POINT('',(11.325,-3.));
#1256 = VECTOR('',#1257,1.);
#1257 = DIRECTION('',(-1.,2.598852441411E-113));
#1258 = ( GEOMETRIC_REPRESENTATION_CONTEXT(2) 
PARAMETRIC_REPRESENTATION_CONTEXT() REPRESENTATION_CONTEXT('2D SPACE',''
  ) );
#1259 = ORIENTED_EDGE('',*,*,#1260,.F.);
#1260 = EDGE_CURVE('',#1261,#1233,#1263,.T.);
#1261 = VERTEX_POINT('',#1262);
#1262 = CARTESIAN_POINT('',(21.65,8.659739592076E-15,38.6));
#1263 = SURFACE_CURVE('',#1264,(#1268,#1275),.PCURVE_S1.);
#1264 = LINE('',#1265,#1266);
#1265 = CARTESIAN_POINT('',(21.65,6.294964549625E-15,27.95));
#1266 = VECTOR('',#1267,1.);
#1267 = DIRECTION('',(1.107774775231E-113,-2.22044604925E-16,-1.));
#1268 = PCURVE('',#228,#1269);
#1269 = DEFINITIONAL_REPRESENTATION('',(#1270),#1274);
#1270 = LINE('',#1271,#1272);
#1271 = CARTESIAN_POINT('',(8.65,21.65));
#1272 = VECTOR('',#1273,1.);
#1273 = DIRECTION('',(-1.,1.107774775231E-113));
#1274 = ( GEOMETRIC_REPRESENTATION_CONTEXT(2) 
PARAMETRIC_REPRESENTATION_CONTEXT() REPRESENTATION_CONTEXT('2D SPACE',''
  ) );
#1275 = PCURVE('',#1276,#1281);
#1276 = PLANE('',#1277);
#1277 = AXIS2_PLACEMENT_3D('',#1278,#1279,#1280);
#1278 = CARTESIAN_POINT('',(21.65,-3.,36.6));
#1279 = DIRECTION('',(1.,2.254526039504E-97,-3.898278662117E-113));
#1280 = DIRECTION('',(-1.107774775231E-113,2.22044604925E-16,1.));
#1281 = DEFINITIONAL_REPRESENTATION('',(#1282),#1286);
#1282 = LINE('',#1283,#1284);
#1283 = CARTESIAN_POINT('',(-8.65,-3.));
#1284 = VECTOR('',#1285,1.);
#1285 = DIRECTION('',(-1.,4.930380657631E-32));
#1286 = ( GEOMETRIC_REPRESENTATION_CONTEXT(2) 
PARAMETRIC_REPRESENTATION_CONTEXT() REPRESENTATION_CONTEXT('2D SPACE',''
  ) );
#1287 = ORIENTED_EDGE('',*,*,#1288,.F.);
#1288 = EDGE_CURVE('',#344,#1261,#1289,.T.);
#1289 = SURFACE_CURVE('',#1290,(#1294,#1301),.PCURVE_S1.);
#1290 = LINE('',#1291,#1292);
#1291 = CARTESIAN_POINT('',(27.55,8.570921750106E-15,38.6));
#1292 = VECTOR('',#1293,1.);
#1293 = DIRECTION('',(-1.,0.,0.));
#1294 = PCURVE('',#228,#1295);
#1295 = DEFINITIONAL_REPRESENTATION('',(#1296),#1300);
#1296 = LINE('',#1297,#1298);
#1297 = CARTESIAN_POINT('',(19.3,27.55));
#1298 = VECTOR('',#1299,1.);
#1299 = DIRECTION('',(0.,-1.));
#1300 = ( GEOMETRIC_REPRESENTATION_CONTEXT(2) 
PARAMETRIC_REPRESENTATION_CONTEXT() REPRESENTATION_CONTEXT('2D SPACE',''
  ) );
#1301 = PCURVE('',#359,#1302);
#1302 = DEFINITIONAL_REPRESENTATION('',(#1303),#1307);
#1303 = LINE('',#1304,#1305);
#1304 = CARTESIAN_POINT('',(0.,-1.577721810442E-30));
#1305 = VECTOR('',#1306,1.);
#1306 = DIRECTION('',(1.,0.));
#1307 = ( GEOMETRIC_REPRESENTATION_CONTEXT(2) 
PARAMETRIC_REPRESENTATION_CONTEXT() REPRESENTATION_CONTEXT('2D SPACE',''
  ) );
#1308 = ORIENTED_EDGE('',*,*,#371,.F.);
#1309 = ADVANCED_FACE('',(#1310,#2238,#2272,#2306,#2340,#2374,#2408,
    #2442,#2476,#2510,#2544,#2578,#2612,#2646,#2680,#2714,#2748,#2782,
    #2816,#2850,#2884,#2918,#2952,#2986,#3020,#3054,#3088,#3122,#3156,
    #3190,#3224,#3258,#3292,#3326,#3360,#3394,#3428,#3462,#3496,#3530,
    #3564,#3598,#3632,#3666,#3700,#3734,#3768,#3802,#3836,#3870,#3904,
    #3938,#3972,#4006,#4040,#4074,#4108,#4142,#4176,#4210,#4244,#4278,
    #4312,#4346,#4380,#4414,#4448,#4482,#4516,#4550,#4584,#4618,#4652),
  #72,.F.);
#1310 = FACE_BOUND('',#1311,.F.);
#1311 = EDGE_LOOP('',(#1312,#1313,#1314,#1337,#1360,#1383,#1406,#1429,
    #1452,#1475,#1498,#1521,#1544,#1567,#1590,#1613,#1636,#1659,#1682,
    #1705,#1728,#1751,#1774,#1797,#1820,#1843,#1866,#1889,#1912,#1935,
    #1958,#1981,#2004,#2027,#2050,#2071,#2072,#2073,#2101,#2129,#2155,
    #2156,#2184,#2212));
#1312 = ORIENTED_EDGE('',*,*,#56,.F.);
#1313 = ORIENTED_EDGE('',*,*,#273,.F.);
#1314 = ORIENTED_EDGE('',*,*,#1315,.F.);
#1315 = EDGE_CURVE('',#1316,#246,#1318,.T.);
#1316 = VERTEX_POINT('',#1317);
#1317 = CARTESIAN_POINT('',(-21.65,-3.,38.6));
#1318 = SURFACE_CURVE('',#1319,(#1323,#1330),.PCURVE_S1.);
#1319 = LINE('',#1320,#1321);
#1320 = CARTESIAN_POINT('',(27.55,-3.,38.6));
#1321 = VECTOR('',#1322,1.);
#1322 = DIRECTION('',(-1.,0.,0.));
#1323 = PCURVE('',#72,#1324);
#1324 = DEFINITIONAL_REPRESENTATION('',(#1325),#1329);
#1325 = LINE('',#1326,#1327);
#1326 = CARTESIAN_POINT('',(19.3,27.55));
#1327 = VECTOR('',#1328,1.);
#1328 = DIRECTION('',(0.,-1.));
#1329 = ( GEOMETRIC_REPRESENTATION_CONTEXT(2) 
PARAMETRIC_REPRESENTATION_CONTEXT() REPRESENTATION_CONTEXT('2D SPACE',''
  ) );
#1330 = PCURVE('',#261,#1331);
#1331 = DEFINITIONAL_REPRESENTATION('',(#1332),#1336);
#1332 = LINE('',#1333,#1334);
#1333 = CARTESIAN_POINT('',(0.,-3.));
#1334 = VECTOR('',#1335,1.);
#1335 = DIRECTION('',(1.,0.));
#1336 = ( GEOMETRIC_REPRESENTATION_CONTEXT(2) 
PARAMETRIC_REPRESENTATION_CONTEXT() REPRESENTATION_CONTEXT('2D SPACE',''
  ) );
#1337 = ORIENTED_EDGE('',*,*,#1338,.T.);
#1338 = EDGE_CURVE('',#1316,#1339,#1341,.T.);
#1339 = VERTEX_POINT('',#1340);
#1340 = CARTESIAN_POINT('',(-21.65,-3.,36.6));
#1341 = SURFACE_CURVE('',#1342,(#1346,#1353),.PCURVE_S1.);
#1342 = LINE('',#1343,#1344);
#1343 = CARTESIAN_POINT('',(-21.65,-3.,38.6));
#1344 = VECTOR('',#1345,1.);
#1345 = DIRECTION('',(0.,-2.22044604925E-16,-1.));
#1346 = PCURVE('',#72,#1347);
#1347 = DEFINITIONAL_REPRESENTATION('',(#1348),#1352);
#1348 = LINE('',#1349,#1350);
#1349 = CARTESIAN_POINT('',(19.3,-21.65));
#1350 = VECTOR('',#1351,1.);
#1351 = DIRECTION('',(-1.,1.154122327223E-128));
#1352 = ( GEOMETRIC_REPRESENTATION_CONTEXT(2) 
PARAMETRIC_REPRESENTATION_CONTEXT() REPRESENTATION_CONTEXT('2D SPACE',''
  ) );
#1353 = PCURVE('',#436,#1354);
#1354 = DEFINITIONAL_REPRESENTATION('',(#1355),#1359);
#1355 = LINE('',#1356,#1357);
#1356 = CARTESIAN_POINT('',(9.860761315263E-32,4.440892098501E-16));
#1357 = VECTOR('',#1358,1.);
#1358 = DIRECTION('',(1.,0.));
#1359 = ( GEOMETRIC_REPRESENTATION_CONTEXT(2) 
PARAMETRIC_REPRESENTATION_CONTEXT() REPRESENTATION_CONTEXT('2D SPACE',''
  ) );
#1360 = ORIENTED_EDGE('',*,*,#1361,.T.);
#1361 = EDGE_CURVE('',#1339,#1362,#1364,.T.);
#1362 = VERTEX_POINT('',#1363);
#1363 = CARTESIAN_POINT('',(-22.65,-3.,36.6));
#1364 = SURFACE_CURVE('',#1365,(#1369,#1376),.PCURVE_S1.);
#1365 = LINE('',#1366,#1367);
#1366 = CARTESIAN_POINT('',(-21.65,-3.,36.6));
#1367 = VECTOR('',#1368,1.);
#1368 = DIRECTION('',(-1.,-2.254526039504E-97,5.197704882822E-113));
#1369 = PCURVE('',#72,#1370);
#1370 = DEFINITIONAL_REPRESENTATION('',(#1371),#1375);
#1371 = LINE('',#1372,#1373);
#1372 = CARTESIAN_POINT('',(17.3,-21.65));
#1373 = VECTOR('',#1374,1.);
#1374 = DIRECTION('',(-1.11156715773E-128,-1.));
#1375 = ( GEOMETRIC_REPRESENTATION_CONTEXT(2) 
PARAMETRIC_REPRESENTATION_CONTEXT() REPRESENTATION_CONTEXT('2D SPACE',''
  ) );
#1376 = PCURVE('',#464,#1377);
#1377 = DEFINITIONAL_REPRESENTATION('',(#1378),#1382);
#1378 = LINE('',#1379,#1380);
#1379 = CARTESIAN_POINT('',(0.,0.));
#1380 = VECTOR('',#1381,1.);
#1381 = DIRECTION('',(1.,2.598852441411E-113));
#1382 = ( GEOMETRIC_REPRESENTATION_CONTEXT(2) 
PARAMETRIC_REPRESENTATION_CONTEXT() REPRESENTATION_CONTEXT('2D SPACE',''
  ) );
#1383 = ORIENTED_EDGE('',*,*,#1384,.T.);
#1384 = EDGE_CURVE('',#1362,#1385,#1387,.T.);
#1385 = VERTEX_POINT('',#1386);
#1386 = CARTESIAN_POINT('',(-22.65,-3.,35.6));
#1387 = SURFACE_CURVE('',#1388,(#1392,#1399),.PCURVE_S1.);
#1388 = LINE('',#1389,#1390);
#1389 = CARTESIAN_POINT('',(-22.65,-3.,36.6));
#1390 = VECTOR('',#1391,1.);
#1391 = DIRECTION('',(0.,-2.22044604925E-16,-1.));
#1392 = PCURVE('',#72,#1393);
#1393 = DEFINITIONAL_REPRESENTATION('',(#1394),#1398);
#1394 = LINE('',#1395,#1396);
#1395 = CARTESIAN_POINT('',(17.3,-22.65));
#1396 = VECTOR('',#1397,1.);
#1397 = DIRECTION('',(-1.,1.154122327223E-128));
#1398 = ( GEOMETRIC_REPRESENTATION_CONTEXT(2) 
PARAMETRIC_REPRESENTATION_CONTEXT() REPRESENTATION_CONTEXT('2D SPACE',''
  ) );
#1399 = PCURVE('',#492,#1400);
#1400 = DEFINITIONAL_REPRESENTATION('',(#1401),#1405);
#1401 = LINE('',#1402,#1403);
#1402 = CARTESIAN_POINT('',(0.,0.));
#1403 = VECTOR('',#1404,1.);
#1404 = DIRECTION('',(1.,0.));
#1405 = ( GEOMETRIC_REPRESENTATION_CONTEXT(2) 
PARAMETRIC_REPRESENTATION_CONTEXT() REPRESENTATION_CONTEXT('2D SPACE',''
  ) );
#1406 = ORIENTED_EDGE('',*,*,#1407,.T.);
#1407 = EDGE_CURVE('',#1385,#1408,#1410,.T.);
#1408 = VERTEX_POINT('',#1409);
#1409 = CARTESIAN_POINT('',(-20.65,-3.,35.6));
#1410 = SURFACE_CURVE('',#1411,(#1415,#1422),.PCURVE_S1.);
#1411 = LINE('',#1412,#1413);
#1412 = CARTESIAN_POINT('',(-22.65,-3.,35.6));
#1413 = VECTOR('',#1414,1.);
#1414 = DIRECTION('',(1.,2.254526039504E-97,-5.197704882822E-113));
#1415 = PCURVE('',#72,#1416);
#1416 = DEFINITIONAL_REPRESENTATION('',(#1417),#1421);
#1417 = LINE('',#1418,#1419);
#1418 = CARTESIAN_POINT('',(16.3,-22.65));
#1419 = VECTOR('',#1420,1.);
#1420 = DIRECTION('',(1.11156715773E-128,1.));
#1421 = ( GEOMETRIC_REPRESENTATION_CONTEXT(2) 
PARAMETRIC_REPRESENTATION_CONTEXT() REPRESENTATION_CONTEXT('2D SPACE',''
  ) );
#1422 = PCURVE('',#520,#1423);
#1423 = DEFINITIONAL_REPRESENTATION('',(#1424),#1428);
#1424 = LINE('',#1425,#1426);
#1425 = CARTESIAN_POINT('',(-3.552713678801E-15,-4.440892098501E-16));
#1426 = VECTOR('',#1427,1.);
#1427 = DIRECTION('',(1.,-2.598852441411E-113));
#1428 = ( GEOMETRIC_REPRESENTATION_CONTEXT(2) 
PARAMETRIC_REPRESENTATION_CONTEXT() REPRESENTATION_CONTEXT('2D SPACE',''
  ) );
#1429 = ORIENTED_EDGE('',*,*,#1430,.T.);
#1430 = EDGE_CURVE('',#1408,#1431,#1433,.T.);
#1431 = VERTEX_POINT('',#1432);
#1432 = CARTESIAN_POINT('',(-20.65,-3.,38.6));
#1433 = SURFACE_CURVE('',#1434,(#1438,#1445),.PCURVE_S1.);
#1434 = LINE('',#1435,#1436);
#1435 = CARTESIAN_POINT('',(-20.65,-3.,35.6));
#1436 = VECTOR('',#1437,1.);
#1437 = DIRECTION('',(0.,2.22044604925E-16,1.));
#1438 = PCURVE('',#72,#1439);
#1439 = DEFINITIONAL_REPRESENTATION('',(#1440),#1444);
#1440 = LINE('',#1441,#1442);
#1441 = CARTESIAN_POINT('',(16.3,-20.65));
#1442 = VECTOR('',#1443,1.);
#1443 = DIRECTION('',(1.,-1.154122327223E-128));
#1444 = ( GEOMETRIC_REPRESENTATION_CONTEXT(2) 
PARAMETRIC_REPRESENTATION_CONTEXT() REPRESENTATION_CONTEXT('2D SPACE',''
  ) );
#1445 = PCURVE('',#548,#1446);
#1446 = DEFINITIONAL_REPRESENTATION('',(#1447),#1451);
#1447 = LINE('',#1448,#1449);
#1448 = CARTESIAN_POINT('',(9.860761315263E-32,-4.440892098501E-16));
#1449 = VECTOR('',#1450,1.);
#1450 = DIRECTION('',(1.,0.));
#1451 = ( GEOMETRIC_REPRESENTATION_CONTEXT(2) 
PARAMETRIC_REPRESENTATION_CONTEXT() REPRESENTATION_CONTEXT('2D SPACE',''
  ) );
#1452 = ORIENTED_EDGE('',*,*,#1453,.F.);
#1453 = EDGE_CURVE('',#1454,#1431,#1456,.T.);
#1454 = VERTEX_POINT('',#1455);
#1455 = CARTESIAN_POINT('',(-7.55,-3.,38.6));
#1456 = SURFACE_CURVE('',#1457,(#1461,#1468),.PCURVE_S1.);
#1457 = LINE('',#1458,#1459);
#1458 = CARTESIAN_POINT('',(27.55,-3.,38.6));
#1459 = VECTOR('',#1460,1.);
#1460 = DIRECTION('',(-1.,0.,0.));
#1461 = PCURVE('',#72,#1462);
#1462 = DEFINITIONAL_REPRESENTATION('',(#1463),#1467);
#1463 = LINE('',#1464,#1465);
#1464 = CARTESIAN_POINT('',(19.3,27.55));
#1465 = VECTOR('',#1466,1.);
#1466 = DIRECTION('',(0.,-1.));
#1467 = ( GEOMETRIC_REPRESENTATION_CONTEXT(2) 
PARAMETRIC_REPRESENTATION_CONTEXT() REPRESENTATION_CONTEXT('2D SPACE',''
  ) );
#1468 = PCURVE('',#576,#1469);
#1469 = DEFINITIONAL_REPRESENTATION('',(#1470),#1474);
#1470 = LINE('',#1471,#1472);
#1471 = CARTESIAN_POINT('',(0.,-3.));
#1472 = VECTOR('',#1473,1.);
#1473 = DIRECTION('',(1.,0.));
#1474 = ( GEOMETRIC_REPRESENTATION_CONTEXT(2) 
PARAMETRIC_REPRESENTATION_CONTEXT() REPRESENTATION_CONTEXT('2D SPACE',''
  ) );
#1475 = ORIENTED_EDGE('',*,*,#1476,.T.);
#1476 = EDGE_CURVE('',#1454,#1477,#1479,.T.);
#1477 = VERTEX_POINT('',#1478);
#1478 = CARTESIAN_POINT('',(-7.55,-3.,36.6));
#1479 = SURFACE_CURVE('',#1480,(#1484,#1491),.PCURVE_S1.);
#1480 = LINE('',#1481,#1482);
#1481 = CARTESIAN_POINT('',(-7.55,-3.,38.6));
#1482 = VECTOR('',#1483,1.);
#1483 = DIRECTION('',(0.,-2.22044604925E-16,-1.));
#1484 = PCURVE('',#72,#1485);
#1485 = DEFINITIONAL_REPRESENTATION('',(#1486),#1490);
#1486 = LINE('',#1487,#1488);
#1487 = CARTESIAN_POINT('',(19.3,-7.55));
#1488 = VECTOR('',#1489,1.);
#1489 = DIRECTION('',(-1.,1.154122327223E-128));
#1490 = ( GEOMETRIC_REPRESENTATION_CONTEXT(2) 
PARAMETRIC_REPRESENTATION_CONTEXT() REPRESENTATION_CONTEXT('2D SPACE',''
  ) );
#1491 = PCURVE('',#604,#1492);
#1492 = DEFINITIONAL_REPRESENTATION('',(#1493),#1497);
#1493 = LINE('',#1494,#1495);
#1494 = CARTESIAN_POINT('',(9.860761315263E-32,4.440892098501E-16));
#1495 = VECTOR('',#1496,1.);
#1496 = DIRECTION('',(1.,0.));
#1497 = ( GEOMETRIC_REPRESENTATION_CONTEXT(2) 
PARAMETRIC_REPRESENTATION_CONTEXT() REPRESENTATION_CONTEXT('2D SPACE',''
  ) );
#1498 = ORIENTED_EDGE('',*,*,#1499,.T.);
#1499 = EDGE_CURVE('',#1477,#1500,#1502,.T.);
#1500 = VERTEX_POINT('',#1501);
#1501 = CARTESIAN_POINT('',(-8.55,-3.,36.6));
#1502 = SURFACE_CURVE('',#1503,(#1507,#1514),.PCURVE_S1.);
#1503 = LINE('',#1504,#1505);
#1504 = CARTESIAN_POINT('',(-7.55,-3.,36.6));
#1505 = VECTOR('',#1506,1.);
#1506 = DIRECTION('',(-1.,-2.254526039504E-97,5.197704882822E-113));
#1507 = PCURVE('',#72,#1508);
#1508 = DEFINITIONAL_REPRESENTATION('',(#1509),#1513);
#1509 = LINE('',#1510,#1511);
#1510 = CARTESIAN_POINT('',(17.3,-7.55));
#1511 = VECTOR('',#1512,1.);
#1512 = DIRECTION('',(-1.11156715773E-128,-1.));
#1513 = ( GEOMETRIC_REPRESENTATION_CONTEXT(2) 
PARAMETRIC_REPRESENTATION_CONTEXT() REPRESENTATION_CONTEXT('2D SPACE',''
  ) );
#1514 = PCURVE('',#632,#1515);
#1515 = DEFINITIONAL_REPRESENTATION('',(#1516),#1520);
#1516 = LINE('',#1517,#1518);
#1517 = CARTESIAN_POINT('',(3.552713678801E-15,-8.009685499757E-112));
#1518 = VECTOR('',#1519,1.);
#1519 = DIRECTION('',(1.,2.598852441411E-113));
#1520 = ( GEOMETRIC_REPRESENTATION_CONTEXT(2) 
PARAMETRIC_REPRESENTATION_CONTEXT() REPRESENTATION_CONTEXT('2D SPACE',''
  ) );
#1521 = ORIENTED_EDGE('',*,*,#1522,.T.);
#1522 = EDGE_CURVE('',#1500,#1523,#1525,.T.);
#1523 = VERTEX_POINT('',#1524);
#1524 = CARTESIAN_POINT('',(-8.55,-3.,35.6));
#1525 = SURFACE_CURVE('',#1526,(#1530,#1537),.PCURVE_S1.);
#1526 = LINE('',#1527,#1528);
#1527 = CARTESIAN_POINT('',(-8.55,-3.,36.6));
#1528 = VECTOR('',#1529,1.);
#1529 = DIRECTION('',(0.,-2.22044604925E-16,-1.));
#1530 = PCURVE('',#72,#1531);
#1531 = DEFINITIONAL_REPRESENTATION('',(#1532),#1536);
#1532 = LINE('',#1533,#1534);
#1533 = CARTESIAN_POINT('',(17.3,-8.55));
#1534 = VECTOR('',#1535,1.);
#1535 = DIRECTION('',(-1.,1.154122327223E-128));
#1536 = ( GEOMETRIC_REPRESENTATION_CONTEXT(2) 
PARAMETRIC_REPRESENTATION_CONTEXT() REPRESENTATION_CONTEXT('2D SPACE',''
  ) );
#1537 = PCURVE('',#660,#1538);
#1538 = DEFINITIONAL_REPRESENTATION('',(#1539),#1543);
#1539 = LINE('',#1540,#1541);
#1540 = CARTESIAN_POINT('',(0.,0.));
#1541 = VECTOR('',#1542,1.);
#1542 = DIRECTION('',(1.,4.930380657631E-32));
#1543 = ( GEOMETRIC_REPRESENTATION_CONTEXT(2) 
PARAMETRIC_REPRESENTATION_CONTEXT() REPRESENTATION_CONTEXT('2D SPACE',''
  ) );
#1544 = ORIENTED_EDGE('',*,*,#1545,.T.);
#1545 = EDGE_CURVE('',#1523,#1546,#1548,.T.);
#1546 = VERTEX_POINT('',#1547);
#1547 = CARTESIAN_POINT('',(-7.55,-3.,35.6));
#1548 = SURFACE_CURVE('',#1549,(#1553,#1560),.PCURVE_S1.);
#1549 = LINE('',#1550,#1551);
#1550 = CARTESIAN_POINT('',(-8.55,-3.,35.6));
#1551 = VECTOR('',#1552,1.);
#1552 = DIRECTION('',(1.,2.254526039504E-97,-5.197704882822E-113));
#1553 = PCURVE('',#72,#1554);
#1554 = DEFINITIONAL_REPRESENTATION('',(#1555),#1559);
#1555 = LINE('',#1556,#1557);
#1556 = CARTESIAN_POINT('',(16.3,-8.55));
#1557 = VECTOR('',#1558,1.);
#1558 = DIRECTION('',(1.11156715773E-128,1.));
#1559 = ( GEOMETRIC_REPRESENTATION_CONTEXT(2) 
PARAMETRIC_REPRESENTATION_CONTEXT() REPRESENTATION_CONTEXT('2D SPACE',''
  ) );
#1560 = PCURVE('',#688,#1561);
#1561 = DEFINITIONAL_REPRESENTATION('',(#1562),#1566);
#1562 = LINE('',#1563,#1564);
#1563 = CARTESIAN_POINT('',(-3.552713678801E-15,-4.440892098501E-16));
#1564 = VECTOR('',#1565,1.);
#1565 = DIRECTION('',(1.,-2.598852441411E-113));
#1566 = ( GEOMETRIC_REPRESENTATION_CONTEXT(2) 
PARAMETRIC_REPRESENTATION_CONTEXT() REPRESENTATION_CONTEXT('2D SPACE',''
  ) );
#1567 = ORIENTED_EDGE('',*,*,#1568,.T.);
#1568 = EDGE_CURVE('',#1546,#1569,#1571,.T.);
#1569 = VERTEX_POINT('',#1570);
#1570 = CARTESIAN_POINT('',(-6.55,-3.,35.6));
#1571 = SURFACE_CURVE('',#1572,(#1576,#1583),.PCURVE_S1.);
#1572 = LINE('',#1573,#1574);
#1573 = CARTESIAN_POINT('',(-7.55,-3.,35.6));
#1574 = VECTOR('',#1575,1.);
#1575 = DIRECTION('',(1.,2.254526039504E-97,-5.197704882822E-113));
#1576 = PCURVE('',#72,#1577);
#1577 = DEFINITIONAL_REPRESENTATION('',(#1578),#1582);
#1578 = LINE('',#1579,#1580);
#1579 = CARTESIAN_POINT('',(16.3,-7.55));
#1580 = VECTOR('',#1581,1.);
#1581 = DIRECTION('',(1.11156715773E-128,1.));
#1582 = ( GEOMETRIC_REPRESENTATION_CONTEXT(2) 
PARAMETRIC_REPRESENTATION_CONTEXT() REPRESENTATION_CONTEXT('2D SPACE',''
  ) );
#1583 = PCURVE('',#716,#1584);
#1584 = DEFINITIONAL_REPRESENTATION('',(#1585),#1589);
#1585 = LINE('',#1586,#1587);
#1586 = CARTESIAN_POINT('',(1.7763568394E-15,-4.440892098501E-16));
#1587 = VECTOR('',#1588,1.);
#1588 = DIRECTION('',(1.,-2.598852441411E-113));
#1589 = ( GEOMETRIC_REPRESENTATION_CONTEXT(2) 
PARAMETRIC_REPRESENTATION_CONTEXT() REPRESENTATION_CONTEXT('2D SPACE',''
  ) );
#1590 = ORIENTED_EDGE('',*,*,#1591,.T.);
#1591 = EDGE_CURVE('',#1569,#1592,#1594,.T.);
#1592 = VERTEX_POINT('',#1593);
#1593 = CARTESIAN_POINT('',(-5.55,-3.,35.6));
#1594 = SURFACE_CURVE('',#1595,(#1599,#1606),.PCURVE_S1.);
#1595 = LINE('',#1596,#1597);
#1596 = CARTESIAN_POINT('',(-7.55,-3.,35.6));
#1597 = VECTOR('',#1598,1.);
#1598 = DIRECTION('',(1.,2.254526039504E-97,-5.197704882822E-113));
#1599 = PCURVE('',#72,#1600);
#1600 = DEFINITIONAL_REPRESENTATION('',(#1601),#1605);
#1601 = LINE('',#1602,#1603);
#1602 = CARTESIAN_POINT('',(16.3,-7.55));
#1603 = VECTOR('',#1604,1.);
#1604 = DIRECTION('',(1.11156715773E-128,1.));
#1605 = ( GEOMETRIC_REPRESENTATION_CONTEXT(2) 
PARAMETRIC_REPRESENTATION_CONTEXT() REPRESENTATION_CONTEXT('2D SPACE',''
  ) );
#1606 = PCURVE('',#744,#1607);
#1607 = DEFINITIONAL_REPRESENTATION('',(#1608),#1612);
#1608 = LINE('',#1609,#1610);
#1609 = CARTESIAN_POINT('',(1.7763568394E-15,-4.440892098501E-16));
#1610 = VECTOR('',#1611,1.);
#1611 = DIRECTION('',(1.,-2.598852441411E-113));
#1612 = ( GEOMETRIC_REPRESENTATION_CONTEXT(2) 
PARAMETRIC_REPRESENTATION_CONTEXT() REPRESENTATION_CONTEXT('2D SPACE',''
  ) );
#1613 = ORIENTED_EDGE('',*,*,#1614,.T.);
#1614 = EDGE_CURVE('',#1592,#1615,#1617,.T.);
#1615 = VERTEX_POINT('',#1616);
#1616 = CARTESIAN_POINT('',(-5.55,-3.,36.6));
#1617 = SURFACE_CURVE('',#1618,(#1622,#1629),.PCURVE_S1.);
#1618 = LINE('',#1619,#1620);
#1619 = CARTESIAN_POINT('',(-5.55,-3.,35.6));
#1620 = VECTOR('',#1621,1.);
#1621 = DIRECTION('',(0.,2.22044604925E-16,1.));
#1622 = PCURVE('',#72,#1623);
#1623 = DEFINITIONAL_REPRESENTATION('',(#1624),#1628);
#1624 = LINE('',#1625,#1626);
#1625 = CARTESIAN_POINT('',(16.3,-5.55));
#1626 = VECTOR('',#1627,1.);
#1627 = DIRECTION('',(1.,-1.154122327223E-128));
#1628 = ( GEOMETRIC_REPRESENTATION_CONTEXT(2) 
PARAMETRIC_REPRESENTATION_CONTEXT() REPRESENTATION_CONTEXT('2D SPACE',''
  ) );
#1629 = PCURVE('',#772,#1630);
#1630 = DEFINITIONAL_REPRESENTATION('',(#1631),#1635);
#1631 = LINE('',#1632,#1633);
#1632 = CARTESIAN_POINT('',(9.860761315263E-32,-4.440892098501E-16));
#1633 = VECTOR('',#1634,1.);
#1634 = DIRECTION('',(1.,0.));
#1635 = ( GEOMETRIC_REPRESENTATION_CONTEXT(2) 
PARAMETRIC_REPRESENTATION_CONTEXT() REPRESENTATION_CONTEXT('2D SPACE',''
  ) );
#1636 = ORIENTED_EDGE('',*,*,#1637,.T.);
#1637 = EDGE_CURVE('',#1615,#1638,#1640,.T.);
#1638 = VERTEX_POINT('',#1639);
#1639 = CARTESIAN_POINT('',(-6.55,-3.,36.6));
#1640 = SURFACE_CURVE('',#1641,(#1645,#1652),.PCURVE_S1.);
#1641 = LINE('',#1642,#1643);
#1642 = CARTESIAN_POINT('',(-5.55,-3.,36.6));
#1643 = VECTOR('',#1644,1.);
#1644 = DIRECTION('',(-1.,-2.254526039504E-97,5.197704882822E-113));
#1645 = PCURVE('',#72,#1646);
#1646 = DEFINITIONAL_REPRESENTATION('',(#1647),#1651);
#1647 = LINE('',#1648,#1649);
#1648 = CARTESIAN_POINT('',(17.3,-5.55));
#1649 = VECTOR('',#1650,1.);
#1650 = DIRECTION('',(-1.11156715773E-128,-1.));
#1651 = ( GEOMETRIC_REPRESENTATION_CONTEXT(2) 
PARAMETRIC_REPRESENTATION_CONTEXT() REPRESENTATION_CONTEXT('2D SPACE',''
  ) );
#1652 = PCURVE('',#800,#1653);
#1653 = DEFINITIONAL_REPRESENTATION('',(#1654),#1658);
#1654 = LINE('',#1655,#1656);
#1655 = CARTESIAN_POINT('',(-8.881784197001E-16,2.002421374939E-112));
#1656 = VECTOR('',#1657,1.);
#1657 = DIRECTION('',(1.,2.598852441411E-113));
#1658 = ( GEOMETRIC_REPRESENTATION_CONTEXT(2) 
PARAMETRIC_REPRESENTATION_CONTEXT() REPRESENTATION_CONTEXT('2D SPACE',''
  ) );
#1659 = ORIENTED_EDGE('',*,*,#1660,.T.);
#1660 = EDGE_CURVE('',#1638,#1661,#1663,.T.);
#1661 = VERTEX_POINT('',#1662);
#1662 = CARTESIAN_POINT('',(-6.55,-3.,38.6));
#1663 = SURFACE_CURVE('',#1664,(#1668,#1675),.PCURVE_S1.);
#1664 = LINE('',#1665,#1666);
#1665 = CARTESIAN_POINT('',(-6.55,-3.,36.6));
#1666 = VECTOR('',#1667,1.);
#1667 = DIRECTION('',(0.,2.22044604925E-16,1.));
#1668 = PCURVE('',#72,#1669);
#1669 = DEFINITIONAL_REPRESENTATION('',(#1670),#1674);
#1670 = LINE('',#1671,#1672);
#1671 = CARTESIAN_POINT('',(17.3,-6.55));
#1672 = VECTOR('',#1673,1.);
#1673 = DIRECTION('',(1.,-1.154122327223E-128));
#1674 = ( GEOMETRIC_REPRESENTATION_CONTEXT(2) 
PARAMETRIC_REPRESENTATION_CONTEXT() REPRESENTATION_CONTEXT('2D SPACE',''
  ) );
#1675 = PCURVE('',#828,#1676);
#1676 = DEFINITIONAL_REPRESENTATION('',(#1677),#1681);
#1677 = LINE('',#1678,#1679);
#1678 = CARTESIAN_POINT('',(0.,0.));
#1679 = VECTOR('',#1680,1.);
#1680 = DIRECTION('',(1.,0.));
#1681 = ( GEOMETRIC_REPRESENTATION_CONTEXT(2) 
PARAMETRIC_REPRESENTATION_CONTEXT() REPRESENTATION_CONTEXT('2D SPACE',''
  ) );
#1682 = ORIENTED_EDGE('',*,*,#1683,.F.);
#1683 = EDGE_CURVE('',#1684,#1661,#1686,.T.);
#1684 = VERTEX_POINT('',#1685);
#1685 = CARTESIAN_POINT('',(6.55,-3.,38.6));
#1686 = SURFACE_CURVE('',#1687,(#1691,#1698),.PCURVE_S1.);
#1687 = LINE('',#1688,#1689);
#1688 = CARTESIAN_POINT('',(27.55,-3.,38.6));
#1689 = VECTOR('',#1690,1.);
#1690 = DIRECTION('',(-1.,0.,0.));
#1691 = PCURVE('',#72,#1692);
#1692 = DEFINITIONAL_REPRESENTATION('',(#1693),#1697);
#1693 = LINE('',#1694,#1695);
#1694 = CARTESIAN_POINT('',(19.3,27.55));
#1695 = VECTOR('',#1696,1.);
#1696 = DIRECTION('',(0.,-1.));
#1697 = ( GEOMETRIC_REPRESENTATION_CONTEXT(2) 
PARAMETRIC_REPRESENTATION_CONTEXT() REPRESENTATION_CONTEXT('2D SPACE',''
  ) );
#1698 = PCURVE('',#856,#1699);
#1699 = DEFINITIONAL_REPRESENTATION('',(#1700),#1704);
#1700 = LINE('',#1701,#1702);
#1701 = CARTESIAN_POINT('',(0.,-3.));
#1702 = VECTOR('',#1703,1.);
#1703 = DIRECTION('',(1.,0.));
#1704 = ( GEOMETRIC_REPRESENTATION_CONTEXT(2) 
PARAMETRIC_REPRESENTATION_CONTEXT() REPRESENTATION_CONTEXT('2D SPACE',''
  ) );
#1705 = ORIENTED_EDGE('',*,*,#1706,.T.);
#1706 = EDGE_CURVE('',#1684,#1707,#1709,.T.);
#1707 = VERTEX_POINT('',#1708);
#1708 = CARTESIAN_POINT('',(6.55,-3.,36.6));
#1709 = SURFACE_CURVE('',#1710,(#1714,#1721),.PCURVE_S1.);
#1710 = LINE('',#1711,#1712);
#1711 = CARTESIAN_POINT('',(6.55,-3.,38.6));
#1712 = VECTOR('',#1713,1.);
#1713 = DIRECTION('',(0.,-2.22044604925E-16,-1.));
#1714 = PCURVE('',#72,#1715);
#1715 = DEFINITIONAL_REPRESENTATION('',(#1716),#1720);
#1716 = LINE('',#1717,#1718);
#1717 = CARTESIAN_POINT('',(19.3,6.55));
#1718 = VECTOR('',#1719,1.);
#1719 = DIRECTION('',(-1.,1.154122327223E-128));
#1720 = ( GEOMETRIC_REPRESENTATION_CONTEXT(2) 
PARAMETRIC_REPRESENTATION_CONTEXT() REPRESENTATION_CONTEXT('2D SPACE',''
  ) );
#1721 = PCURVE('',#884,#1722);
#1722 = DEFINITIONAL_REPRESENTATION('',(#1723),#1727);
#1723 = LINE('',#1724,#1725);
#1724 = CARTESIAN_POINT('',(9.860761315263E-32,4.440892098501E-16));
#1725 = VECTOR('',#1726,1.);
#1726 = DIRECTION('',(1.,4.930380657631E-32));
#1727 = ( GEOMETRIC_REPRESENTATION_CONTEXT(2) 
PARAMETRIC_REPRESENTATION_CONTEXT() REPRESENTATION_CONTEXT('2D SPACE',''
  ) );
#1728 = ORIENTED_EDGE('',*,*,#1729,.T.);
#1729 = EDGE_CURVE('',#1707,#1730,#1732,.T.);
#1730 = VERTEX_POINT('',#1731);
#1731 = CARTESIAN_POINT('',(5.55,-3.,36.6));
#1732 = SURFACE_CURVE('',#1733,(#1737,#1744),.PCURVE_S1.);
#1733 = LINE('',#1734,#1735);
#1734 = CARTESIAN_POINT('',(6.55,-3.,36.6));
#1735 = VECTOR('',#1736,1.);
#1736 = DIRECTION('',(-1.,-2.254526039504E-97,5.197704882822E-113));
#1737 = PCURVE('',#72,#1738);
#1738 = DEFINITIONAL_REPRESENTATION('',(#1739),#1743);
#1739 = LINE('',#1740,#1741);
#1740 = CARTESIAN_POINT('',(17.3,6.55));
#1741 = VECTOR('',#1742,1.);
#1742 = DIRECTION('',(-1.11156715773E-128,-1.));
#1743 = ( GEOMETRIC_REPRESENTATION_CONTEXT(2) 
PARAMETRIC_REPRESENTATION_CONTEXT() REPRESENTATION_CONTEXT('2D SPACE',''
  ) );
#1744 = PCURVE('',#912,#1745);
#1745 = DEFINITIONAL_REPRESENTATION('',(#1746),#1750);
#1746 = LINE('',#1747,#1748);
#1747 = CARTESIAN_POINT('',(3.552713678801E-15,-8.009685499757E-112));
#1748 = VECTOR('',#1749,1.);
#1749 = DIRECTION('',(1.,2.598852441411E-113));
#1750 = ( GEOMETRIC_REPRESENTATION_CONTEXT(2) 
PARAMETRIC_REPRESENTATION_CONTEXT() REPRESENTATION_CONTEXT('2D SPACE',''
  ) );
#1751 = ORIENTED_EDGE('',*,*,#1752,.T.);
#1752 = EDGE_CURVE('',#1730,#1753,#1755,.T.);
#1753 = VERTEX_POINT('',#1754);
#1754 = CARTESIAN_POINT('',(5.55,-3.,35.6));
#1755 = SURFACE_CURVE('',#1756,(#1760,#1767),.PCURVE_S1.);
#1756 = LINE('',#1757,#1758);
#1757 = CARTESIAN_POINT('',(5.55,-3.,36.6));
#1758 = VECTOR('',#1759,1.);
#1759 = DIRECTION('',(0.,-2.22044604925E-16,-1.));
#1760 = PCURVE('',#72,#1761);
#1761 = DEFINITIONAL_REPRESENTATION('',(#1762),#1766);
#1762 = LINE('',#1763,#1764);
#1763 = CARTESIAN_POINT('',(17.3,5.55));
#1764 = VECTOR('',#1765,1.);
#1765 = DIRECTION('',(-1.,1.154122327223E-128));
#1766 = ( GEOMETRIC_REPRESENTATION_CONTEXT(2) 
PARAMETRIC_REPRESENTATION_CONTEXT() REPRESENTATION_CONTEXT('2D SPACE',''
  ) );
#1767 = PCURVE('',#940,#1768);
#1768 = DEFINITIONAL_REPRESENTATION('',(#1769),#1773);
#1769 = LINE('',#1770,#1771);
#1770 = CARTESIAN_POINT('',(0.,0.));
#1771 = VECTOR('',#1772,1.);
#1772 = DIRECTION('',(1.,4.930380657631E-32));
#1773 = ( GEOMETRIC_REPRESENTATION_CONTEXT(2) 
PARAMETRIC_REPRESENTATION_CONTEXT() REPRESENTATION_CONTEXT('2D SPACE',''
  ) );
#1774 = ORIENTED_EDGE('',*,*,#1775,.T.);
#1775 = EDGE_CURVE('',#1753,#1776,#1778,.T.);
#1776 = VERTEX_POINT('',#1777);
#1777 = CARTESIAN_POINT('',(6.55,-3.,35.6));
#1778 = SURFACE_CURVE('',#1779,(#1783,#1790),.PCURVE_S1.);
#1779 = LINE('',#1780,#1781);
#1780 = CARTESIAN_POINT('',(5.55,-3.,35.6));
#1781 = VECTOR('',#1782,1.);
#1782 = DIRECTION('',(1.,2.254526039504E-97,-5.197704882822E-113));
#1783 = PCURVE('',#72,#1784);
#1784 = DEFINITIONAL_REPRESENTATION('',(#1785),#1789);
#1785 = LINE('',#1786,#1787);
#1786 = CARTESIAN_POINT('',(16.3,5.55));
#1787 = VECTOR('',#1788,1.);
#1788 = DIRECTION('',(1.11156715773E-128,1.));
#1789 = ( GEOMETRIC_REPRESENTATION_CONTEXT(2) 
PARAMETRIC_REPRESENTATION_CONTEXT() REPRESENTATION_CONTEXT('2D SPACE',''
  ) );
#1790 = PCURVE('',#968,#1791);
#1791 = DEFINITIONAL_REPRESENTATION('',(#1792),#1796);
#1792 = LINE('',#1793,#1794);
#1793 = CARTESIAN_POINT('',(-3.552713678801E-15,-4.440892098501E-16));
#1794 = VECTOR('',#1795,1.);
#1795 = DIRECTION('',(1.,-2.598852441411E-113));
#1796 = ( GEOMETRIC_REPRESENTATION_CONTEXT(2) 
PARAMETRIC_REPRESENTATION_CONTEXT() REPRESENTATION_CONTEXT('2D SPACE',''
  ) );
#1797 = ORIENTED_EDGE('',*,*,#1798,.T.);
#1798 = EDGE_CURVE('',#1776,#1799,#1801,.T.);
#1799 = VERTEX_POINT('',#1800);
#1800 = CARTESIAN_POINT('',(7.55,-3.,35.6));
#1801 = SURFACE_CURVE('',#1802,(#1806,#1813),.PCURVE_S1.);
#1802 = LINE('',#1803,#1804);
#1803 = CARTESIAN_POINT('',(6.55,-3.,35.6));
#1804 = VECTOR('',#1805,1.);
#1805 = DIRECTION('',(1.,2.254526039504E-97,-5.197704882822E-113));
#1806 = PCURVE('',#72,#1807);
#1807 = DEFINITIONAL_REPRESENTATION('',(#1808),#1812);
#1808 = LINE('',#1809,#1810);
#1809 = CARTESIAN_POINT('',(16.3,6.55));
#1810 = VECTOR('',#1811,1.);
#1811 = DIRECTION('',(1.11156715773E-128,1.));
#1812 = ( GEOMETRIC_REPRESENTATION_CONTEXT(2) 
PARAMETRIC_REPRESENTATION_CONTEXT() REPRESENTATION_CONTEXT('2D SPACE',''
  ) );
#1813 = PCURVE('',#996,#1814);
#1814 = DEFINITIONAL_REPRESENTATION('',(#1815),#1819);
#1815 = LINE('',#1816,#1817);
#1816 = CARTESIAN_POINT('',(1.00121068747E-112,-4.440892098501E-16));
#1817 = VECTOR('',#1818,1.);
#1818 = DIRECTION('',(1.,-2.598852441411E-113));
#1819 = ( GEOMETRIC_REPRESENTATION_CONTEXT(2) 
PARAMETRIC_REPRESENTATION_CONTEXT() REPRESENTATION_CONTEXT('2D SPACE',''
  ) );
#1820 = ORIENTED_EDGE('',*,*,#1821,.T.);
#1821 = EDGE_CURVE('',#1799,#1822,#1824,.T.);
#1822 = VERTEX_POINT('',#1823);
#1823 = CARTESIAN_POINT('',(8.55,-3.,35.6));
#1824 = SURFACE_CURVE('',#1825,(#1829,#1836),.PCURVE_S1.);
#1825 = LINE('',#1826,#1827);
#1826 = CARTESIAN_POINT('',(6.55,-3.,35.6));
#1827 = VECTOR('',#1828,1.);
#1828 = DIRECTION('',(1.,2.254526039504E-97,-5.197704882822E-113));
#1829 = PCURVE('',#72,#1830);
#1830 = DEFINITIONAL_REPRESENTATION('',(#1831),#1835);
#1831 = LINE('',#1832,#1833);
#1832 = CARTESIAN_POINT('',(16.3,6.55));
#1833 = VECTOR('',#1834,1.);
#1834 = DIRECTION('',(1.11156715773E-128,1.));
#1835 = ( GEOMETRIC_REPRESENTATION_CONTEXT(2) 
PARAMETRIC_REPRESENTATION_CONTEXT() REPRESENTATION_CONTEXT('2D SPACE',''
  ) );
#1836 = PCURVE('',#1024,#1837);
#1837 = DEFINITIONAL_REPRESENTATION('',(#1838),#1842);
#1838 = LINE('',#1839,#1840);
#1839 = CARTESIAN_POINT('',(1.00121068747E-112,-4.440892098501E-16));
#1840 = VECTOR('',#1841,1.);
#1841 = DIRECTION('',(1.,-2.598852441411E-113));
#1842 = ( GEOMETRIC_REPRESENTATION_CONTEXT(2) 
PARAMETRIC_REPRESENTATION_CONTEXT() REPRESENTATION_CONTEXT('2D SPACE',''
  ) );
#1843 = ORIENTED_EDGE('',*,*,#1844,.T.);
#1844 = EDGE_CURVE('',#1822,#1845,#1847,.T.);
#1845 = VERTEX_POINT('',#1846);
#1846 = CARTESIAN_POINT('',(8.55,-3.,36.6));
#1847 = SURFACE_CURVE('',#1848,(#1852,#1859),.PCURVE_S1.);
#1848 = LINE('',#1849,#1850);
#1849 = CARTESIAN_POINT('',(8.55,-3.,35.6));
#1850 = VECTOR('',#1851,1.);
#1851 = DIRECTION('',(0.,2.22044604925E-16,1.));
#1852 = PCURVE('',#72,#1853);
#1853 = DEFINITIONAL_REPRESENTATION('',(#1854),#1858);
#1854 = LINE('',#1855,#1856);
#1855 = CARTESIAN_POINT('',(16.3,8.55));
#1856 = VECTOR('',#1857,1.);
#1857 = DIRECTION('',(1.,-1.154122327223E-128));
#1858 = ( GEOMETRIC_REPRESENTATION_CONTEXT(2) 
PARAMETRIC_REPRESENTATION_CONTEXT() REPRESENTATION_CONTEXT('2D SPACE',''
  ) );
#1859 = PCURVE('',#1052,#1860);
#1860 = DEFINITIONAL_REPRESENTATION('',(#1861),#1865);
#1861 = LINE('',#1862,#1863);
#1862 = CARTESIAN_POINT('',(9.860761315263E-32,-4.440892098501E-16));
#1863 = VECTOR('',#1864,1.);
#1864 = DIRECTION('',(1.,-4.930380657631E-32));
#1865 = ( GEOMETRIC_REPRESENTATION_CONTEXT(2) 
PARAMETRIC_REPRESENTATION_CONTEXT() REPRESENTATION_CONTEXT('2D SPACE',''
  ) );
#1866 = ORIENTED_EDGE('',*,*,#1867,.T.);
#1867 = EDGE_CURVE('',#1845,#1868,#1870,.T.);
#1868 = VERTEX_POINT('',#1869);
#1869 = CARTESIAN_POINT('',(7.55,-3.,36.6));
#1870 = SURFACE_CURVE('',#1871,(#1875,#1882),.PCURVE_S1.);
#1871 = LINE('',#1872,#1873);
#1872 = CARTESIAN_POINT('',(8.55,-3.,36.6));
#1873 = VECTOR('',#1874,1.);
#1874 = DIRECTION('',(-1.,-2.254526039504E-97,5.197704882822E-113));
#1875 = PCURVE('',#72,#1876);
#1876 = DEFINITIONAL_REPRESENTATION('',(#1877),#1881);
#1877 = LINE('',#1878,#1879);
#1878 = CARTESIAN_POINT('',(17.3,8.55));
#1879 = VECTOR('',#1880,1.);
#1880 = DIRECTION('',(-1.11156715773E-128,-1.));
#1881 = ( GEOMETRIC_REPRESENTATION_CONTEXT(2) 
PARAMETRIC_REPRESENTATION_CONTEXT() REPRESENTATION_CONTEXT('2D SPACE',''
  ) );
#1882 = PCURVE('',#1080,#1883);
#1883 = DEFINITIONAL_REPRESENTATION('',(#1884),#1888);
#1884 = LINE('',#1885,#1886);
#1885 = CARTESIAN_POINT('',(8.881784197001E-16,-2.002421374939E-112));
#1886 = VECTOR('',#1887,1.);
#1887 = DIRECTION('',(1.,2.598852441411E-113));
#1888 = ( GEOMETRIC_REPRESENTATION_CONTEXT(2) 
PARAMETRIC_REPRESENTATION_CONTEXT() REPRESENTATION_CONTEXT('2D SPACE',''
  ) );
#1889 = ORIENTED_EDGE('',*,*,#1890,.T.);
#1890 = EDGE_CURVE('',#1868,#1891,#1893,.T.);
#1891 = VERTEX_POINT('',#1892);
#1892 = CARTESIAN_POINT('',(7.55,-3.,38.6));
#1893 = SURFACE_CURVE('',#1894,(#1898,#1905),.PCURVE_S1.);
#1894 = LINE('',#1895,#1896);
#1895 = CARTESIAN_POINT('',(7.55,-3.,36.6));
#1896 = VECTOR('',#1897,1.);
#1897 = DIRECTION('',(0.,2.22044604925E-16,1.));
#1898 = PCURVE('',#72,#1899);
#1899 = DEFINITIONAL_REPRESENTATION('',(#1900),#1904);
#1900 = LINE('',#1901,#1902);
#1901 = CARTESIAN_POINT('',(17.3,7.55));
#1902 = VECTOR('',#1903,1.);
#1903 = DIRECTION('',(1.,-1.154122327223E-128));
#1904 = ( GEOMETRIC_REPRESENTATION_CONTEXT(2) 
PARAMETRIC_REPRESENTATION_CONTEXT() REPRESENTATION_CONTEXT('2D SPACE',''
  ) );
#1905 = PCURVE('',#1108,#1906);
#1906 = DEFINITIONAL_REPRESENTATION('',(#1907),#1911);
#1907 = LINE('',#1908,#1909);
#1908 = CARTESIAN_POINT('',(0.,0.));
#1909 = VECTOR('',#1910,1.);
#1910 = DIRECTION('',(1.,-4.930380657631E-32));
#1911 = ( GEOMETRIC_REPRESENTATION_CONTEXT(2) 
PARAMETRIC_REPRESENTATION_CONTEXT() REPRESENTATION_CONTEXT('2D SPACE',''
  ) );
#1912 = ORIENTED_EDGE('',*,*,#1913,.F.);
#1913 = EDGE_CURVE('',#1914,#1891,#1916,.T.);
#1914 = VERTEX_POINT('',#1915);
#1915 = CARTESIAN_POINT('',(20.65,-3.,38.6));
#1916 = SURFACE_CURVE('',#1917,(#1921,#1928),.PCURVE_S1.);
#1917 = LINE('',#1918,#1919);
#1918 = CARTESIAN_POINT('',(27.55,-3.,38.6));
#1919 = VECTOR('',#1920,1.);
#1920 = DIRECTION('',(-1.,0.,0.));
#1921 = PCURVE('',#72,#1922);
#1922 = DEFINITIONAL_REPRESENTATION('',(#1923),#1927);
#1923 = LINE('',#1924,#1925);
#1924 = CARTESIAN_POINT('',(19.3,27.55));
#1925 = VECTOR('',#1926,1.);
#1926 = DIRECTION('',(0.,-1.));
#1927 = ( GEOMETRIC_REPRESENTATION_CONTEXT(2) 
PARAMETRIC_REPRESENTATION_CONTEXT() REPRESENTATION_CONTEXT('2D SPACE',''
  ) );
#1928 = PCURVE('',#1136,#1929);
#1929 = DEFINITIONAL_REPRESENTATION('',(#1930),#1934);
#1930 = LINE('',#1931,#1932);
#1931 = CARTESIAN_POINT('',(0.,-3.));
#1932 = VECTOR('',#1933,1.);
#1933 = DIRECTION('',(1.,0.));
#1934 = ( GEOMETRIC_REPRESENTATION_CONTEXT(2) 
PARAMETRIC_REPRESENTATION_CONTEXT() REPRESENTATION_CONTEXT('2D SPACE',''
  ) );
#1935 = ORIENTED_EDGE('',*,*,#1936,.T.);
#1936 = EDGE_CURVE('',#1914,#1937,#1939,.T.);
#1937 = VERTEX_POINT('',#1938);
#1938 = CARTESIAN_POINT('',(20.65,-3.,35.6));
#1939 = SURFACE_CURVE('',#1940,(#1944,#1951),.PCURVE_S1.);
#1940 = LINE('',#1941,#1942);
#1941 = CARTESIAN_POINT('',(20.65,-3.,38.6));
#1942 = VECTOR('',#1943,1.);
#1943 = DIRECTION('',(0.,-2.22044604925E-16,-1.));
#1944 = PCURVE('',#72,#1945);
#1945 = DEFINITIONAL_REPRESENTATION('',(#1946),#1950);
#1946 = LINE('',#1947,#1948);
#1947 = CARTESIAN_POINT('',(19.3,20.65));
#1948 = VECTOR('',#1949,1.);
#1949 = DIRECTION('',(-1.,1.154122327223E-128));
#1950 = ( GEOMETRIC_REPRESENTATION_CONTEXT(2) 
PARAMETRIC_REPRESENTATION_CONTEXT() REPRESENTATION_CONTEXT('2D SPACE',''
  ) );
#1951 = PCURVE('',#1164,#1952);
#1952 = DEFINITIONAL_REPRESENTATION('',(#1953),#1957);
#1953 = LINE('',#1954,#1955);
#1954 = CARTESIAN_POINT('',(9.860761315263E-32,4.440892098501E-16));
#1955 = VECTOR('',#1956,1.);
#1956 = DIRECTION('',(1.,4.930380657631E-32));
#1957 = ( GEOMETRIC_REPRESENTATION_CONTEXT(2) 
PARAMETRIC_REPRESENTATION_CONTEXT() REPRESENTATION_CONTEXT('2D SPACE',''
  ) );
#1958 = ORIENTED_EDGE('',*,*,#1959,.T.);
#1959 = EDGE_CURVE('',#1937,#1960,#1962,.T.);
#1960 = VERTEX_POINT('',#1961);
#1961 = CARTESIAN_POINT('',(22.65,-3.,35.6));
#1962 = SURFACE_CURVE('',#1963,(#1967,#1974),.PCURVE_S1.);
#1963 = LINE('',#1964,#1965);
#1964 = CARTESIAN_POINT('',(20.65,-3.,35.6));
#1965 = VECTOR('',#1966,1.);
#1966 = DIRECTION('',(1.,2.254526039504E-97,-5.197704882822E-113));
#1967 = PCURVE('',#72,#1968);
#1968 = DEFINITIONAL_REPRESENTATION('',(#1969),#1973);
#1969 = LINE('',#1970,#1971);
#1970 = CARTESIAN_POINT('',(16.3,20.65));
#1971 = VECTOR('',#1972,1.);
#1972 = DIRECTION('',(1.11156715773E-128,1.));
#1973 = ( GEOMETRIC_REPRESENTATION_CONTEXT(2) 
PARAMETRIC_REPRESENTATION_CONTEXT() REPRESENTATION_CONTEXT('2D SPACE',''
  ) );
#1974 = PCURVE('',#1192,#1975);
#1975 = DEFINITIONAL_REPRESENTATION('',(#1976),#1980);
#1976 = LINE('',#1977,#1978);
#1977 = CARTESIAN_POINT('',(1.00121068747E-112,-4.440892098501E-16));
#1978 = VECTOR('',#1979,1.);
#1979 = DIRECTION('',(1.,-2.598852441411E-113));
#1980 = ( GEOMETRIC_REPRESENTATION_CONTEXT(2) 
PARAMETRIC_REPRESENTATION_CONTEXT() REPRESENTATION_CONTEXT('2D SPACE',''
  ) );
#1981 = ORIENTED_EDGE('',*,*,#1982,.T.);
#1982 = EDGE_CURVE('',#1960,#1983,#1985,.T.);
#1983 = VERTEX_POINT('',#1984);
#1984 = CARTESIAN_POINT('',(22.65,-3.,36.6));
#1985 = SURFACE_CURVE('',#1986,(#1990,#1997),.PCURVE_S1.);
#1986 = LINE('',#1987,#1988);
#1987 = CARTESIAN_POINT('',(22.65,-3.,35.6));
#1988 = VECTOR('',#1989,1.);
#1989 = DIRECTION('',(0.,2.22044604925E-16,1.));
#1990 = PCURVE('',#72,#1991);
#1991 = DEFINITIONAL_REPRESENTATION('',(#1992),#1996);
#1992 = LINE('',#1993,#1994);
#1993 = CARTESIAN_POINT('',(16.3,22.65));
#1994 = VECTOR('',#1995,1.);
#1995 = DIRECTION('',(1.,-1.154122327223E-128));
#1996 = ( GEOMETRIC_REPRESENTATION_CONTEXT(2) 
PARAMETRIC_REPRESENTATION_CONTEXT() REPRESENTATION_CONTEXT('2D SPACE',''
  ) );
#1997 = PCURVE('',#1220,#1998);
#1998 = DEFINITIONAL_REPRESENTATION('',(#1999),#2003);
#1999 = LINE('',#2000,#2001);
#2000 = CARTESIAN_POINT('',(9.860761315263E-32,-4.440892098501E-16));
#2001 = VECTOR('',#2002,1.);
#2002 = DIRECTION('',(1.,-4.930380657631E-32));
#2003 = ( GEOMETRIC_REPRESENTATION_CONTEXT(2) 
PARAMETRIC_REPRESENTATION_CONTEXT() REPRESENTATION_CONTEXT('2D SPACE',''
  ) );
#2004 = ORIENTED_EDGE('',*,*,#2005,.T.);
#2005 = EDGE_CURVE('',#1983,#2006,#2008,.T.);
#2006 = VERTEX_POINT('',#2007);
#2007 = CARTESIAN_POINT('',(21.65,-3.,36.6));
#2008 = SURFACE_CURVE('',#2009,(#2013,#2020),.PCURVE_S1.);
#2009 = LINE('',#2010,#2011);
#2010 = CARTESIAN_POINT('',(22.65,-3.,36.6));
#2011 = VECTOR('',#2012,1.);
#2012 = DIRECTION('',(-1.,-2.254526039504E-97,5.197704882822E-113));
#2013 = PCURVE('',#72,#2014);
#2014 = DEFINITIONAL_REPRESENTATION('',(#2015),#2019);
#2015 = LINE('',#2016,#2017);
#2016 = CARTESIAN_POINT('',(17.3,22.65));
#2017 = VECTOR('',#2018,1.);
#2018 = DIRECTION('',(-1.11156715773E-128,-1.));
#2019 = ( GEOMETRIC_REPRESENTATION_CONTEXT(2) 
PARAMETRIC_REPRESENTATION_CONTEXT() REPRESENTATION_CONTEXT('2D SPACE',''
  ) );
#2020 = PCURVE('',#1248,#2021);
#2021 = DEFINITIONAL_REPRESENTATION('',(#2022),#2026);
#2022 = LINE('',#2023,#2024);
#2023 = CARTESIAN_POINT('',(8.881784197001E-16,-2.002421374939E-112));
#2024 = VECTOR('',#2025,1.);
#2025 = DIRECTION('',(1.,2.598852441411E-113));
#2026 = ( GEOMETRIC_REPRESENTATION_CONTEXT(2) 
PARAMETRIC_REPRESENTATION_CONTEXT() REPRESENTATION_CONTEXT('2D SPACE',''
  ) );
#2027 = ORIENTED_EDGE('',*,*,#2028,.T.);
#2028 = EDGE_CURVE('',#2006,#2029,#2031,.T.);
#2029 = VERTEX_POINT('',#2030);
#2030 = CARTESIAN_POINT('',(21.65,-3.,38.6));
#2031 = SURFACE_CURVE('',#2032,(#2036,#2043),.PCURVE_S1.);
#2032 = LINE('',#2033,#2034);
#2033 = CARTESIAN_POINT('',(21.65,-3.,36.6));
#2034 = VECTOR('',#2035,1.);
#2035 = DIRECTION('',(0.,2.22044604925E-16,1.));
#2036 = PCURVE('',#72,#2037);
#2037 = DEFINITIONAL_REPRESENTATION('',(#2038),#2042);
#2038 = LINE('',#2039,#2040);
#2039 = CARTESIAN_POINT('',(17.3,21.65));
#2040 = VECTOR('',#2041,1.);
#2041 = DIRECTION('',(1.,-1.154122327223E-128));
#2042 = ( GEOMETRIC_REPRESENTATION_CONTEXT(2) 
PARAMETRIC_REPRESENTATION_CONTEXT() REPRESENTATION_CONTEXT('2D SPACE',''
  ) );
#2043 = PCURVE('',#1276,#2044);
#2044 = DEFINITIONAL_REPRESENTATION('',(#2045),#2049);
#2045 = LINE('',#2046,#2047);
#2046 = CARTESIAN_POINT('',(0.,0.));
#2047 = VECTOR('',#2048,1.);
#2048 = DIRECTION('',(1.,-4.930380657631E-32));
#2049 = ( GEOMETRIC_REPRESENTATION_CONTEXT(2) 
PARAMETRIC_REPRESENTATION_CONTEXT() REPRESENTATION_CONTEXT('2D SPACE',''
  ) );
#2050 = ORIENTED_EDGE('',*,*,#2051,.F.);
#2051 = EDGE_CURVE('',#321,#2029,#2052,.T.);
#2052 = SURFACE_CURVE('',#2053,(#2057,#2064),.PCURVE_S1.);
#2053 = LINE('',#2054,#2055);
#2054 = CARTESIAN_POINT('',(27.55,-3.,38.6));
#2055 = VECTOR('',#2056,1.);
#2056 = DIRECTION('',(-1.,0.,0.));
#2057 = PCURVE('',#72,#2058);
#2058 = DEFINITIONAL_REPRESENTATION('',(#2059),#2063);
#2059 = LINE('',#2060,#2061);
#2060 = CARTESIAN_POINT('',(19.3,27.55));
#2061 = VECTOR('',#2062,1.);
#2062 = DIRECTION('',(0.,-1.));
#2063 = ( GEOMETRIC_REPRESENTATION_CONTEXT(2) 
PARAMETRIC_REPRESENTATION_CONTEXT() REPRESENTATION_CONTEXT('2D SPACE',''
  ) );
#2064 = PCURVE('',#359,#2065);
#2065 = DEFINITIONAL_REPRESENTATION('',(#2066),#2070);
#2066 = LINE('',#2067,#2068);
#2067 = CARTESIAN_POINT('',(0.,-3.));
#2068 = VECTOR('',#2069,1.);
#2069 = DIRECTION('',(1.,0.));
#2070 = ( GEOMETRIC_REPRESENTATION_CONTEXT(2) 
PARAMETRIC_REPRESENTATION_CONTEXT() REPRESENTATION_CONTEXT('2D SPACE',''
  ) );
#2071 = ORIENTED_EDGE('',*,*,#320,.F.);
#2072 = ORIENTED_EDGE('',*,*,#163,.F.);
#2073 = ORIENTED_EDGE('',*,*,#2074,.F.);
#2074 = EDGE_CURVE('',#2075,#136,#2077,.T.);
#2075 = VERTEX_POINT('',#2076);
#2076 = CARTESIAN_POINT('',(23.05,-3.,5.));
#2077 = SURFACE_CURVE('',#2078,(#2082,#2089),.PCURVE_S1.);
#2078 = LINE('',#2079,#2080);
#2079 = CARTESIAN_POINT('',(23.05,-3.,5.));
#2080 = VECTOR('',#2081,1.);
#2081 = DIRECTION('',(0.,-2.22044604925E-16,-1.));
#2082 = PCURVE('',#72,#2083);
#2083 = DEFINITIONAL_REPRESENTATION('',(#2084),#2088);
#2084 = LINE('',#2085,#2086);
#2085 = CARTESIAN_POINT('',(-14.3,23.05));
#2086 = VECTOR('',#2087,1.);
#2087 = DIRECTION('',(-1.,3.377256642682E-128));
#2088 = ( GEOMETRIC_REPRESENTATION_CONTEXT(2) 
PARAMETRIC_REPRESENTATION_CONTEXT() REPRESENTATION_CONTEXT('2D SPACE',''
  ) );
#2089 = PCURVE('',#2090,#2095);
#2090 = PLANE('',#2091);
#2091 = AXIS2_PLACEMENT_3D('',#2092,#2093,#2094);
#2092 = CARTESIAN_POINT('',(23.05,-3.,5.));
#2093 = DIRECTION('',(1.,2.254526039504E-97,-3.898278662117E-113));
#2094 = DIRECTION('',(1.107774775231E-113,-2.22044604925E-16,-1.));
#2095 = DEFINITIONAL_REPRESENTATION('',(#2096),#2100);
#2096 = LINE('',#2097,#2098);
#2097 = CARTESIAN_POINT('',(-9.860761315263E-32,4.440892098501E-16));
#2098 = VECTOR('',#2099,1.);
#2099 = DIRECTION('',(1.,0.));
#2100 = ( GEOMETRIC_REPRESENTATION_CONTEXT(2) 
PARAMETRIC_REPRESENTATION_CONTEXT() REPRESENTATION_CONTEXT('2D SPACE',''
  ) );
#2101 = ORIENTED_EDGE('',*,*,#2102,.F.);
#2102 = EDGE_CURVE('',#2103,#2075,#2105,.T.);
#2103 = VERTEX_POINT('',#2104);
#2104 = CARTESIAN_POINT('',(18.05,-3.,5.));
#2105 = SURFACE_CURVE('',#2106,(#2110,#2117),.PCURVE_S1.);
#2106 = LINE('',#2107,#2108);
#2107 = CARTESIAN_POINT('',(18.05,-3.,5.));
#2108 = VECTOR('',#2109,1.);
#2109 = DIRECTION('',(1.,2.254526039504E-97,-5.197704882822E-113));
#2110 = PCURVE('',#72,#2111);
#2111 = DEFINITIONAL_REPRESENTATION('',(#2112),#2116);
#2112 = LINE('',#2113,#2114);
#2113 = CARTESIAN_POINT('',(-14.3,18.05));
#2114 = VECTOR('',#2115,1.);
#2115 = DIRECTION('',(1.11156715773E-128,1.));
#2116 = ( GEOMETRIC_REPRESENTATION_CONTEXT(2) 
PARAMETRIC_REPRESENTATION_CONTEXT() REPRESENTATION_CONTEXT('2D SPACE',''
  ) );
#2117 = PCURVE('',#2118,#2123);
#2118 = PLANE('',#2119);
#2119 = AXIS2_PLACEMENT_3D('',#2120,#2121,#2122);
#2120 = CARTESIAN_POINT('',(18.05,-3.,5.));
#2121 = DIRECTION('',(-1.107774775231E-113,2.22044604925E-16,1.));
#2122 = DIRECTION('',(1.,2.254526039504E-97,-3.898278662117E-113));
#2123 = DEFINITIONAL_REPRESENTATION('',(#2124),#2128);
#2124 = LINE('',#2125,#2126);
#2125 = CARTESIAN_POINT('',(1.00121068747E-112,4.440892098501E-16));
#2126 = VECTOR('',#2127,1.);
#2127 = DIRECTION('',(1.,2.598852441411E-113));
#2128 = ( GEOMETRIC_REPRESENTATION_CONTEXT(2) 
PARAMETRIC_REPRESENTATION_CONTEXT() REPRESENTATION_CONTEXT('2D SPACE',''
  ) );
#2129 = ORIENTED_EDGE('',*,*,#2130,.F.);
#2130 = EDGE_CURVE('',#113,#2103,#2131,.T.);
#2131 = SURFACE_CURVE('',#2132,(#2136,#2143),.PCURVE_S1.);
#2132 = LINE('',#2133,#2134);
#2133 = CARTESIAN_POINT('',(18.05,-3.,-2.5));
#2134 = VECTOR('',#2135,1.);
#2135 = DIRECTION('',(0.,2.22044604925E-16,1.));
#2136 = PCURVE('',#72,#2137);
#2137 = DEFINITIONAL_REPRESENTATION('',(#2138),#2142);
#2138 = LINE('',#2139,#2140);
#2139 = CARTESIAN_POINT('',(-21.8,18.05));
#2140 = VECTOR('',#2141,1.);
#2141 = DIRECTION('',(1.,-3.377256642682E-128));
#2142 = ( GEOMETRIC_REPRESENTATION_CONTEXT(2) 
PARAMETRIC_REPRESENTATION_CONTEXT() REPRESENTATION_CONTEXT('2D SPACE',''
  ) );
#2143 = PCURVE('',#2144,#2149);
#2144 = PLANE('',#2145);
#2145 = AXIS2_PLACEMENT_3D('',#2146,#2147,#2148);
#2146 = CARTESIAN_POINT('',(18.05,-3.,-2.5));
#2147 = DIRECTION('',(-1.,-2.254526039504E-97,3.898278662117E-113));
#2148 = DIRECTION('',(-1.107774775231E-113,2.22044604925E-16,1.));
#2149 = DEFINITIONAL_REPRESENTATION('',(#2150),#2154);
#2150 = LINE('',#2151,#2152);
#2151 = CARTESIAN_POINT('',(1.33226762955E-15,-4.440892098501E-16));
#2152 = VECTOR('',#2153,1.);
#2153 = DIRECTION('',(1.,0.));
#2154 = ( GEOMETRIC_REPRESENTATION_CONTEXT(2) 
PARAMETRIC_REPRESENTATION_CONTEXT() REPRESENTATION_CONTEXT('2D SPACE',''
  ) );
#2155 = ORIENTED_EDGE('',*,*,#112,.F.);
#2156 = ORIENTED_EDGE('',*,*,#2157,.T.);
#2157 = EDGE_CURVE('',#85,#2158,#2160,.T.);
#2158 = VERTEX_POINT('',#2159);
#2159 = CARTESIAN_POINT('',(-18.05,-3.,5.));
#2160 = SURFACE_CURVE('',#2161,(#2165,#2172),.PCURVE_S1.);
#2161 = LINE('',#2162,#2163);
#2162 = CARTESIAN_POINT('',(-18.05,-3.,-2.5));
#2163 = VECTOR('',#2164,1.);
#2164 = DIRECTION('',(-2.22044604925E-16,2.22044604925E-16,1.));
#2165 = PCURVE('',#72,#2166);
#2166 = DEFINITIONAL_REPRESENTATION('',(#2167),#2171);
#2167 = LINE('',#2168,#2169);
#2168 = CARTESIAN_POINT('',(-21.8,-18.05));
#2169 = VECTOR('',#2170,1.);
#2170 = DIRECTION('',(1.,-2.22044604925E-16));
#2171 = ( GEOMETRIC_REPRESENTATION_CONTEXT(2) 
PARAMETRIC_REPRESENTATION_CONTEXT() REPRESENTATION_CONTEXT('2D SPACE',''
  ) );
#2172 = PCURVE('',#2173,#2178);
#2173 = PLANE('',#2174);
#2174 = AXIS2_PLACEMENT_3D('',#2175,#2176,#2177);
#2175 = CARTESIAN_POINT('',(-18.05,-3.,-2.5));
#2176 = DIRECTION('',(1.,-2.22044604925E-16,2.22044604925E-16));
#2177 = DIRECTION('',(2.22044604925E-16,-2.22044604925E-16,-1.));
#2178 = DEFINITIONAL_REPRESENTATION('',(#2179),#2183);
#2179 = LINE('',#2180,#2181);
#2180 = CARTESIAN_POINT('',(4.440892098501E-16,-4.440892098501E-16));
#2181 = VECTOR('',#2182,1.);
#2182 = DIRECTION('',(-1.,0.));
#2183 = ( GEOMETRIC_REPRESENTATION_CONTEXT(2) 
PARAMETRIC_REPRESENTATION_CONTEXT() REPRESENTATION_CONTEXT('2D SPACE',''
  ) );
#2184 = ORIENTED_EDGE('',*,*,#2185,.T.);
#2185 = EDGE_CURVE('',#2158,#2186,#2188,.T.);
#2186 = VERTEX_POINT('',#2187);
#2187 = CARTESIAN_POINT('',(-23.05,-3.,5.));
#2188 = SURFACE_CURVE('',#2189,(#2193,#2200),.PCURVE_S1.);
#2189 = LINE('',#2190,#2191);
#2190 = CARTESIAN_POINT('',(-18.05,-3.,5.));
#2191 = VECTOR('',#2192,1.);
#2192 = DIRECTION('',(-1.,2.22044604925E-16,-2.22044604925E-16));
#2193 = PCURVE('',#72,#2194);
#2194 = DEFINITIONAL_REPRESENTATION('',(#2195),#2199);
#2195 = LINE('',#2196,#2197);
#2196 = CARTESIAN_POINT('',(-14.3,-18.05));
#2197 = VECTOR('',#2198,1.);
#2198 = DIRECTION('',(-2.22044604925E-16,-1.));
#2199 = ( GEOMETRIC_REPRESENTATION_CONTEXT(2) 
PARAMETRIC_REPRESENTATION_CONTEXT() REPRESENTATION_CONTEXT('2D SPACE',''
  ) );
#2200 = PCURVE('',#2201,#2206);
#2201 = PLANE('',#2202);
#2202 = AXIS2_PLACEMENT_3D('',#2203,#2204,#2205);
#2203 = CARTESIAN_POINT('',(-18.05,-3.,5.));
#2204 = DIRECTION('',(-2.22044604925E-16,2.22044604925E-16,1.));
#2205 = DIRECTION('',(1.,-2.22044604925E-16,2.22044604925E-16));
#2206 = DEFINITIONAL_REPRESENTATION('',(#2207),#2211);
#2207 = LINE('',#2208,#2209);
#2208 = CARTESIAN_POINT('',(-3.552713678801E-15,-4.440892098501E-16));
#2209 = VECTOR('',#2210,1.);
#2210 = DIRECTION('',(-1.,1.094764425254E-47));
#2211 = ( GEOMETRIC_REPRESENTATION_CONTEXT(2) 
PARAMETRIC_REPRESENTATION_CONTEXT() REPRESENTATION_CONTEXT('2D SPACE',''
  ) );
#2212 = ORIENTED_EDGE('',*,*,#2213,.T.);
#2213 = EDGE_CURVE('',#2186,#57,#2214,.T.);
#2214 = SURFACE_CURVE('',#2215,(#2219,#2226),.PCURVE_S1.);
#2215 = LINE('',#2216,#2217);
#2216 = CARTESIAN_POINT('',(-23.05,-3.,5.));
#2217 = VECTOR('',#2218,1.);
#2218 = DIRECTION('',(2.22044604925E-16,-2.22044604925E-16,-1.));
#2219 = PCURVE('',#72,#2220);
#2220 = DEFINITIONAL_REPRESENTATION('',(#2221),#2225);
#2221 = LINE('',#2222,#2223);
#2222 = CARTESIAN_POINT('',(-14.3,-23.05));
#2223 = VECTOR('',#2224,1.);
#2224 = DIRECTION('',(-1.,2.22044604925E-16));
#2225 = ( GEOMETRIC_REPRESENTATION_CONTEXT(2) 
PARAMETRIC_REPRESENTATION_CONTEXT() REPRESENTATION_CONTEXT('2D SPACE',''
  ) );
#2226 = PCURVE('',#2227,#2232);
#2227 = PLANE('',#2228);
#2228 = AXIS2_PLACEMENT_3D('',#2229,#2230,#2231);
#2229 = CARTESIAN_POINT('',(-23.05,-3.,5.));
#2230 = DIRECTION('',(-1.,2.22044604925E-16,-2.22044604925E-16));
#2231 = DIRECTION('',(-2.22044604925E-16,2.22044604925E-16,1.));
#2232 = DEFINITIONAL_REPRESENTATION('',(#2233),#2237);
#2233 = LINE('',#2234,#2235);
#2234 = CARTESIAN_POINT('',(-9.860761315263E-32,-4.440892098501E-16));
#2235 = VECTOR('',#2236,1.);
#2236 = DIRECTION('',(-1.,0.));
#2237 = ( GEOMETRIC_REPRESENTATION_CONTEXT(2) 
PARAMETRIC_REPRESENTATION_CONTEXT() REPRESENTATION_CONTEXT('2D SPACE',''
  ) );
#2238 = FACE_BOUND('',#2239,.F.);
#2239 = EDGE_LOOP('',(#2240));
#2240 = ORIENTED_EDGE('',*,*,#2241,.T.);
#2241 = EDGE_CURVE('',#2242,#2242,#2244,.T.);
#2242 = VERTEX_POINT('',#2243);
#2243 = CARTESIAN_POINT('',(-24.,-3.,7.));
#2244 = SURFACE_CURVE('',#2245,(#2250,#2261),.PCURVE_S1.);
#2245 = CIRCLE('',#2246,1.);
#2246 = AXIS2_PLACEMENT_3D('',#2247,#2248,#2249);
#2247 = CARTESIAN_POINT('',(-25.,-3.,7.));
#2248 = DIRECTION('',(2.254526039504E-97,-1.,2.22044604925E-16));
#2249 = DIRECTION('',(1.,2.254526039504E-97,-5.197704882822E-113));
#2250 = PCURVE('',#72,#2251);
#2251 = DEFINITIONAL_REPRESENTATION('',(#2252),#2260);
#2252 = ( BOUNDED_CURVE() B_SPLINE_CURVE(2,(#2253,#2254,#2255,#2256,
#2257,#2258,#2259),.UNSPECIFIED.,.T.,.F.) B_SPLINE_CURVE_WITH_KNOTS((1,2
    ,2,2,2,1),(-2.094395102393,0.,2.094395102393,4.188790204786,
6.28318530718,8.377580409573),.UNSPECIFIED.) CURVE() 
GEOMETRIC_REPRESENTATION_ITEM() RATIONAL_B_SPLINE_CURVE((1.,0.5,1.,0.5,
1.,0.5,1.)) REPRESENTATION_ITEM('') );
#2253 = CARTESIAN_POINT('',(-12.3,-24.));
#2254 = CARTESIAN_POINT('',(-10.56794919243,-24.));
#2255 = CARTESIAN_POINT('',(-11.43397459621,-25.5));
#2256 = CARTESIAN_POINT('',(-12.3,-27.));
#2257 = CARTESIAN_POINT('',(-13.16602540378,-25.5));
#2258 = CARTESIAN_POINT('',(-14.03205080756,-24.));
#2259 = CARTESIAN_POINT('',(-12.3,-24.));
#2260 = ( GEOMETRIC_REPRESENTATION_CONTEXT(2) 
PARAMETRIC_REPRESENTATION_CONTEXT() REPRESENTATION_CONTEXT('2D SPACE',''
  ) );
#2261 = PCURVE('',#2262,#2267);
#2262 = CYLINDRICAL_SURFACE('',#2263,1.);
#2263 = AXIS2_PLACEMENT_3D('',#2264,#2265,#2266);
#2264 = CARTESIAN_POINT('',(-25.,-3.,7.));
#2265 = DIRECTION('',(-2.254526039504E-97,1.,-2.22044604925E-16));
#2266 = DIRECTION('',(1.,2.254526039504E-97,-3.898278662117E-113));
#2267 = DEFINITIONAL_REPRESENTATION('',(#2268),#2271);
#2268 = B_SPLINE_CURVE_WITH_KNOTS('',1,(#2269,#2270),.UNSPECIFIED.,.F.,
  .F.,(2,2),(0.,6.28318530718),.PIECEWISE_BEZIER_KNOTS.);
#2269 = CARTESIAN_POINT('',(0.,0.));
#2270 = CARTESIAN_POINT('',(-6.28318530718,0.));
#2271 = ( GEOMETRIC_REPRESENTATION_CONTEXT(2) 
PARAMETRIC_REPRESENTATION_CONTEXT() REPRESENTATION_CONTEXT('2D SPACE',''
  ) );
#2272 = FACE_BOUND('',#2273,.F.);
#2273 = EDGE_LOOP('',(#2274));
#2274 = ORIENTED_EDGE('',*,*,#2275,.T.);
#2275 = EDGE_CURVE('',#2276,#2276,#2278,.T.);
#2276 = VERTEX_POINT('',#2277);
#2277 = CARTESIAN_POINT('',(-19.45454545454,-3.,7.));
#2278 = SURFACE_CURVE('',#2279,(#2284,#2295),.PCURVE_S1.);
#2279 = CIRCLE('',#2280,1.);
#2280 = AXIS2_PLACEMENT_3D('',#2281,#2282,#2283);
#2281 = CARTESIAN_POINT('',(-20.45454545454,-3.,7.));
#2282 = DIRECTION('',(2.254526039504E-97,-1.,2.22044604925E-16));
#2283 = DIRECTION('',(1.,2.254526039504E-97,-5.197704882822E-113));
#2284 = PCURVE('',#72,#2285);
#2285 = DEFINITIONAL_REPRESENTATION('',(#2286),#2294);
#2286 = ( BOUNDED_CURVE() B_SPLINE_CURVE(2,(#2287,#2288,#2289,#2290,
#2291,#2292,#2293),.UNSPECIFIED.,.T.,.F.) B_SPLINE_CURVE_WITH_KNOTS((1,2
    ,2,2,2,1),(-2.094395102393,0.,2.094395102393,4.188790204786,
6.28318530718,8.377580409573),.UNSPECIFIED.) CURVE() 
GEOMETRIC_REPRESENTATION_ITEM() RATIONAL_B_SPLINE_CURVE((1.,0.5,1.,0.5,
1.,0.5,1.)) REPRESENTATION_ITEM('') );
#2287 = CARTESIAN_POINT('',(-12.3,-19.45454545454));
#2288 = CARTESIAN_POINT('',(-10.56794919243,-19.45454545454));
#2289 = CARTESIAN_POINT('',(-11.43397459621,-20.95454545454));
#2290 = CARTESIAN_POINT('',(-12.3,-22.45454545454));
#2291 = CARTESIAN_POINT('',(-13.16602540378,-20.95454545454));
#2292 = CARTESIAN_POINT('',(-14.03205080756,-19.45454545454));
#2293 = CARTESIAN_POINT('',(-12.3,-19.45454545454));
#2294 = ( GEOMETRIC_REPRESENTATION_CONTEXT(2) 
PARAMETRIC_REPRESENTATION_CONTEXT() REPRESENTATION_CONTEXT('2D SPACE',''
  ) );
#2295 = PCURVE('',#2296,#2301);
#2296 = CYLINDRICAL_SURFACE('',#2297,1.);
#2297 = AXIS2_PLACEMENT_3D('',#2298,#2299,#2300);
#2298 = CARTESIAN_POINT('',(-20.45454545454,-3.,7.));
#2299 = DIRECTION('',(-2.254526039504E-97,1.,-2.22044604925E-16));
#2300 = DIRECTION('',(1.,2.254526039504E-97,-3.898278662117E-113));
#2301 = DEFINITIONAL_REPRESENTATION('',(#2302),#2305);
#2302 = B_SPLINE_CURVE_WITH_KNOTS('',1,(#2303,#2304),.UNSPECIFIED.,.F.,
  .F.,(2,2),(0.,6.28318530718),.PIECEWISE_BEZIER_KNOTS.);
#2303 = CARTESIAN_POINT('',(0.,0.));
#2304 = CARTESIAN_POINT('',(-6.28318530718,0.));
#2305 = ( GEOMETRIC_REPRESENTATION_CONTEXT(2) 
PARAMETRIC_REPRESENTATION_CONTEXT() REPRESENTATION_CONTEXT('2D SPACE',''
  ) );
#2306 = FACE_BOUND('',#2307,.F.);
#2307 = EDGE_LOOP('',(#2308));
#2308 = ORIENTED_EDGE('',*,*,#2309,.T.);
#2309 = EDGE_CURVE('',#2310,#2310,#2312,.T.);
#2310 = VERTEX_POINT('',#2311);
#2311 = CARTESIAN_POINT('',(-24.,-3.,12.));
#2312 = SURFACE_CURVE('',#2313,(#2318,#2329),.PCURVE_S1.);
#2313 = CIRCLE('',#2314,1.);
#2314 = AXIS2_PLACEMENT_3D('',#2315,#2316,#2317);
#2315 = CARTESIAN_POINT('',(-25.,-3.,12.));
#2316 = DIRECTION('',(2.254526039504E-97,-1.,2.22044604925E-16));
#2317 = DIRECTION('',(1.,2.254526039504E-97,-5.197704882822E-113));
#2318 = PCURVE('',#72,#2319);
#2319 = DEFINITIONAL_REPRESENTATION('',(#2320),#2328);
#2320 = ( BOUNDED_CURVE() B_SPLINE_CURVE(2,(#2321,#2322,#2323,#2324,
#2325,#2326,#2327),.UNSPECIFIED.,.T.,.F.) B_SPLINE_CURVE_WITH_KNOTS((1,2
    ,2,2,2,1),(-2.094395102393,0.,2.094395102393,4.188790204786,
6.28318530718,8.377580409573),.UNSPECIFIED.) CURVE() 
GEOMETRIC_REPRESENTATION_ITEM() RATIONAL_B_SPLINE_CURVE((1.,0.5,1.,0.5,
1.,0.5,1.)) REPRESENTATION_ITEM('') );
#2321 = CARTESIAN_POINT('',(-7.3,-24.));
#2322 = CARTESIAN_POINT('',(-5.567949192431,-24.));
#2323 = CARTESIAN_POINT('',(-6.433974596216,-25.5));
#2324 = CARTESIAN_POINT('',(-7.3,-27.));
#2325 = CARTESIAN_POINT('',(-8.166025403784,-25.5));
#2326 = CARTESIAN_POINT('',(-9.032050807569,-24.));
#2327 = CARTESIAN_POINT('',(-7.3,-24.));
#2328 = ( GEOMETRIC_REPRESENTATION_CONTEXT(2) 
PARAMETRIC_REPRESENTATION_CONTEXT() REPRESENTATION_CONTEXT('2D SPACE',''
  ) );
#2329 = PCURVE('',#2330,#2335);
#2330 = CYLINDRICAL_SURFACE('',#2331,1.);
#2331 = AXIS2_PLACEMENT_3D('',#2332,#2333,#2334);
#2332 = CARTESIAN_POINT('',(-25.,-3.,12.));
#2333 = DIRECTION('',(-2.254526039504E-97,1.,-2.22044604925E-16));
#2334 = DIRECTION('',(1.,2.254526039504E-97,-3.898278662117E-113));
#2335 = DEFINITIONAL_REPRESENTATION('',(#2336),#2339);
#2336 = B_SPLINE_CURVE_WITH_KNOTS('',1,(#2337,#2338),.UNSPECIFIED.,.F.,
  .F.,(2,2),(0.,6.28318530718),.PIECEWISE_BEZIER_KNOTS.);
#2337 = CARTESIAN_POINT('',(0.,0.));
#2338 = CARTESIAN_POINT('',(-6.28318530718,0.));
#2339 = ( GEOMETRIC_REPRESENTATION_CONTEXT(2) 
PARAMETRIC_REPRESENTATION_CONTEXT() REPRESENTATION_CONTEXT('2D SPACE',''
  ) );
#2340 = FACE_BOUND('',#2341,.F.);
#2341 = EDGE_LOOP('',(#2342));
#2342 = ORIENTED_EDGE('',*,*,#2343,.T.);
#2343 = EDGE_CURVE('',#2344,#2344,#2346,.T.);
#2344 = VERTEX_POINT('',#2345);
#2345 = CARTESIAN_POINT('',(-19.45454545454,-3.,12.));
#2346 = SURFACE_CURVE('',#2347,(#2352,#2363),.PCURVE_S1.);
#2347 = CIRCLE('',#2348,1.);
#2348 = AXIS2_PLACEMENT_3D('',#2349,#2350,#2351);
#2349 = CARTESIAN_POINT('',(-20.45454545454,-3.,12.));
#2350 = DIRECTION('',(2.254526039504E-97,-1.,2.22044604925E-16));
#2351 = DIRECTION('',(1.,2.254526039504E-97,-5.197704882822E-113));
#2352 = PCURVE('',#72,#2353);
#2353 = DEFINITIONAL_REPRESENTATION('',(#2354),#2362);
#2354 = ( BOUNDED_CURVE() B_SPLINE_CURVE(2,(#2355,#2356,#2357,#2358,
#2359,#2360,#2361),.UNSPECIFIED.,.T.,.F.) B_SPLINE_CURVE_WITH_KNOTS((1,2
    ,2,2,2,1),(-2.094395102393,0.,2.094395102393,4.188790204786,
6.28318530718,8.377580409573),.UNSPECIFIED.) CURVE() 
GEOMETRIC_REPRESENTATION_ITEM() RATIONAL_B_SPLINE_CURVE((1.,0.5,1.,0.5,
1.,0.5,1.)) REPRESENTATION_ITEM('') );
#2355 = CARTESIAN_POINT('',(-7.3,-19.45454545454));
#2356 = CARTESIAN_POINT('',(-5.567949192431,-19.45454545454));
#2357 = CARTESIAN_POINT('',(-6.433974596216,-20.95454545454));
#2358 = CARTESIAN_POINT('',(-7.3,-22.45454545454));
#2359 = CARTESIAN_POINT('',(-8.166025403784,-20.95454545454));
#2360 = CARTESIAN_POINT('',(-9.032050807569,-19.45454545454));
#2361 = CARTESIAN_POINT('',(-7.3,-19.45454545454));
#2362 = ( GEOMETRIC_REPRESENTATION_CONTEXT(2) 
PARAMETRIC_REPRESENTATION_CONTEXT() REPRESENTATION_CONTEXT('2D SPACE',''
  ) );
#2363 = PCURVE('',#2364,#2369);
#2364 = CYLINDRICAL_SURFACE('',#2365,1.);
#2365 = AXIS2_PLACEMENT_3D('',#2366,#2367,#2368);
#2366 = CARTESIAN_POINT('',(-20.45454545454,-3.,12.));
#2367 = DIRECTION('',(-2.254526039504E-97,1.,-2.22044604925E-16));
#2368 = DIRECTION('',(1.,2.254526039504E-97,-3.898278662117E-113));
#2369 = DEFINITIONAL_REPRESENTATION('',(#2370),#2373);
#2370 = B_SPLINE_CURVE_WITH_KNOTS('',1,(#2371,#2372),.UNSPECIFIED.,.F.,
  .F.,(2,2),(0.,6.28318530718),.PIECEWISE_BEZIER_KNOTS.);
#2371 = CARTESIAN_POINT('',(0.,0.));
#2372 = CARTESIAN_POINT('',(-6.28318530718,0.));
#2373 = ( GEOMETRIC_REPRESENTATION_CONTEXT(2) 
PARAMETRIC_REPRESENTATION_CONTEXT() REPRESENTATION_CONTEXT('2D SPACE',''
  ) );
#2374 = FACE_BOUND('',#2375,.F.);
#2375 = EDGE_LOOP('',(#2376));
#2376 = ORIENTED_EDGE('',*,*,#2377,.T.);
#2377 = EDGE_CURVE('',#2378,#2378,#2380,.T.);
#2378 = VERTEX_POINT('',#2379);
#2379 = CARTESIAN_POINT('',(-14.90909090909,-3.,7.));
#2380 = SURFACE_CURVE('',#2381,(#2386,#2397),.PCURVE_S1.);
#2381 = CIRCLE('',#2382,1.);
#2382 = AXIS2_PLACEMENT_3D('',#2383,#2384,#2385);
#2383 = CARTESIAN_POINT('',(-15.90909090909,-3.,7.));
#2384 = DIRECTION('',(2.254526039504E-97,-1.,2.22044604925E-16));
#2385 = DIRECTION('',(1.,2.254526039504E-97,-5.197704882822E-113));
#2386 = PCURVE('',#72,#2387);
#2387 = DEFINITIONAL_REPRESENTATION('',(#2388),#2396);
#2388 = ( BOUNDED_CURVE() B_SPLINE_CURVE(2,(#2389,#2390,#2391,#2392,
#2393,#2394,#2395),.UNSPECIFIED.,.T.,.F.) B_SPLINE_CURVE_WITH_KNOTS((1,2
    ,2,2,2,1),(-2.094395102393,0.,2.094395102393,4.188790204786,
6.28318530718,8.377580409573),.UNSPECIFIED.) CURVE() 
GEOMETRIC_REPRESENTATION_ITEM() RATIONAL_B_SPLINE_CURVE((1.,0.5,1.,0.5,
1.,0.5,1.)) REPRESENTATION_ITEM('') );
#2389 = CARTESIAN_POINT('',(-12.3,-14.90909090909));
#2390 = CARTESIAN_POINT('',(-10.56794919243,-14.90909090909));
#2391 = CARTESIAN_POINT('',(-11.43397459621,-16.40909090909));
#2392 = CARTESIAN_POINT('',(-12.3,-17.90909090909));
#2393 = CARTESIAN_POINT('',(-13.16602540378,-16.40909090909));
#2394 = CARTESIAN_POINT('',(-14.03205080756,-14.90909090909));
#2395 = CARTESIAN_POINT('',(-12.3,-14.90909090909));
#2396 = ( GEOMETRIC_REPRESENTATION_CONTEXT(2) 
PARAMETRIC_REPRESENTATION_CONTEXT() REPRESENTATION_CONTEXT('2D SPACE',''
  ) );
#2397 = PCURVE('',#2398,#2403);
#2398 = CYLINDRICAL_SURFACE('',#2399,1.);
#2399 = AXIS2_PLACEMENT_3D('',#2400,#2401,#2402);
#2400 = CARTESIAN_POINT('',(-15.90909090909,-3.,7.));
#2401 = DIRECTION('',(-2.254526039504E-97,1.,-2.22044604925E-16));
#2402 = DIRECTION('',(1.,2.254526039504E-97,-3.898278662117E-113));
#2403 = DEFINITIONAL_REPRESENTATION('',(#2404),#2407);
#2404 = B_SPLINE_CURVE_WITH_KNOTS('',1,(#2405,#2406),.UNSPECIFIED.,.F.,
  .F.,(2,2),(0.,6.28318530718),.PIECEWISE_BEZIER_KNOTS.);
#2405 = CARTESIAN_POINT('',(0.,0.));
#2406 = CARTESIAN_POINT('',(-6.28318530718,0.));
#2407 = ( GEOMETRIC_REPRESENTATION_CONTEXT(2) 
PARAMETRIC_REPRESENTATION_CONTEXT() REPRESENTATION_CONTEXT('2D SPACE',''
  ) );
#2408 = FACE_BOUND('',#2409,.F.);
#2409 = EDGE_LOOP('',(#2410));
#2410 = ORIENTED_EDGE('',*,*,#2411,.T.);
#2411 = EDGE_CURVE('',#2412,#2412,#2414,.T.);
#2412 = VERTEX_POINT('',#2413);
#2413 = CARTESIAN_POINT('',(-14.90909090909,-3.,12.));
#2414 = SURFACE_CURVE('',#2415,(#2420,#2431),.PCURVE_S1.);
#2415 = CIRCLE('',#2416,1.);
#2416 = AXIS2_PLACEMENT_3D('',#2417,#2418,#2419);
#2417 = CARTESIAN_POINT('',(-15.90909090909,-3.,12.));
#2418 = DIRECTION('',(2.254526039504E-97,-1.,2.22044604925E-16));
#2419 = DIRECTION('',(1.,2.254526039504E-97,-5.197704882822E-113));
#2420 = PCURVE('',#72,#2421);
#2421 = DEFINITIONAL_REPRESENTATION('',(#2422),#2430);
#2422 = ( BOUNDED_CURVE() B_SPLINE_CURVE(2,(#2423,#2424,#2425,#2426,
#2427,#2428,#2429),.UNSPECIFIED.,.T.,.F.) B_SPLINE_CURVE_WITH_KNOTS((1,2
    ,2,2,2,1),(-2.094395102393,0.,2.094395102393,4.188790204786,
6.28318530718,8.377580409573),.UNSPECIFIED.) CURVE() 
GEOMETRIC_REPRESENTATION_ITEM() RATIONAL_B_SPLINE_CURVE((1.,0.5,1.,0.5,
1.,0.5,1.)) REPRESENTATION_ITEM('') );
#2423 = CARTESIAN_POINT('',(-7.3,-14.90909090909));
#2424 = CARTESIAN_POINT('',(-5.567949192431,-14.90909090909));
#2425 = CARTESIAN_POINT('',(-6.433974596216,-16.40909090909));
#2426 = CARTESIAN_POINT('',(-7.3,-17.90909090909));
#2427 = CARTESIAN_POINT('',(-8.166025403784,-16.40909090909));
#2428 = CARTESIAN_POINT('',(-9.032050807569,-14.90909090909));
#2429 = CARTESIAN_POINT('',(-7.3,-14.90909090909));
#2430 = ( GEOMETRIC_REPRESENTATION_CONTEXT(2) 
PARAMETRIC_REPRESENTATION_CONTEXT() REPRESENTATION_CONTEXT('2D SPACE',''
  ) );
#2431 = PCURVE('',#2432,#2437);
#2432 = CYLINDRICAL_SURFACE('',#2433,1.);
#2433 = AXIS2_PLACEMENT_3D('',#2434,#2435,#2436);
#2434 = CARTESIAN_POINT('',(-15.90909090909,-3.,12.));
#2435 = DIRECTION('',(-2.254526039504E-97,1.,-2.22044604925E-16));
#2436 = DIRECTION('',(1.,2.254526039504E-97,-3.898278662117E-113));
#2437 = DEFINITIONAL_REPRESENTATION('',(#2438),#2441);
#2438 = B_SPLINE_CURVE_WITH_KNOTS('',1,(#2439,#2440),.UNSPECIFIED.,.F.,
  .F.,(2,2),(0.,6.28318530718),.PIECEWISE_BEZIER_KNOTS.);
#2439 = CARTESIAN_POINT('',(0.,0.));
#2440 = CARTESIAN_POINT('',(-6.28318530718,0.));
#2441 = ( GEOMETRIC_REPRESENTATION_CONTEXT(2) 
PARAMETRIC_REPRESENTATION_CONTEXT() REPRESENTATION_CONTEXT('2D SPACE',''
  ) );
#2442 = FACE_BOUND('',#2443,.F.);
#2443 = EDGE_LOOP('',(#2444));
#2444 = ORIENTED_EDGE('',*,*,#2445,.T.);
#2445 = EDGE_CURVE('',#2446,#2446,#2448,.T.);
#2446 = VERTEX_POINT('',#2447);
#2447 = CARTESIAN_POINT('',(-24.,-3.,17.));
#2448 = SURFACE_CURVE('',#2449,(#2454,#2465),.PCURVE_S1.);
#2449 = CIRCLE('',#2450,1.);
#2450 = AXIS2_PLACEMENT_3D('',#2451,#2452,#2453);
#2451 = CARTESIAN_POINT('',(-25.,-3.,17.));
#2452 = DIRECTION('',(2.254526039504E-97,-1.,2.22044604925E-16));
#2453 = DIRECTION('',(1.,2.254526039504E-97,-5.197704882822E-113));
#2454 = PCURVE('',#72,#2455);
#2455 = DEFINITIONAL_REPRESENTATION('',(#2456),#2464);
#2456 = ( BOUNDED_CURVE() B_SPLINE_CURVE(2,(#2457,#2458,#2459,#2460,
#2461,#2462,#2463),.UNSPECIFIED.,.T.,.F.) B_SPLINE_CURVE_WITH_KNOTS((1,2
    ,2,2,2,1),(-2.094395102393,0.,2.094395102393,4.188790204786,
6.28318530718,8.377580409573),.UNSPECIFIED.) CURVE() 
GEOMETRIC_REPRESENTATION_ITEM() RATIONAL_B_SPLINE_CURVE((1.,0.5,1.,0.5,
1.,0.5,1.)) REPRESENTATION_ITEM('') );
#2457 = CARTESIAN_POINT('',(-2.3,-24.));
#2458 = CARTESIAN_POINT('',(-0.567949192431,-24.));
#2459 = CARTESIAN_POINT('',(-1.433974596216,-25.5));
#2460 = CARTESIAN_POINT('',(-2.3,-27.));
#2461 = CARTESIAN_POINT('',(-3.166025403784,-25.5));
#2462 = CARTESIAN_POINT('',(-4.032050807569,-24.));
#2463 = CARTESIAN_POINT('',(-2.3,-24.));
#2464 = ( GEOMETRIC_REPRESENTATION_CONTEXT(2) 
PARAMETRIC_REPRESENTATION_CONTEXT() REPRESENTATION_CONTEXT('2D SPACE',''
  ) );
#2465 = PCURVE('',#2466,#2471);
#2466 = CYLINDRICAL_SURFACE('',#2467,1.);
#2467 = AXIS2_PLACEMENT_3D('',#2468,#2469,#2470);
#2468 = CARTESIAN_POINT('',(-25.,-3.,17.));
#2469 = DIRECTION('',(-2.254526039504E-97,1.,-2.22044604925E-16));
#2470 = DIRECTION('',(1.,2.254526039504E-97,-3.898278662117E-113));
#2471 = DEFINITIONAL_REPRESENTATION('',(#2472),#2475);
#2472 = B_SPLINE_CURVE_WITH_KNOTS('',1,(#2473,#2474),.UNSPECIFIED.,.F.,
  .F.,(2,2),(0.,6.28318530718),.PIECEWISE_BEZIER_KNOTS.);
#2473 = CARTESIAN_POINT('',(0.,0.));
#2474 = CARTESIAN_POINT('',(-6.28318530718,0.));
#2475 = ( GEOMETRIC_REPRESENTATION_CONTEXT(2) 
PARAMETRIC_REPRESENTATION_CONTEXT() REPRESENTATION_CONTEXT('2D SPACE',''
  ) );
#2476 = FACE_BOUND('',#2477,.F.);
#2477 = EDGE_LOOP('',(#2478));
#2478 = ORIENTED_EDGE('',*,*,#2479,.T.);
#2479 = EDGE_CURVE('',#2480,#2480,#2482,.T.);
#2480 = VERTEX_POINT('',#2481);
#2481 = CARTESIAN_POINT('',(-19.45454545454,-3.,17.));
#2482 = SURFACE_CURVE('',#2483,(#2488,#2499),.PCURVE_S1.);
#2483 = CIRCLE('',#2484,1.);
#2484 = AXIS2_PLACEMENT_3D('',#2485,#2486,#2487);
#2485 = CARTESIAN_POINT('',(-20.45454545454,-3.,17.));
#2486 = DIRECTION('',(2.254526039504E-97,-1.,2.22044604925E-16));
#2487 = DIRECTION('',(1.,2.254526039504E-97,-5.197704882822E-113));
#2488 = PCURVE('',#72,#2489);
#2489 = DEFINITIONAL_REPRESENTATION('',(#2490),#2498);
#2490 = ( BOUNDED_CURVE() B_SPLINE_CURVE(2,(#2491,#2492,#2493,#2494,
#2495,#2496,#2497),.UNSPECIFIED.,.T.,.F.) B_SPLINE_CURVE_WITH_KNOTS((1,2
    ,2,2,2,1),(-2.094395102393,0.,2.094395102393,4.188790204786,
6.28318530718,8.377580409573),.UNSPECIFIED.) CURVE() 
GEOMETRIC_REPRESENTATION_ITEM() RATIONAL_B_SPLINE_CURVE((1.,0.5,1.,0.5,
1.,0.5,1.)) REPRESENTATION_ITEM('') );
#2491 = CARTESIAN_POINT('',(-2.3,-19.45454545454));
#2492 = CARTESIAN_POINT('',(-0.567949192431,-19.45454545454));
#2493 = CARTESIAN_POINT('',(-1.433974596216,-20.95454545454));
#2494 = CARTESIAN_POINT('',(-2.3,-22.45454545454));
#2495 = CARTESIAN_POINT('',(-3.166025403784,-20.95454545454));
#2496 = CARTESIAN_POINT('',(-4.032050807569,-19.45454545454));
#2497 = CARTESIAN_POINT('',(-2.3,-19.45454545454));
#2498 = ( GEOMETRIC_REPRESENTATION_CONTEXT(2) 
PARAMETRIC_REPRESENTATION_CONTEXT() REPRESENTATION_CONTEXT('2D SPACE',''
  ) );
#2499 = PCURVE('',#2500,#2505);
#2500 = CYLINDRICAL_SURFACE('',#2501,1.);
#2501 = AXIS2_PLACEMENT_3D('',#2502,#2503,#2504);
#2502 = CARTESIAN_POINT('',(-20.45454545454,-3.,17.));
#2503 = DIRECTION('',(-2.254526039504E-97,1.,-2.22044604925E-16));
#2504 = DIRECTION('',(1.,2.254526039504E-97,-3.898278662117E-113));
#2505 = DEFINITIONAL_REPRESENTATION('',(#2506),#2509);
#2506 = B_SPLINE_CURVE_WITH_KNOTS('',1,(#2507,#2508),.UNSPECIFIED.,.F.,
  .F.,(2,2),(0.,6.28318530718),.PIECEWISE_BEZIER_KNOTS.);
#2507 = CARTESIAN_POINT('',(0.,0.));
#2508 = CARTESIAN_POINT('',(-6.28318530718,0.));
#2509 = ( GEOMETRIC_REPRESENTATION_CONTEXT(2) 
PARAMETRIC_REPRESENTATION_CONTEXT() REPRESENTATION_CONTEXT('2D SPACE',''
  ) );
#2510 = FACE_BOUND('',#2511,.F.);
#2511 = EDGE_LOOP('',(#2512));
#2512 = ORIENTED_EDGE('',*,*,#2513,.T.);
#2513 = EDGE_CURVE('',#2514,#2514,#2516,.T.);
#2514 = VERTEX_POINT('',#2515);
#2515 = CARTESIAN_POINT('',(-14.90909090909,-3.,17.));
#2516 = SURFACE_CURVE('',#2517,(#2522,#2533),.PCURVE_S1.);
#2517 = CIRCLE('',#2518,1.);
#2518 = AXIS2_PLACEMENT_3D('',#2519,#2520,#2521);
#2519 = CARTESIAN_POINT('',(-15.90909090909,-3.,17.));
#2520 = DIRECTION('',(2.254526039504E-97,-1.,2.22044604925E-16));
#2521 = DIRECTION('',(1.,2.254526039504E-97,-5.197704882822E-113));
#2522 = PCURVE('',#72,#2523);
#2523 = DEFINITIONAL_REPRESENTATION('',(#2524),#2532);
#2524 = ( BOUNDED_CURVE() B_SPLINE_CURVE(2,(#2525,#2526,#2527,#2528,
#2529,#2530,#2531),.UNSPECIFIED.,.T.,.F.) B_SPLINE_CURVE_WITH_KNOTS((1,2
    ,2,2,2,1),(-2.094395102393,0.,2.094395102393,4.188790204786,
6.28318530718,8.377580409573),.UNSPECIFIED.) CURVE() 
GEOMETRIC_REPRESENTATION_ITEM() RATIONAL_B_SPLINE_CURVE((1.,0.5,1.,0.5,
1.,0.5,1.)) REPRESENTATION_ITEM('') );
#2525 = CARTESIAN_POINT('',(-2.3,-14.90909090909));
#2526 = CARTESIAN_POINT('',(-0.567949192431,-14.90909090909));
#2527 = CARTESIAN_POINT('',(-1.433974596216,-16.40909090909));
#2528 = CARTESIAN_POINT('',(-2.3,-17.90909090909));
#2529 = CARTESIAN_POINT('',(-3.166025403784,-16.40909090909));
#2530 = CARTESIAN_POINT('',(-4.032050807569,-14.90909090909));
#2531 = CARTESIAN_POINT('',(-2.3,-14.90909090909));
#2532 = ( GEOMETRIC_REPRESENTATION_CONTEXT(2) 
PARAMETRIC_REPRESENTATION_CONTEXT() REPRESENTATION_CONTEXT('2D SPACE',''
  ) );
#2533 = PCURVE('',#2534,#2539);
#2534 = CYLINDRICAL_SURFACE('',#2535,1.);
#2535 = AXIS2_PLACEMENT_3D('',#2536,#2537,#2538);
#2536 = CARTESIAN_POINT('',(-15.90909090909,-3.,17.));
#2537 = DIRECTION('',(-2.254526039504E-97,1.,-2.22044604925E-16));
#2538 = DIRECTION('',(1.,2.254526039504E-97,-3.898278662117E-113));
#2539 = DEFINITIONAL_REPRESENTATION('',(#2540),#2543);
#2540 = B_SPLINE_CURVE_WITH_KNOTS('',1,(#2541,#2542),.UNSPECIFIED.,.F.,
  .F.,(2,2),(0.,6.28318530718),.PIECEWISE_BEZIER_KNOTS.);
#2541 = CARTESIAN_POINT('',(0.,0.));
#2542 = CARTESIAN_POINT('',(-6.28318530718,0.));
#2543 = ( GEOMETRIC_REPRESENTATION_CONTEXT(2) 
PARAMETRIC_REPRESENTATION_CONTEXT() REPRESENTATION_CONTEXT('2D SPACE',''
  ) );
#2544 = FACE_BOUND('',#2545,.F.);
#2545 = EDGE_LOOP('',(#2546));
#2546 = ORIENTED_EDGE('',*,*,#2547,.T.);
#2547 = EDGE_CURVE('',#2548,#2548,#2550,.T.);
#2548 = VERTEX_POINT('',#2549);
#2549 = CARTESIAN_POINT('',(-10.36363636363,-3.,7.));
#2550 = SURFACE_CURVE('',#2551,(#2556,#2567),.PCURVE_S1.);
#2551 = CIRCLE('',#2552,1.);
#2552 = AXIS2_PLACEMENT_3D('',#2553,#2554,#2555);
#2553 = CARTESIAN_POINT('',(-11.36363636363,-3.,7.));
#2554 = DIRECTION('',(2.254526039504E-97,-1.,2.22044604925E-16));
#2555 = DIRECTION('',(1.,2.254526039504E-97,-5.197704882822E-113));
#2556 = PCURVE('',#72,#2557);
#2557 = DEFINITIONAL_REPRESENTATION('',(#2558),#2566);
#2558 = ( BOUNDED_CURVE() B_SPLINE_CURVE(2,(#2559,#2560,#2561,#2562,
#2563,#2564,#2565),.UNSPECIFIED.,.T.,.F.) B_SPLINE_CURVE_WITH_KNOTS((1,2
    ,2,2,2,1),(-2.094395102393,0.,2.094395102393,4.188790204786,
6.28318530718,8.377580409573),.UNSPECIFIED.) CURVE() 
GEOMETRIC_REPRESENTATION_ITEM() RATIONAL_B_SPLINE_CURVE((1.,0.5,1.,0.5,
1.,0.5,1.)) REPRESENTATION_ITEM('') );
#2559 = CARTESIAN_POINT('',(-12.3,-10.36363636363));
#2560 = CARTESIAN_POINT('',(-10.56794919243,-10.36363636363));
#2561 = CARTESIAN_POINT('',(-11.43397459621,-11.86363636363));
#2562 = CARTESIAN_POINT('',(-12.3,-13.36363636363));
#2563 = CARTESIAN_POINT('',(-13.16602540378,-11.86363636363));
#2564 = CARTESIAN_POINT('',(-14.03205080756,-10.36363636363));
#2565 = CARTESIAN_POINT('',(-12.3,-10.36363636363));
#2566 = ( GEOMETRIC_REPRESENTATION_CONTEXT(2) 
PARAMETRIC_REPRESENTATION_CONTEXT() REPRESENTATION_CONTEXT('2D SPACE',''
  ) );
#2567 = PCURVE('',#2568,#2573);
#2568 = CYLINDRICAL_SURFACE('',#2569,1.);
#2569 = AXIS2_PLACEMENT_3D('',#2570,#2571,#2572);
#2570 = CARTESIAN_POINT('',(-11.36363636363,-3.,7.));
#2571 = DIRECTION('',(-2.254526039504E-97,1.,-2.22044604925E-16));
#2572 = DIRECTION('',(1.,2.254526039504E-97,-3.898278662117E-113));
#2573 = DEFINITIONAL_REPRESENTATION('',(#2574),#2577);
#2574 = B_SPLINE_CURVE_WITH_KNOTS('',1,(#2575,#2576),.UNSPECIFIED.,.F.,
  .F.,(2,2),(0.,6.28318530718),.PIECEWISE_BEZIER_KNOTS.);
#2575 = CARTESIAN_POINT('',(0.,0.));
#2576 = CARTESIAN_POINT('',(-6.28318530718,0.));
#2577 = ( GEOMETRIC_REPRESENTATION_CONTEXT(2) 
PARAMETRIC_REPRESENTATION_CONTEXT() REPRESENTATION_CONTEXT('2D SPACE',''
  ) );
#2578 = FACE_BOUND('',#2579,.F.);
#2579 = EDGE_LOOP('',(#2580));
#2580 = ORIENTED_EDGE('',*,*,#2581,.T.);
#2581 = EDGE_CURVE('',#2582,#2582,#2584,.T.);
#2582 = VERTEX_POINT('',#2583);
#2583 = CARTESIAN_POINT('',(-5.818181818182,-3.,7.));
#2584 = SURFACE_CURVE('',#2585,(#2590,#2601),.PCURVE_S1.);
#2585 = CIRCLE('',#2586,1.);
#2586 = AXIS2_PLACEMENT_3D('',#2587,#2588,#2589);
#2587 = CARTESIAN_POINT('',(-6.818181818182,-3.,7.));
#2588 = DIRECTION('',(2.254526039504E-97,-1.,2.22044604925E-16));
#2589 = DIRECTION('',(1.,2.254526039504E-97,-5.197704882822E-113));
#2590 = PCURVE('',#72,#2591);
#2591 = DEFINITIONAL_REPRESENTATION('',(#2592),#2600);
#2592 = ( BOUNDED_CURVE() B_SPLINE_CURVE(2,(#2593,#2594,#2595,#2596,
#2597,#2598,#2599),.UNSPECIFIED.,.T.,.F.) B_SPLINE_CURVE_WITH_KNOTS((1,2
    ,2,2,2,1),(-2.094395102393,0.,2.094395102393,4.188790204786,
6.28318530718,8.377580409573),.UNSPECIFIED.) CURVE() 
GEOMETRIC_REPRESENTATION_ITEM() RATIONAL_B_SPLINE_CURVE((1.,0.5,1.,0.5,
1.,0.5,1.)) REPRESENTATION_ITEM('') );
#2593 = CARTESIAN_POINT('',(-12.3,-5.818181818182));
#2594 = CARTESIAN_POINT('',(-10.56794919243,-5.818181818182));
#2595 = CARTESIAN_POINT('',(-11.43397459621,-7.318181818182));
#2596 = CARTESIAN_POINT('',(-12.3,-8.818181818182));
#2597 = CARTESIAN_POINT('',(-13.16602540378,-7.318181818182));
#2598 = CARTESIAN_POINT('',(-14.03205080756,-5.818181818182));
#2599 = CARTESIAN_POINT('',(-12.3,-5.818181818182));
#2600 = ( GEOMETRIC_REPRESENTATION_CONTEXT(2) 
PARAMETRIC_REPRESENTATION_CONTEXT() REPRESENTATION_CONTEXT('2D SPACE',''
  ) );
#2601 = PCURVE('',#2602,#2607);
#2602 = CYLINDRICAL_SURFACE('',#2603,1.);
#2603 = AXIS2_PLACEMENT_3D('',#2604,#2605,#2606);
#2604 = CARTESIAN_POINT('',(-6.818181818182,-3.,7.));
#2605 = DIRECTION('',(-2.254526039504E-97,1.,-2.22044604925E-16));
#2606 = DIRECTION('',(1.,2.254526039504E-97,-3.898278662117E-113));
#2607 = DEFINITIONAL_REPRESENTATION('',(#2608),#2611);
#2608 = B_SPLINE_CURVE_WITH_KNOTS('',1,(#2609,#2610),.UNSPECIFIED.,.F.,
  .F.,(2,2),(0.,6.28318530718),.PIECEWISE_BEZIER_KNOTS.);
#2609 = CARTESIAN_POINT('',(0.,0.));
#2610 = CARTESIAN_POINT('',(-6.28318530718,0.));
#2611 = ( GEOMETRIC_REPRESENTATION_CONTEXT(2) 
PARAMETRIC_REPRESENTATION_CONTEXT() REPRESENTATION_CONTEXT('2D SPACE',''
  ) );
#2612 = FACE_BOUND('',#2613,.F.);
#2613 = EDGE_LOOP('',(#2614));
#2614 = ORIENTED_EDGE('',*,*,#2615,.T.);
#2615 = EDGE_CURVE('',#2616,#2616,#2618,.T.);
#2616 = VERTEX_POINT('',#2617);
#2617 = CARTESIAN_POINT('',(-10.36363636363,-3.,12.));
#2618 = SURFACE_CURVE('',#2619,(#2624,#2635),.PCURVE_S1.);
#2619 = CIRCLE('',#2620,1.);
#2620 = AXIS2_PLACEMENT_3D('',#2621,#2622,#2623);
#2621 = CARTESIAN_POINT('',(-11.36363636363,-3.,12.));
#2622 = DIRECTION('',(2.254526039504E-97,-1.,2.22044604925E-16));
#2623 = DIRECTION('',(1.,2.254526039504E-97,-5.197704882822E-113));
#2624 = PCURVE('',#72,#2625);
#2625 = DEFINITIONAL_REPRESENTATION('',(#2626),#2634);
#2626 = ( BOUNDED_CURVE() B_SPLINE_CURVE(2,(#2627,#2628,#2629,#2630,
#2631,#2632,#2633),.UNSPECIFIED.,.T.,.F.) B_SPLINE_CURVE_WITH_KNOTS((1,2
    ,2,2,2,1),(-2.094395102393,0.,2.094395102393,4.188790204786,
6.28318530718,8.377580409573),.UNSPECIFIED.) CURVE() 
GEOMETRIC_REPRESENTATION_ITEM() RATIONAL_B_SPLINE_CURVE((1.,0.5,1.,0.5,
1.,0.5,1.)) REPRESENTATION_ITEM('') );
#2627 = CARTESIAN_POINT('',(-7.3,-10.36363636363));
#2628 = CARTESIAN_POINT('',(-5.567949192431,-10.36363636363));
#2629 = CARTESIAN_POINT('',(-6.433974596216,-11.86363636363));
#2630 = CARTESIAN_POINT('',(-7.3,-13.36363636363));
#2631 = CARTESIAN_POINT('',(-8.166025403784,-11.86363636363));
#2632 = CARTESIAN_POINT('',(-9.032050807569,-10.36363636363));
#2633 = CARTESIAN_POINT('',(-7.3,-10.36363636363));
#2634 = ( GEOMETRIC_REPRESENTATION_CONTEXT(2) 
PARAMETRIC_REPRESENTATION_CONTEXT() REPRESENTATION_CONTEXT('2D SPACE',''
  ) );
#2635 = PCURVE('',#2636,#2641);
#2636 = CYLINDRICAL_SURFACE('',#2637,1.);
#2637 = AXIS2_PLACEMENT_3D('',#2638,#2639,#2640);
#2638 = CARTESIAN_POINT('',(-11.36363636363,-3.,12.));
#2639 = DIRECTION('',(-2.254526039504E-97,1.,-2.22044604925E-16));
#2640 = DIRECTION('',(1.,2.254526039504E-97,-3.898278662117E-113));
#2641 = DEFINITIONAL_REPRESENTATION('',(#2642),#2645);
#2642 = B_SPLINE_CURVE_WITH_KNOTS('',1,(#2643,#2644),.UNSPECIFIED.,.F.,
  .F.,(2,2),(0.,6.28318530718),.PIECEWISE_BEZIER_KNOTS.);
#2643 = CARTESIAN_POINT('',(0.,0.));
#2644 = CARTESIAN_POINT('',(-6.28318530718,0.));
#2645 = ( GEOMETRIC_REPRESENTATION_CONTEXT(2) 
PARAMETRIC_REPRESENTATION_CONTEXT() REPRESENTATION_CONTEXT('2D SPACE',''
  ) );
#2646 = FACE_BOUND('',#2647,.F.);
#2647 = EDGE_LOOP('',(#2648));
#2648 = ORIENTED_EDGE('',*,*,#2649,.T.);
#2649 = EDGE_CURVE('',#2650,#2650,#2652,.T.);
#2650 = VERTEX_POINT('',#2651);
#2651 = CARTESIAN_POINT('',(-5.818181818182,-3.,12.));
#2652 = SURFACE_CURVE('',#2653,(#2658,#2669),.PCURVE_S1.);
#2653 = CIRCLE('',#2654,1.);
#2654 = AXIS2_PLACEMENT_3D('',#2655,#2656,#2657);
#2655 = CARTESIAN_POINT('',(-6.818181818182,-3.,12.));
#2656 = DIRECTION('',(2.254526039504E-97,-1.,2.22044604925E-16));
#2657 = DIRECTION('',(1.,2.254526039504E-97,-5.197704882822E-113));
#2658 = PCURVE('',#72,#2659);
#2659 = DEFINITIONAL_REPRESENTATION('',(#2660),#2668);
#2660 = ( BOUNDED_CURVE() B_SPLINE_CURVE(2,(#2661,#2662,#2663,#2664,
#2665,#2666,#2667),.UNSPECIFIED.,.T.,.F.) B_SPLINE_CURVE_WITH_KNOTS((1,2
    ,2,2,2,1),(-2.094395102393,0.,2.094395102393,4.188790204786,
6.28318530718,8.377580409573),.UNSPECIFIED.) CURVE() 
GEOMETRIC_REPRESENTATION_ITEM() RATIONAL_B_SPLINE_CURVE((1.,0.5,1.,0.5,
1.,0.5,1.)) REPRESENTATION_ITEM('') );
#2661 = CARTESIAN_POINT('',(-7.3,-5.818181818182));
#2662 = CARTESIAN_POINT('',(-5.567949192431,-5.818181818182));
#2663 = CARTESIAN_POINT('',(-6.433974596216,-7.318181818182));
#2664 = CARTESIAN_POINT('',(-7.3,-8.818181818182));
#2665 = CARTESIAN_POINT('',(-8.166025403784,-7.318181818182));
#2666 = CARTESIAN_POINT('',(-9.032050807569,-5.818181818182));
#2667 = CARTESIAN_POINT('',(-7.3,-5.818181818182));
#2668 = ( GEOMETRIC_REPRESENTATION_CONTEXT(2) 
PARAMETRIC_REPRESENTATION_CONTEXT() REPRESENTATION_CONTEXT('2D SPACE',''
  ) );
#2669 = PCURVE('',#2670,#2675);
#2670 = CYLINDRICAL_SURFACE('',#2671,1.);
#2671 = AXIS2_PLACEMENT_3D('',#2672,#2673,#2674);
#2672 = CARTESIAN_POINT('',(-6.818181818182,-3.,12.));
#2673 = DIRECTION('',(-2.254526039504E-97,1.,-2.22044604925E-16));
#2674 = DIRECTION('',(1.,2.254526039504E-97,-3.898278662117E-113));
#2675 = DEFINITIONAL_REPRESENTATION('',(#2676),#2679);
#2676 = B_SPLINE_CURVE_WITH_KNOTS('',1,(#2677,#2678),.UNSPECIFIED.,.F.,
  .F.,(2,2),(0.,6.28318530718),.PIECEWISE_BEZIER_KNOTS.);
#2677 = CARTESIAN_POINT('',(0.,0.));
#2678 = CARTESIAN_POINT('',(-6.28318530718,0.));
#2679 = ( GEOMETRIC_REPRESENTATION_CONTEXT(2) 
PARAMETRIC_REPRESENTATION_CONTEXT() REPRESENTATION_CONTEXT('2D SPACE',''
  ) );
#2680 = FACE_BOUND('',#2681,.F.);
#2681 = EDGE_LOOP('',(#2682));
#2682 = ORIENTED_EDGE('',*,*,#2683,.T.);
#2683 = EDGE_CURVE('',#2684,#2684,#2686,.T.);
#2684 = VERTEX_POINT('',#2685);
#2685 = CARTESIAN_POINT('',(-1.272727272727,-3.,7.));
#2686 = SURFACE_CURVE('',#2687,(#2692,#2703),.PCURVE_S1.);
#2687 = CIRCLE('',#2688,1.);
#2688 = AXIS2_PLACEMENT_3D('',#2689,#2690,#2691);
#2689 = CARTESIAN_POINT('',(-2.272727272727,-3.,7.));
#2690 = DIRECTION('',(2.254526039504E-97,-1.,2.22044604925E-16));
#2691 = DIRECTION('',(1.,2.254526039504E-97,-5.197704882822E-113));
#2692 = PCURVE('',#72,#2693);
#2693 = DEFINITIONAL_REPRESENTATION('',(#2694),#2702);
#2694 = ( BOUNDED_CURVE() B_SPLINE_CURVE(2,(#2695,#2696,#2697,#2698,
#2699,#2700,#2701),.UNSPECIFIED.,.T.,.F.) B_SPLINE_CURVE_WITH_KNOTS((1,2
    ,2,2,2,1),(-2.094395102393,0.,2.094395102393,4.188790204786,
6.28318530718,8.377580409573),.UNSPECIFIED.) CURVE() 
GEOMETRIC_REPRESENTATION_ITEM() RATIONAL_B_SPLINE_CURVE((1.,0.5,1.,0.5,
1.,0.5,1.)) REPRESENTATION_ITEM('') );
#2695 = CARTESIAN_POINT('',(-12.3,-1.272727272727));
#2696 = CARTESIAN_POINT('',(-10.56794919243,-1.272727272727));
#2697 = CARTESIAN_POINT('',(-11.43397459621,-2.772727272727));
#2698 = CARTESIAN_POINT('',(-12.3,-4.272727272727));
#2699 = CARTESIAN_POINT('',(-13.16602540378,-2.772727272727));
#2700 = CARTESIAN_POINT('',(-14.03205080756,-1.272727272727));
#2701 = CARTESIAN_POINT('',(-12.3,-1.272727272727));
#2702 = ( GEOMETRIC_REPRESENTATION_CONTEXT(2) 
PARAMETRIC_REPRESENTATION_CONTEXT() REPRESENTATION_CONTEXT('2D SPACE',''
  ) );
#2703 = PCURVE('',#2704,#2709);
#2704 = CYLINDRICAL_SURFACE('',#2705,1.);
#2705 = AXIS2_PLACEMENT_3D('',#2706,#2707,#2708);
#2706 = CARTESIAN_POINT('',(-2.272727272727,-3.,7.));
#2707 = DIRECTION('',(-2.254526039504E-97,1.,-2.22044604925E-16));
#2708 = DIRECTION('',(1.,2.254526039504E-97,-3.898278662117E-113));
#2709 = DEFINITIONAL_REPRESENTATION('',(#2710),#2713);
#2710 = B_SPLINE_CURVE_WITH_KNOTS('',1,(#2711,#2712),.UNSPECIFIED.,.F.,
  .F.,(2,2),(0.,6.28318530718),.PIECEWISE_BEZIER_KNOTS.);
#2711 = CARTESIAN_POINT('',(0.,0.));
#2712 = CARTESIAN_POINT('',(-6.28318530718,0.));
#2713 = ( GEOMETRIC_REPRESENTATION_CONTEXT(2) 
PARAMETRIC_REPRESENTATION_CONTEXT() REPRESENTATION_CONTEXT('2D SPACE',''
  ) );
#2714 = FACE_BOUND('',#2715,.F.);
#2715 = EDGE_LOOP('',(#2716));
#2716 = ORIENTED_EDGE('',*,*,#2717,.T.);
#2717 = EDGE_CURVE('',#2718,#2718,#2720,.T.);
#2718 = VERTEX_POINT('',#2719);
#2719 = CARTESIAN_POINT('',(-1.272727272727,-3.,12.));
#2720 = SURFACE_CURVE('',#2721,(#2726,#2737),.PCURVE_S1.);
#2721 = CIRCLE('',#2722,1.);
#2722 = AXIS2_PLACEMENT_3D('',#2723,#2724,#2725);
#2723 = CARTESIAN_POINT('',(-2.272727272727,-3.,12.));
#2724 = DIRECTION('',(2.254526039504E-97,-1.,2.22044604925E-16));
#2725 = DIRECTION('',(1.,2.254526039504E-97,-5.197704882822E-113));
#2726 = PCURVE('',#72,#2727);
#2727 = DEFINITIONAL_REPRESENTATION('',(#2728),#2736);
#2728 = ( BOUNDED_CURVE() B_SPLINE_CURVE(2,(#2729,#2730,#2731,#2732,
#2733,#2734,#2735),.UNSPECIFIED.,.T.,.F.) B_SPLINE_CURVE_WITH_KNOTS((1,2
    ,2,2,2,1),(-2.094395102393,0.,2.094395102393,4.188790204786,
6.28318530718,8.377580409573),.UNSPECIFIED.) CURVE() 
GEOMETRIC_REPRESENTATION_ITEM() RATIONAL_B_SPLINE_CURVE((1.,0.5,1.,0.5,
1.,0.5,1.)) REPRESENTATION_ITEM('') );
#2729 = CARTESIAN_POINT('',(-7.3,-1.272727272727));
#2730 = CARTESIAN_POINT('',(-5.567949192431,-1.272727272727));
#2731 = CARTESIAN_POINT('',(-6.433974596216,-2.772727272727));
#2732 = CARTESIAN_POINT('',(-7.3,-4.272727272727));
#2733 = CARTESIAN_POINT('',(-8.166025403784,-2.772727272727));
#2734 = CARTESIAN_POINT('',(-9.032050807569,-1.272727272727));
#2735 = CARTESIAN_POINT('',(-7.3,-1.272727272727));
#2736 = ( GEOMETRIC_REPRESENTATION_CONTEXT(2) 
PARAMETRIC_REPRESENTATION_CONTEXT() REPRESENTATION_CONTEXT('2D SPACE',''
  ) );
#2737 = PCURVE('',#2738,#2743);
#2738 = CYLINDRICAL_SURFACE('',#2739,1.);
#2739 = AXIS2_PLACEMENT_3D('',#2740,#2741,#2742);
#2740 = CARTESIAN_POINT('',(-2.272727272727,-3.,12.));
#2741 = DIRECTION('',(-2.254526039504E-97,1.,-2.22044604925E-16));
#2742 = DIRECTION('',(1.,2.254526039504E-97,-3.898278662117E-113));
#2743 = DEFINITIONAL_REPRESENTATION('',(#2744),#2747);
#2744 = B_SPLINE_CURVE_WITH_KNOTS('',1,(#2745,#2746),.UNSPECIFIED.,.F.,
  .F.,(2,2),(0.,6.28318530718),.PIECEWISE_BEZIER_KNOTS.);
#2745 = CARTESIAN_POINT('',(0.,0.));
#2746 = CARTESIAN_POINT('',(-6.28318530718,0.));
#2747 = ( GEOMETRIC_REPRESENTATION_CONTEXT(2) 
PARAMETRIC_REPRESENTATION_CONTEXT() REPRESENTATION_CONTEXT('2D SPACE',''
  ) );
#2748 = FACE_BOUND('',#2749,.F.);
#2749 = EDGE_LOOP('',(#2750));
#2750 = ORIENTED_EDGE('',*,*,#2751,.T.);
#2751 = EDGE_CURVE('',#2752,#2752,#2754,.T.);
#2752 = VERTEX_POINT('',#2753);
#2753 = CARTESIAN_POINT('',(-10.36363636363,-3.,17.));
#2754 = SURFACE_CURVE('',#2755,(#2760,#2771),.PCURVE_S1.);
#2755 = CIRCLE('',#2756,1.);
#2756 = AXIS2_PLACEMENT_3D('',#2757,#2758,#2759);
#2757 = CARTESIAN_POINT('',(-11.36363636363,-3.,17.));
#2758 = DIRECTION('',(2.254526039504E-97,-1.,2.22044604925E-16));
#2759 = DIRECTION('',(1.,2.254526039504E-97,-5.197704882822E-113));
#2760 = PCURVE('',#72,#2761);
#2761 = DEFINITIONAL_REPRESENTATION('',(#2762),#2770);
#2762 = ( BOUNDED_CURVE() B_SPLINE_CURVE(2,(#2763,#2764,#2765,#2766,
#2767,#2768,#2769),.UNSPECIFIED.,.T.,.F.) B_SPLINE_CURVE_WITH_KNOTS((1,2
    ,2,2,2,1),(-2.094395102393,0.,2.094395102393,4.188790204786,
6.28318530718,8.377580409573),.UNSPECIFIED.) CURVE() 
GEOMETRIC_REPRESENTATION_ITEM() RATIONAL_B_SPLINE_CURVE((1.,0.5,1.,0.5,
1.,0.5,1.)) REPRESENTATION_ITEM('') );
#2763 = CARTESIAN_POINT('',(-2.3,-10.36363636363));
#2764 = CARTESIAN_POINT('',(-0.567949192431,-10.36363636363));
#2765 = CARTESIAN_POINT('',(-1.433974596216,-11.86363636363));
#2766 = CARTESIAN_POINT('',(-2.3,-13.36363636363));
#2767 = CARTESIAN_POINT('',(-3.166025403784,-11.86363636363));
#2768 = CARTESIAN_POINT('',(-4.032050807569,-10.36363636363));
#2769 = CARTESIAN_POINT('',(-2.3,-10.36363636363));
#2770 = ( GEOMETRIC_REPRESENTATION_CONTEXT(2) 
PARAMETRIC_REPRESENTATION_CONTEXT() REPRESENTATION_CONTEXT('2D SPACE',''
  ) );
#2771 = PCURVE('',#2772,#2777);
#2772 = CYLINDRICAL_SURFACE('',#2773,1.);
#2773 = AXIS2_PLACEMENT_3D('',#2774,#2775,#2776);
#2774 = CARTESIAN_POINT('',(-11.36363636363,-3.,17.));
#2775 = DIRECTION('',(-2.254526039504E-97,1.,-2.22044604925E-16));
#2776 = DIRECTION('',(1.,2.254526039504E-97,-3.898278662117E-113));
#2777 = DEFINITIONAL_REPRESENTATION('',(#2778),#2781);
#2778 = B_SPLINE_CURVE_WITH_KNOTS('',1,(#2779,#2780),.UNSPECIFIED.,.F.,
  .F.,(2,2),(0.,6.28318530718),.PIECEWISE_BEZIER_KNOTS.);
#2779 = CARTESIAN_POINT('',(0.,0.));
#2780 = CARTESIAN_POINT('',(-6.28318530718,0.));
#2781 = ( GEOMETRIC_REPRESENTATION_CONTEXT(2) 
PARAMETRIC_REPRESENTATION_CONTEXT() REPRESENTATION_CONTEXT('2D SPACE',''
  ) );
#2782 = FACE_BOUND('',#2783,.F.);
#2783 = EDGE_LOOP('',(#2784));
#2784 = ORIENTED_EDGE('',*,*,#2785,.T.);
#2785 = EDGE_CURVE('',#2786,#2786,#2788,.T.);
#2786 = VERTEX_POINT('',#2787);
#2787 = CARTESIAN_POINT('',(-5.818181818182,-3.,17.));
#2788 = SURFACE_CURVE('',#2789,(#2794,#2805),.PCURVE_S1.);
#2789 = CIRCLE('',#2790,1.);
#2790 = AXIS2_PLACEMENT_3D('',#2791,#2792,#2793);
#2791 = CARTESIAN_POINT('',(-6.818181818182,-3.,17.));
#2792 = DIRECTION('',(2.254526039504E-97,-1.,2.22044604925E-16));
#2793 = DIRECTION('',(1.,2.254526039504E-97,-5.197704882822E-113));
#2794 = PCURVE('',#72,#2795);
#2795 = DEFINITIONAL_REPRESENTATION('',(#2796),#2804);
#2796 = ( BOUNDED_CURVE() B_SPLINE_CURVE(2,(#2797,#2798,#2799,#2800,
#2801,#2802,#2803),.UNSPECIFIED.,.T.,.F.) B_SPLINE_CURVE_WITH_KNOTS((1,2
    ,2,2,2,1),(-2.094395102393,0.,2.094395102393,4.188790204786,
6.28318530718,8.377580409573),.UNSPECIFIED.) CURVE() 
GEOMETRIC_REPRESENTATION_ITEM() RATIONAL_B_SPLINE_CURVE((1.,0.5,1.,0.5,
1.,0.5,1.)) REPRESENTATION_ITEM('') );
#2797 = CARTESIAN_POINT('',(-2.3,-5.818181818182));
#2798 = CARTESIAN_POINT('',(-0.567949192431,-5.818181818182));
#2799 = CARTESIAN_POINT('',(-1.433974596216,-7.318181818182));
#2800 = CARTESIAN_POINT('',(-2.3,-8.818181818182));
#2801 = CARTESIAN_POINT('',(-3.166025403784,-7.318181818182));
#2802 = CARTESIAN_POINT('',(-4.032050807569,-5.818181818182));
#2803 = CARTESIAN_POINT('',(-2.3,-5.818181818182));
#2804 = ( GEOMETRIC_REPRESENTATION_CONTEXT(2) 
PARAMETRIC_REPRESENTATION_CONTEXT() REPRESENTATION_CONTEXT('2D SPACE',''
  ) );
#2805 = PCURVE('',#2806,#2811);
#2806 = CYLINDRICAL_SURFACE('',#2807,1.);
#2807 = AXIS2_PLACEMENT_3D('',#2808,#2809,#2810);
#2808 = CARTESIAN_POINT('',(-6.818181818182,-3.,17.));
#2809 = DIRECTION('',(-2.254526039504E-97,1.,-2.22044604925E-16));
#2810 = DIRECTION('',(1.,2.254526039504E-97,-3.898278662117E-113));
#2811 = DEFINITIONAL_REPRESENTATION('',(#2812),#2815);
#2812 = B_SPLINE_CURVE_WITH_KNOTS('',1,(#2813,#2814),.UNSPECIFIED.,.F.,
  .F.,(2,2),(0.,6.28318530718),.PIECEWISE_BEZIER_KNOTS.);
#2813 = CARTESIAN_POINT('',(0.,0.));
#2814 = CARTESIAN_POINT('',(-6.28318530718,0.));
#2815 = ( GEOMETRIC_REPRESENTATION_CONTEXT(2) 
PARAMETRIC_REPRESENTATION_CONTEXT() REPRESENTATION_CONTEXT('2D SPACE',''
  ) );
#2816 = FACE_BOUND('',#2817,.F.);
#2817 = EDGE_LOOP('',(#2818));
#2818 = ORIENTED_EDGE('',*,*,#2819,.T.);
#2819 = EDGE_CURVE('',#2820,#2820,#2822,.T.);
#2820 = VERTEX_POINT('',#2821);
#2821 = CARTESIAN_POINT('',(-1.272727272727,-3.,17.));
#2822 = SURFACE_CURVE('',#2823,(#2828,#2839),.PCURVE_S1.);
#2823 = CIRCLE('',#2824,1.);
#2824 = AXIS2_PLACEMENT_3D('',#2825,#2826,#2827);
#2825 = CARTESIAN_POINT('',(-2.272727272727,-3.,17.));
#2826 = DIRECTION('',(2.254526039504E-97,-1.,2.22044604925E-16));
#2827 = DIRECTION('',(1.,2.254526039504E-97,-5.197704882822E-113));
#2828 = PCURVE('',#72,#2829);
#2829 = DEFINITIONAL_REPRESENTATION('',(#2830),#2838);
#2830 = ( BOUNDED_CURVE() B_SPLINE_CURVE(2,(#2831,#2832,#2833,#2834,
#2835,#2836,#2837),.UNSPECIFIED.,.T.,.F.) B_SPLINE_CURVE_WITH_KNOTS((1,2
    ,2,2,2,1),(-2.094395102393,0.,2.094395102393,4.188790204786,
6.28318530718,8.377580409573),.UNSPECIFIED.) CURVE() 
GEOMETRIC_REPRESENTATION_ITEM() RATIONAL_B_SPLINE_CURVE((1.,0.5,1.,0.5,
1.,0.5,1.)) REPRESENTATION_ITEM('') );
#2831 = CARTESIAN_POINT('',(-2.3,-1.272727272727));
#2832 = CARTESIAN_POINT('',(-0.567949192431,-1.272727272727));
#2833 = CARTESIAN_POINT('',(-1.433974596216,-2.772727272727));
#2834 = CARTESIAN_POINT('',(-2.3,-4.272727272727));
#2835 = CARTESIAN_POINT('',(-3.166025403784,-2.772727272727));
#2836 = CARTESIAN_POINT('',(-4.032050807569,-1.272727272727));
#2837 = CARTESIAN_POINT('',(-2.3,-1.272727272727));
#2838 = ( GEOMETRIC_REPRESENTATION_CONTEXT(2) 
PARAMETRIC_REPRESENTATION_CONTEXT() REPRESENTATION_CONTEXT('2D SPACE',''
  ) );
#2839 = PCURVE('',#2840,#2845);
#2840 = CYLINDRICAL_SURFACE('',#2841,1.);
#2841 = AXIS2_PLACEMENT_3D('',#2842,#2843,#2844);
#2842 = CARTESIAN_POINT('',(-2.272727272727,-3.,17.));
#2843 = DIRECTION('',(-2.254526039504E-97,1.,-2.22044604925E-16));
#2844 = DIRECTION('',(1.,2.254526039504E-97,-3.898278662117E-113));
#2845 = DEFINITIONAL_REPRESENTATION('',(#2846),#2849);
#2846 = B_SPLINE_CURVE_WITH_KNOTS('',1,(#2847,#2848),.UNSPECIFIED.,.F.,
  .F.,(2,2),(0.,6.28318530718),.PIECEWISE_BEZIER_KNOTS.);
#2847 = CARTESIAN_POINT('',(0.,0.));
#2848 = CARTESIAN_POINT('',(-6.28318530718,0.));
#2849 = ( GEOMETRIC_REPRESENTATION_CONTEXT(2) 
PARAMETRIC_REPRESENTATION_CONTEXT() REPRESENTATION_CONTEXT('2D SPACE',''
  ) );
#2850 = FACE_BOUND('',#2851,.F.);
#2851 = EDGE_LOOP('',(#2852));
#2852 = ORIENTED_EDGE('',*,*,#2853,.T.);
#2853 = EDGE_CURVE('',#2854,#2854,#2856,.T.);
#2854 = VERTEX_POINT('',#2855);
#2855 = CARTESIAN_POINT('',(-24.,-3.,22.));
#2856 = SURFACE_CURVE('',#2857,(#2862,#2873),.PCURVE_S1.);
#2857 = CIRCLE('',#2858,1.);
#2858 = AXIS2_PLACEMENT_3D('',#2859,#2860,#2861);
#2859 = CARTESIAN_POINT('',(-25.,-3.,22.));
#2860 = DIRECTION('',(2.254526039504E-97,-1.,2.22044604925E-16));
#2861 = DIRECTION('',(1.,2.254526039504E-97,-5.197704882822E-113));
#2862 = PCURVE('',#72,#2863);
#2863 = DEFINITIONAL_REPRESENTATION('',(#2864),#2872);
#2864 = ( BOUNDED_CURVE() B_SPLINE_CURVE(2,(#2865,#2866,#2867,#2868,
#2869,#2870,#2871),.UNSPECIFIED.,.T.,.F.) B_SPLINE_CURVE_WITH_KNOTS((1,2
    ,2,2,2,1),(-2.094395102393,0.,2.094395102393,4.188790204786,
6.28318530718,8.377580409573),.UNSPECIFIED.) CURVE() 
GEOMETRIC_REPRESENTATION_ITEM() RATIONAL_B_SPLINE_CURVE((1.,0.5,1.,0.5,
1.,0.5,1.)) REPRESENTATION_ITEM('') );
#2865 = CARTESIAN_POINT('',(2.7,-24.));
#2866 = CARTESIAN_POINT('',(4.432050807569,-24.));
#2867 = CARTESIAN_POINT('',(3.566025403784,-25.5));
#2868 = CARTESIAN_POINT('',(2.7,-27.));
#2869 = CARTESIAN_POINT('',(1.833974596216,-25.5));
#2870 = CARTESIAN_POINT('',(0.967949192431,-24.));
#2871 = CARTESIAN_POINT('',(2.7,-24.));
#2872 = ( GEOMETRIC_REPRESENTATION_CONTEXT(2) 
PARAMETRIC_REPRESENTATION_CONTEXT() REPRESENTATION_CONTEXT('2D SPACE',''
  ) );
#2873 = PCURVE('',#2874,#2879);
#2874 = CYLINDRICAL_SURFACE('',#2875,1.);
#2875 = AXIS2_PLACEMENT_3D('',#2876,#2877,#2878);
#2876 = CARTESIAN_POINT('',(-25.,-3.,22.));
#2877 = DIRECTION('',(-2.254526039504E-97,1.,-2.22044604925E-16));
#2878 = DIRECTION('',(1.,2.254526039504E-97,-3.898278662117E-113));
#2879 = DEFINITIONAL_REPRESENTATION('',(#2880),#2883);
#2880 = B_SPLINE_CURVE_WITH_KNOTS('',1,(#2881,#2882),.UNSPECIFIED.,.F.,
  .F.,(2,2),(0.,6.28318530718),.PIECEWISE_BEZIER_KNOTS.);
#2881 = CARTESIAN_POINT('',(0.,0.));
#2882 = CARTESIAN_POINT('',(-6.28318530718,0.));
#2883 = ( GEOMETRIC_REPRESENTATION_CONTEXT(2) 
PARAMETRIC_REPRESENTATION_CONTEXT() REPRESENTATION_CONTEXT('2D SPACE',''
  ) );
#2884 = FACE_BOUND('',#2885,.F.);
#2885 = EDGE_LOOP('',(#2886));
#2886 = ORIENTED_EDGE('',*,*,#2887,.T.);
#2887 = EDGE_CURVE('',#2888,#2888,#2890,.T.);
#2888 = VERTEX_POINT('',#2889);
#2889 = CARTESIAN_POINT('',(-19.45454545454,-3.,22.));
#2890 = SURFACE_CURVE('',#2891,(#2896,#2907),.PCURVE_S1.);
#2891 = CIRCLE('',#2892,1.);
#2892 = AXIS2_PLACEMENT_3D('',#2893,#2894,#2895);
#2893 = CARTESIAN_POINT('',(-20.45454545454,-3.,22.));
#2894 = DIRECTION('',(2.254526039504E-97,-1.,2.22044604925E-16));
#2895 = DIRECTION('',(1.,2.254526039504E-97,-5.197704882822E-113));
#2896 = PCURVE('',#72,#2897);
#2897 = DEFINITIONAL_REPRESENTATION('',(#2898),#2906);
#2898 = ( BOUNDED_CURVE() B_SPLINE_CURVE(2,(#2899,#2900,#2901,#2902,
#2903,#2904,#2905),.UNSPECIFIED.,.T.,.F.) B_SPLINE_CURVE_WITH_KNOTS((1,2
    ,2,2,2,1),(-2.094395102393,0.,2.094395102393,4.188790204786,
6.28318530718,8.377580409573),.UNSPECIFIED.) CURVE() 
GEOMETRIC_REPRESENTATION_ITEM() RATIONAL_B_SPLINE_CURVE((1.,0.5,1.,0.5,
1.,0.5,1.)) REPRESENTATION_ITEM('') );
#2899 = CARTESIAN_POINT('',(2.7,-19.45454545454));
#2900 = CARTESIAN_POINT('',(4.432050807569,-19.45454545454));
#2901 = CARTESIAN_POINT('',(3.566025403784,-20.95454545454));
#2902 = CARTESIAN_POINT('',(2.7,-22.45454545454));
#2903 = CARTESIAN_POINT('',(1.833974596216,-20.95454545454));
#2904 = CARTESIAN_POINT('',(0.967949192431,-19.45454545454));
#2905 = CARTESIAN_POINT('',(2.7,-19.45454545454));
#2906 = ( GEOMETRIC_REPRESENTATION_CONTEXT(2) 
PARAMETRIC_REPRESENTATION_CONTEXT() REPRESENTATION_CONTEXT('2D SPACE',''
  ) );
#2907 = PCURVE('',#2908,#2913);
#2908 = CYLINDRICAL_SURFACE('',#2909,1.);
#2909 = AXIS2_PLACEMENT_3D('',#2910,#2911,#2912);
#2910 = CARTESIAN_POINT('',(-20.45454545454,-3.,22.));
#2911 = DIRECTION('',(-2.254526039504E-97,1.,-2.22044604925E-16));
#2912 = DIRECTION('',(1.,2.254526039504E-97,-3.898278662117E-113));
#2913 = DEFINITIONAL_REPRESENTATION('',(#2914),#2917);
#2914 = B_SPLINE_CURVE_WITH_KNOTS('',1,(#2915,#2916),.UNSPECIFIED.,.F.,
  .F.,(2,2),(0.,6.28318530718),.PIECEWISE_BEZIER_KNOTS.);
#2915 = CARTESIAN_POINT('',(0.,0.));
#2916 = CARTESIAN_POINT('',(-6.28318530718,0.));
#2917 = ( GEOMETRIC_REPRESENTATION_CONTEXT(2) 
PARAMETRIC_REPRESENTATION_CONTEXT() REPRESENTATION_CONTEXT('2D SPACE',''
  ) );
#2918 = FACE_BOUND('',#2919,.F.);
#2919 = EDGE_LOOP('',(#2920));
#2920 = ORIENTED_EDGE('',*,*,#2921,.T.);
#2921 = EDGE_CURVE('',#2922,#2922,#2924,.T.);
#2922 = VERTEX_POINT('',#2923);
#2923 = CARTESIAN_POINT('',(-14.90909090909,-3.,22.));
#2924 = SURFACE_CURVE('',#2925,(#2930,#2941),.PCURVE_S1.);
#2925 = CIRCLE('',#2926,1.);
#2926 = AXIS2_PLACEMENT_3D('',#2927,#2928,#2929);
#2927 = CARTESIAN_POINT('',(-15.90909090909,-3.,22.));
#2928 = DIRECTION('',(2.254526039504E-97,-1.,2.22044604925E-16));
#2929 = DIRECTION('',(1.,2.254526039504E-97,-5.197704882822E-113));
#2930 = PCURVE('',#72,#2931);
#2931 = DEFINITIONAL_REPRESENTATION('',(#2932),#2940);
#2932 = ( BOUNDED_CURVE() B_SPLINE_CURVE(2,(#2933,#2934,#2935,#2936,
#2937,#2938,#2939),.UNSPECIFIED.,.T.,.F.) B_SPLINE_CURVE_WITH_KNOTS((1,2
    ,2,2,2,1),(-2.094395102393,0.,2.094395102393,4.188790204786,
6.28318530718,8.377580409573),.UNSPECIFIED.) CURVE() 
GEOMETRIC_REPRESENTATION_ITEM() RATIONAL_B_SPLINE_CURVE((1.,0.5,1.,0.5,
1.,0.5,1.)) REPRESENTATION_ITEM('') );
#2933 = CARTESIAN_POINT('',(2.7,-14.90909090909));
#2934 = CARTESIAN_POINT('',(4.432050807569,-14.90909090909));
#2935 = CARTESIAN_POINT('',(3.566025403784,-16.40909090909));
#2936 = CARTESIAN_POINT('',(2.7,-17.90909090909));
#2937 = CARTESIAN_POINT('',(1.833974596216,-16.40909090909));
#2938 = CARTESIAN_POINT('',(0.967949192431,-14.90909090909));
#2939 = CARTESIAN_POINT('',(2.7,-14.90909090909));
#2940 = ( GEOMETRIC_REPRESENTATION_CONTEXT(2) 
PARAMETRIC_REPRESENTATION_CONTEXT() REPRESENTATION_CONTEXT('2D SPACE',''
  ) );
#2941 = PCURVE('',#2942,#2947);
#2942 = CYLINDRICAL_SURFACE('',#2943,1.);
#2943 = AXIS2_PLACEMENT_3D('',#2944,#2945,#2946);
#2944 = CARTESIAN_POINT('',(-15.90909090909,-3.,22.));
#2945 = DIRECTION('',(-2.254526039504E-97,1.,-2.22044604925E-16));
#2946 = DIRECTION('',(1.,2.254526039504E-97,-3.898278662117E-113));
#2947 = DEFINITIONAL_REPRESENTATION('',(#2948),#2951);
#2948 = B_SPLINE_CURVE_WITH_KNOTS('',1,(#2949,#2950),.UNSPECIFIED.,.F.,
  .F.,(2,2),(0.,6.28318530718),.PIECEWISE_BEZIER_KNOTS.);
#2949 = CARTESIAN_POINT('',(0.,0.));
#2950 = CARTESIAN_POINT('',(-6.28318530718,0.));
#2951 = ( GEOMETRIC_REPRESENTATION_CONTEXT(2) 
PARAMETRIC_REPRESENTATION_CONTEXT() REPRESENTATION_CONTEXT('2D SPACE',''
  ) );
#2952 = FACE_BOUND('',#2953,.F.);
#2953 = EDGE_LOOP('',(#2954));
#2954 = ORIENTED_EDGE('',*,*,#2955,.T.);
#2955 = EDGE_CURVE('',#2956,#2956,#2958,.T.);
#2956 = VERTEX_POINT('',#2957);
#2957 = CARTESIAN_POINT('',(-24.,-3.,27.));
#2958 = SURFACE_CURVE('',#2959,(#2964,#2975),.PCURVE_S1.);
#2959 = CIRCLE('',#2960,1.);
#2960 = AXIS2_PLACEMENT_3D('',#2961,#2962,#2963);
#2961 = CARTESIAN_POINT('',(-25.,-3.,27.));
#2962 = DIRECTION('',(2.254526039504E-97,-1.,2.22044604925E-16));
#2963 = DIRECTION('',(1.,2.254526039504E-97,-5.197704882822E-113));
#2964 = PCURVE('',#72,#2965);
#2965 = DEFINITIONAL_REPRESENTATION('',(#2966),#2974);
#2966 = ( BOUNDED_CURVE() B_SPLINE_CURVE(2,(#2967,#2968,#2969,#2970,
#2971,#2972,#2973),.UNSPECIFIED.,.T.,.F.) B_SPLINE_CURVE_WITH_KNOTS((1,2
    ,2,2,2,1),(-2.094395102393,0.,2.094395102393,4.188790204786,
6.28318530718,8.377580409573),.UNSPECIFIED.) CURVE() 
GEOMETRIC_REPRESENTATION_ITEM() RATIONAL_B_SPLINE_CURVE((1.,0.5,1.,0.5,
1.,0.5,1.)) REPRESENTATION_ITEM('') );
#2967 = CARTESIAN_POINT('',(7.7,-24.));
#2968 = CARTESIAN_POINT('',(9.432050807569,-24.));
#2969 = CARTESIAN_POINT('',(8.566025403784,-25.5));
#2970 = CARTESIAN_POINT('',(7.7,-27.));
#2971 = CARTESIAN_POINT('',(6.833974596216,-25.5));
#2972 = CARTESIAN_POINT('',(5.967949192431,-24.));
#2973 = CARTESIAN_POINT('',(7.7,-24.));
#2974 = ( GEOMETRIC_REPRESENTATION_CONTEXT(2) 
PARAMETRIC_REPRESENTATION_CONTEXT() REPRESENTATION_CONTEXT('2D SPACE',''
  ) );
#2975 = PCURVE('',#2976,#2981);
#2976 = CYLINDRICAL_SURFACE('',#2977,1.);
#2977 = AXIS2_PLACEMENT_3D('',#2978,#2979,#2980);
#2978 = CARTESIAN_POINT('',(-25.,-3.,27.));
#2979 = DIRECTION('',(-2.254526039504E-97,1.,-2.22044604925E-16));
#2980 = DIRECTION('',(1.,2.254526039504E-97,-3.898278662117E-113));
#2981 = DEFINITIONAL_REPRESENTATION('',(#2982),#2985);
#2982 = B_SPLINE_CURVE_WITH_KNOTS('',1,(#2983,#2984),.UNSPECIFIED.,.F.,
  .F.,(2,2),(0.,6.28318530718),.PIECEWISE_BEZIER_KNOTS.);
#2983 = CARTESIAN_POINT('',(0.,0.));
#2984 = CARTESIAN_POINT('',(-6.28318530718,0.));
#2985 = ( GEOMETRIC_REPRESENTATION_CONTEXT(2) 
PARAMETRIC_REPRESENTATION_CONTEXT() REPRESENTATION_CONTEXT('2D SPACE',''
  ) );
#2986 = FACE_BOUND('',#2987,.F.);
#2987 = EDGE_LOOP('',(#2988));
#2988 = ORIENTED_EDGE('',*,*,#2989,.T.);
#2989 = EDGE_CURVE('',#2990,#2990,#2992,.T.);
#2990 = VERTEX_POINT('',#2991);
#2991 = CARTESIAN_POINT('',(-19.45454545454,-3.,27.));
#2992 = SURFACE_CURVE('',#2993,(#2998,#3009),.PCURVE_S1.);
#2993 = CIRCLE('',#2994,1.);
#2994 = AXIS2_PLACEMENT_3D('',#2995,#2996,#2997);
#2995 = CARTESIAN_POINT('',(-20.45454545454,-3.,27.));
#2996 = DIRECTION('',(2.254526039504E-97,-1.,2.22044604925E-16));
#2997 = DIRECTION('',(1.,2.254526039504E-97,-5.197704882822E-113));
#2998 = PCURVE('',#72,#2999);
#2999 = DEFINITIONAL_REPRESENTATION('',(#3000),#3008);
#3000 = ( BOUNDED_CURVE() B_SPLINE_CURVE(2,(#3001,#3002,#3003,#3004,
#3005,#3006,#3007),.UNSPECIFIED.,.T.,.F.) B_SPLINE_CURVE_WITH_KNOTS((1,2
    ,2,2,2,1),(-2.094395102393,0.,2.094395102393,4.188790204786,
6.28318530718,8.377580409573),.UNSPECIFIED.) CURVE() 
GEOMETRIC_REPRESENTATION_ITEM() RATIONAL_B_SPLINE_CURVE((1.,0.5,1.,0.5,
1.,0.5,1.)) REPRESENTATION_ITEM('') );
#3001 = CARTESIAN_POINT('',(7.7,-19.45454545454));
#3002 = CARTESIAN_POINT('',(9.432050807569,-19.45454545454));
#3003 = CARTESIAN_POINT('',(8.566025403784,-20.95454545454));
#3004 = CARTESIAN_POINT('',(7.7,-22.45454545454));
#3005 = CARTESIAN_POINT('',(6.833974596216,-20.95454545454));
#3006 = CARTESIAN_POINT('',(5.967949192431,-19.45454545454));
#3007 = CARTESIAN_POINT('',(7.7,-19.45454545454));
#3008 = ( GEOMETRIC_REPRESENTATION_CONTEXT(2) 
PARAMETRIC_REPRESENTATION_CONTEXT() REPRESENTATION_CONTEXT('2D SPACE',''
  ) );
#3009 = PCURVE('',#3010,#3015);
#3010 = CYLINDRICAL_SURFACE('',#3011,1.);
#3011 = AXIS2_PLACEMENT_3D('',#3012,#3013,#3014);
#3012 = CARTESIAN_POINT('',(-20.45454545454,-3.,27.));
#3013 = DIRECTION('',(-2.254526039504E-97,1.,-2.22044604925E-16));
#3014 = DIRECTION('',(1.,2.254526039504E-97,-3.898278662117E-113));
#3015 = DEFINITIONAL_REPRESENTATION('',(#3016),#3019);
#3016 = B_SPLINE_CURVE_WITH_KNOTS('',1,(#3017,#3018),.UNSPECIFIED.,.F.,
  .F.,(2,2),(0.,6.28318530718),.PIECEWISE_BEZIER_KNOTS.);
#3017 = CARTESIAN_POINT('',(0.,0.));
#3018 = CARTESIAN_POINT('',(-6.28318530718,0.));
#3019 = ( GEOMETRIC_REPRESENTATION_CONTEXT(2) 
PARAMETRIC_REPRESENTATION_CONTEXT() REPRESENTATION_CONTEXT('2D SPACE',''
  ) );
#3020 = FACE_BOUND('',#3021,.F.);
#3021 = EDGE_LOOP('',(#3022));
#3022 = ORIENTED_EDGE('',*,*,#3023,.T.);
#3023 = EDGE_CURVE('',#3024,#3024,#3026,.T.);
#3024 = VERTEX_POINT('',#3025);
#3025 = CARTESIAN_POINT('',(-24.,-3.,32.));
#3026 = SURFACE_CURVE('',#3027,(#3032,#3043),.PCURVE_S1.);
#3027 = CIRCLE('',#3028,1.);
#3028 = AXIS2_PLACEMENT_3D('',#3029,#3030,#3031);
#3029 = CARTESIAN_POINT('',(-25.,-3.,32.));
#3030 = DIRECTION('',(2.254526039504E-97,-1.,2.22044604925E-16));
#3031 = DIRECTION('',(1.,2.254526039504E-97,-5.197704882822E-113));
#3032 = PCURVE('',#72,#3033);
#3033 = DEFINITIONAL_REPRESENTATION('',(#3034),#3042);
#3034 = ( BOUNDED_CURVE() B_SPLINE_CURVE(2,(#3035,#3036,#3037,#3038,
#3039,#3040,#3041),.UNSPECIFIED.,.T.,.F.) B_SPLINE_CURVE_WITH_KNOTS((1,2
    ,2,2,2,1),(-2.094395102393,0.,2.094395102393,4.188790204786,
6.28318530718,8.377580409573),.UNSPECIFIED.) CURVE() 
GEOMETRIC_REPRESENTATION_ITEM() RATIONAL_B_SPLINE_CURVE((1.,0.5,1.,0.5,
1.,0.5,1.)) REPRESENTATION_ITEM('') );
#3035 = CARTESIAN_POINT('',(12.7,-24.));
#3036 = CARTESIAN_POINT('',(14.432050807569,-24.));
#3037 = CARTESIAN_POINT('',(13.566025403784,-25.5));
#3038 = CARTESIAN_POINT('',(12.7,-27.));
#3039 = CARTESIAN_POINT('',(11.833974596216,-25.5));
#3040 = CARTESIAN_POINT('',(10.967949192431,-24.));
#3041 = CARTESIAN_POINT('',(12.7,-24.));
#3042 = ( GEOMETRIC_REPRESENTATION_CONTEXT(2) 
PARAMETRIC_REPRESENTATION_CONTEXT() REPRESENTATION_CONTEXT('2D SPACE',''
  ) );
#3043 = PCURVE('',#3044,#3049);
#3044 = CYLINDRICAL_SURFACE('',#3045,1.);
#3045 = AXIS2_PLACEMENT_3D('',#3046,#3047,#3048);
#3046 = CARTESIAN_POINT('',(-25.,-3.,32.));
#3047 = DIRECTION('',(-2.254526039504E-97,1.,-2.22044604925E-16));
#3048 = DIRECTION('',(1.,2.254526039504E-97,-3.898278662117E-113));
#3049 = DEFINITIONAL_REPRESENTATION('',(#3050),#3053);
#3050 = B_SPLINE_CURVE_WITH_KNOTS('',1,(#3051,#3052),.UNSPECIFIED.,.F.,
  .F.,(2,2),(0.,6.28318530718),.PIECEWISE_BEZIER_KNOTS.);
#3051 = CARTESIAN_POINT('',(0.,0.));
#3052 = CARTESIAN_POINT('',(-6.28318530718,0.));
#3053 = ( GEOMETRIC_REPRESENTATION_CONTEXT(2) 
PARAMETRIC_REPRESENTATION_CONTEXT() REPRESENTATION_CONTEXT('2D SPACE',''
  ) );
#3054 = FACE_BOUND('',#3055,.F.);
#3055 = EDGE_LOOP('',(#3056));
#3056 = ORIENTED_EDGE('',*,*,#3057,.T.);
#3057 = EDGE_CURVE('',#3058,#3058,#3060,.T.);
#3058 = VERTEX_POINT('',#3059);
#3059 = CARTESIAN_POINT('',(-19.45454545454,-3.,32.));
#3060 = SURFACE_CURVE('',#3061,(#3066,#3077),.PCURVE_S1.);
#3061 = CIRCLE('',#3062,1.);
#3062 = AXIS2_PLACEMENT_3D('',#3063,#3064,#3065);
#3063 = CARTESIAN_POINT('',(-20.45454545454,-3.,32.));
#3064 = DIRECTION('',(2.254526039504E-97,-1.,2.22044604925E-16));
#3065 = DIRECTION('',(1.,2.254526039504E-97,-5.197704882822E-113));
#3066 = PCURVE('',#72,#3067);
#3067 = DEFINITIONAL_REPRESENTATION('',(#3068),#3076);
#3068 = ( BOUNDED_CURVE() B_SPLINE_CURVE(2,(#3069,#3070,#3071,#3072,
#3073,#3074,#3075),.UNSPECIFIED.,.T.,.F.) B_SPLINE_CURVE_WITH_KNOTS((1,2
    ,2,2,2,1),(-2.094395102393,0.,2.094395102393,4.188790204786,
6.28318530718,8.377580409573),.UNSPECIFIED.) CURVE() 
GEOMETRIC_REPRESENTATION_ITEM() RATIONAL_B_SPLINE_CURVE((1.,0.5,1.,0.5,
1.,0.5,1.)) REPRESENTATION_ITEM('') );
#3069 = CARTESIAN_POINT('',(12.7,-19.45454545454));
#3070 = CARTESIAN_POINT('',(14.432050807569,-19.45454545454));
#3071 = CARTESIAN_POINT('',(13.566025403784,-20.95454545454));
#3072 = CARTESIAN_POINT('',(12.7,-22.45454545454));
#3073 = CARTESIAN_POINT('',(11.833974596216,-20.95454545454));
#3074 = CARTESIAN_POINT('',(10.967949192431,-19.45454545454));
#3075 = CARTESIAN_POINT('',(12.7,-19.45454545454));
#3076 = ( GEOMETRIC_REPRESENTATION_CONTEXT(2) 
PARAMETRIC_REPRESENTATION_CONTEXT() REPRESENTATION_CONTEXT('2D SPACE',''
  ) );
#3077 = PCURVE('',#3078,#3083);
#3078 = CYLINDRICAL_SURFACE('',#3079,1.);
#3079 = AXIS2_PLACEMENT_3D('',#3080,#3081,#3082);
#3080 = CARTESIAN_POINT('',(-20.45454545454,-3.,32.));
#3081 = DIRECTION('',(-2.254526039504E-97,1.,-2.22044604925E-16));
#3082 = DIRECTION('',(1.,2.254526039504E-97,-3.898278662117E-113));
#3083 = DEFINITIONAL_REPRESENTATION('',(#3084),#3087);
#3084 = B_SPLINE_CURVE_WITH_KNOTS('',1,(#3085,#3086),.UNSPECIFIED.,.F.,
  .F.,(2,2),(0.,6.28318530718),.PIECEWISE_BEZIER_KNOTS.);
#3085 = CARTESIAN_POINT('',(0.,0.));
#3086 = CARTESIAN_POINT('',(-6.28318530718,0.));
#3087 = ( GEOMETRIC_REPRESENTATION_CONTEXT(2) 
PARAMETRIC_REPRESENTATION_CONTEXT() REPRESENTATION_CONTEXT('2D SPACE',''
  ) );
#3088 = FACE_BOUND('',#3089,.F.);
#3089 = EDGE_LOOP('',(#3090));
#3090 = ORIENTED_EDGE('',*,*,#3091,.T.);
#3091 = EDGE_CURVE('',#3092,#3092,#3094,.T.);
#3092 = VERTEX_POINT('',#3093);
#3093 = CARTESIAN_POINT('',(-14.90909090909,-3.,27.));
#3094 = SURFACE_CURVE('',#3095,(#3100,#3111),.PCURVE_S1.);
#3095 = CIRCLE('',#3096,1.);
#3096 = AXIS2_PLACEMENT_3D('',#3097,#3098,#3099);
#3097 = CARTESIAN_POINT('',(-15.90909090909,-3.,27.));
#3098 = DIRECTION('',(2.254526039504E-97,-1.,2.22044604925E-16));
#3099 = DIRECTION('',(1.,2.254526039504E-97,-5.197704882822E-113));
#3100 = PCURVE('',#72,#3101);
#3101 = DEFINITIONAL_REPRESENTATION('',(#3102),#3110);
#3102 = ( BOUNDED_CURVE() B_SPLINE_CURVE(2,(#3103,#3104,#3105,#3106,
#3107,#3108,#3109),.UNSPECIFIED.,.T.,.F.) B_SPLINE_CURVE_WITH_KNOTS((1,2
    ,2,2,2,1),(-2.094395102393,0.,2.094395102393,4.188790204786,
6.28318530718,8.377580409573),.UNSPECIFIED.) CURVE() 
GEOMETRIC_REPRESENTATION_ITEM() RATIONAL_B_SPLINE_CURVE((1.,0.5,1.,0.5,
1.,0.5,1.)) REPRESENTATION_ITEM('') );
#3103 = CARTESIAN_POINT('',(7.7,-14.90909090909));
#3104 = CARTESIAN_POINT('',(9.432050807569,-14.90909090909));
#3105 = CARTESIAN_POINT('',(8.566025403784,-16.40909090909));
#3106 = CARTESIAN_POINT('',(7.7,-17.90909090909));
#3107 = CARTESIAN_POINT('',(6.833974596216,-16.40909090909));
#3108 = CARTESIAN_POINT('',(5.967949192431,-14.90909090909));
#3109 = CARTESIAN_POINT('',(7.7,-14.90909090909));
#3110 = ( GEOMETRIC_REPRESENTATION_CONTEXT(2) 
PARAMETRIC_REPRESENTATION_CONTEXT() REPRESENTATION_CONTEXT('2D SPACE',''
  ) );
#3111 = PCURVE('',#3112,#3117);
#3112 = CYLINDRICAL_SURFACE('',#3113,1.);
#3113 = AXIS2_PLACEMENT_3D('',#3114,#3115,#3116);
#3114 = CARTESIAN_POINT('',(-15.90909090909,-3.,27.));
#3115 = DIRECTION('',(-2.254526039504E-97,1.,-2.22044604925E-16));
#3116 = DIRECTION('',(1.,2.254526039504E-97,-3.898278662117E-113));
#3117 = DEFINITIONAL_REPRESENTATION('',(#3118),#3121);
#3118 = B_SPLINE_CURVE_WITH_KNOTS('',1,(#3119,#3120),.UNSPECIFIED.,.F.,
  .F.,(2,2),(0.,6.28318530718),.PIECEWISE_BEZIER_KNOTS.);
#3119 = CARTESIAN_POINT('',(0.,0.));
#3120 = CARTESIAN_POINT('',(-6.28318530718,0.));
#3121 = ( GEOMETRIC_REPRESENTATION_CONTEXT(2) 
PARAMETRIC_REPRESENTATION_CONTEXT() REPRESENTATION_CONTEXT('2D SPACE',''
  ) );
#3122 = FACE_BOUND('',#3123,.F.);
#3123 = EDGE_LOOP('',(#3124));
#3124 = ORIENTED_EDGE('',*,*,#3125,.T.);
#3125 = EDGE_CURVE('',#3126,#3126,#3128,.T.);
#3126 = VERTEX_POINT('',#3127);
#3127 = CARTESIAN_POINT('',(-14.90909090909,-3.,32.));
#3128 = SURFACE_CURVE('',#3129,(#3134,#3145),.PCURVE_S1.);
#3129 = CIRCLE('',#3130,1.);
#3130 = AXIS2_PLACEMENT_3D('',#3131,#3132,#3133);
#3131 = CARTESIAN_POINT('',(-15.90909090909,-3.,32.));
#3132 = DIRECTION('',(2.254526039504E-97,-1.,2.22044604925E-16));
#3133 = DIRECTION('',(1.,2.254526039504E-97,-5.197704882822E-113));
#3134 = PCURVE('',#72,#3135);
#3135 = DEFINITIONAL_REPRESENTATION('',(#3136),#3144);
#3136 = ( BOUNDED_CURVE() B_SPLINE_CURVE(2,(#3137,#3138,#3139,#3140,
#3141,#3142,#3143),.UNSPECIFIED.,.T.,.F.) B_SPLINE_CURVE_WITH_KNOTS((1,2
    ,2,2,2,1),(-2.094395102393,0.,2.094395102393,4.188790204786,
6.28318530718,8.377580409573),.UNSPECIFIED.) CURVE() 
GEOMETRIC_REPRESENTATION_ITEM() RATIONAL_B_SPLINE_CURVE((1.,0.5,1.,0.5,
1.,0.5,1.)) REPRESENTATION_ITEM('') );
#3137 = CARTESIAN_POINT('',(12.7,-14.90909090909));
#3138 = CARTESIAN_POINT('',(14.432050807569,-14.90909090909));
#3139 = CARTESIAN_POINT('',(13.566025403784,-16.40909090909));
#3140 = CARTESIAN_POINT('',(12.7,-17.90909090909));
#3141 = CARTESIAN_POINT('',(11.833974596216,-16.40909090909));
#3142 = CARTESIAN_POINT('',(10.967949192431,-14.90909090909));
#3143 = CARTESIAN_POINT('',(12.7,-14.90909090909));
#3144 = ( GEOMETRIC_REPRESENTATION_CONTEXT(2) 
PARAMETRIC_REPRESENTATION_CONTEXT() REPRESENTATION_CONTEXT('2D SPACE',''
  ) );
#3145 = PCURVE('',#3146,#3151);
#3146 = CYLINDRICAL_SURFACE('',#3147,1.);
#3147 = AXIS2_PLACEMENT_3D('',#3148,#3149,#3150);
#3148 = CARTESIAN_POINT('',(-15.90909090909,-3.,32.));
#3149 = DIRECTION('',(-2.254526039504E-97,1.,-2.22044604925E-16));
#3150 = DIRECTION('',(1.,2.254526039504E-97,-3.898278662117E-113));
#3151 = DEFINITIONAL_REPRESENTATION('',(#3152),#3155);
#3152 = B_SPLINE_CURVE_WITH_KNOTS('',1,(#3153,#3154),.UNSPECIFIED.,.F.,
  .F.,(2,2),(0.,6.28318530718),.PIECEWISE_BEZIER_KNOTS.);
#3153 = CARTESIAN_POINT('',(0.,0.));
#3154 = CARTESIAN_POINT('',(-6.28318530718,0.));
#3155 = ( GEOMETRIC_REPRESENTATION_CONTEXT(2) 
PARAMETRIC_REPRESENTATION_CONTEXT() REPRESENTATION_CONTEXT('2D SPACE',''
  ) );
#3156 = FACE_BOUND('',#3157,.F.);
#3157 = EDGE_LOOP('',(#3158));
#3158 = ORIENTED_EDGE('',*,*,#3159,.T.);
#3159 = EDGE_CURVE('',#3160,#3160,#3162,.T.);
#3160 = VERTEX_POINT('',#3161);
#3161 = CARTESIAN_POINT('',(-10.36363636363,-3.,22.));
#3162 = SURFACE_CURVE('',#3163,(#3168,#3179),.PCURVE_S1.);
#3163 = CIRCLE('',#3164,1.);
#3164 = AXIS2_PLACEMENT_3D('',#3165,#3166,#3167);
#3165 = CARTESIAN_POINT('',(-11.36363636363,-3.,22.));
#3166 = DIRECTION('',(2.254526039504E-97,-1.,2.22044604925E-16));
#3167 = DIRECTION('',(1.,2.254526039504E-97,-5.197704882822E-113));
#3168 = PCURVE('',#72,#3169);
#3169 = DEFINITIONAL_REPRESENTATION('',(#3170),#3178);
#3170 = ( BOUNDED_CURVE() B_SPLINE_CURVE(2,(#3171,#3172,#3173,#3174,
#3175,#3176,#3177),.UNSPECIFIED.,.T.,.F.) B_SPLINE_CURVE_WITH_KNOTS((1,2
    ,2,2,2,1),(-2.094395102393,0.,2.094395102393,4.188790204786,
6.28318530718,8.377580409573),.UNSPECIFIED.) CURVE() 
GEOMETRIC_REPRESENTATION_ITEM() RATIONAL_B_SPLINE_CURVE((1.,0.5,1.,0.5,
1.,0.5,1.)) REPRESENTATION_ITEM('') );
#3171 = CARTESIAN_POINT('',(2.7,-10.36363636363));
#3172 = CARTESIAN_POINT('',(4.432050807569,-10.36363636363));
#3173 = CARTESIAN_POINT('',(3.566025403784,-11.86363636363));
#3174 = CARTESIAN_POINT('',(2.7,-13.36363636363));
#3175 = CARTESIAN_POINT('',(1.833974596216,-11.86363636363));
#3176 = CARTESIAN_POINT('',(0.967949192431,-10.36363636363));
#3177 = CARTESIAN_POINT('',(2.7,-10.36363636363));
#3178 = ( GEOMETRIC_REPRESENTATION_CONTEXT(2) 
PARAMETRIC_REPRESENTATION_CONTEXT() REPRESENTATION_CONTEXT('2D SPACE',''
  ) );
#3179 = PCURVE('',#3180,#3185);
#3180 = CYLINDRICAL_SURFACE('',#3181,1.);
#3181 = AXIS2_PLACEMENT_3D('',#3182,#3183,#3184);
#3182 = CARTESIAN_POINT('',(-11.36363636363,-3.,22.));
#3183 = DIRECTION('',(-2.254526039504E-97,1.,-2.22044604925E-16));
#3184 = DIRECTION('',(1.,2.254526039504E-97,-3.898278662117E-113));
#3185 = DEFINITIONAL_REPRESENTATION('',(#3186),#3189);
#3186 = B_SPLINE_CURVE_WITH_KNOTS('',1,(#3187,#3188),.UNSPECIFIED.,.F.,
  .F.,(2,2),(0.,6.28318530718),.PIECEWISE_BEZIER_KNOTS.);
#3187 = CARTESIAN_POINT('',(0.,0.));
#3188 = CARTESIAN_POINT('',(-6.28318530718,0.));
#3189 = ( GEOMETRIC_REPRESENTATION_CONTEXT(2) 
PARAMETRIC_REPRESENTATION_CONTEXT() REPRESENTATION_CONTEXT('2D SPACE',''
  ) );
#3190 = FACE_BOUND('',#3191,.F.);
#3191 = EDGE_LOOP('',(#3192));
#3192 = ORIENTED_EDGE('',*,*,#3193,.T.);
#3193 = EDGE_CURVE('',#3194,#3194,#3196,.T.);
#3194 = VERTEX_POINT('',#3195);
#3195 = CARTESIAN_POINT('',(-5.818181818182,-3.,22.));
#3196 = SURFACE_CURVE('',#3197,(#3202,#3213),.PCURVE_S1.);
#3197 = CIRCLE('',#3198,1.);
#3198 = AXIS2_PLACEMENT_3D('',#3199,#3200,#3201);
#3199 = CARTESIAN_POINT('',(-6.818181818182,-3.,22.));
#3200 = DIRECTION('',(2.254526039504E-97,-1.,2.22044604925E-16));
#3201 = DIRECTION('',(1.,2.254526039504E-97,-5.197704882822E-113));
#3202 = PCURVE('',#72,#3203);
#3203 = DEFINITIONAL_REPRESENTATION('',(#3204),#3212);
#3204 = ( BOUNDED_CURVE() B_SPLINE_CURVE(2,(#3205,#3206,#3207,#3208,
#3209,#3210,#3211),.UNSPECIFIED.,.T.,.F.) B_SPLINE_CURVE_WITH_KNOTS((1,2
    ,2,2,2,1),(-2.094395102393,0.,2.094395102393,4.188790204786,
6.28318530718,8.377580409573),.UNSPECIFIED.) CURVE() 
GEOMETRIC_REPRESENTATION_ITEM() RATIONAL_B_SPLINE_CURVE((1.,0.5,1.,0.5,
1.,0.5,1.)) REPRESENTATION_ITEM('') );
#3205 = CARTESIAN_POINT('',(2.7,-5.818181818182));
#3206 = CARTESIAN_POINT('',(4.432050807569,-5.818181818182));
#3207 = CARTESIAN_POINT('',(3.566025403784,-7.318181818182));
#3208 = CARTESIAN_POINT('',(2.7,-8.818181818182));
#3209 = CARTESIAN_POINT('',(1.833974596216,-7.318181818182));
#3210 = CARTESIAN_POINT('',(0.967949192431,-5.818181818182));
#3211 = CARTESIAN_POINT('',(2.7,-5.818181818182));
#3212 = ( GEOMETRIC_REPRESENTATION_CONTEXT(2) 
PARAMETRIC_REPRESENTATION_CONTEXT() REPRESENTATION_CONTEXT('2D SPACE',''
  ) );
#3213 = PCURVE('',#3214,#3219);
#3214 = CYLINDRICAL_SURFACE('',#3215,1.);
#3215 = AXIS2_PLACEMENT_3D('',#3216,#3217,#3218);
#3216 = CARTESIAN_POINT('',(-6.818181818182,-3.,22.));
#3217 = DIRECTION('',(-2.254526039504E-97,1.,-2.22044604925E-16));
#3218 = DIRECTION('',(1.,2.254526039504E-97,-3.898278662117E-113));
#3219 = DEFINITIONAL_REPRESENTATION('',(#3220),#3223);
#3220 = B_SPLINE_CURVE_WITH_KNOTS('',1,(#3221,#3222),.UNSPECIFIED.,.F.,
  .F.,(2,2),(0.,6.28318530718),.PIECEWISE_BEZIER_KNOTS.);
#3221 = CARTESIAN_POINT('',(0.,0.));
#3222 = CARTESIAN_POINT('',(-6.28318530718,0.));
#3223 = ( GEOMETRIC_REPRESENTATION_CONTEXT(2) 
PARAMETRIC_REPRESENTATION_CONTEXT() REPRESENTATION_CONTEXT('2D SPACE',''
  ) );
#3224 = FACE_BOUND('',#3225,.F.);
#3225 = EDGE_LOOP('',(#3226));
#3226 = ORIENTED_EDGE('',*,*,#3227,.T.);
#3227 = EDGE_CURVE('',#3228,#3228,#3230,.T.);
#3228 = VERTEX_POINT('',#3229);
#3229 = CARTESIAN_POINT('',(-1.272727272727,-3.,22.));
#3230 = SURFACE_CURVE('',#3231,(#3236,#3247),.PCURVE_S1.);
#3231 = CIRCLE('',#3232,1.);
#3232 = AXIS2_PLACEMENT_3D('',#3233,#3234,#3235);
#3233 = CARTESIAN_POINT('',(-2.272727272727,-3.,22.));
#3234 = DIRECTION('',(2.254526039504E-97,-1.,2.22044604925E-16));
#3235 = DIRECTION('',(1.,2.254526039504E-97,-5.197704882822E-113));
#3236 = PCURVE('',#72,#3237);
#3237 = DEFINITIONAL_REPRESENTATION('',(#3238),#3246);
#3238 = ( BOUNDED_CURVE() B_SPLINE_CURVE(2,(#3239,#3240,#3241,#3242,
#3243,#3244,#3245),.UNSPECIFIED.,.T.,.F.) B_SPLINE_CURVE_WITH_KNOTS((1,2
    ,2,2,2,1),(-2.094395102393,0.,2.094395102393,4.188790204786,
6.28318530718,8.377580409573),.UNSPECIFIED.) CURVE() 
GEOMETRIC_REPRESENTATION_ITEM() RATIONAL_B_SPLINE_CURVE((1.,0.5,1.,0.5,
1.,0.5,1.)) REPRESENTATION_ITEM('') );
#3239 = CARTESIAN_POINT('',(2.7,-1.272727272727));
#3240 = CARTESIAN_POINT('',(4.432050807569,-1.272727272727));
#3241 = CARTESIAN_POINT('',(3.566025403784,-2.772727272727));
#3242 = CARTESIAN_POINT('',(2.7,-4.272727272727));
#3243 = CARTESIAN_POINT('',(1.833974596216,-2.772727272727));
#3244 = CARTESIAN_POINT('',(0.967949192431,-1.272727272727));
#3245 = CARTESIAN_POINT('',(2.7,-1.272727272727));
#3246 = ( GEOMETRIC_REPRESENTATION_CONTEXT(2) 
PARAMETRIC_REPRESENTATION_CONTEXT() REPRESENTATION_CONTEXT('2D SPACE',''
  ) );
#3247 = PCURVE('',#3248,#3253);
#3248 = CYLINDRICAL_SURFACE('',#3249,1.);
#3249 = AXIS2_PLACEMENT_3D('',#3250,#3251,#3252);
#3250 = CARTESIAN_POINT('',(-2.272727272727,-3.,22.));
#3251 = DIRECTION('',(-2.254526039504E-97,1.,-2.22044604925E-16));
#3252 = DIRECTION('',(1.,2.254526039504E-97,-3.898278662117E-113));
#3253 = DEFINITIONAL_REPRESENTATION('',(#3254),#3257);
#3254 = B_SPLINE_CURVE_WITH_KNOTS('',1,(#3255,#3256),.UNSPECIFIED.,.F.,
  .F.,(2,2),(0.,6.28318530718),.PIECEWISE_BEZIER_KNOTS.);
#3255 = CARTESIAN_POINT('',(0.,0.));
#3256 = CARTESIAN_POINT('',(-6.28318530718,0.));
#3257 = ( GEOMETRIC_REPRESENTATION_CONTEXT(2) 
PARAMETRIC_REPRESENTATION_CONTEXT() REPRESENTATION_CONTEXT('2D SPACE',''
  ) );
#3258 = FACE_BOUND('',#3259,.F.);
#3259 = EDGE_LOOP('',(#3260));
#3260 = ORIENTED_EDGE('',*,*,#3261,.T.);
#3261 = EDGE_CURVE('',#3262,#3262,#3264,.T.);
#3262 = VERTEX_POINT('',#3263);
#3263 = CARTESIAN_POINT('',(-10.36363636363,-3.,27.));
#3264 = SURFACE_CURVE('',#3265,(#3270,#3281),.PCURVE_S1.);
#3265 = CIRCLE('',#3266,1.);
#3266 = AXIS2_PLACEMENT_3D('',#3267,#3268,#3269);
#3267 = CARTESIAN_POINT('',(-11.36363636363,-3.,27.));
#3268 = DIRECTION('',(2.254526039504E-97,-1.,2.22044604925E-16));
#3269 = DIRECTION('',(1.,2.254526039504E-97,-5.197704882822E-113));
#3270 = PCURVE('',#72,#3271);
#3271 = DEFINITIONAL_REPRESENTATION('',(#3272),#3280);
#3272 = ( BOUNDED_CURVE() B_SPLINE_CURVE(2,(#3273,#3274,#3275,#3276,
#3277,#3278,#3279),.UNSPECIFIED.,.T.,.F.) B_SPLINE_CURVE_WITH_KNOTS((1,2
    ,2,2,2,1),(-2.094395102393,0.,2.094395102393,4.188790204786,
6.28318530718,8.377580409573),.UNSPECIFIED.) CURVE() 
GEOMETRIC_REPRESENTATION_ITEM() RATIONAL_B_SPLINE_CURVE((1.,0.5,1.,0.5,
1.,0.5,1.)) REPRESENTATION_ITEM('') );
#3273 = CARTESIAN_POINT('',(7.7,-10.36363636363));
#3274 = CARTESIAN_POINT('',(9.432050807569,-10.36363636363));
#3275 = CARTESIAN_POINT('',(8.566025403784,-11.86363636363));
#3276 = CARTESIAN_POINT('',(7.7,-13.36363636363));
#3277 = CARTESIAN_POINT('',(6.833974596216,-11.86363636363));
#3278 = CARTESIAN_POINT('',(5.967949192431,-10.36363636363));
#3279 = CARTESIAN_POINT('',(7.7,-10.36363636363));
#3280 = ( GEOMETRIC_REPRESENTATION_CONTEXT(2) 
PARAMETRIC_REPRESENTATION_CONTEXT() REPRESENTATION_CONTEXT('2D SPACE',''
  ) );
#3281 = PCURVE('',#3282,#3287);
#3282 = CYLINDRICAL_SURFACE('',#3283,1.);
#3283 = AXIS2_PLACEMENT_3D('',#3284,#3285,#3286);
#3284 = CARTESIAN_POINT('',(-11.36363636363,-3.,27.));
#3285 = DIRECTION('',(-2.254526039504E-97,1.,-2.22044604925E-16));
#3286 = DIRECTION('',(1.,2.254526039504E-97,-3.898278662117E-113));
#3287 = DEFINITIONAL_REPRESENTATION('',(#3288),#3291);
#3288 = B_SPLINE_CURVE_WITH_KNOTS('',1,(#3289,#3290),.UNSPECIFIED.,.F.,
  .F.,(2,2),(0.,6.28318530718),.PIECEWISE_BEZIER_KNOTS.);
#3289 = CARTESIAN_POINT('',(0.,0.));
#3290 = CARTESIAN_POINT('',(-6.28318530718,0.));
#3291 = ( GEOMETRIC_REPRESENTATION_CONTEXT(2) 
PARAMETRIC_REPRESENTATION_CONTEXT() REPRESENTATION_CONTEXT('2D SPACE',''
  ) );
#3292 = FACE_BOUND('',#3293,.F.);
#3293 = EDGE_LOOP('',(#3294));
#3294 = ORIENTED_EDGE('',*,*,#3295,.T.);
#3295 = EDGE_CURVE('',#3296,#3296,#3298,.T.);
#3296 = VERTEX_POINT('',#3297);
#3297 = CARTESIAN_POINT('',(-5.818181818182,-3.,27.));
#3298 = SURFACE_CURVE('',#3299,(#3304,#3315),.PCURVE_S1.);
#3299 = CIRCLE('',#3300,1.);
#3300 = AXIS2_PLACEMENT_3D('',#3301,#3302,#3303);
#3301 = CARTESIAN_POINT('',(-6.818181818182,-3.,27.));
#3302 = DIRECTION('',(2.254526039504E-97,-1.,2.22044604925E-16));
#3303 = DIRECTION('',(1.,2.254526039504E-97,-5.197704882822E-113));
#3304 = PCURVE('',#72,#3305);
#3305 = DEFINITIONAL_REPRESENTATION('',(#3306),#3314);
#3306 = ( BOUNDED_CURVE() B_SPLINE_CURVE(2,(#3307,#3308,#3309,#3310,
#3311,#3312,#3313),.UNSPECIFIED.,.T.,.F.) B_SPLINE_CURVE_WITH_KNOTS((1,2
    ,2,2,2,1),(-2.094395102393,0.,2.094395102393,4.188790204786,
6.28318530718,8.377580409573),.UNSPECIFIED.) CURVE() 
GEOMETRIC_REPRESENTATION_ITEM() RATIONAL_B_SPLINE_CURVE((1.,0.5,1.,0.5,
1.,0.5,1.)) REPRESENTATION_ITEM('') );
#3307 = CARTESIAN_POINT('',(7.7,-5.818181818182));
#3308 = CARTESIAN_POINT('',(9.432050807569,-5.818181818182));
#3309 = CARTESIAN_POINT('',(8.566025403784,-7.318181818182));
#3310 = CARTESIAN_POINT('',(7.7,-8.818181818182));
#3311 = CARTESIAN_POINT('',(6.833974596216,-7.318181818182));
#3312 = CARTESIAN_POINT('',(5.967949192431,-5.818181818182));
#3313 = CARTESIAN_POINT('',(7.7,-5.818181818182));
#3314 = ( GEOMETRIC_REPRESENTATION_CONTEXT(2) 
PARAMETRIC_REPRESENTATION_CONTEXT() REPRESENTATION_CONTEXT('2D SPACE',''
  ) );
#3315 = PCURVE('',#3316,#3321);
#3316 = CYLINDRICAL_SURFACE('',#3317,1.);
#3317 = AXIS2_PLACEMENT_3D('',#3318,#3319,#3320);
#3318 = CARTESIAN_POINT('',(-6.818181818182,-3.,27.));
#3319 = DIRECTION('',(-2.254526039504E-97,1.,-2.22044604925E-16));
#3320 = DIRECTION('',(1.,2.254526039504E-97,-3.898278662117E-113));
#3321 = DEFINITIONAL_REPRESENTATION('',(#3322),#3325);
#3322 = B_SPLINE_CURVE_WITH_KNOTS('',1,(#3323,#3324),.UNSPECIFIED.,.F.,
  .F.,(2,2),(0.,6.28318530718),.PIECEWISE_BEZIER_KNOTS.);
#3323 = CARTESIAN_POINT('',(0.,0.));
#3324 = CARTESIAN_POINT('',(-6.28318530718,0.));
#3325 = ( GEOMETRIC_REPRESENTATION_CONTEXT(2) 
PARAMETRIC_REPRESENTATION_CONTEXT() REPRESENTATION_CONTEXT('2D SPACE',''
  ) );
#3326 = FACE_BOUND('',#3327,.F.);
#3327 = EDGE_LOOP('',(#3328));
#3328 = ORIENTED_EDGE('',*,*,#3329,.T.);
#3329 = EDGE_CURVE('',#3330,#3330,#3332,.T.);
#3330 = VERTEX_POINT('',#3331);
#3331 = CARTESIAN_POINT('',(-10.36363636363,-3.,32.));
#3332 = SURFACE_CURVE('',#3333,(#3338,#3349),.PCURVE_S1.);
#3333 = CIRCLE('',#3334,1.);
#3334 = AXIS2_PLACEMENT_3D('',#3335,#3336,#3337);
#3335 = CARTESIAN_POINT('',(-11.36363636363,-3.,32.));
#3336 = DIRECTION('',(2.254526039504E-97,-1.,2.22044604925E-16));
#3337 = DIRECTION('',(1.,2.254526039504E-97,-5.197704882822E-113));
#3338 = PCURVE('',#72,#3339);
#3339 = DEFINITIONAL_REPRESENTATION('',(#3340),#3348);
#3340 = ( BOUNDED_CURVE() B_SPLINE_CURVE(2,(#3341,#3342,#3343,#3344,
#3345,#3346,#3347),.UNSPECIFIED.,.T.,.F.) B_SPLINE_CURVE_WITH_KNOTS((1,2
    ,2,2,2,1),(-2.094395102393,0.,2.094395102393,4.188790204786,
6.28318530718,8.377580409573),.UNSPECIFIED.) CURVE() 
GEOMETRIC_REPRESENTATION_ITEM() RATIONAL_B_SPLINE_CURVE((1.,0.5,1.,0.5,
1.,0.5,1.)) REPRESENTATION_ITEM('') );
#3341 = CARTESIAN_POINT('',(12.7,-10.36363636363));
#3342 = CARTESIAN_POINT('',(14.432050807569,-10.36363636363));
#3343 = CARTESIAN_POINT('',(13.566025403784,-11.86363636363));
#3344 = CARTESIAN_POINT('',(12.7,-13.36363636363));
#3345 = CARTESIAN_POINT('',(11.833974596216,-11.86363636363));
#3346 = CARTESIAN_POINT('',(10.967949192431,-10.36363636363));
#3347 = CARTESIAN_POINT('',(12.7,-10.36363636363));
#3348 = ( GEOMETRIC_REPRESENTATION_CONTEXT(2) 
PARAMETRIC_REPRESENTATION_CONTEXT() REPRESENTATION_CONTEXT('2D SPACE',''
  ) );
#3349 = PCURVE('',#3350,#3355);
#3350 = CYLINDRICAL_SURFACE('',#3351,1.);
#3351 = AXIS2_PLACEMENT_3D('',#3352,#3353,#3354);
#3352 = CARTESIAN_POINT('',(-11.36363636363,-3.,32.));
#3353 = DIRECTION('',(-2.254526039504E-97,1.,-2.22044604925E-16));
#3354 = DIRECTION('',(1.,2.254526039504E-97,-3.898278662117E-113));
#3355 = DEFINITIONAL_REPRESENTATION('',(#3356),#3359);
#3356 = B_SPLINE_CURVE_WITH_KNOTS('',1,(#3357,#3358),.UNSPECIFIED.,.F.,
  .F.,(2,2),(0.,6.28318530718),.PIECEWISE_BEZIER_KNOTS.);
#3357 = CARTESIAN_POINT('',(0.,0.));
#3358 = CARTESIAN_POINT('',(-6.28318530718,0.));
#3359 = ( GEOMETRIC_REPRESENTATION_CONTEXT(2) 
PARAMETRIC_REPRESENTATION_CONTEXT() REPRESENTATION_CONTEXT('2D SPACE',''
  ) );
#3360 = FACE_BOUND('',#3361,.F.);
#3361 = EDGE_LOOP('',(#3362));
#3362 = ORIENTED_EDGE('',*,*,#3363,.T.);
#3363 = EDGE_CURVE('',#3364,#3364,#3366,.T.);
#3364 = VERTEX_POINT('',#3365);
#3365 = CARTESIAN_POINT('',(-5.818181818182,-3.,32.));
#3366 = SURFACE_CURVE('',#3367,(#3372,#3383),.PCURVE_S1.);
#3367 = CIRCLE('',#3368,1.);
#3368 = AXIS2_PLACEMENT_3D('',#3369,#3370,#3371);
#3369 = CARTESIAN_POINT('',(-6.818181818182,-3.,32.));
#3370 = DIRECTION('',(2.254526039504E-97,-1.,2.22044604925E-16));
#3371 = DIRECTION('',(1.,2.254526039504E-97,-5.197704882822E-113));
#3372 = PCURVE('',#72,#3373);
#3373 = DEFINITIONAL_REPRESENTATION('',(#3374),#3382);
#3374 = ( BOUNDED_CURVE() B_SPLINE_CURVE(2,(#3375,#3376,#3377,#3378,
#3379,#3380,#3381),.UNSPECIFIED.,.T.,.F.) B_SPLINE_CURVE_WITH_KNOTS((1,2
    ,2,2,2,1),(-2.094395102393,0.,2.094395102393,4.188790204786,
6.28318530718,8.377580409573),.UNSPECIFIED.) CURVE() 
GEOMETRIC_REPRESENTATION_ITEM() RATIONAL_B_SPLINE_CURVE((1.,0.5,1.,0.5,
1.,0.5,1.)) REPRESENTATION_ITEM('') );
#3375 = CARTESIAN_POINT('',(12.7,-5.818181818182));
#3376 = CARTESIAN_POINT('',(14.432050807569,-5.818181818182));
#3377 = CARTESIAN_POINT('',(13.566025403784,-7.318181818182));
#3378 = CARTESIAN_POINT('',(12.7,-8.818181818182));
#3379 = CARTESIAN_POINT('',(11.833974596216,-7.318181818182));
#3380 = CARTESIAN_POINT('',(10.967949192431,-5.818181818182));
#3381 = CARTESIAN_POINT('',(12.7,-5.818181818182));
#3382 = ( GEOMETRIC_REPRESENTATION_CONTEXT(2) 
PARAMETRIC_REPRESENTATION_CONTEXT() REPRESENTATION_CONTEXT('2D SPACE',''
  ) );
#3383 = PCURVE('',#3384,#3389);
#3384 = CYLINDRICAL_SURFACE('',#3385,1.);
#3385 = AXIS2_PLACEMENT_3D('',#3386,#3387,#3388);
#3386 = CARTESIAN_POINT('',(-6.818181818182,-3.,32.));
#3387 = DIRECTION('',(-2.254526039504E-97,1.,-2.22044604925E-16));
#3388 = DIRECTION('',(1.,2.254526039504E-97,-3.898278662117E-113));
#3389 = DEFINITIONAL_REPRESENTATION('',(#3390),#3393);
#3390 = B_SPLINE_CURVE_WITH_KNOTS('',1,(#3391,#3392),.UNSPECIFIED.,.F.,
  .F.,(2,2),(0.,6.28318530718),.PIECEWISE_BEZIER_KNOTS.);
#3391 = CARTESIAN_POINT('',(0.,0.));
#3392 = CARTESIAN_POINT('',(-6.28318530718,0.));
#3393 = ( GEOMETRIC_REPRESENTATION_CONTEXT(2) 
PARAMETRIC_REPRESENTATION_CONTEXT() REPRESENTATION_CONTEXT('2D SPACE',''
  ) );
#3394 = FACE_BOUND('',#3395,.F.);
#3395 = EDGE_LOOP('',(#3396));
#3396 = ORIENTED_EDGE('',*,*,#3397,.T.);
#3397 = EDGE_CURVE('',#3398,#3398,#3400,.T.);
#3398 = VERTEX_POINT('',#3399);
#3399 = CARTESIAN_POINT('',(-1.272727272727,-3.,27.));
#3400 = SURFACE_CURVE('',#3401,(#3406,#3417),.PCURVE_S1.);
#3401 = CIRCLE('',#3402,1.);
#3402 = AXIS2_PLACEMENT_3D('',#3403,#3404,#3405);
#3403 = CARTESIAN_POINT('',(-2.272727272727,-3.,27.));
#3404 = DIRECTION('',(2.254526039504E-97,-1.,2.22044604925E-16));
#3405 = DIRECTION('',(1.,2.254526039504E-97,-5.197704882822E-113));
#3406 = PCURVE('',#72,#3407);
#3407 = DEFINITIONAL_REPRESENTATION('',(#3408),#3416);
#3408 = ( BOUNDED_CURVE() B_SPLINE_CURVE(2,(#3409,#3410,#3411,#3412,
#3413,#3414,#3415),.UNSPECIFIED.,.T.,.F.) B_SPLINE_CURVE_WITH_KNOTS((1,2
    ,2,2,2,1),(-2.094395102393,0.,2.094395102393,4.188790204786,
6.28318530718,8.377580409573),.UNSPECIFIED.) CURVE() 
GEOMETRIC_REPRESENTATION_ITEM() RATIONAL_B_SPLINE_CURVE((1.,0.5,1.,0.5,
1.,0.5,1.)) REPRESENTATION_ITEM('') );
#3409 = CARTESIAN_POINT('',(7.7,-1.272727272727));
#3410 = CARTESIAN_POINT('',(9.432050807569,-1.272727272727));
#3411 = CARTESIAN_POINT('',(8.566025403784,-2.772727272727));
#3412 = CARTESIAN_POINT('',(7.7,-4.272727272727));
#3413 = CARTESIAN_POINT('',(6.833974596216,-2.772727272727));
#3414 = CARTESIAN_POINT('',(5.967949192431,-1.272727272727));
#3415 = CARTESIAN_POINT('',(7.7,-1.272727272727));
#3416 = ( GEOMETRIC_REPRESENTATION_CONTEXT(2) 
PARAMETRIC_REPRESENTATION_CONTEXT() REPRESENTATION_CONTEXT('2D SPACE',''
  ) );
#3417 = PCURVE('',#3418,#3423);
#3418 = CYLINDRICAL_SURFACE('',#3419,1.);
#3419 = AXIS2_PLACEMENT_3D('',#3420,#3421,#3422);
#3420 = CARTESIAN_POINT('',(-2.272727272727,-3.,27.));
#3421 = DIRECTION('',(-2.254526039504E-97,1.,-2.22044604925E-16));
#3422 = DIRECTION('',(1.,2.254526039504E-97,-3.898278662117E-113));
#3423 = DEFINITIONAL_REPRESENTATION('',(#3424),#3427);
#3424 = B_SPLINE_CURVE_WITH_KNOTS('',1,(#3425,#3426),.UNSPECIFIED.,.F.,
  .F.,(2,2),(0.,6.28318530718),.PIECEWISE_BEZIER_KNOTS.);
#3425 = CARTESIAN_POINT('',(0.,0.));
#3426 = CARTESIAN_POINT('',(-6.28318530718,0.));
#3427 = ( GEOMETRIC_REPRESENTATION_CONTEXT(2) 
PARAMETRIC_REPRESENTATION_CONTEXT() REPRESENTATION_CONTEXT('2D SPACE',''
  ) );
#3428 = FACE_BOUND('',#3429,.F.);
#3429 = EDGE_LOOP('',(#3430));
#3430 = ORIENTED_EDGE('',*,*,#3431,.T.);
#3431 = EDGE_CURVE('',#3432,#3432,#3434,.T.);
#3432 = VERTEX_POINT('',#3433);
#3433 = CARTESIAN_POINT('',(-1.272727272727,-3.,32.));
#3434 = SURFACE_CURVE('',#3435,(#3440,#3451),.PCURVE_S1.);
#3435 = CIRCLE('',#3436,1.);
#3436 = AXIS2_PLACEMENT_3D('',#3437,#3438,#3439);
#3437 = CARTESIAN_POINT('',(-2.272727272727,-3.,32.));
#3438 = DIRECTION('',(2.254526039504E-97,-1.,2.22044604925E-16));
#3439 = DIRECTION('',(1.,2.254526039504E-97,-5.197704882822E-113));
#3440 = PCURVE('',#72,#3441);
#3441 = DEFINITIONAL_REPRESENTATION('',(#3442),#3450);
#3442 = ( BOUNDED_CURVE() B_SPLINE_CURVE(2,(#3443,#3444,#3445,#3446,
#3447,#3448,#3449),.UNSPECIFIED.,.T.,.F.) B_SPLINE_CURVE_WITH_KNOTS((1,2
    ,2,2,2,1),(-2.094395102393,0.,2.094395102393,4.188790204786,
6.28318530718,8.377580409573),.UNSPECIFIED.) CURVE() 
GEOMETRIC_REPRESENTATION_ITEM() RATIONAL_B_SPLINE_CURVE((1.,0.5,1.,0.5,
1.,0.5,1.)) REPRESENTATION_ITEM('') );
#3443 = CARTESIAN_POINT('',(12.7,-1.272727272727));
#3444 = CARTESIAN_POINT('',(14.432050807569,-1.272727272727));
#3445 = CARTESIAN_POINT('',(13.566025403784,-2.772727272727));
#3446 = CARTESIAN_POINT('',(12.7,-4.272727272727));
#3447 = CARTESIAN_POINT('',(11.833974596216,-2.772727272727));
#3448 = CARTESIAN_POINT('',(10.967949192431,-1.272727272727));
#3449 = CARTESIAN_POINT('',(12.7,-1.272727272727));
#3450 = ( GEOMETRIC_REPRESENTATION_CONTEXT(2) 
PARAMETRIC_REPRESENTATION_CONTEXT() REPRESENTATION_CONTEXT('2D SPACE',''
  ) );
#3451 = PCURVE('',#3452,#3457);
#3452 = CYLINDRICAL_SURFACE('',#3453,1.);
#3453 = AXIS2_PLACEMENT_3D('',#3454,#3455,#3456);
#3454 = CARTESIAN_POINT('',(-2.272727272727,-3.,32.));
#3455 = DIRECTION('',(-2.254526039504E-97,1.,-2.22044604925E-16));
#3456 = DIRECTION('',(1.,2.254526039504E-97,-3.898278662117E-113));
#3457 = DEFINITIONAL_REPRESENTATION('',(#3458),#3461);
#3458 = B_SPLINE_CURVE_WITH_KNOTS('',1,(#3459,#3460),.UNSPECIFIED.,.F.,
  .F.,(2,2),(0.,6.28318530718),.PIECEWISE_BEZIER_KNOTS.);
#3459 = CARTESIAN_POINT('',(0.,0.));
#3460 = CARTESIAN_POINT('',(-6.28318530718,0.));
#3461 = ( GEOMETRIC_REPRESENTATION_CONTEXT(2) 
PARAMETRIC_REPRESENTATION_CONTEXT() REPRESENTATION_CONTEXT('2D SPACE',''
  ) );
#3462 = FACE_BOUND('',#3463,.F.);
#3463 = EDGE_LOOP('',(#3464));
#3464 = ORIENTED_EDGE('',*,*,#3465,.T.);
#3465 = EDGE_CURVE('',#3466,#3466,#3468,.T.);
#3466 = VERTEX_POINT('',#3467);
#3467 = CARTESIAN_POINT('',(3.272727272727,-3.,7.));
#3468 = SURFACE_CURVE('',#3469,(#3474,#3485),.PCURVE_S1.);
#3469 = CIRCLE('',#3470,1.);
#3470 = AXIS2_PLACEMENT_3D('',#3471,#3472,#3473);
#3471 = CARTESIAN_POINT('',(2.272727272727,-3.,7.));
#3472 = DIRECTION('',(2.254526039504E-97,-1.,2.22044604925E-16));
#3473 = DIRECTION('',(1.,2.254526039504E-97,-5.197704882822E-113));
#3474 = PCURVE('',#72,#3475);
#3475 = DEFINITIONAL_REPRESENTATION('',(#3476),#3484);
#3476 = ( BOUNDED_CURVE() B_SPLINE_CURVE(2,(#3477,#3478,#3479,#3480,
#3481,#3482,#3483),.UNSPECIFIED.,.T.,.F.) B_SPLINE_CURVE_WITH_KNOTS((1,2
    ,2,2,2,1),(-2.094395102393,0.,2.094395102393,4.188790204786,
6.28318530718,8.377580409573),.UNSPECIFIED.) CURVE() 
GEOMETRIC_REPRESENTATION_ITEM() RATIONAL_B_SPLINE_CURVE((1.,0.5,1.,0.5,
1.,0.5,1.)) REPRESENTATION_ITEM('') );
#3477 = CARTESIAN_POINT('',(-12.3,3.272727272727));
#3478 = CARTESIAN_POINT('',(-10.56794919243,3.272727272727));
#3479 = CARTESIAN_POINT('',(-11.43397459621,1.772727272727));
#3480 = CARTESIAN_POINT('',(-12.3,0.272727272727));
#3481 = CARTESIAN_POINT('',(-13.16602540378,1.772727272727));
#3482 = CARTESIAN_POINT('',(-14.03205080756,3.272727272727));
#3483 = CARTESIAN_POINT('',(-12.3,3.272727272727));
#3484 = ( GEOMETRIC_REPRESENTATION_CONTEXT(2) 
PARAMETRIC_REPRESENTATION_CONTEXT() REPRESENTATION_CONTEXT('2D SPACE',''
  ) );
#3485 = PCURVE('',#3486,#3491);
#3486 = CYLINDRICAL_SURFACE('',#3487,1.);
#3487 = AXIS2_PLACEMENT_3D('',#3488,#3489,#3490);
#3488 = CARTESIAN_POINT('',(2.272727272727,-3.,7.));
#3489 = DIRECTION('',(-2.254526039504E-97,1.,-2.22044604925E-16));
#3490 = DIRECTION('',(1.,2.254526039504E-97,-3.898278662117E-113));
#3491 = DEFINITIONAL_REPRESENTATION('',(#3492),#3495);
#3492 = B_SPLINE_CURVE_WITH_KNOTS('',1,(#3493,#3494),.UNSPECIFIED.,.F.,
  .F.,(2,2),(0.,6.28318530718),.PIECEWISE_BEZIER_KNOTS.);
#3493 = CARTESIAN_POINT('',(0.,0.));
#3494 = CARTESIAN_POINT('',(-6.28318530718,0.));
#3495 = ( GEOMETRIC_REPRESENTATION_CONTEXT(2) 
PARAMETRIC_REPRESENTATION_CONTEXT() REPRESENTATION_CONTEXT('2D SPACE',''
  ) );
#3496 = FACE_BOUND('',#3497,.F.);
#3497 = EDGE_LOOP('',(#3498));
#3498 = ORIENTED_EDGE('',*,*,#3499,.T.);
#3499 = EDGE_CURVE('',#3500,#3500,#3502,.T.);
#3500 = VERTEX_POINT('',#3501);
#3501 = CARTESIAN_POINT('',(3.272727272727,-3.,12.));
#3502 = SURFACE_CURVE('',#3503,(#3508,#3519),.PCURVE_S1.);
#3503 = CIRCLE('',#3504,1.);
#3504 = AXIS2_PLACEMENT_3D('',#3505,#3506,#3507);
#3505 = CARTESIAN_POINT('',(2.272727272727,-3.,12.));
#3506 = DIRECTION('',(2.254526039504E-97,-1.,2.22044604925E-16));
#3507 = DIRECTION('',(1.,2.254526039504E-97,-5.197704882822E-113));
#3508 = PCURVE('',#72,#3509);
#3509 = DEFINITIONAL_REPRESENTATION('',(#3510),#3518);
#3510 = ( BOUNDED_CURVE() B_SPLINE_CURVE(2,(#3511,#3512,#3513,#3514,
#3515,#3516,#3517),.UNSPECIFIED.,.T.,.F.) B_SPLINE_CURVE_WITH_KNOTS((1,2
    ,2,2,2,1),(-2.094395102393,0.,2.094395102393,4.188790204786,
6.28318530718,8.377580409573),.UNSPECIFIED.) CURVE() 
GEOMETRIC_REPRESENTATION_ITEM() RATIONAL_B_SPLINE_CURVE((1.,0.5,1.,0.5,
1.,0.5,1.)) REPRESENTATION_ITEM('') );
#3511 = CARTESIAN_POINT('',(-7.3,3.272727272727));
#3512 = CARTESIAN_POINT('',(-5.567949192431,3.272727272727));
#3513 = CARTESIAN_POINT('',(-6.433974596216,1.772727272727));
#3514 = CARTESIAN_POINT('',(-7.3,0.272727272727));
#3515 = CARTESIAN_POINT('',(-8.166025403784,1.772727272727));
#3516 = CARTESIAN_POINT('',(-9.032050807569,3.272727272727));
#3517 = CARTESIAN_POINT('',(-7.3,3.272727272727));
#3518 = ( GEOMETRIC_REPRESENTATION_CONTEXT(2) 
PARAMETRIC_REPRESENTATION_CONTEXT() REPRESENTATION_CONTEXT('2D SPACE',''
  ) );
#3519 = PCURVE('',#3520,#3525);
#3520 = CYLINDRICAL_SURFACE('',#3521,1.);
#3521 = AXIS2_PLACEMENT_3D('',#3522,#3523,#3524);
#3522 = CARTESIAN_POINT('',(2.272727272727,-3.,12.));
#3523 = DIRECTION('',(-2.254526039504E-97,1.,-2.22044604925E-16));
#3524 = DIRECTION('',(1.,2.254526039504E-97,-3.898278662117E-113));
#3525 = DEFINITIONAL_REPRESENTATION('',(#3526),#3529);
#3526 = B_SPLINE_CURVE_WITH_KNOTS('',1,(#3527,#3528),.UNSPECIFIED.,.F.,
  .F.,(2,2),(0.,6.28318530718),.PIECEWISE_BEZIER_KNOTS.);
#3527 = CARTESIAN_POINT('',(0.,0.));
#3528 = CARTESIAN_POINT('',(-6.28318530718,0.));
#3529 = ( GEOMETRIC_REPRESENTATION_CONTEXT(2) 
PARAMETRIC_REPRESENTATION_CONTEXT() REPRESENTATION_CONTEXT('2D SPACE',''
  ) );
#3530 = FACE_BOUND('',#3531,.F.);
#3531 = EDGE_LOOP('',(#3532));
#3532 = ORIENTED_EDGE('',*,*,#3533,.T.);
#3533 = EDGE_CURVE('',#3534,#3534,#3536,.T.);
#3534 = VERTEX_POINT('',#3535);
#3535 = CARTESIAN_POINT('',(7.818181818182,-3.,7.));
#3536 = SURFACE_CURVE('',#3537,(#3542,#3553),.PCURVE_S1.);
#3537 = CIRCLE('',#3538,1.);
#3538 = AXIS2_PLACEMENT_3D('',#3539,#3540,#3541);
#3539 = CARTESIAN_POINT('',(6.818181818182,-3.,7.));
#3540 = DIRECTION('',(2.254526039504E-97,-1.,2.22044604925E-16));
#3541 = DIRECTION('',(1.,2.254526039504E-97,-5.197704882822E-113));
#3542 = PCURVE('',#72,#3543);
#3543 = DEFINITIONAL_REPRESENTATION('',(#3544),#3552);
#3544 = ( BOUNDED_CURVE() B_SPLINE_CURVE(2,(#3545,#3546,#3547,#3548,
#3549,#3550,#3551),.UNSPECIFIED.,.T.,.F.) B_SPLINE_CURVE_WITH_KNOTS((1,2
    ,2,2,2,1),(-2.094395102393,0.,2.094395102393,4.188790204786,
6.28318530718,8.377580409573),.UNSPECIFIED.) CURVE() 
GEOMETRIC_REPRESENTATION_ITEM() RATIONAL_B_SPLINE_CURVE((1.,0.5,1.,0.5,
1.,0.5,1.)) REPRESENTATION_ITEM('') );
#3545 = CARTESIAN_POINT('',(-12.3,7.818181818182));
#3546 = CARTESIAN_POINT('',(-10.56794919243,7.818181818182));
#3547 = CARTESIAN_POINT('',(-11.43397459621,6.318181818182));
#3548 = CARTESIAN_POINT('',(-12.3,4.818181818182));
#3549 = CARTESIAN_POINT('',(-13.16602540378,6.318181818182));
#3550 = CARTESIAN_POINT('',(-14.03205080756,7.818181818182));
#3551 = CARTESIAN_POINT('',(-12.3,7.818181818182));
#3552 = ( GEOMETRIC_REPRESENTATION_CONTEXT(2) 
PARAMETRIC_REPRESENTATION_CONTEXT() REPRESENTATION_CONTEXT('2D SPACE',''
  ) );
#3553 = PCURVE('',#3554,#3559);
#3554 = CYLINDRICAL_SURFACE('',#3555,1.);
#3555 = AXIS2_PLACEMENT_3D('',#3556,#3557,#3558);
#3556 = CARTESIAN_POINT('',(6.818181818182,-3.,7.));
#3557 = DIRECTION('',(-2.254526039504E-97,1.,-2.22044604925E-16));
#3558 = DIRECTION('',(1.,2.254526039504E-97,-3.898278662117E-113));
#3559 = DEFINITIONAL_REPRESENTATION('',(#3560),#3563);
#3560 = B_SPLINE_CURVE_WITH_KNOTS('',1,(#3561,#3562),.UNSPECIFIED.,.F.,
  .F.,(2,2),(0.,6.28318530718),.PIECEWISE_BEZIER_KNOTS.);
#3561 = CARTESIAN_POINT('',(0.,0.));
#3562 = CARTESIAN_POINT('',(-6.28318530718,0.));
#3563 = ( GEOMETRIC_REPRESENTATION_CONTEXT(2) 
PARAMETRIC_REPRESENTATION_CONTEXT() REPRESENTATION_CONTEXT('2D SPACE',''
  ) );
#3564 = FACE_BOUND('',#3565,.F.);
#3565 = EDGE_LOOP('',(#3566));
#3566 = ORIENTED_EDGE('',*,*,#3567,.T.);
#3567 = EDGE_CURVE('',#3568,#3568,#3570,.T.);
#3568 = VERTEX_POINT('',#3569);
#3569 = CARTESIAN_POINT('',(12.363636363636,-3.,7.));
#3570 = SURFACE_CURVE('',#3571,(#3576,#3587),.PCURVE_S1.);
#3571 = CIRCLE('',#3572,1.);
#3572 = AXIS2_PLACEMENT_3D('',#3573,#3574,#3575);
#3573 = CARTESIAN_POINT('',(11.363636363636,-3.,7.));
#3574 = DIRECTION('',(2.254526039504E-97,-1.,2.22044604925E-16));
#3575 = DIRECTION('',(1.,2.254526039504E-97,-5.197704882822E-113));
#3576 = PCURVE('',#72,#3577);
#3577 = DEFINITIONAL_REPRESENTATION('',(#3578),#3586);
#3578 = ( BOUNDED_CURVE() B_SPLINE_CURVE(2,(#3579,#3580,#3581,#3582,
#3583,#3584,#3585),.UNSPECIFIED.,.T.,.F.) B_SPLINE_CURVE_WITH_KNOTS((1,2
    ,2,2,2,1),(-2.094395102393,0.,2.094395102393,4.188790204786,
6.28318530718,8.377580409573),.UNSPECIFIED.) CURVE() 
GEOMETRIC_REPRESENTATION_ITEM() RATIONAL_B_SPLINE_CURVE((1.,0.5,1.,0.5,
1.,0.5,1.)) REPRESENTATION_ITEM('') );
#3579 = CARTESIAN_POINT('',(-12.3,12.363636363636));
#3580 = CARTESIAN_POINT('',(-10.56794919243,12.363636363636));
#3581 = CARTESIAN_POINT('',(-11.43397459621,10.863636363636));
#3582 = CARTESIAN_POINT('',(-12.3,9.363636363636));
#3583 = CARTESIAN_POINT('',(-13.16602540378,10.863636363636));
#3584 = CARTESIAN_POINT('',(-14.03205080756,12.363636363636));
#3585 = CARTESIAN_POINT('',(-12.3,12.363636363636));
#3586 = ( GEOMETRIC_REPRESENTATION_CONTEXT(2) 
PARAMETRIC_REPRESENTATION_CONTEXT() REPRESENTATION_CONTEXT('2D SPACE',''
  ) );
#3587 = PCURVE('',#3588,#3593);
#3588 = CYLINDRICAL_SURFACE('',#3589,1.);
#3589 = AXIS2_PLACEMENT_3D('',#3590,#3591,#3592);
#3590 = CARTESIAN_POINT('',(11.363636363636,-3.,7.));
#3591 = DIRECTION('',(-2.254526039504E-97,1.,-2.22044604925E-16));
#3592 = DIRECTION('',(1.,2.254526039504E-97,-3.898278662117E-113));
#3593 = DEFINITIONAL_REPRESENTATION('',(#3594),#3597);
#3594 = B_SPLINE_CURVE_WITH_KNOTS('',1,(#3595,#3596),.UNSPECIFIED.,.F.,
  .F.,(2,2),(0.,6.28318530718),.PIECEWISE_BEZIER_KNOTS.);
#3595 = CARTESIAN_POINT('',(0.,0.));
#3596 = CARTESIAN_POINT('',(-6.28318530718,0.));
#3597 = ( GEOMETRIC_REPRESENTATION_CONTEXT(2) 
PARAMETRIC_REPRESENTATION_CONTEXT() REPRESENTATION_CONTEXT('2D SPACE',''
  ) );
#3598 = FACE_BOUND('',#3599,.F.);
#3599 = EDGE_LOOP('',(#3600));
#3600 = ORIENTED_EDGE('',*,*,#3601,.T.);
#3601 = EDGE_CURVE('',#3602,#3602,#3604,.T.);
#3602 = VERTEX_POINT('',#3603);
#3603 = CARTESIAN_POINT('',(7.818181818182,-3.,12.));
#3604 = SURFACE_CURVE('',#3605,(#3610,#3621),.PCURVE_S1.);
#3605 = CIRCLE('',#3606,1.);
#3606 = AXIS2_PLACEMENT_3D('',#3607,#3608,#3609);
#3607 = CARTESIAN_POINT('',(6.818181818182,-3.,12.));
#3608 = DIRECTION('',(2.254526039504E-97,-1.,2.22044604925E-16));
#3609 = DIRECTION('',(1.,2.254526039504E-97,-5.197704882822E-113));
#3610 = PCURVE('',#72,#3611);
#3611 = DEFINITIONAL_REPRESENTATION('',(#3612),#3620);
#3612 = ( BOUNDED_CURVE() B_SPLINE_CURVE(2,(#3613,#3614,#3615,#3616,
#3617,#3618,#3619),.UNSPECIFIED.,.T.,.F.) B_SPLINE_CURVE_WITH_KNOTS((1,2
    ,2,2,2,1),(-2.094395102393,0.,2.094395102393,4.188790204786,
6.28318530718,8.377580409573),.UNSPECIFIED.) CURVE() 
GEOMETRIC_REPRESENTATION_ITEM() RATIONAL_B_SPLINE_CURVE((1.,0.5,1.,0.5,
1.,0.5,1.)) REPRESENTATION_ITEM('') );
#3613 = CARTESIAN_POINT('',(-7.3,7.818181818182));
#3614 = CARTESIAN_POINT('',(-5.567949192431,7.818181818182));
#3615 = CARTESIAN_POINT('',(-6.433974596216,6.318181818182));
#3616 = CARTESIAN_POINT('',(-7.3,4.818181818182));
#3617 = CARTESIAN_POINT('',(-8.166025403784,6.318181818182));
#3618 = CARTESIAN_POINT('',(-9.032050807569,7.818181818182));
#3619 = CARTESIAN_POINT('',(-7.3,7.818181818182));
#3620 = ( GEOMETRIC_REPRESENTATION_CONTEXT(2) 
PARAMETRIC_REPRESENTATION_CONTEXT() REPRESENTATION_CONTEXT('2D SPACE',''
  ) );
#3621 = PCURVE('',#3622,#3627);
#3622 = CYLINDRICAL_SURFACE('',#3623,1.);
#3623 = AXIS2_PLACEMENT_3D('',#3624,#3625,#3626);
#3624 = CARTESIAN_POINT('',(6.818181818182,-3.,12.));
#3625 = DIRECTION('',(-2.254526039504E-97,1.,-2.22044604925E-16));
#3626 = DIRECTION('',(1.,2.254526039504E-97,-3.898278662117E-113));
#3627 = DEFINITIONAL_REPRESENTATION('',(#3628),#3631);
#3628 = B_SPLINE_CURVE_WITH_KNOTS('',1,(#3629,#3630),.UNSPECIFIED.,.F.,
  .F.,(2,2),(0.,6.28318530718),.PIECEWISE_BEZIER_KNOTS.);
#3629 = CARTESIAN_POINT('',(0.,0.));
#3630 = CARTESIAN_POINT('',(-6.28318530718,0.));
#3631 = ( GEOMETRIC_REPRESENTATION_CONTEXT(2) 
PARAMETRIC_REPRESENTATION_CONTEXT() REPRESENTATION_CONTEXT('2D SPACE',''
  ) );
#3632 = FACE_BOUND('',#3633,.F.);
#3633 = EDGE_LOOP('',(#3634));
#3634 = ORIENTED_EDGE('',*,*,#3635,.T.);
#3635 = EDGE_CURVE('',#3636,#3636,#3638,.T.);
#3636 = VERTEX_POINT('',#3637);
#3637 = CARTESIAN_POINT('',(12.363636363636,-3.,12.));
#3638 = SURFACE_CURVE('',#3639,(#3644,#3655),.PCURVE_S1.);
#3639 = CIRCLE('',#3640,1.);
#3640 = AXIS2_PLACEMENT_3D('',#3641,#3642,#3643);
#3641 = CARTESIAN_POINT('',(11.363636363636,-3.,12.));
#3642 = DIRECTION('',(2.254526039504E-97,-1.,2.22044604925E-16));
#3643 = DIRECTION('',(1.,2.254526039504E-97,-5.197704882822E-113));
#3644 = PCURVE('',#72,#3645);
#3645 = DEFINITIONAL_REPRESENTATION('',(#3646),#3654);
#3646 = ( BOUNDED_CURVE() B_SPLINE_CURVE(2,(#3647,#3648,#3649,#3650,
#3651,#3652,#3653),.UNSPECIFIED.,.T.,.F.) B_SPLINE_CURVE_WITH_KNOTS((1,2
    ,2,2,2,1),(-2.094395102393,0.,2.094395102393,4.188790204786,
6.28318530718,8.377580409573),.UNSPECIFIED.) CURVE() 
GEOMETRIC_REPRESENTATION_ITEM() RATIONAL_B_SPLINE_CURVE((1.,0.5,1.,0.5,
1.,0.5,1.)) REPRESENTATION_ITEM('') );
#3647 = CARTESIAN_POINT('',(-7.3,12.363636363636));
#3648 = CARTESIAN_POINT('',(-5.567949192431,12.363636363636));
#3649 = CARTESIAN_POINT('',(-6.433974596216,10.863636363636));
#3650 = CARTESIAN_POINT('',(-7.3,9.363636363636));
#3651 = CARTESIAN_POINT('',(-8.166025403784,10.863636363636));
#3652 = CARTESIAN_POINT('',(-9.032050807569,12.363636363636));
#3653 = CARTESIAN_POINT('',(-7.3,12.363636363636));
#3654 = ( GEOMETRIC_REPRESENTATION_CONTEXT(2) 
PARAMETRIC_REPRESENTATION_CONTEXT() REPRESENTATION_CONTEXT('2D SPACE',''
  ) );
#3655 = PCURVE('',#3656,#3661);
#3656 = CYLINDRICAL_SURFACE('',#3657,1.);
#3657 = AXIS2_PLACEMENT_3D('',#3658,#3659,#3660);
#3658 = CARTESIAN_POINT('',(11.363636363636,-3.,12.));
#3659 = DIRECTION('',(-2.254526039504E-97,1.,-2.22044604925E-16));
#3660 = DIRECTION('',(1.,2.254526039504E-97,-3.898278662117E-113));
#3661 = DEFINITIONAL_REPRESENTATION('',(#3662),#3665);
#3662 = B_SPLINE_CURVE_WITH_KNOTS('',1,(#3663,#3664),.UNSPECIFIED.,.F.,
  .F.,(2,2),(0.,6.28318530718),.PIECEWISE_BEZIER_KNOTS.);
#3663 = CARTESIAN_POINT('',(0.,0.));
#3664 = CARTESIAN_POINT('',(-6.28318530718,0.));
#3665 = ( GEOMETRIC_REPRESENTATION_CONTEXT(2) 
PARAMETRIC_REPRESENTATION_CONTEXT() REPRESENTATION_CONTEXT('2D SPACE',''
  ) );
#3666 = FACE_BOUND('',#3667,.F.);
#3667 = EDGE_LOOP('',(#3668));
#3668 = ORIENTED_EDGE('',*,*,#3669,.T.);
#3669 = EDGE_CURVE('',#3670,#3670,#3672,.T.);
#3670 = VERTEX_POINT('',#3671);
#3671 = CARTESIAN_POINT('',(3.272727272727,-3.,17.));
#3672 = SURFACE_CURVE('',#3673,(#3678,#3689),.PCURVE_S1.);
#3673 = CIRCLE('',#3674,1.);
#3674 = AXIS2_PLACEMENT_3D('',#3675,#3676,#3677);
#3675 = CARTESIAN_POINT('',(2.272727272727,-3.,17.));
#3676 = DIRECTION('',(2.254526039504E-97,-1.,2.22044604925E-16));
#3677 = DIRECTION('',(1.,2.254526039504E-97,-5.197704882822E-113));
#3678 = PCURVE('',#72,#3679);
#3679 = DEFINITIONAL_REPRESENTATION('',(#3680),#3688);
#3680 = ( BOUNDED_CURVE() B_SPLINE_CURVE(2,(#3681,#3682,#3683,#3684,
#3685,#3686,#3687),.UNSPECIFIED.,.T.,.F.) B_SPLINE_CURVE_WITH_KNOTS((1,2
    ,2,2,2,1),(-2.094395102393,0.,2.094395102393,4.188790204786,
6.28318530718,8.377580409573),.UNSPECIFIED.) CURVE() 
GEOMETRIC_REPRESENTATION_ITEM() RATIONAL_B_SPLINE_CURVE((1.,0.5,1.,0.5,
1.,0.5,1.)) REPRESENTATION_ITEM('') );
#3681 = CARTESIAN_POINT('',(-2.3,3.272727272727));
#3682 = CARTESIAN_POINT('',(-0.567949192431,3.272727272727));
#3683 = CARTESIAN_POINT('',(-1.433974596216,1.772727272727));
#3684 = CARTESIAN_POINT('',(-2.3,0.272727272727));
#3685 = CARTESIAN_POINT('',(-3.166025403784,1.772727272727));
#3686 = CARTESIAN_POINT('',(-4.032050807569,3.272727272727));
#3687 = CARTESIAN_POINT('',(-2.3,3.272727272727));
#3688 = ( GEOMETRIC_REPRESENTATION_CONTEXT(2) 
PARAMETRIC_REPRESENTATION_CONTEXT() REPRESENTATION_CONTEXT('2D SPACE',''
  ) );
#3689 = PCURVE('',#3690,#3695);
#3690 = CYLINDRICAL_SURFACE('',#3691,1.);
#3691 = AXIS2_PLACEMENT_3D('',#3692,#3693,#3694);
#3692 = CARTESIAN_POINT('',(2.272727272727,-3.,17.));
#3693 = DIRECTION('',(-2.254526039504E-97,1.,-2.22044604925E-16));
#3694 = DIRECTION('',(1.,2.254526039504E-97,-3.898278662117E-113));
#3695 = DEFINITIONAL_REPRESENTATION('',(#3696),#3699);
#3696 = B_SPLINE_CURVE_WITH_KNOTS('',1,(#3697,#3698),.UNSPECIFIED.,.F.,
  .F.,(2,2),(0.,6.28318530718),.PIECEWISE_BEZIER_KNOTS.);
#3697 = CARTESIAN_POINT('',(0.,0.));
#3698 = CARTESIAN_POINT('',(-6.28318530718,0.));
#3699 = ( GEOMETRIC_REPRESENTATION_CONTEXT(2) 
PARAMETRIC_REPRESENTATION_CONTEXT() REPRESENTATION_CONTEXT('2D SPACE',''
  ) );
#3700 = FACE_BOUND('',#3701,.F.);
#3701 = EDGE_LOOP('',(#3702));
#3702 = ORIENTED_EDGE('',*,*,#3703,.T.);
#3703 = EDGE_CURVE('',#3704,#3704,#3706,.T.);
#3704 = VERTEX_POINT('',#3705);
#3705 = CARTESIAN_POINT('',(7.818181818182,-3.,17.));
#3706 = SURFACE_CURVE('',#3707,(#3712,#3723),.PCURVE_S1.);
#3707 = CIRCLE('',#3708,1.);
#3708 = AXIS2_PLACEMENT_3D('',#3709,#3710,#3711);
#3709 = CARTESIAN_POINT('',(6.818181818182,-3.,17.));
#3710 = DIRECTION('',(2.254526039504E-97,-1.,2.22044604925E-16));
#3711 = DIRECTION('',(1.,2.254526039504E-97,-5.197704882822E-113));
#3712 = PCURVE('',#72,#3713);
#3713 = DEFINITIONAL_REPRESENTATION('',(#3714),#3722);
#3714 = ( BOUNDED_CURVE() B_SPLINE_CURVE(2,(#3715,#3716,#3717,#3718,
#3719,#3720,#3721),.UNSPECIFIED.,.T.,.F.) B_SPLINE_CURVE_WITH_KNOTS((1,2
    ,2,2,2,1),(-2.094395102393,0.,2.094395102393,4.188790204786,
6.28318530718,8.377580409573),.UNSPECIFIED.) CURVE() 
GEOMETRIC_REPRESENTATION_ITEM() RATIONAL_B_SPLINE_CURVE((1.,0.5,1.,0.5,
1.,0.5,1.)) REPRESENTATION_ITEM('') );
#3715 = CARTESIAN_POINT('',(-2.3,7.818181818182));
#3716 = CARTESIAN_POINT('',(-0.567949192431,7.818181818182));
#3717 = CARTESIAN_POINT('',(-1.433974596216,6.318181818182));
#3718 = CARTESIAN_POINT('',(-2.3,4.818181818182));
#3719 = CARTESIAN_POINT('',(-3.166025403784,6.318181818182));
#3720 = CARTESIAN_POINT('',(-4.032050807569,7.818181818182));
#3721 = CARTESIAN_POINT('',(-2.3,7.818181818182));
#3722 = ( GEOMETRIC_REPRESENTATION_CONTEXT(2) 
PARAMETRIC_REPRESENTATION_CONTEXT() REPRESENTATION_CONTEXT('2D SPACE',''
  ) );
#3723 = PCURVE('',#3724,#3729);
#3724 = CYLINDRICAL_SURFACE('',#3725,1.);
#3725 = AXIS2_PLACEMENT_3D('',#3726,#3727,#3728);
#3726 = CARTESIAN_POINT('',(6.818181818182,-3.,17.));
#3727 = DIRECTION('',(-2.254526039504E-97,1.,-2.22044604925E-16));
#3728 = DIRECTION('',(1.,2.254526039504E-97,-3.898278662117E-113));
#3729 = DEFINITIONAL_REPRESENTATION('',(#3730),#3733);
#3730 = B_SPLINE_CURVE_WITH_KNOTS('',1,(#3731,#3732),.UNSPECIFIED.,.F.,
  .F.,(2,2),(0.,6.28318530718),.PIECEWISE_BEZIER_KNOTS.);
#3731 = CARTESIAN_POINT('',(0.,0.));
#3732 = CARTESIAN_POINT('',(-6.28318530718,0.));
#3733 = ( GEOMETRIC_REPRESENTATION_CONTEXT(2) 
PARAMETRIC_REPRESENTATION_CONTEXT() REPRESENTATION_CONTEXT('2D SPACE',''
  ) );
#3734 = FACE_BOUND('',#3735,.F.);
#3735 = EDGE_LOOP('',(#3736));
#3736 = ORIENTED_EDGE('',*,*,#3737,.T.);
#3737 = EDGE_CURVE('',#3738,#3738,#3740,.T.);
#3738 = VERTEX_POINT('',#3739);
#3739 = CARTESIAN_POINT('',(12.363636363636,-3.,17.));
#3740 = SURFACE_CURVE('',#3741,(#3746,#3757),.PCURVE_S1.);
#3741 = CIRCLE('',#3742,1.);
#3742 = AXIS2_PLACEMENT_3D('',#3743,#3744,#3745);
#3743 = CARTESIAN_POINT('',(11.363636363636,-3.,17.));
#3744 = DIRECTION('',(2.254526039504E-97,-1.,2.22044604925E-16));
#3745 = DIRECTION('',(1.,2.254526039504E-97,-5.197704882822E-113));
#3746 = PCURVE('',#72,#3747);
#3747 = DEFINITIONAL_REPRESENTATION('',(#3748),#3756);
#3748 = ( BOUNDED_CURVE() B_SPLINE_CURVE(2,(#3749,#3750,#3751,#3752,
#3753,#3754,#3755),.UNSPECIFIED.,.T.,.F.) B_SPLINE_CURVE_WITH_KNOTS((1,2
    ,2,2,2,1),(-2.094395102393,0.,2.094395102393,4.188790204786,
6.28318530718,8.377580409573),.UNSPECIFIED.) CURVE() 
GEOMETRIC_REPRESENTATION_ITEM() RATIONAL_B_SPLINE_CURVE((1.,0.5,1.,0.5,
1.,0.5,1.)) REPRESENTATION_ITEM('') );
#3749 = CARTESIAN_POINT('',(-2.3,12.363636363636));
#3750 = CARTESIAN_POINT('',(-0.567949192431,12.363636363636));
#3751 = CARTESIAN_POINT('',(-1.433974596216,10.863636363636));
#3752 = CARTESIAN_POINT('',(-2.3,9.363636363636));
#3753 = CARTESIAN_POINT('',(-3.166025403784,10.863636363636));
#3754 = CARTESIAN_POINT('',(-4.032050807569,12.363636363636));
#3755 = CARTESIAN_POINT('',(-2.3,12.363636363636));
#3756 = ( GEOMETRIC_REPRESENTATION_CONTEXT(2) 
PARAMETRIC_REPRESENTATION_CONTEXT() REPRESENTATION_CONTEXT('2D SPACE',''
  ) );
#3757 = PCURVE('',#3758,#3763);
#3758 = CYLINDRICAL_SURFACE('',#3759,1.);
#3759 = AXIS2_PLACEMENT_3D('',#3760,#3761,#3762);
#3760 = CARTESIAN_POINT('',(11.363636363636,-3.,17.));
#3761 = DIRECTION('',(-2.254526039504E-97,1.,-2.22044604925E-16));
#3762 = DIRECTION('',(1.,2.254526039504E-97,-3.898278662117E-113));
#3763 = DEFINITIONAL_REPRESENTATION('',(#3764),#3767);
#3764 = B_SPLINE_CURVE_WITH_KNOTS('',1,(#3765,#3766),.UNSPECIFIED.,.F.,
  .F.,(2,2),(0.,6.28318530718),.PIECEWISE_BEZIER_KNOTS.);
#3765 = CARTESIAN_POINT('',(0.,0.));
#3766 = CARTESIAN_POINT('',(-6.28318530718,0.));
#3767 = ( GEOMETRIC_REPRESENTATION_CONTEXT(2) 
PARAMETRIC_REPRESENTATION_CONTEXT() REPRESENTATION_CONTEXT('2D SPACE',''
  ) );
#3768 = FACE_BOUND('',#3769,.F.);
#3769 = EDGE_LOOP('',(#3770));
#3770 = ORIENTED_EDGE('',*,*,#3771,.T.);
#3771 = EDGE_CURVE('',#3772,#3772,#3774,.T.);
#3772 = VERTEX_POINT('',#3773);
#3773 = CARTESIAN_POINT('',(16.909090909091,-3.,7.));
#3774 = SURFACE_CURVE('',#3775,(#3780,#3791),.PCURVE_S1.);
#3775 = CIRCLE('',#3776,1.);
#3776 = AXIS2_PLACEMENT_3D('',#3777,#3778,#3779);
#3777 = CARTESIAN_POINT('',(15.909090909091,-3.,7.));
#3778 = DIRECTION('',(2.254526039504E-97,-1.,2.22044604925E-16));
#3779 = DIRECTION('',(1.,2.254526039504E-97,-5.197704882822E-113));
#3780 = PCURVE('',#72,#3781);
#3781 = DEFINITIONAL_REPRESENTATION('',(#3782),#3790);
#3782 = ( BOUNDED_CURVE() B_SPLINE_CURVE(2,(#3783,#3784,#3785,#3786,
#3787,#3788,#3789),.UNSPECIFIED.,.T.,.F.) B_SPLINE_CURVE_WITH_KNOTS((1,2
    ,2,2,2,1),(-2.094395102393,0.,2.094395102393,4.188790204786,
6.28318530718,8.377580409573),.UNSPECIFIED.) CURVE() 
GEOMETRIC_REPRESENTATION_ITEM() RATIONAL_B_SPLINE_CURVE((1.,0.5,1.,0.5,
1.,0.5,1.)) REPRESENTATION_ITEM('') );
#3783 = CARTESIAN_POINT('',(-12.3,16.909090909091));
#3784 = CARTESIAN_POINT('',(-10.56794919243,16.909090909091));
#3785 = CARTESIAN_POINT('',(-11.43397459621,15.409090909091));
#3786 = CARTESIAN_POINT('',(-12.3,13.909090909091));
#3787 = CARTESIAN_POINT('',(-13.16602540378,15.409090909091));
#3788 = CARTESIAN_POINT('',(-14.03205080756,16.909090909091));
#3789 = CARTESIAN_POINT('',(-12.3,16.909090909091));
#3790 = ( GEOMETRIC_REPRESENTATION_CONTEXT(2) 
PARAMETRIC_REPRESENTATION_CONTEXT() REPRESENTATION_CONTEXT('2D SPACE',''
  ) );
#3791 = PCURVE('',#3792,#3797);
#3792 = CYLINDRICAL_SURFACE('',#3793,1.);
#3793 = AXIS2_PLACEMENT_3D('',#3794,#3795,#3796);
#3794 = CARTESIAN_POINT('',(15.909090909091,-3.,7.));
#3795 = DIRECTION('',(-2.254526039504E-97,1.,-2.22044604925E-16));
#3796 = DIRECTION('',(1.,2.254526039504E-97,-3.898278662117E-113));
#3797 = DEFINITIONAL_REPRESENTATION('',(#3798),#3801);
#3798 = B_SPLINE_CURVE_WITH_KNOTS('',1,(#3799,#3800),.UNSPECIFIED.,.F.,
  .F.,(2,2),(0.,6.28318530718),.PIECEWISE_BEZIER_KNOTS.);
#3799 = CARTESIAN_POINT('',(0.,0.));
#3800 = CARTESIAN_POINT('',(-6.28318530718,0.));
#3801 = ( GEOMETRIC_REPRESENTATION_CONTEXT(2) 
PARAMETRIC_REPRESENTATION_CONTEXT() REPRESENTATION_CONTEXT('2D SPACE',''
  ) );
#3802 = FACE_BOUND('',#3803,.F.);
#3803 = EDGE_LOOP('',(#3804));
#3804 = ORIENTED_EDGE('',*,*,#3805,.T.);
#3805 = EDGE_CURVE('',#3806,#3806,#3808,.T.);
#3806 = VERTEX_POINT('',#3807);
#3807 = CARTESIAN_POINT('',(16.909090909091,-3.,12.));
#3808 = SURFACE_CURVE('',#3809,(#3814,#3825),.PCURVE_S1.);
#3809 = CIRCLE('',#3810,1.);
#3810 = AXIS2_PLACEMENT_3D('',#3811,#3812,#3813);
#3811 = CARTESIAN_POINT('',(15.909090909091,-3.,12.));
#3812 = DIRECTION('',(2.254526039504E-97,-1.,2.22044604925E-16));
#3813 = DIRECTION('',(1.,2.254526039504E-97,-5.197704882822E-113));
#3814 = PCURVE('',#72,#3815);
#3815 = DEFINITIONAL_REPRESENTATION('',(#3816),#3824);
#3816 = ( BOUNDED_CURVE() B_SPLINE_CURVE(2,(#3817,#3818,#3819,#3820,
#3821,#3822,#3823),.UNSPECIFIED.,.T.,.F.) B_SPLINE_CURVE_WITH_KNOTS((1,2
    ,2,2,2,1),(-2.094395102393,0.,2.094395102393,4.188790204786,
6.28318530718,8.377580409573),.UNSPECIFIED.) CURVE() 
GEOMETRIC_REPRESENTATION_ITEM() RATIONAL_B_SPLINE_CURVE((1.,0.5,1.,0.5,
1.,0.5,1.)) REPRESENTATION_ITEM('') );
#3817 = CARTESIAN_POINT('',(-7.3,16.909090909091));
#3818 = CARTESIAN_POINT('',(-5.567949192431,16.909090909091));
#3819 = CARTESIAN_POINT('',(-6.433974596216,15.409090909091));
#3820 = CARTESIAN_POINT('',(-7.3,13.909090909091));
#3821 = CARTESIAN_POINT('',(-8.166025403784,15.409090909091));
#3822 = CARTESIAN_POINT('',(-9.032050807569,16.909090909091));
#3823 = CARTESIAN_POINT('',(-7.3,16.909090909091));
#3824 = ( GEOMETRIC_REPRESENTATION_CONTEXT(2) 
PARAMETRIC_REPRESENTATION_CONTEXT() REPRESENTATION_CONTEXT('2D SPACE',''
  ) );
#3825 = PCURVE('',#3826,#3831);
#3826 = CYLINDRICAL_SURFACE('',#3827,1.);
#3827 = AXIS2_PLACEMENT_3D('',#3828,#3829,#3830);
#3828 = CARTESIAN_POINT('',(15.909090909091,-3.,12.));
#3829 = DIRECTION('',(-2.254526039504E-97,1.,-2.22044604925E-16));
#3830 = DIRECTION('',(1.,2.254526039504E-97,-3.898278662117E-113));
#3831 = DEFINITIONAL_REPRESENTATION('',(#3832),#3835);
#3832 = B_SPLINE_CURVE_WITH_KNOTS('',1,(#3833,#3834),.UNSPECIFIED.,.F.,
  .F.,(2,2),(0.,6.28318530718),.PIECEWISE_BEZIER_KNOTS.);
#3833 = CARTESIAN_POINT('',(0.,0.));
#3834 = CARTESIAN_POINT('',(-6.28318530718,0.));
#3835 = ( GEOMETRIC_REPRESENTATION_CONTEXT(2) 
PARAMETRIC_REPRESENTATION_CONTEXT() REPRESENTATION_CONTEXT('2D SPACE',''
  ) );
#3836 = FACE_BOUND('',#3837,.F.);
#3837 = EDGE_LOOP('',(#3838));
#3838 = ORIENTED_EDGE('',*,*,#3839,.T.);
#3839 = EDGE_CURVE('',#3840,#3840,#3842,.T.);
#3840 = VERTEX_POINT('',#3841);
#3841 = CARTESIAN_POINT('',(21.454545454545,-3.,7.));
#3842 = SURFACE_CURVE('',#3843,(#3848,#3859),.PCURVE_S1.);
#3843 = CIRCLE('',#3844,1.);
#3844 = AXIS2_PLACEMENT_3D('',#3845,#3846,#3847);
#3845 = CARTESIAN_POINT('',(20.454545454545,-3.,7.));
#3846 = DIRECTION('',(2.254526039504E-97,-1.,2.22044604925E-16));
#3847 = DIRECTION('',(1.,2.254526039504E-97,-5.197704882822E-113));
#3848 = PCURVE('',#72,#3849);
#3849 = DEFINITIONAL_REPRESENTATION('',(#3850),#3858);
#3850 = ( BOUNDED_CURVE() B_SPLINE_CURVE(2,(#3851,#3852,#3853,#3854,
#3855,#3856,#3857),.UNSPECIFIED.,.T.,.F.) B_SPLINE_CURVE_WITH_KNOTS((1,2
    ,2,2,2,1),(-2.094395102393,0.,2.094395102393,4.188790204786,
6.28318530718,8.377580409573),.UNSPECIFIED.) CURVE() 
GEOMETRIC_REPRESENTATION_ITEM() RATIONAL_B_SPLINE_CURVE((1.,0.5,1.,0.5,
1.,0.5,1.)) REPRESENTATION_ITEM('') );
#3851 = CARTESIAN_POINT('',(-12.3,21.454545454545));
#3852 = CARTESIAN_POINT('',(-10.56794919243,21.454545454545));
#3853 = CARTESIAN_POINT('',(-11.43397459621,19.954545454545));
#3854 = CARTESIAN_POINT('',(-12.3,18.454545454545));
#3855 = CARTESIAN_POINT('',(-13.16602540378,19.954545454545));
#3856 = CARTESIAN_POINT('',(-14.03205080756,21.454545454545));
#3857 = CARTESIAN_POINT('',(-12.3,21.454545454545));
#3858 = ( GEOMETRIC_REPRESENTATION_CONTEXT(2) 
PARAMETRIC_REPRESENTATION_CONTEXT() REPRESENTATION_CONTEXT('2D SPACE',''
  ) );
#3859 = PCURVE('',#3860,#3865);
#3860 = CYLINDRICAL_SURFACE('',#3861,1.);
#3861 = AXIS2_PLACEMENT_3D('',#3862,#3863,#3864);
#3862 = CARTESIAN_POINT('',(20.454545454545,-3.,7.));
#3863 = DIRECTION('',(-2.254526039504E-97,1.,-2.22044604925E-16));
#3864 = DIRECTION('',(1.,2.254526039504E-97,-3.898278662117E-113));
#3865 = DEFINITIONAL_REPRESENTATION('',(#3866),#3869);
#3866 = B_SPLINE_CURVE_WITH_KNOTS('',1,(#3867,#3868),.UNSPECIFIED.,.F.,
  .F.,(2,2),(0.,6.28318530718),.PIECEWISE_BEZIER_KNOTS.);
#3867 = CARTESIAN_POINT('',(0.,0.));
#3868 = CARTESIAN_POINT('',(-6.28318530718,0.));
#3869 = ( GEOMETRIC_REPRESENTATION_CONTEXT(2) 
PARAMETRIC_REPRESENTATION_CONTEXT() REPRESENTATION_CONTEXT('2D SPACE',''
  ) );
#3870 = FACE_BOUND('',#3871,.F.);
#3871 = EDGE_LOOP('',(#3872));
#3872 = ORIENTED_EDGE('',*,*,#3873,.T.);
#3873 = EDGE_CURVE('',#3874,#3874,#3876,.T.);
#3874 = VERTEX_POINT('',#3875);
#3875 = CARTESIAN_POINT('',(26.,-3.,7.));
#3876 = SURFACE_CURVE('',#3877,(#3882,#3893),.PCURVE_S1.);
#3877 = CIRCLE('',#3878,1.);
#3878 = AXIS2_PLACEMENT_3D('',#3879,#3880,#3881);
#3879 = CARTESIAN_POINT('',(25.,-3.,7.));
#3880 = DIRECTION('',(2.254526039504E-97,-1.,2.22044604925E-16));
#3881 = DIRECTION('',(1.,2.254526039504E-97,-5.197704882822E-113));
#3882 = PCURVE('',#72,#3883);
#3883 = DEFINITIONAL_REPRESENTATION('',(#3884),#3892);
#3884 = ( BOUNDED_CURVE() B_SPLINE_CURVE(2,(#3885,#3886,#3887,#3888,
#3889,#3890,#3891),.UNSPECIFIED.,.T.,.F.) B_SPLINE_CURVE_WITH_KNOTS((1,2
    ,2,2,2,1),(-2.094395102393,0.,2.094395102393,4.188790204786,
6.28318530718,8.377580409573),.UNSPECIFIED.) CURVE() 
GEOMETRIC_REPRESENTATION_ITEM() RATIONAL_B_SPLINE_CURVE((1.,0.5,1.,0.5,
1.,0.5,1.)) REPRESENTATION_ITEM('') );
#3885 = CARTESIAN_POINT('',(-12.3,26.));
#3886 = CARTESIAN_POINT('',(-10.56794919243,26.));
#3887 = CARTESIAN_POINT('',(-11.43397459621,24.5));
#3888 = CARTESIAN_POINT('',(-12.3,23.));
#3889 = CARTESIAN_POINT('',(-13.16602540378,24.5));
#3890 = CARTESIAN_POINT('',(-14.03205080756,26.));
#3891 = CARTESIAN_POINT('',(-12.3,26.));
#3892 = ( GEOMETRIC_REPRESENTATION_CONTEXT(2) 
PARAMETRIC_REPRESENTATION_CONTEXT() REPRESENTATION_CONTEXT('2D SPACE',''
  ) );
#3893 = PCURVE('',#3894,#3899);
#3894 = CYLINDRICAL_SURFACE('',#3895,1.);
#3895 = AXIS2_PLACEMENT_3D('',#3896,#3897,#3898);
#3896 = CARTESIAN_POINT('',(25.,-3.,7.));
#3897 = DIRECTION('',(-2.254526039504E-97,1.,-2.22044604925E-16));
#3898 = DIRECTION('',(1.,2.254526039504E-97,-3.898278662117E-113));
#3899 = DEFINITIONAL_REPRESENTATION('',(#3900),#3903);
#3900 = B_SPLINE_CURVE_WITH_KNOTS('',1,(#3901,#3902),.UNSPECIFIED.,.F.,
  .F.,(2,2),(0.,6.28318530718),.PIECEWISE_BEZIER_KNOTS.);
#3901 = CARTESIAN_POINT('',(0.,0.));
#3902 = CARTESIAN_POINT('',(-6.28318530718,0.));
#3903 = ( GEOMETRIC_REPRESENTATION_CONTEXT(2) 
PARAMETRIC_REPRESENTATION_CONTEXT() REPRESENTATION_CONTEXT('2D SPACE',''
  ) );
#3904 = FACE_BOUND('',#3905,.F.);
#3905 = EDGE_LOOP('',(#3906));
#3906 = ORIENTED_EDGE('',*,*,#3907,.T.);
#3907 = EDGE_CURVE('',#3908,#3908,#3910,.T.);
#3908 = VERTEX_POINT('',#3909);
#3909 = CARTESIAN_POINT('',(21.454545454545,-3.,12.));
#3910 = SURFACE_CURVE('',#3911,(#3916,#3927),.PCURVE_S1.);
#3911 = CIRCLE('',#3912,1.);
#3912 = AXIS2_PLACEMENT_3D('',#3913,#3914,#3915);
#3913 = CARTESIAN_POINT('',(20.454545454545,-3.,12.));
#3914 = DIRECTION('',(2.254526039504E-97,-1.,2.22044604925E-16));
#3915 = DIRECTION('',(1.,2.254526039504E-97,-5.197704882822E-113));
#3916 = PCURVE('',#72,#3917);
#3917 = DEFINITIONAL_REPRESENTATION('',(#3918),#3926);
#3918 = ( BOUNDED_CURVE() B_SPLINE_CURVE(2,(#3919,#3920,#3921,#3922,
#3923,#3924,#3925),.UNSPECIFIED.,.T.,.F.) B_SPLINE_CURVE_WITH_KNOTS((1,2
    ,2,2,2,1),(-2.094395102393,0.,2.094395102393,4.188790204786,
6.28318530718,8.377580409573),.UNSPECIFIED.) CURVE() 
GEOMETRIC_REPRESENTATION_ITEM() RATIONAL_B_SPLINE_CURVE((1.,0.5,1.,0.5,
1.,0.5,1.)) REPRESENTATION_ITEM('') );
#3919 = CARTESIAN_POINT('',(-7.3,21.454545454545));
#3920 = CARTESIAN_POINT('',(-5.567949192431,21.454545454545));
#3921 = CARTESIAN_POINT('',(-6.433974596216,19.954545454545));
#3922 = CARTESIAN_POINT('',(-7.3,18.454545454545));
#3923 = CARTESIAN_POINT('',(-8.166025403784,19.954545454545));
#3924 = CARTESIAN_POINT('',(-9.032050807569,21.454545454545));
#3925 = CARTESIAN_POINT('',(-7.3,21.454545454545));
#3926 = ( GEOMETRIC_REPRESENTATION_CONTEXT(2) 
PARAMETRIC_REPRESENTATION_CONTEXT() REPRESENTATION_CONTEXT('2D SPACE',''
  ) );
#3927 = PCURVE('',#3928,#3933);
#3928 = CYLINDRICAL_SURFACE('',#3929,1.);
#3929 = AXIS2_PLACEMENT_3D('',#3930,#3931,#3932);
#3930 = CARTESIAN_POINT('',(20.454545454545,-3.,12.));
#3931 = DIRECTION('',(-2.254526039504E-97,1.,-2.22044604925E-16));
#3932 = DIRECTION('',(1.,2.254526039504E-97,-3.898278662117E-113));
#3933 = DEFINITIONAL_REPRESENTATION('',(#3934),#3937);
#3934 = B_SPLINE_CURVE_WITH_KNOTS('',1,(#3935,#3936),.UNSPECIFIED.,.F.,
  .F.,(2,2),(0.,6.28318530718),.PIECEWISE_BEZIER_KNOTS.);
#3935 = CARTESIAN_POINT('',(0.,0.));
#3936 = CARTESIAN_POINT('',(-6.28318530718,0.));
#3937 = ( GEOMETRIC_REPRESENTATION_CONTEXT(2) 
PARAMETRIC_REPRESENTATION_CONTEXT() REPRESENTATION_CONTEXT('2D SPACE',''
  ) );
#3938 = FACE_BOUND('',#3939,.F.);
#3939 = EDGE_LOOP('',(#3940));
#3940 = ORIENTED_EDGE('',*,*,#3941,.T.);
#3941 = EDGE_CURVE('',#3942,#3942,#3944,.T.);
#3942 = VERTEX_POINT('',#3943);
#3943 = CARTESIAN_POINT('',(26.,-3.,12.));
#3944 = SURFACE_CURVE('',#3945,(#3950,#3961),.PCURVE_S1.);
#3945 = CIRCLE('',#3946,1.);
#3946 = AXIS2_PLACEMENT_3D('',#3947,#3948,#3949);
#3947 = CARTESIAN_POINT('',(25.,-3.,12.));
#3948 = DIRECTION('',(2.254526039504E-97,-1.,2.22044604925E-16));
#3949 = DIRECTION('',(1.,2.254526039504E-97,-5.197704882822E-113));
#3950 = PCURVE('',#72,#3951);
#3951 = DEFINITIONAL_REPRESENTATION('',(#3952),#3960);
#3952 = ( BOUNDED_CURVE() B_SPLINE_CURVE(2,(#3953,#3954,#3955,#3956,
#3957,#3958,#3959),.UNSPECIFIED.,.T.,.F.) B_SPLINE_CURVE_WITH_KNOTS((1,2
    ,2,2,2,1),(-2.094395102393,0.,2.094395102393,4.188790204786,
6.28318530718,8.377580409573),.UNSPECIFIED.) CURVE() 
GEOMETRIC_REPRESENTATION_ITEM() RATIONAL_B_SPLINE_CURVE((1.,0.5,1.,0.5,
1.,0.5,1.)) REPRESENTATION_ITEM('') );
#3953 = CARTESIAN_POINT('',(-7.3,26.));
#3954 = CARTESIAN_POINT('',(-5.567949192431,26.));
#3955 = CARTESIAN_POINT('',(-6.433974596216,24.5));
#3956 = CARTESIAN_POINT('',(-7.3,23.));
#3957 = CARTESIAN_POINT('',(-8.166025403784,24.5));
#3958 = CARTESIAN_POINT('',(-9.032050807569,26.));
#3959 = CARTESIAN_POINT('',(-7.3,26.));
#3960 = ( GEOMETRIC_REPRESENTATION_CONTEXT(2) 
PARAMETRIC_REPRESENTATION_CONTEXT() REPRESENTATION_CONTEXT('2D SPACE',''
  ) );
#3961 = PCURVE('',#3962,#3967);
#3962 = CYLINDRICAL_SURFACE('',#3963,1.);
#3963 = AXIS2_PLACEMENT_3D('',#3964,#3965,#3966);
#3964 = CARTESIAN_POINT('',(25.,-3.,12.));
#3965 = DIRECTION('',(-2.254526039504E-97,1.,-2.22044604925E-16));
#3966 = DIRECTION('',(1.,2.254526039504E-97,-3.898278662117E-113));
#3967 = DEFINITIONAL_REPRESENTATION('',(#3968),#3971);
#3968 = B_SPLINE_CURVE_WITH_KNOTS('',1,(#3969,#3970),.UNSPECIFIED.,.F.,
  .F.,(2,2),(0.,6.28318530718),.PIECEWISE_BEZIER_KNOTS.);
#3969 = CARTESIAN_POINT('',(0.,0.));
#3970 = CARTESIAN_POINT('',(-6.28318530718,0.));
#3971 = ( GEOMETRIC_REPRESENTATION_CONTEXT(2) 
PARAMETRIC_REPRESENTATION_CONTEXT() REPRESENTATION_CONTEXT('2D SPACE',''
  ) );
#3972 = FACE_BOUND('',#3973,.F.);
#3973 = EDGE_LOOP('',(#3974));
#3974 = ORIENTED_EDGE('',*,*,#3975,.T.);
#3975 = EDGE_CURVE('',#3976,#3976,#3978,.T.);
#3976 = VERTEX_POINT('',#3977);
#3977 = CARTESIAN_POINT('',(16.909090909091,-3.,17.));
#3978 = SURFACE_CURVE('',#3979,(#3984,#3995),.PCURVE_S1.);
#3979 = CIRCLE('',#3980,1.);
#3980 = AXIS2_PLACEMENT_3D('',#3981,#3982,#3983);
#3981 = CARTESIAN_POINT('',(15.909090909091,-3.,17.));
#3982 = DIRECTION('',(2.254526039504E-97,-1.,2.22044604925E-16));
#3983 = DIRECTION('',(1.,2.254526039504E-97,-5.197704882822E-113));
#3984 = PCURVE('',#72,#3985);
#3985 = DEFINITIONAL_REPRESENTATION('',(#3986),#3994);
#3986 = ( BOUNDED_CURVE() B_SPLINE_CURVE(2,(#3987,#3988,#3989,#3990,
#3991,#3992,#3993),.UNSPECIFIED.,.T.,.F.) B_SPLINE_CURVE_WITH_KNOTS((1,2
    ,2,2,2,1),(-2.094395102393,0.,2.094395102393,4.188790204786,
6.28318530718,8.377580409573),.UNSPECIFIED.) CURVE() 
GEOMETRIC_REPRESENTATION_ITEM() RATIONAL_B_SPLINE_CURVE((1.,0.5,1.,0.5,
1.,0.5,1.)) REPRESENTATION_ITEM('') );
#3987 = CARTESIAN_POINT('',(-2.3,16.909090909091));
#3988 = CARTESIAN_POINT('',(-0.567949192431,16.909090909091));
#3989 = CARTESIAN_POINT('',(-1.433974596216,15.409090909091));
#3990 = CARTESIAN_POINT('',(-2.3,13.909090909091));
#3991 = CARTESIAN_POINT('',(-3.166025403784,15.409090909091));
#3992 = CARTESIAN_POINT('',(-4.032050807569,16.909090909091));
#3993 = CARTESIAN_POINT('',(-2.3,16.909090909091));
#3994 = ( GEOMETRIC_REPRESENTATION_CONTEXT(2) 
PARAMETRIC_REPRESENTATION_CONTEXT() REPRESENTATION_CONTEXT('2D SPACE',''
  ) );
#3995 = PCURVE('',#3996,#4001);
#3996 = CYLINDRICAL_SURFACE('',#3997,1.);
#3997 = AXIS2_PLACEMENT_3D('',#3998,#3999,#4000);
#3998 = CARTESIAN_POINT('',(15.909090909091,-3.,17.));
#3999 = DIRECTION('',(-2.254526039504E-97,1.,-2.22044604925E-16));
#4000 = DIRECTION('',(1.,2.254526039504E-97,-3.898278662117E-113));
#4001 = DEFINITIONAL_REPRESENTATION('',(#4002),#4005);
#4002 = B_SPLINE_CURVE_WITH_KNOTS('',1,(#4003,#4004),.UNSPECIFIED.,.F.,
  .F.,(2,2),(0.,6.28318530718),.PIECEWISE_BEZIER_KNOTS.);
#4003 = CARTESIAN_POINT('',(0.,0.));
#4004 = CARTESIAN_POINT('',(-6.28318530718,0.));
#4005 = ( GEOMETRIC_REPRESENTATION_CONTEXT(2) 
PARAMETRIC_REPRESENTATION_CONTEXT() REPRESENTATION_CONTEXT('2D SPACE',''
  ) );
#4006 = FACE_BOUND('',#4007,.F.);
#4007 = EDGE_LOOP('',(#4008));
#4008 = ORIENTED_EDGE('',*,*,#4009,.T.);
#4009 = EDGE_CURVE('',#4010,#4010,#4012,.T.);
#4010 = VERTEX_POINT('',#4011);
#4011 = CARTESIAN_POINT('',(21.454545454545,-3.,17.));
#4012 = SURFACE_CURVE('',#4013,(#4018,#4029),.PCURVE_S1.);
#4013 = CIRCLE('',#4014,1.);
#4014 = AXIS2_PLACEMENT_3D('',#4015,#4016,#4017);
#4015 = CARTESIAN_POINT('',(20.454545454545,-3.,17.));
#4016 = DIRECTION('',(2.254526039504E-97,-1.,2.22044604925E-16));
#4017 = DIRECTION('',(1.,2.254526039504E-97,-5.197704882822E-113));
#4018 = PCURVE('',#72,#4019);
#4019 = DEFINITIONAL_REPRESENTATION('',(#4020),#4028);
#4020 = ( BOUNDED_CURVE() B_SPLINE_CURVE(2,(#4021,#4022,#4023,#4024,
#4025,#4026,#4027),.UNSPECIFIED.,.T.,.F.) B_SPLINE_CURVE_WITH_KNOTS((1,2
    ,2,2,2,1),(-2.094395102393,0.,2.094395102393,4.188790204786,
6.28318530718,8.377580409573),.UNSPECIFIED.) CURVE() 
GEOMETRIC_REPRESENTATION_ITEM() RATIONAL_B_SPLINE_CURVE((1.,0.5,1.,0.5,
1.,0.5,1.)) REPRESENTATION_ITEM('') );
#4021 = CARTESIAN_POINT('',(-2.3,21.454545454545));
#4022 = CARTESIAN_POINT('',(-0.567949192431,21.454545454545));
#4023 = CARTESIAN_POINT('',(-1.433974596216,19.954545454545));
#4024 = CARTESIAN_POINT('',(-2.3,18.454545454545));
#4025 = CARTESIAN_POINT('',(-3.166025403784,19.954545454545));
#4026 = CARTESIAN_POINT('',(-4.032050807569,21.454545454545));
#4027 = CARTESIAN_POINT('',(-2.3,21.454545454545));
#4028 = ( GEOMETRIC_REPRESENTATION_CONTEXT(2) 
PARAMETRIC_REPRESENTATION_CONTEXT() REPRESENTATION_CONTEXT('2D SPACE',''
  ) );
#4029 = PCURVE('',#4030,#4035);
#4030 = CYLINDRICAL_SURFACE('',#4031,1.);
#4031 = AXIS2_PLACEMENT_3D('',#4032,#4033,#4034);
#4032 = CARTESIAN_POINT('',(20.454545454545,-3.,17.));
#4033 = DIRECTION('',(-2.254526039504E-97,1.,-2.22044604925E-16));
#4034 = DIRECTION('',(1.,2.254526039504E-97,-3.898278662117E-113));
#4035 = DEFINITIONAL_REPRESENTATION('',(#4036),#4039);
#4036 = B_SPLINE_CURVE_WITH_KNOTS('',1,(#4037,#4038),.UNSPECIFIED.,.F.,
  .F.,(2,2),(0.,6.28318530718),.PIECEWISE_BEZIER_KNOTS.);
#4037 = CARTESIAN_POINT('',(0.,0.));
#4038 = CARTESIAN_POINT('',(-6.28318530718,0.));
#4039 = ( GEOMETRIC_REPRESENTATION_CONTEXT(2) 
PARAMETRIC_REPRESENTATION_CONTEXT() REPRESENTATION_CONTEXT('2D SPACE',''
  ) );
#4040 = FACE_BOUND('',#4041,.F.);
#4041 = EDGE_LOOP('',(#4042));
#4042 = ORIENTED_EDGE('',*,*,#4043,.T.);
#4043 = EDGE_CURVE('',#4044,#4044,#4046,.T.);
#4044 = VERTEX_POINT('',#4045);
#4045 = CARTESIAN_POINT('',(26.,-3.,17.));
#4046 = SURFACE_CURVE('',#4047,(#4052,#4063),.PCURVE_S1.);
#4047 = CIRCLE('',#4048,1.);
#4048 = AXIS2_PLACEMENT_3D('',#4049,#4050,#4051);
#4049 = CARTESIAN_POINT('',(25.,-3.,17.));
#4050 = DIRECTION('',(2.254526039504E-97,-1.,2.22044604925E-16));
#4051 = DIRECTION('',(1.,2.254526039504E-97,-5.197704882822E-113));
#4052 = PCURVE('',#72,#4053);
#4053 = DEFINITIONAL_REPRESENTATION('',(#4054),#4062);
#4054 = ( BOUNDED_CURVE() B_SPLINE_CURVE(2,(#4055,#4056,#4057,#4058,
#4059,#4060,#4061),.UNSPECIFIED.,.T.,.F.) B_SPLINE_CURVE_WITH_KNOTS((1,2
    ,2,2,2,1),(-2.094395102393,0.,2.094395102393,4.188790204786,
6.28318530718,8.377580409573),.UNSPECIFIED.) CURVE() 
GEOMETRIC_REPRESENTATION_ITEM() RATIONAL_B_SPLINE_CURVE((1.,0.5,1.,0.5,
1.,0.5,1.)) REPRESENTATION_ITEM('') );
#4055 = CARTESIAN_POINT('',(-2.3,26.));
#4056 = CARTESIAN_POINT('',(-0.567949192431,26.));
#4057 = CARTESIAN_POINT('',(-1.433974596216,24.5));
#4058 = CARTESIAN_POINT('',(-2.3,23.));
#4059 = CARTESIAN_POINT('',(-3.166025403784,24.5));
#4060 = CARTESIAN_POINT('',(-4.032050807569,26.));
#4061 = CARTESIAN_POINT('',(-2.3,26.));
#4062 = ( GEOMETRIC_REPRESENTATION_CONTEXT(2) 
PARAMETRIC_REPRESENTATION_CONTEXT() REPRESENTATION_CONTEXT('2D SPACE',''
  ) );
#4063 = PCURVE('',#4064,#4069);
#4064 = CYLINDRICAL_SURFACE('',#4065,1.);
#4065 = AXIS2_PLACEMENT_3D('',#4066,#4067,#4068);
#4066 = CARTESIAN_POINT('',(25.,-3.,17.));
#4067 = DIRECTION('',(-2.254526039504E-97,1.,-2.22044604925E-16));
#4068 = DIRECTION('',(1.,2.254526039504E-97,-3.898278662117E-113));
#4069 = DEFINITIONAL_REPRESENTATION('',(#4070),#4073);
#4070 = B_SPLINE_CURVE_WITH_KNOTS('',1,(#4071,#4072),.UNSPECIFIED.,.F.,
  .F.,(2,2),(0.,6.28318530718),.PIECEWISE_BEZIER_KNOTS.);
#4071 = CARTESIAN_POINT('',(0.,0.));
#4072 = CARTESIAN_POINT('',(-6.28318530718,0.));
#4073 = ( GEOMETRIC_REPRESENTATION_CONTEXT(2) 
PARAMETRIC_REPRESENTATION_CONTEXT() REPRESENTATION_CONTEXT('2D SPACE',''
  ) );
#4074 = FACE_BOUND('',#4075,.F.);
#4075 = EDGE_LOOP('',(#4076));
#4076 = ORIENTED_EDGE('',*,*,#4077,.T.);
#4077 = EDGE_CURVE('',#4078,#4078,#4080,.T.);
#4078 = VERTEX_POINT('',#4079);
#4079 = CARTESIAN_POINT('',(3.272727272727,-3.,22.));
#4080 = SURFACE_CURVE('',#4081,(#4086,#4097),.PCURVE_S1.);
#4081 = CIRCLE('',#4082,1.);
#4082 = AXIS2_PLACEMENT_3D('',#4083,#4084,#4085);
#4083 = CARTESIAN_POINT('',(2.272727272727,-3.,22.));
#4084 = DIRECTION('',(2.254526039504E-97,-1.,2.22044604925E-16));
#4085 = DIRECTION('',(1.,2.254526039504E-97,-5.197704882822E-113));
#4086 = PCURVE('',#72,#4087);
#4087 = DEFINITIONAL_REPRESENTATION('',(#4088),#4096);
#4088 = ( BOUNDED_CURVE() B_SPLINE_CURVE(2,(#4089,#4090,#4091,#4092,
#4093,#4094,#4095),.UNSPECIFIED.,.T.,.F.) B_SPLINE_CURVE_WITH_KNOTS((1,2
    ,2,2,2,1),(-2.094395102393,0.,2.094395102393,4.188790204786,
6.28318530718,8.377580409573),.UNSPECIFIED.) CURVE() 
GEOMETRIC_REPRESENTATION_ITEM() RATIONAL_B_SPLINE_CURVE((1.,0.5,1.,0.5,
1.,0.5,1.)) REPRESENTATION_ITEM('') );
#4089 = CARTESIAN_POINT('',(2.7,3.272727272727));
#4090 = CARTESIAN_POINT('',(4.432050807569,3.272727272727));
#4091 = CARTESIAN_POINT('',(3.566025403784,1.772727272727));
#4092 = CARTESIAN_POINT('',(2.7,0.272727272727));
#4093 = CARTESIAN_POINT('',(1.833974596216,1.772727272727));
#4094 = CARTESIAN_POINT('',(0.967949192431,3.272727272727));
#4095 = CARTESIAN_POINT('',(2.7,3.272727272727));
#4096 = ( GEOMETRIC_REPRESENTATION_CONTEXT(2) 
PARAMETRIC_REPRESENTATION_CONTEXT() REPRESENTATION_CONTEXT('2D SPACE',''
  ) );
#4097 = PCURVE('',#4098,#4103);
#4098 = CYLINDRICAL_SURFACE('',#4099,1.);
#4099 = AXIS2_PLACEMENT_3D('',#4100,#4101,#4102);
#4100 = CARTESIAN_POINT('',(2.272727272727,-3.,22.));
#4101 = DIRECTION('',(-2.254526039504E-97,1.,-2.22044604925E-16));
#4102 = DIRECTION('',(1.,2.254526039504E-97,-3.898278662117E-113));
#4103 = DEFINITIONAL_REPRESENTATION('',(#4104),#4107);
#4104 = B_SPLINE_CURVE_WITH_KNOTS('',1,(#4105,#4106),.UNSPECIFIED.,.F.,
  .F.,(2,2),(0.,6.28318530718),.PIECEWISE_BEZIER_KNOTS.);
#4105 = CARTESIAN_POINT('',(0.,0.));
#4106 = CARTESIAN_POINT('',(-6.28318530718,0.));
#4107 = ( GEOMETRIC_REPRESENTATION_CONTEXT(2) 
PARAMETRIC_REPRESENTATION_CONTEXT() REPRESENTATION_CONTEXT('2D SPACE',''
  ) );
#4108 = FACE_BOUND('',#4109,.F.);
#4109 = EDGE_LOOP('',(#4110));
#4110 = ORIENTED_EDGE('',*,*,#4111,.T.);
#4111 = EDGE_CURVE('',#4112,#4112,#4114,.T.);
#4112 = VERTEX_POINT('',#4113);
#4113 = CARTESIAN_POINT('',(7.818181818182,-3.,22.));
#4114 = SURFACE_CURVE('',#4115,(#4120,#4131),.PCURVE_S1.);
#4115 = CIRCLE('',#4116,1.);
#4116 = AXIS2_PLACEMENT_3D('',#4117,#4118,#4119);
#4117 = CARTESIAN_POINT('',(6.818181818182,-3.,22.));
#4118 = DIRECTION('',(2.254526039504E-97,-1.,2.22044604925E-16));
#4119 = DIRECTION('',(1.,2.254526039504E-97,-5.197704882822E-113));
#4120 = PCURVE('',#72,#4121);
#4121 = DEFINITIONAL_REPRESENTATION('',(#4122),#4130);
#4122 = ( BOUNDED_CURVE() B_SPLINE_CURVE(2,(#4123,#4124,#4125,#4126,
#4127,#4128,#4129),.UNSPECIFIED.,.T.,.F.) B_SPLINE_CURVE_WITH_KNOTS((1,2
    ,2,2,2,1),(-2.094395102393,0.,2.094395102393,4.188790204786,
6.28318530718,8.377580409573),.UNSPECIFIED.) CURVE() 
GEOMETRIC_REPRESENTATION_ITEM() RATIONAL_B_SPLINE_CURVE((1.,0.5,1.,0.5,
1.,0.5,1.)) REPRESENTATION_ITEM('') );
#4123 = CARTESIAN_POINT('',(2.7,7.818181818182));
#4124 = CARTESIAN_POINT('',(4.432050807569,7.818181818182));
#4125 = CARTESIAN_POINT('',(3.566025403784,6.318181818182));
#4126 = CARTESIAN_POINT('',(2.7,4.818181818182));
#4127 = CARTESIAN_POINT('',(1.833974596216,6.318181818182));
#4128 = CARTESIAN_POINT('',(0.967949192431,7.818181818182));
#4129 = CARTESIAN_POINT('',(2.7,7.818181818182));
#4130 = ( GEOMETRIC_REPRESENTATION_CONTEXT(2) 
PARAMETRIC_REPRESENTATION_CONTEXT() REPRESENTATION_CONTEXT('2D SPACE',''
  ) );
#4131 = PCURVE('',#4132,#4137);
#4132 = CYLINDRICAL_SURFACE('',#4133,1.);
#4133 = AXIS2_PLACEMENT_3D('',#4134,#4135,#4136);
#4134 = CARTESIAN_POINT('',(6.818181818182,-3.,22.));
#4135 = DIRECTION('',(-2.254526039504E-97,1.,-2.22044604925E-16));
#4136 = DIRECTION('',(1.,2.254526039504E-97,-3.898278662117E-113));
#4137 = DEFINITIONAL_REPRESENTATION('',(#4138),#4141);
#4138 = B_SPLINE_CURVE_WITH_KNOTS('',1,(#4139,#4140),.UNSPECIFIED.,.F.,
  .F.,(2,2),(0.,6.28318530718),.PIECEWISE_BEZIER_KNOTS.);
#4139 = CARTESIAN_POINT('',(0.,0.));
#4140 = CARTESIAN_POINT('',(-6.28318530718,0.));
#4141 = ( GEOMETRIC_REPRESENTATION_CONTEXT(2) 
PARAMETRIC_REPRESENTATION_CONTEXT() REPRESENTATION_CONTEXT('2D SPACE',''
  ) );
#4142 = FACE_BOUND('',#4143,.F.);
#4143 = EDGE_LOOP('',(#4144));
#4144 = ORIENTED_EDGE('',*,*,#4145,.T.);
#4145 = EDGE_CURVE('',#4146,#4146,#4148,.T.);
#4146 = VERTEX_POINT('',#4147);
#4147 = CARTESIAN_POINT('',(12.363636363636,-3.,22.));
#4148 = SURFACE_CURVE('',#4149,(#4154,#4165),.PCURVE_S1.);
#4149 = CIRCLE('',#4150,1.);
#4150 = AXIS2_PLACEMENT_3D('',#4151,#4152,#4153);
#4151 = CARTESIAN_POINT('',(11.363636363636,-3.,22.));
#4152 = DIRECTION('',(2.254526039504E-97,-1.,2.22044604925E-16));
#4153 = DIRECTION('',(1.,2.254526039504E-97,-5.197704882822E-113));
#4154 = PCURVE('',#72,#4155);
#4155 = DEFINITIONAL_REPRESENTATION('',(#4156),#4164);
#4156 = ( BOUNDED_CURVE() B_SPLINE_CURVE(2,(#4157,#4158,#4159,#4160,
#4161,#4162,#4163),.UNSPECIFIED.,.T.,.F.) B_SPLINE_CURVE_WITH_KNOTS((1,2
    ,2,2,2,1),(-2.094395102393,0.,2.094395102393,4.188790204786,
6.28318530718,8.377580409573),.UNSPECIFIED.) CURVE() 
GEOMETRIC_REPRESENTATION_ITEM() RATIONAL_B_SPLINE_CURVE((1.,0.5,1.,0.5,
1.,0.5,1.)) REPRESENTATION_ITEM('') );
#4157 = CARTESIAN_POINT('',(2.7,12.363636363636));
#4158 = CARTESIAN_POINT('',(4.432050807569,12.363636363636));
#4159 = CARTESIAN_POINT('',(3.566025403784,10.863636363636));
#4160 = CARTESIAN_POINT('',(2.7,9.363636363636));
#4161 = CARTESIAN_POINT('',(1.833974596216,10.863636363636));
#4162 = CARTESIAN_POINT('',(0.967949192431,12.363636363636));
#4163 = CARTESIAN_POINT('',(2.7,12.363636363636));
#4164 = ( GEOMETRIC_REPRESENTATION_CONTEXT(2) 
PARAMETRIC_REPRESENTATION_CONTEXT() REPRESENTATION_CONTEXT('2D SPACE',''
  ) );
#4165 = PCURVE('',#4166,#4171);
#4166 = CYLINDRICAL_SURFACE('',#4167,1.);
#4167 = AXIS2_PLACEMENT_3D('',#4168,#4169,#4170);
#4168 = CARTESIAN_POINT('',(11.363636363636,-3.,22.));
#4169 = DIRECTION('',(-2.254526039504E-97,1.,-2.22044604925E-16));
#4170 = DIRECTION('',(1.,2.254526039504E-97,-3.898278662117E-113));
#4171 = DEFINITIONAL_REPRESENTATION('',(#4172),#4175);
#4172 = B_SPLINE_CURVE_WITH_KNOTS('',1,(#4173,#4174),.UNSPECIFIED.,.F.,
  .F.,(2,2),(0.,6.28318530718),.PIECEWISE_BEZIER_KNOTS.);
#4173 = CARTESIAN_POINT('',(0.,0.));
#4174 = CARTESIAN_POINT('',(-6.28318530718,0.));
#4175 = ( GEOMETRIC_REPRESENTATION_CONTEXT(2) 
PARAMETRIC_REPRESENTATION_CONTEXT() REPRESENTATION_CONTEXT('2D SPACE',''
  ) );
#4176 = FACE_BOUND('',#4177,.F.);
#4177 = EDGE_LOOP('',(#4178));
#4178 = ORIENTED_EDGE('',*,*,#4179,.T.);
#4179 = EDGE_CURVE('',#4180,#4180,#4182,.T.);
#4180 = VERTEX_POINT('',#4181);
#4181 = CARTESIAN_POINT('',(3.272727272727,-3.,27.));
#4182 = SURFACE_CURVE('',#4183,(#4188,#4199),.PCURVE_S1.);
#4183 = CIRCLE('',#4184,1.);
#4184 = AXIS2_PLACEMENT_3D('',#4185,#4186,#4187);
#4185 = CARTESIAN_POINT('',(2.272727272727,-3.,27.));
#4186 = DIRECTION('',(2.254526039504E-97,-1.,2.22044604925E-16));
#4187 = DIRECTION('',(1.,2.254526039504E-97,-5.197704882822E-113));
#4188 = PCURVE('',#72,#4189);
#4189 = DEFINITIONAL_REPRESENTATION('',(#4190),#4198);
#4190 = ( BOUNDED_CURVE() B_SPLINE_CURVE(2,(#4191,#4192,#4193,#4194,
#4195,#4196,#4197),.UNSPECIFIED.,.T.,.F.) B_SPLINE_CURVE_WITH_KNOTS((1,2
    ,2,2,2,1),(-2.094395102393,0.,2.094395102393,4.188790204786,
6.28318530718,8.377580409573),.UNSPECIFIED.) CURVE() 
GEOMETRIC_REPRESENTATION_ITEM() RATIONAL_B_SPLINE_CURVE((1.,0.5,1.,0.5,
1.,0.5,1.)) REPRESENTATION_ITEM('') );
#4191 = CARTESIAN_POINT('',(7.7,3.272727272727));
#4192 = CARTESIAN_POINT('',(9.432050807569,3.272727272727));
#4193 = CARTESIAN_POINT('',(8.566025403784,1.772727272727));
#4194 = CARTESIAN_POINT('',(7.7,0.272727272727));
#4195 = CARTESIAN_POINT('',(6.833974596216,1.772727272727));
#4196 = CARTESIAN_POINT('',(5.967949192431,3.272727272727));
#4197 = CARTESIAN_POINT('',(7.7,3.272727272727));
#4198 = ( GEOMETRIC_REPRESENTATION_CONTEXT(2) 
PARAMETRIC_REPRESENTATION_CONTEXT() REPRESENTATION_CONTEXT('2D SPACE',''
  ) );
#4199 = PCURVE('',#4200,#4205);
#4200 = CYLINDRICAL_SURFACE('',#4201,1.);
#4201 = AXIS2_PLACEMENT_3D('',#4202,#4203,#4204);
#4202 = CARTESIAN_POINT('',(2.272727272727,-3.,27.));
#4203 = DIRECTION('',(-2.254526039504E-97,1.,-2.22044604925E-16));
#4204 = DIRECTION('',(1.,2.254526039504E-97,-3.898278662117E-113));
#4205 = DEFINITIONAL_REPRESENTATION('',(#4206),#4209);
#4206 = B_SPLINE_CURVE_WITH_KNOTS('',1,(#4207,#4208),.UNSPECIFIED.,.F.,
  .F.,(2,2),(0.,6.28318530718),.PIECEWISE_BEZIER_KNOTS.);
#4207 = CARTESIAN_POINT('',(0.,0.));
#4208 = CARTESIAN_POINT('',(-6.28318530718,0.));
#4209 = ( GEOMETRIC_REPRESENTATION_CONTEXT(2) 
PARAMETRIC_REPRESENTATION_CONTEXT() REPRESENTATION_CONTEXT('2D SPACE',''
  ) );
#4210 = FACE_BOUND('',#4211,.F.);
#4211 = EDGE_LOOP('',(#4212));
#4212 = ORIENTED_EDGE('',*,*,#4213,.T.);
#4213 = EDGE_CURVE('',#4214,#4214,#4216,.T.);
#4214 = VERTEX_POINT('',#4215);
#4215 = CARTESIAN_POINT('',(3.272727272727,-3.,32.));
#4216 = SURFACE_CURVE('',#4217,(#4222,#4233),.PCURVE_S1.);
#4217 = CIRCLE('',#4218,1.);
#4218 = AXIS2_PLACEMENT_3D('',#4219,#4220,#4221);
#4219 = CARTESIAN_POINT('',(2.272727272727,-3.,32.));
#4220 = DIRECTION('',(2.254526039504E-97,-1.,2.22044604925E-16));
#4221 = DIRECTION('',(1.,2.254526039504E-97,-5.197704882822E-113));
#4222 = PCURVE('',#72,#4223);
#4223 = DEFINITIONAL_REPRESENTATION('',(#4224),#4232);
#4224 = ( BOUNDED_CURVE() B_SPLINE_CURVE(2,(#4225,#4226,#4227,#4228,
#4229,#4230,#4231),.UNSPECIFIED.,.T.,.F.) B_SPLINE_CURVE_WITH_KNOTS((1,2
    ,2,2,2,1),(-2.094395102393,0.,2.094395102393,4.188790204786,
6.28318530718,8.377580409573),.UNSPECIFIED.) CURVE() 
GEOMETRIC_REPRESENTATION_ITEM() RATIONAL_B_SPLINE_CURVE((1.,0.5,1.,0.5,
1.,0.5,1.)) REPRESENTATION_ITEM('') );
#4225 = CARTESIAN_POINT('',(12.7,3.272727272727));
#4226 = CARTESIAN_POINT('',(14.432050807569,3.272727272727));
#4227 = CARTESIAN_POINT('',(13.566025403784,1.772727272727));
#4228 = CARTESIAN_POINT('',(12.7,0.272727272727));
#4229 = CARTESIAN_POINT('',(11.833974596216,1.772727272727));
#4230 = CARTESIAN_POINT('',(10.967949192431,3.272727272727));
#4231 = CARTESIAN_POINT('',(12.7,3.272727272727));
#4232 = ( GEOMETRIC_REPRESENTATION_CONTEXT(2) 
PARAMETRIC_REPRESENTATION_CONTEXT() REPRESENTATION_CONTEXT('2D SPACE',''
  ) );
#4233 = PCURVE('',#4234,#4239);
#4234 = CYLINDRICAL_SURFACE('',#4235,1.);
#4235 = AXIS2_PLACEMENT_3D('',#4236,#4237,#4238);
#4236 = CARTESIAN_POINT('',(2.272727272727,-3.,32.));
#4237 = DIRECTION('',(-2.254526039504E-97,1.,-2.22044604925E-16));
#4238 = DIRECTION('',(1.,2.254526039504E-97,-3.898278662117E-113));
#4239 = DEFINITIONAL_REPRESENTATION('',(#4240),#4243);
#4240 = B_SPLINE_CURVE_WITH_KNOTS('',1,(#4241,#4242),.UNSPECIFIED.,.F.,
  .F.,(2,2),(0.,6.28318530718),.PIECEWISE_BEZIER_KNOTS.);
#4241 = CARTESIAN_POINT('',(0.,0.));
#4242 = CARTESIAN_POINT('',(-6.28318530718,0.));
#4243 = ( GEOMETRIC_REPRESENTATION_CONTEXT(2) 
PARAMETRIC_REPRESENTATION_CONTEXT() REPRESENTATION_CONTEXT('2D SPACE',''
  ) );
#4244 = FACE_BOUND('',#4245,.F.);
#4245 = EDGE_LOOP('',(#4246));
#4246 = ORIENTED_EDGE('',*,*,#4247,.T.);
#4247 = EDGE_CURVE('',#4248,#4248,#4250,.T.);
#4248 = VERTEX_POINT('',#4249);
#4249 = CARTESIAN_POINT('',(7.818181818182,-3.,27.));
#4250 = SURFACE_CURVE('',#4251,(#4256,#4267),.PCURVE_S1.);
#4251 = CIRCLE('',#4252,1.);
#4252 = AXIS2_PLACEMENT_3D('',#4253,#4254,#4255);
#4253 = CARTESIAN_POINT('',(6.818181818182,-3.,27.));
#4254 = DIRECTION('',(2.254526039504E-97,-1.,2.22044604925E-16));
#4255 = DIRECTION('',(1.,2.254526039504E-97,-5.197704882822E-113));
#4256 = PCURVE('',#72,#4257);
#4257 = DEFINITIONAL_REPRESENTATION('',(#4258),#4266);
#4258 = ( BOUNDED_CURVE() B_SPLINE_CURVE(2,(#4259,#4260,#4261,#4262,
#4263,#4264,#4265),.UNSPECIFIED.,.T.,.F.) B_SPLINE_CURVE_WITH_KNOTS((1,2
    ,2,2,2,1),(-2.094395102393,0.,2.094395102393,4.188790204786,
6.28318530718,8.377580409573),.UNSPECIFIED.) CURVE() 
GEOMETRIC_REPRESENTATION_ITEM() RATIONAL_B_SPLINE_CURVE((1.,0.5,1.,0.5,
1.,0.5,1.)) REPRESENTATION_ITEM('') );
#4259 = CARTESIAN_POINT('',(7.7,7.818181818182));
#4260 = CARTESIAN_POINT('',(9.432050807569,7.818181818182));
#4261 = CARTESIAN_POINT('',(8.566025403784,6.318181818182));
#4262 = CARTESIAN_POINT('',(7.7,4.818181818182));
#4263 = CARTESIAN_POINT('',(6.833974596216,6.318181818182));
#4264 = CARTESIAN_POINT('',(5.967949192431,7.818181818182));
#4265 = CARTESIAN_POINT('',(7.7,7.818181818182));
#4266 = ( GEOMETRIC_REPRESENTATION_CONTEXT(2) 
PARAMETRIC_REPRESENTATION_CONTEXT() REPRESENTATION_CONTEXT('2D SPACE',''
  ) );
#4267 = PCURVE('',#4268,#4273);
#4268 = CYLINDRICAL_SURFACE('',#4269,1.);
#4269 = AXIS2_PLACEMENT_3D('',#4270,#4271,#4272);
#4270 = CARTESIAN_POINT('',(6.818181818182,-3.,27.));
#4271 = DIRECTION('',(-2.254526039504E-97,1.,-2.22044604925E-16));
#4272 = DIRECTION('',(1.,2.254526039504E-97,-3.898278662117E-113));
#4273 = DEFINITIONAL_REPRESENTATION('',(#4274),#4277);
#4274 = B_SPLINE_CURVE_WITH_KNOTS('',1,(#4275,#4276),.UNSPECIFIED.,.F.,
  .F.,(2,2),(0.,6.28318530718),.PIECEWISE_BEZIER_KNOTS.);
#4275 = CARTESIAN_POINT('',(0.,0.));
#4276 = CARTESIAN_POINT('',(-6.28318530718,0.));
#4277 = ( GEOMETRIC_REPRESENTATION_CONTEXT(2) 
PARAMETRIC_REPRESENTATION_CONTEXT() REPRESENTATION_CONTEXT('2D SPACE',''
  ) );
#4278 = FACE_BOUND('',#4279,.F.);
#4279 = EDGE_LOOP('',(#4280));
#4280 = ORIENTED_EDGE('',*,*,#4281,.T.);
#4281 = EDGE_CURVE('',#4282,#4282,#4284,.T.);
#4282 = VERTEX_POINT('',#4283);
#4283 = CARTESIAN_POINT('',(12.363636363636,-3.,27.));
#4284 = SURFACE_CURVE('',#4285,(#4290,#4301),.PCURVE_S1.);
#4285 = CIRCLE('',#4286,1.);
#4286 = AXIS2_PLACEMENT_3D('',#4287,#4288,#4289);
#4287 = CARTESIAN_POINT('',(11.363636363636,-3.,27.));
#4288 = DIRECTION('',(2.254526039504E-97,-1.,2.22044604925E-16));
#4289 = DIRECTION('',(1.,2.254526039504E-97,-5.197704882822E-113));
#4290 = PCURVE('',#72,#4291);
#4291 = DEFINITIONAL_REPRESENTATION('',(#4292),#4300);
#4292 = ( BOUNDED_CURVE() B_SPLINE_CURVE(2,(#4293,#4294,#4295,#4296,
#4297,#4298,#4299),.UNSPECIFIED.,.T.,.F.) B_SPLINE_CURVE_WITH_KNOTS((1,2
    ,2,2,2,1),(-2.094395102393,0.,2.094395102393,4.188790204786,
6.28318530718,8.377580409573),.UNSPECIFIED.) CURVE() 
GEOMETRIC_REPRESENTATION_ITEM() RATIONAL_B_SPLINE_CURVE((1.,0.5,1.,0.5,
1.,0.5,1.)) REPRESENTATION_ITEM('') );
#4293 = CARTESIAN_POINT('',(7.7,12.363636363636));
#4294 = CARTESIAN_POINT('',(9.432050807569,12.363636363636));
#4295 = CARTESIAN_POINT('',(8.566025403784,10.863636363636));
#4296 = CARTESIAN_POINT('',(7.7,9.363636363636));
#4297 = CARTESIAN_POINT('',(6.833974596216,10.863636363636));
#4298 = CARTESIAN_POINT('',(5.967949192431,12.363636363636));
#4299 = CARTESIAN_POINT('',(7.7,12.363636363636));
#4300 = ( GEOMETRIC_REPRESENTATION_CONTEXT(2) 
PARAMETRIC_REPRESENTATION_CONTEXT() REPRESENTATION_CONTEXT('2D SPACE',''
  ) );
#4301 = PCURVE('',#4302,#4307);
#4302 = CYLINDRICAL_SURFACE('',#4303,1.);
#4303 = AXIS2_PLACEMENT_3D('',#4304,#4305,#4306);
#4304 = CARTESIAN_POINT('',(11.363636363636,-3.,27.));
#4305 = DIRECTION('',(-2.254526039504E-97,1.,-2.22044604925E-16));
#4306 = DIRECTION('',(1.,2.254526039504E-97,-3.898278662117E-113));
#4307 = DEFINITIONAL_REPRESENTATION('',(#4308),#4311);
#4308 = B_SPLINE_CURVE_WITH_KNOTS('',1,(#4309,#4310),.UNSPECIFIED.,.F.,
  .F.,(2,2),(0.,6.28318530718),.PIECEWISE_BEZIER_KNOTS.);
#4309 = CARTESIAN_POINT('',(0.,0.));
#4310 = CARTESIAN_POINT('',(-6.28318530718,0.));
#4311 = ( GEOMETRIC_REPRESENTATION_CONTEXT(2) 
PARAMETRIC_REPRESENTATION_CONTEXT() REPRESENTATION_CONTEXT('2D SPACE',''
  ) );
#4312 = FACE_BOUND('',#4313,.F.);
#4313 = EDGE_LOOP('',(#4314));
#4314 = ORIENTED_EDGE('',*,*,#4315,.T.);
#4315 = EDGE_CURVE('',#4316,#4316,#4318,.T.);
#4316 = VERTEX_POINT('',#4317);
#4317 = CARTESIAN_POINT('',(7.818181818182,-3.,32.));
#4318 = SURFACE_CURVE('',#4319,(#4324,#4335),.PCURVE_S1.);
#4319 = CIRCLE('',#4320,1.);
#4320 = AXIS2_PLACEMENT_3D('',#4321,#4322,#4323);
#4321 = CARTESIAN_POINT('',(6.818181818182,-3.,32.));
#4322 = DIRECTION('',(2.254526039504E-97,-1.,2.22044604925E-16));
#4323 = DIRECTION('',(1.,2.254526039504E-97,-5.197704882822E-113));
#4324 = PCURVE('',#72,#4325);
#4325 = DEFINITIONAL_REPRESENTATION('',(#4326),#4334);
#4326 = ( BOUNDED_CURVE() B_SPLINE_CURVE(2,(#4327,#4328,#4329,#4330,
#4331,#4332,#4333),.UNSPECIFIED.,.T.,.F.) B_SPLINE_CURVE_WITH_KNOTS((1,2
    ,2,2,2,1),(-2.094395102393,0.,2.094395102393,4.188790204786,
6.28318530718,8.377580409573),.UNSPECIFIED.) CURVE() 
GEOMETRIC_REPRESENTATION_ITEM() RATIONAL_B_SPLINE_CURVE((1.,0.5,1.,0.5,
1.,0.5,1.)) REPRESENTATION_ITEM('') );
#4327 = CARTESIAN_POINT('',(12.7,7.818181818182));
#4328 = CARTESIAN_POINT('',(14.432050807569,7.818181818182));
#4329 = CARTESIAN_POINT('',(13.566025403784,6.318181818182));
#4330 = CARTESIAN_POINT('',(12.7,4.818181818182));
#4331 = CARTESIAN_POINT('',(11.833974596216,6.318181818182));
#4332 = CARTESIAN_POINT('',(10.967949192431,7.818181818182));
#4333 = CARTESIAN_POINT('',(12.7,7.818181818182));
#4334 = ( GEOMETRIC_REPRESENTATION_CONTEXT(2) 
PARAMETRIC_REPRESENTATION_CONTEXT() REPRESENTATION_CONTEXT('2D SPACE',''
  ) );
#4335 = PCURVE('',#4336,#4341);
#4336 = CYLINDRICAL_SURFACE('',#4337,1.);
#4337 = AXIS2_PLACEMENT_3D('',#4338,#4339,#4340);
#4338 = CARTESIAN_POINT('',(6.818181818182,-3.,32.));
#4339 = DIRECTION('',(-2.254526039504E-97,1.,-2.22044604925E-16));
#4340 = DIRECTION('',(1.,2.254526039504E-97,-3.898278662117E-113));
#4341 = DEFINITIONAL_REPRESENTATION('',(#4342),#4345);
#4342 = B_SPLINE_CURVE_WITH_KNOTS('',1,(#4343,#4344),.UNSPECIFIED.,.F.,
  .F.,(2,2),(0.,6.28318530718),.PIECEWISE_BEZIER_KNOTS.);
#4343 = CARTESIAN_POINT('',(0.,0.));
#4344 = CARTESIAN_POINT('',(-6.28318530718,0.));
#4345 = ( GEOMETRIC_REPRESENTATION_CONTEXT(2) 
PARAMETRIC_REPRESENTATION_CONTEXT() REPRESENTATION_CONTEXT('2D SPACE',''
  ) );
#4346 = FACE_BOUND('',#4347,.F.);
#4347 = EDGE_LOOP('',(#4348));
#4348 = ORIENTED_EDGE('',*,*,#4349,.T.);
#4349 = EDGE_CURVE('',#4350,#4350,#4352,.T.);
#4350 = VERTEX_POINT('',#4351);
#4351 = CARTESIAN_POINT('',(12.363636363636,-3.,32.));
#4352 = SURFACE_CURVE('',#4353,(#4358,#4369),.PCURVE_S1.);
#4353 = CIRCLE('',#4354,1.);
#4354 = AXIS2_PLACEMENT_3D('',#4355,#4356,#4357);
#4355 = CARTESIAN_POINT('',(11.363636363636,-3.,32.));
#4356 = DIRECTION('',(2.254526039504E-97,-1.,2.22044604925E-16));
#4357 = DIRECTION('',(1.,2.254526039504E-97,-5.197704882822E-113));
#4358 = PCURVE('',#72,#4359);
#4359 = DEFINITIONAL_REPRESENTATION('',(#4360),#4368);
#4360 = ( BOUNDED_CURVE() B_SPLINE_CURVE(2,(#4361,#4362,#4363,#4364,
#4365,#4366,#4367),.UNSPECIFIED.,.T.,.F.) B_SPLINE_CURVE_WITH_KNOTS((1,2
    ,2,2,2,1),(-2.094395102393,0.,2.094395102393,4.188790204786,
6.28318530718,8.377580409573),.UNSPECIFIED.) CURVE() 
GEOMETRIC_REPRESENTATION_ITEM() RATIONAL_B_SPLINE_CURVE((1.,0.5,1.,0.5,
1.,0.5,1.)) REPRESENTATION_ITEM('') );
#4361 = CARTESIAN_POINT('',(12.7,12.363636363636));
#4362 = CARTESIAN_POINT('',(14.432050807569,12.363636363636));
#4363 = CARTESIAN_POINT('',(13.566025403784,10.863636363636));
#4364 = CARTESIAN_POINT('',(12.7,9.363636363636));
#4365 = CARTESIAN_POINT('',(11.833974596216,10.863636363636));
#4366 = CARTESIAN_POINT('',(10.967949192431,12.363636363636));
#4367 = CARTESIAN_POINT('',(12.7,12.363636363636));
#4368 = ( GEOMETRIC_REPRESENTATION_CONTEXT(2) 
PARAMETRIC_REPRESENTATION_CONTEXT() REPRESENTATION_CONTEXT('2D SPACE',''
  ) );
#4369 = PCURVE('',#4370,#4375);
#4370 = CYLINDRICAL_SURFACE('',#4371,1.);
#4371 = AXIS2_PLACEMENT_3D('',#4372,#4373,#4374);
#4372 = CARTESIAN_POINT('',(11.363636363636,-3.,32.));
#4373 = DIRECTION('',(-2.254526039504E-97,1.,-2.22044604925E-16));
#4374 = DIRECTION('',(1.,2.254526039504E-97,-3.898278662117E-113));
#4375 = DEFINITIONAL_REPRESENTATION('',(#4376),#4379);
#4376 = B_SPLINE_CURVE_WITH_KNOTS('',1,(#4377,#4378),.UNSPECIFIED.,.F.,
  .F.,(2,2),(0.,6.28318530718),.PIECEWISE_BEZIER_KNOTS.);
#4377 = CARTESIAN_POINT('',(0.,0.));
#4378 = CARTESIAN_POINT('',(-6.28318530718,0.));
#4379 = ( GEOMETRIC_REPRESENTATION_CONTEXT(2) 
PARAMETRIC_REPRESENTATION_CONTEXT() REPRESENTATION_CONTEXT('2D SPACE',''
  ) );
#4380 = FACE_BOUND('',#4381,.F.);
#4381 = EDGE_LOOP('',(#4382));
#4382 = ORIENTED_EDGE('',*,*,#4383,.T.);
#4383 = EDGE_CURVE('',#4384,#4384,#4386,.T.);
#4384 = VERTEX_POINT('',#4385);
#4385 = CARTESIAN_POINT('',(16.909090909091,-3.,22.));
#4386 = SURFACE_CURVE('',#4387,(#4392,#4403),.PCURVE_S1.);
#4387 = CIRCLE('',#4388,1.);
#4388 = AXIS2_PLACEMENT_3D('',#4389,#4390,#4391);
#4389 = CARTESIAN_POINT('',(15.909090909091,-3.,22.));
#4390 = DIRECTION('',(2.254526039504E-97,-1.,2.22044604925E-16));
#4391 = DIRECTION('',(1.,2.254526039504E-97,-5.197704882822E-113));
#4392 = PCURVE('',#72,#4393);
#4393 = DEFINITIONAL_REPRESENTATION('',(#4394),#4402);
#4394 = ( BOUNDED_CURVE() B_SPLINE_CURVE(2,(#4395,#4396,#4397,#4398,
#4399,#4400,#4401),.UNSPECIFIED.,.T.,.F.) B_SPLINE_CURVE_WITH_KNOTS((1,2
    ,2,2,2,1),(-2.094395102393,0.,2.094395102393,4.188790204786,
6.28318530718,8.377580409573),.UNSPECIFIED.) CURVE() 
GEOMETRIC_REPRESENTATION_ITEM() RATIONAL_B_SPLINE_CURVE((1.,0.5,1.,0.5,
1.,0.5,1.)) REPRESENTATION_ITEM('') );
#4395 = CARTESIAN_POINT('',(2.7,16.909090909091));
#4396 = CARTESIAN_POINT('',(4.432050807569,16.909090909091));
#4397 = CARTESIAN_POINT('',(3.566025403784,15.409090909091));
#4398 = CARTESIAN_POINT('',(2.7,13.909090909091));
#4399 = CARTESIAN_POINT('',(1.833974596216,15.409090909091));
#4400 = CARTESIAN_POINT('',(0.967949192431,16.909090909091));
#4401 = CARTESIAN_POINT('',(2.7,16.909090909091));
#4402 = ( GEOMETRIC_REPRESENTATION_CONTEXT(2) 
PARAMETRIC_REPRESENTATION_CONTEXT() REPRESENTATION_CONTEXT('2D SPACE',''
  ) );
#4403 = PCURVE('',#4404,#4409);
#4404 = CYLINDRICAL_SURFACE('',#4405,1.);
#4405 = AXIS2_PLACEMENT_3D('',#4406,#4407,#4408);
#4406 = CARTESIAN_POINT('',(15.909090909091,-3.,22.));
#4407 = DIRECTION('',(-2.254526039504E-97,1.,-2.22044604925E-16));
#4408 = DIRECTION('',(1.,2.254526039504E-97,-3.898278662117E-113));
#4409 = DEFINITIONAL_REPRESENTATION('',(#4410),#4413);
#4410 = B_SPLINE_CURVE_WITH_KNOTS('',1,(#4411,#4412),.UNSPECIFIED.,.F.,
  .F.,(2,2),(0.,6.28318530718),.PIECEWISE_BEZIER_KNOTS.);
#4411 = CARTESIAN_POINT('',(0.,0.));
#4412 = CARTESIAN_POINT('',(-6.28318530718,0.));
#4413 = ( GEOMETRIC_REPRESENTATION_CONTEXT(2) 
PARAMETRIC_REPRESENTATION_CONTEXT() REPRESENTATION_CONTEXT('2D SPACE',''
  ) );
#4414 = FACE_BOUND('',#4415,.F.);
#4415 = EDGE_LOOP('',(#4416));
#4416 = ORIENTED_EDGE('',*,*,#4417,.T.);
#4417 = EDGE_CURVE('',#4418,#4418,#4420,.T.);
#4418 = VERTEX_POINT('',#4419);
#4419 = CARTESIAN_POINT('',(21.454545454545,-3.,22.));
#4420 = SURFACE_CURVE('',#4421,(#4426,#4437),.PCURVE_S1.);
#4421 = CIRCLE('',#4422,1.);
#4422 = AXIS2_PLACEMENT_3D('',#4423,#4424,#4425);
#4423 = CARTESIAN_POINT('',(20.454545454545,-3.,22.));
#4424 = DIRECTION('',(2.254526039504E-97,-1.,2.22044604925E-16));
#4425 = DIRECTION('',(1.,2.254526039504E-97,-5.197704882822E-113));
#4426 = PCURVE('',#72,#4427);
#4427 = DEFINITIONAL_REPRESENTATION('',(#4428),#4436);
#4428 = ( BOUNDED_CURVE() B_SPLINE_CURVE(2,(#4429,#4430,#4431,#4432,
#4433,#4434,#4435),.UNSPECIFIED.,.T.,.F.) B_SPLINE_CURVE_WITH_KNOTS((1,2
    ,2,2,2,1),(-2.094395102393,0.,2.094395102393,4.188790204786,
6.28318530718,8.377580409573),.UNSPECIFIED.) CURVE() 
GEOMETRIC_REPRESENTATION_ITEM() RATIONAL_B_SPLINE_CURVE((1.,0.5,1.,0.5,
1.,0.5,1.)) REPRESENTATION_ITEM('') );
#4429 = CARTESIAN_POINT('',(2.7,21.454545454545));
#4430 = CARTESIAN_POINT('',(4.432050807569,21.454545454545));
#4431 = CARTESIAN_POINT('',(3.566025403784,19.954545454545));
#4432 = CARTESIAN_POINT('',(2.7,18.454545454545));
#4433 = CARTESIAN_POINT('',(1.833974596216,19.954545454545));
#4434 = CARTESIAN_POINT('',(0.967949192431,21.454545454545));
#4435 = CARTESIAN_POINT('',(2.7,21.454545454545));
#4436 = ( GEOMETRIC_REPRESENTATION_CONTEXT(2) 
PARAMETRIC_REPRESENTATION_CONTEXT() REPRESENTATION_CONTEXT('2D SPACE',''
  ) );
#4437 = PCURVE('',#4438,#4443);
#4438 = CYLINDRICAL_SURFACE('',#4439,1.);
#4439 = AXIS2_PLACEMENT_3D('',#4440,#4441,#4442);
#4440 = CARTESIAN_POINT('',(20.454545454545,-3.,22.));
#4441 = DIRECTION('',(-2.254526039504E-97,1.,-2.22044604925E-16));
#4442 = DIRECTION('',(1.,2.254526039504E-97,-3.898278662117E-113));
#4443 = DEFINITIONAL_REPRESENTATION('',(#4444),#4447);
#4444 = B_SPLINE_CURVE_WITH_KNOTS('',1,(#4445,#4446),.UNSPECIFIED.,.F.,
  .F.,(2,2),(0.,6.28318530718),.PIECEWISE_BEZIER_KNOTS.);
#4445 = CARTESIAN_POINT('',(0.,0.));
#4446 = CARTESIAN_POINT('',(-6.28318530718,0.));
#4447 = ( GEOMETRIC_REPRESENTATION_CONTEXT(2) 
PARAMETRIC_REPRESENTATION_CONTEXT() REPRESENTATION_CONTEXT('2D SPACE',''
  ) );
#4448 = FACE_BOUND('',#4449,.F.);
#4449 = EDGE_LOOP('',(#4450));
#4450 = ORIENTED_EDGE('',*,*,#4451,.T.);
#4451 = EDGE_CURVE('',#4452,#4452,#4454,.T.);
#4452 = VERTEX_POINT('',#4453);
#4453 = CARTESIAN_POINT('',(26.,-3.,22.));
#4454 = SURFACE_CURVE('',#4455,(#4460,#4471),.PCURVE_S1.);
#4455 = CIRCLE('',#4456,1.);
#4456 = AXIS2_PLACEMENT_3D('',#4457,#4458,#4459);
#4457 = CARTESIAN_POINT('',(25.,-3.,22.));
#4458 = DIRECTION('',(2.254526039504E-97,-1.,2.22044604925E-16));
#4459 = DIRECTION('',(1.,2.254526039504E-97,-5.197704882822E-113));
#4460 = PCURVE('',#72,#4461);
#4461 = DEFINITIONAL_REPRESENTATION('',(#4462),#4470);
#4462 = ( BOUNDED_CURVE() B_SPLINE_CURVE(2,(#4463,#4464,#4465,#4466,
#4467,#4468,#4469),.UNSPECIFIED.,.T.,.F.) B_SPLINE_CURVE_WITH_KNOTS((1,2
    ,2,2,2,1),(-2.094395102393,0.,2.094395102393,4.188790204786,
6.28318530718,8.377580409573),.UNSPECIFIED.) CURVE() 
GEOMETRIC_REPRESENTATION_ITEM() RATIONAL_B_SPLINE_CURVE((1.,0.5,1.,0.5,
1.,0.5,1.)) REPRESENTATION_ITEM('') );
#4463 = CARTESIAN_POINT('',(2.7,26.));
#4464 = CARTESIAN_POINT('',(4.432050807569,26.));
#4465 = CARTESIAN_POINT('',(3.566025403784,24.5));
#4466 = CARTESIAN_POINT('',(2.7,23.));
#4467 = CARTESIAN_POINT('',(1.833974596216,24.5));
#4468 = CARTESIAN_POINT('',(0.967949192431,26.));
#4469 = CARTESIAN_POINT('',(2.7,26.));
#4470 = ( GEOMETRIC_REPRESENTATION_CONTEXT(2) 
PARAMETRIC_REPRESENTATION_CONTEXT() REPRESENTATION_CONTEXT('2D SPACE',''
  ) );
#4471 = PCURVE('',#4472,#4477);
#4472 = CYLINDRICAL_SURFACE('',#4473,1.);
#4473 = AXIS2_PLACEMENT_3D('',#4474,#4475,#4476);
#4474 = CARTESIAN_POINT('',(25.,-3.,22.));
#4475 = DIRECTION('',(-2.254526039504E-97,1.,-2.22044604925E-16));
#4476 = DIRECTION('',(1.,2.254526039504E-97,-3.898278662117E-113));
#4477 = DEFINITIONAL_REPRESENTATION('',(#4478),#4481);
#4478 = B_SPLINE_CURVE_WITH_KNOTS('',1,(#4479,#4480),.UNSPECIFIED.,.F.,
  .F.,(2,2),(0.,6.28318530718),.PIECEWISE_BEZIER_KNOTS.);
#4479 = CARTESIAN_POINT('',(0.,0.));
#4480 = CARTESIAN_POINT('',(-6.28318530718,0.));
#4481 = ( GEOMETRIC_REPRESENTATION_CONTEXT(2) 
PARAMETRIC_REPRESENTATION_CONTEXT() REPRESENTATION_CONTEXT('2D SPACE',''
  ) );
#4482 = FACE_BOUND('',#4483,.F.);
#4483 = EDGE_LOOP('',(#4484));
#4484 = ORIENTED_EDGE('',*,*,#4485,.T.);
#4485 = EDGE_CURVE('',#4486,#4486,#4488,.T.);
#4486 = VERTEX_POINT('',#4487);
#4487 = CARTESIAN_POINT('',(16.909090909091,-3.,27.));
#4488 = SURFACE_CURVE('',#4489,(#4494,#4505),.PCURVE_S1.);
#4489 = CIRCLE('',#4490,1.);
#4490 = AXIS2_PLACEMENT_3D('',#4491,#4492,#4493);
#4491 = CARTESIAN_POINT('',(15.909090909091,-3.,27.));
#4492 = DIRECTION('',(2.254526039504E-97,-1.,2.22044604925E-16));
#4493 = DIRECTION('',(1.,2.254526039504E-97,-5.197704882822E-113));
#4494 = PCURVE('',#72,#4495);
#4495 = DEFINITIONAL_REPRESENTATION('',(#4496),#4504);
#4496 = ( BOUNDED_CURVE() B_SPLINE_CURVE(2,(#4497,#4498,#4499,#4500,
#4501,#4502,#4503),.UNSPECIFIED.,.T.,.F.) B_SPLINE_CURVE_WITH_KNOTS((1,2
    ,2,2,2,1),(-2.094395102393,0.,2.094395102393,4.188790204786,
6.28318530718,8.377580409573),.UNSPECIFIED.) CURVE() 
GEOMETRIC_REPRESENTATION_ITEM() RATIONAL_B_SPLINE_CURVE((1.,0.5,1.,0.5,
1.,0.5,1.)) REPRESENTATION_ITEM('') );
#4497 = CARTESIAN_POINT('',(7.7,16.909090909091));
#4498 = CARTESIAN_POINT('',(9.432050807569,16.909090909091));
#4499 = CARTESIAN_POINT('',(8.566025403784,15.409090909091));
#4500 = CARTESIAN_POINT('',(7.7,13.909090909091));
#4501 = CARTESIAN_POINT('',(6.833974596216,15.409090909091));
#4502 = CARTESIAN_POINT('',(5.967949192431,16.909090909091));
#4503 = CARTESIAN_POINT('',(7.7,16.909090909091));
#4504 = ( GEOMETRIC_REPRESENTATION_CONTEXT(2) 
PARAMETRIC_REPRESENTATION_CONTEXT() REPRESENTATION_CONTEXT('2D SPACE',''
  ) );
#4505 = PCURVE('',#4506,#4511);
#4506 = CYLINDRICAL_SURFACE('',#4507,1.);
#4507 = AXIS2_PLACEMENT_3D('',#4508,#4509,#4510);
#4508 = CARTESIAN_POINT('',(15.909090909091,-3.,27.));
#4509 = DIRECTION('',(-2.254526039504E-97,1.,-2.22044604925E-16));
#4510 = DIRECTION('',(1.,2.254526039504E-97,-3.898278662117E-113));
#4511 = DEFINITIONAL_REPRESENTATION('',(#4512),#4515);
#4512 = B_SPLINE_CURVE_WITH_KNOTS('',1,(#4513,#4514),.UNSPECIFIED.,.F.,
  .F.,(2,2),(0.,6.28318530718),.PIECEWISE_BEZIER_KNOTS.);
#4513 = CARTESIAN_POINT('',(0.,0.));
#4514 = CARTESIAN_POINT('',(-6.28318530718,0.));
#4515 = ( GEOMETRIC_REPRESENTATION_CONTEXT(2) 
PARAMETRIC_REPRESENTATION_CONTEXT() REPRESENTATION_CONTEXT('2D SPACE',''
  ) );
#4516 = FACE_BOUND('',#4517,.F.);
#4517 = EDGE_LOOP('',(#4518));
#4518 = ORIENTED_EDGE('',*,*,#4519,.T.);
#4519 = EDGE_CURVE('',#4520,#4520,#4522,.T.);
#4520 = VERTEX_POINT('',#4521);
#4521 = CARTESIAN_POINT('',(16.909090909091,-3.,32.));
#4522 = SURFACE_CURVE('',#4523,(#4528,#4539),.PCURVE_S1.);
#4523 = CIRCLE('',#4524,1.);
#4524 = AXIS2_PLACEMENT_3D('',#4525,#4526,#4527);
#4525 = CARTESIAN_POINT('',(15.909090909091,-3.,32.));
#4526 = DIRECTION('',(2.254526039504E-97,-1.,2.22044604925E-16));
#4527 = DIRECTION('',(1.,2.254526039504E-97,-5.197704882822E-113));
#4528 = PCURVE('',#72,#4529);
#4529 = DEFINITIONAL_REPRESENTATION('',(#4530),#4538);
#4530 = ( BOUNDED_CURVE() B_SPLINE_CURVE(2,(#4531,#4532,#4533,#4534,
#4535,#4536,#4537),.UNSPECIFIED.,.T.,.F.) B_SPLINE_CURVE_WITH_KNOTS((1,2
    ,2,2,2,1),(-2.094395102393,0.,2.094395102393,4.188790204786,
6.28318530718,8.377580409573),.UNSPECIFIED.) CURVE() 
GEOMETRIC_REPRESENTATION_ITEM() RATIONAL_B_SPLINE_CURVE((1.,0.5,1.,0.5,
1.,0.5,1.)) REPRESENTATION_ITEM('') );
#4531 = CARTESIAN_POINT('',(12.7,16.909090909091));
#4532 = CARTESIAN_POINT('',(14.432050807569,16.909090909091));
#4533 = CARTESIAN_POINT('',(13.566025403784,15.409090909091));
#4534 = CARTESIAN_POINT('',(12.7,13.909090909091));
#4535 = CARTESIAN_POINT('',(11.833974596216,15.409090909091));
#4536 = CARTESIAN_POINT('',(10.967949192431,16.909090909091));
#4537 = CARTESIAN_POINT('',(12.7,16.909090909091));
#4538 = ( GEOMETRIC_REPRESENTATION_CONTEXT(2) 
PARAMETRIC_REPRESENTATION_CONTEXT() REPRESENTATION_CONTEXT('2D SPACE',''
  ) );
#4539 = PCURVE('',#4540,#4545);
#4540 = CYLINDRICAL_SURFACE('',#4541,1.);
#4541 = AXIS2_PLACEMENT_3D('',#4542,#4543,#4544);
#4542 = CARTESIAN_POINT('',(15.909090909091,-3.,32.));
#4543 = DIRECTION('',(-2.254526039504E-97,1.,-2.22044604925E-16));
#4544 = DIRECTION('',(1.,2.254526039504E-97,-3.898278662117E-113));
#4545 = DEFINITIONAL_REPRESENTATION('',(#4546),#4549);
#4546 = B_SPLINE_CURVE_WITH_KNOTS('',1,(#4547,#4548),.UNSPECIFIED.,.F.,
  .F.,(2,2),(0.,6.28318530718),.PIECEWISE_BEZIER_KNOTS.);
#4547 = CARTESIAN_POINT('',(0.,0.));
#4548 = CARTESIAN_POINT('',(-6.28318530718,0.));
#4549 = ( GEOMETRIC_REPRESENTATION_CONTEXT(2) 
PARAMETRIC_REPRESENTATION_CONTEXT() REPRESENTATION_CONTEXT('2D SPACE',''
  ) );
#4550 = FACE_BOUND('',#4551,.F.);
#4551 = EDGE_LOOP('',(#4552));
#4552 = ORIENTED_EDGE('',*,*,#4553,.T.);
#4553 = EDGE_CURVE('',#4554,#4554,#4556,.T.);
#4554 = VERTEX_POINT('',#4555);
#4555 = CARTESIAN_POINT('',(21.454545454545,-3.,27.));
#4556 = SURFACE_CURVE('',#4557,(#4562,#4573),.PCURVE_S1.);
#4557 = CIRCLE('',#4558,1.);
#4558 = AXIS2_PLACEMENT_3D('',#4559,#4560,#4561);
#4559 = CARTESIAN_POINT('',(20.454545454545,-3.,27.));
#4560 = DIRECTION('',(2.254526039504E-97,-1.,2.22044604925E-16));
#4561 = DIRECTION('',(1.,2.254526039504E-97,-5.197704882822E-113));
#4562 = PCURVE('',#72,#4563);
#4563 = DEFINITIONAL_REPRESENTATION('',(#4564),#4572);
#4564 = ( BOUNDED_CURVE() B_SPLINE_CURVE(2,(#4565,#4566,#4567,#4568,
#4569,#4570,#4571),.UNSPECIFIED.,.T.,.F.) B_SPLINE_CURVE_WITH_KNOTS((1,2
    ,2,2,2,1),(-2.094395102393,0.,2.094395102393,4.188790204786,
6.28318530718,8.377580409573),.UNSPECIFIED.) CURVE() 
GEOMETRIC_REPRESENTATION_ITEM() RATIONAL_B_SPLINE_CURVE((1.,0.5,1.,0.5,
1.,0.5,1.)) REPRESENTATION_ITEM('') );
#4565 = CARTESIAN_POINT('',(7.7,21.454545454545));
#4566 = CARTESIAN_POINT('',(9.432050807569,21.454545454545));
#4567 = CARTESIAN_POINT('',(8.566025403784,19.954545454545));
#4568 = CARTESIAN_POINT('',(7.7,18.454545454545));
#4569 = CARTESIAN_POINT('',(6.833974596216,19.954545454545));
#4570 = CARTESIAN_POINT('',(5.967949192431,21.454545454545));
#4571 = CARTESIAN_POINT('',(7.7,21.454545454545));
#4572 = ( GEOMETRIC_REPRESENTATION_CONTEXT(2) 
PARAMETRIC_REPRESENTATION_CONTEXT() REPRESENTATION_CONTEXT('2D SPACE',''
  ) );
#4573 = PCURVE('',#4574,#4579);
#4574 = CYLINDRICAL_SURFACE('',#4575,1.);
#4575 = AXIS2_PLACEMENT_3D('',#4576,#4577,#4578);
#4576 = CARTESIAN_POINT('',(20.454545454545,-3.,27.));
#4577 = DIRECTION('',(-2.254526039504E-97,1.,-2.22044604925E-16));
#4578 = DIRECTION('',(1.,2.254526039504E-97,-3.898278662117E-113));
#4579 = DEFINITIONAL_REPRESENTATION('',(#4580),#4583);
#4580 = B_SPLINE_CURVE_WITH_KNOTS('',1,(#4581,#4582),.UNSPECIFIED.,.F.,
  .F.,(2,2),(0.,6.28318530718),.PIECEWISE_BEZIER_KNOTS.);
#4581 = CARTESIAN_POINT('',(0.,0.));
#4582 = CARTESIAN_POINT('',(-6.28318530718,0.));
#4583 = ( GEOMETRIC_REPRESENTATION_CONTEXT(2) 
PARAMETRIC_REPRESENTATION_CONTEXT() REPRESENTATION_CONTEXT('2D SPACE',''
  ) );
#4584 = FACE_BOUND('',#4585,.F.);
#4585 = EDGE_LOOP('',(#4586));
#4586 = ORIENTED_EDGE('',*,*,#4587,.T.);
#4587 = EDGE_CURVE('',#4588,#4588,#4590,.T.);
#4588 = VERTEX_POINT('',#4589);
#4589 = CARTESIAN_POINT('',(26.,-3.,27.));
#4590 = SURFACE_CURVE('',#4591,(#4596,#4607),.PCURVE_S1.);
#4591 = CIRCLE('',#4592,1.);
#4592 = AXIS2_PLACEMENT_3D('',#4593,#4594,#4595);
#4593 = CARTESIAN_POINT('',(25.,-3.,27.));
#4594 = DIRECTION('',(2.254526039504E-97,-1.,2.22044604925E-16));
#4595 = DIRECTION('',(1.,2.254526039504E-97,-5.197704882822E-113));
#4596 = PCURVE('',#72,#4597);
#4597 = DEFINITIONAL_REPRESENTATION('',(#4598),#4606);
#4598 = ( BOUNDED_CURVE() B_SPLINE_CURVE(2,(#4599,#4600,#4601,#4602,
#4603,#4604,#4605),.UNSPECIFIED.,.T.,.F.) B_SPLINE_CURVE_WITH_KNOTS((1,2
    ,2,2,2,1),(-2.094395102393,0.,2.094395102393,4.188790204786,
6.28318530718,8.377580409573),.UNSPECIFIED.) CURVE() 
GEOMETRIC_REPRESENTATION_ITEM() RATIONAL_B_SPLINE_CURVE((1.,0.5,1.,0.5,
1.,0.5,1.)) REPRESENTATION_ITEM('') );
#4599 = CARTESIAN_POINT('',(7.7,26.));
#4600 = CARTESIAN_POINT('',(9.432050807569,26.));
#4601 = CARTESIAN_POINT('',(8.566025403784,24.5));
#4602 = CARTESIAN_POINT('',(7.7,23.));
#4603 = CARTESIAN_POINT('',(6.833974596216,24.5));
#4604 = CARTESIAN_POINT('',(5.967949192431,26.));
#4605 = CARTESIAN_POINT('',(7.7,26.));
#4606 = ( GEOMETRIC_REPRESENTATION_CONTEXT(2) 
PARAMETRIC_REPRESENTATION_CONTEXT() REPRESENTATION_CONTEXT('2D SPACE',''
  ) );
#4607 = PCURVE('',#4608,#4613);
#4608 = CYLINDRICAL_SURFACE('',#4609,1.);
#4609 = AXIS2_PLACEMENT_3D('',#4610,#4611,#4612);
#4610 = CARTESIAN_POINT('',(25.,-3.,27.));
#4611 = DIRECTION('',(-2.254526039504E-97,1.,-2.22044604925E-16));
#4612 = DIRECTION('',(1.,2.254526039504E-97,-3.898278662117E-113));
#4613 = DEFINITIONAL_REPRESENTATION('',(#4614),#4617);
#4614 = B_SPLINE_CURVE_WITH_KNOTS('',1,(#4615,#4616),.UNSPECIFIED.,.F.,
  .F.,(2,2),(0.,6.28318530718),.PIECEWISE_BEZIER_KNOTS.);
#4615 = CARTESIAN_POINT('',(0.,0.));
#4616 = CARTESIAN_POINT('',(-6.28318530718,0.));
#4617 = ( GEOMETRIC_REPRESENTATION_CONTEXT(2) 
PARAMETRIC_REPRESENTATION_CONTEXT() REPRESENTATION_CONTEXT('2D SPACE',''
  ) );
#4618 = FACE_BOUND('',#4619,.F.);
#4619 = EDGE_LOOP('',(#4620));
#4620 = ORIENTED_EDGE('',*,*,#4621,.T.);
#4621 = EDGE_CURVE('',#4622,#4622,#4624,.T.);
#4622 = VERTEX_POINT('',#4623);
#4623 = CARTESIAN_POINT('',(21.454545454545,-3.,32.));
#4624 = SURFACE_CURVE('',#4625,(#4630,#4641),.PCURVE_S1.);
#4625 = CIRCLE('',#4626,1.);
#4626 = AXIS2_PLACEMENT_3D('',#4627,#4628,#4629);
#4627 = CARTESIAN_POINT('',(20.454545454545,-3.,32.));
#4628 = DIRECTION('',(2.254526039504E-97,-1.,2.22044604925E-16));
#4629 = DIRECTION('',(1.,2.254526039504E-97,-5.197704882822E-113));
#4630 = PCURVE('',#72,#4631);
#4631 = DEFINITIONAL_REPRESENTATION('',(#4632),#4640);
#4632 = ( BOUNDED_CURVE() B_SPLINE_CURVE(2,(#4633,#4634,#4635,#4636,
#4637,#4638,#4639),.UNSPECIFIED.,.T.,.F.) B_SPLINE_CURVE_WITH_KNOTS((1,2
    ,2,2,2,1),(-2.094395102393,0.,2.094395102393,4.188790204786,
6.28318530718,8.377580409573),.UNSPECIFIED.) CURVE() 
GEOMETRIC_REPRESENTATION_ITEM() RATIONAL_B_SPLINE_CURVE((1.,0.5,1.,0.5,
1.,0.5,1.)) REPRESENTATION_ITEM('') );
#4633 = CARTESIAN_POINT('',(12.7,21.454545454545));
#4634 = CARTESIAN_POINT('',(14.432050807569,21.454545454545));
#4635 = CARTESIAN_POINT('',(13.566025403784,19.954545454545));
#4636 = CARTESIAN_POINT('',(12.7,18.454545454545));
#4637 = CARTESIAN_POINT('',(11.833974596216,19.954545454545));
#4638 = CARTESIAN_POINT('',(10.967949192431,21.454545454545));
#4639 = CARTESIAN_POINT('',(12.7,21.454545454545));
#4640 = ( GEOMETRIC_REPRESENTATION_CONTEXT(2) 
PARAMETRIC_REPRESENTATION_CONTEXT() REPRESENTATION_CONTEXT('2D SPACE',''
  ) );
#4641 = PCURVE('',#4642,#4647);
#4642 = CYLINDRICAL_SURFACE('',#4643,1.);
#4643 = AXIS2_PLACEMENT_3D('',#4644,#4645,#4646);
#4644 = CARTESIAN_POINT('',(20.454545454545,-3.,32.));
#4645 = DIRECTION('',(-2.254526039504E-97,1.,-2.22044604925E-16));
#4646 = DIRECTION('',(1.,2.254526039504E-97,-3.898278662117E-113));
#4647 = DEFINITIONAL_REPRESENTATION('',(#4648),#4651);
#4648 = B_SPLINE_CURVE_WITH_KNOTS('',1,(#4649,#4650),.UNSPECIFIED.,.F.,
  .F.,(2,2),(0.,6.28318530718),.PIECEWISE_BEZIER_KNOTS.);
#4649 = CARTESIAN_POINT('',(0.,0.));
#4650 = CARTESIAN_POINT('',(-6.28318530718,0.));
#4651 = ( GEOMETRIC_REPRESENTATION_CONTEXT(2) 
PARAMETRIC_REPRESENTATION_CONTEXT() REPRESENTATION_CONTEXT('2D SPACE',''
  ) );
#4652 = FACE_BOUND('',#4653,.F.);
#4653 = EDGE_LOOP('',(#4654));
#4654 = ORIENTED_EDGE('',*,*,#4655,.T.);
#4655 = EDGE_CURVE('',#4656,#4656,#4658,.T.);
#4656 = VERTEX_POINT('',#4657);
#4657 = CARTESIAN_POINT('',(26.,-3.,32.));
#4658 = SURFACE_CURVE('',#4659,(#4664,#4675),.PCURVE_S1.);
#4659 = CIRCLE('',#4660,1.);
#4660 = AXIS2_PLACEMENT_3D('',#4661,#4662,#4663);
#4661 = CARTESIAN_POINT('',(25.,-3.,32.));
#4662 = DIRECTION('',(2.254526039504E-97,-1.,2.22044604925E-16));
#4663 = DIRECTION('',(1.,2.254526039504E-97,-5.197704882822E-113));
#4664 = PCURVE('',#72,#4665);
#4665 = DEFINITIONAL_REPRESENTATION('',(#4666),#4674);
#4666 = ( BOUNDED_CURVE() B_SPLINE_CURVE(2,(#4667,#4668,#4669,#4670,
#4671,#4672,#4673),.UNSPECIFIED.,.T.,.F.) B_SPLINE_CURVE_WITH_KNOTS((1,2
    ,2,2,2,1),(-2.094395102393,0.,2.094395102393,4.188790204786,
6.28318530718,8.377580409573),.UNSPECIFIED.) CURVE() 
GEOMETRIC_REPRESENTATION_ITEM() RATIONAL_B_SPLINE_CURVE((1.,0.5,1.,0.5,
1.,0.5,1.)) REPRESENTATION_ITEM('') );
#4667 = CARTESIAN_POINT('',(12.7,26.));
#4668 = CARTESIAN_POINT('',(14.432050807569,26.));
#4669 = CARTESIAN_POINT('',(13.566025403784,24.5));
#4670 = CARTESIAN_POINT('',(12.7,23.));
#4671 = CARTESIAN_POINT('',(11.833974596216,24.5));
#4672 = CARTESIAN_POINT('',(10.967949192431,26.));
#4673 = CARTESIAN_POINT('',(12.7,26.));
#4674 = ( GEOMETRIC_REPRESENTATION_CONTEXT(2) 
PARAMETRIC_REPRESENTATION_CONTEXT() REPRESENTATION_CONTEXT('2D SPACE',''
  ) );
#4675 = PCURVE('',#4676,#4681);
#4676 = CYLINDRICAL_SURFACE('',#4677,1.);
#4677 = AXIS2_PLACEMENT_3D('',#4678,#4679,#4680);
#4678 = CARTESIAN_POINT('',(25.,-3.,32.));
#4679 = DIRECTION('',(-2.254526039504E-97,1.,-2.22044604925E-16));
#4680 = DIRECTION('',(1.,2.254526039504E-97,-3.898278662117E-113));
#4681 = DEFINITIONAL_REPRESENTATION('',(#4682),#4685);
#4682 = B_SPLINE_CURVE_WITH_KNOTS('',1,(#4683,#4684),.UNSPECIFIED.,.F.,
  .F.,(2,2),(0.,6.28318530718),.PIECEWISE_BEZIER_KNOTS.);
#4683 = CARTESIAN_POINT('',(0.,0.));
#4684 = CARTESIAN_POINT('',(-6.28318530718,0.));
#4685 = ( GEOMETRIC_REPRESENTATION_CONTEXT(2) 
PARAMETRIC_REPRESENTATION_CONTEXT() REPRESENTATION_CONTEXT('2D SPACE',''
  ) );
#4686 = ADVANCED_FACE('',(#4687),#100,.T.);
#4687 = FACE_BOUND('',#4688,.F.);
#4688 = EDGE_LOOP('',(#4689,#4719,#4747,#4768,#4769,#4792,#4820,#4848));
#4689 = ORIENTED_EDGE('',*,*,#4690,.F.);
#4690 = EDGE_CURVE('',#4691,#4693,#4695,.T.);
#4691 = VERTEX_POINT('',#4692);
#4692 = CARTESIAN_POINT('',(-19.55,-3.,-2.5));
#4693 = VERTEX_POINT('',#4694);
#4694 = CARTESIAN_POINT('',(-19.55,-3.,-6.5));
#4695 = SURFACE_CURVE('',#4696,(#4700,#4707),.PCURVE_S1.);
#4696 = LINE('',#4697,#4698);
#4697 = CARTESIAN_POINT('',(-19.55,-3.,-2.5));
#4698 = VECTOR('',#4699,1.);
#4699 = DIRECTION('',(2.22044604925E-16,-2.22044604925E-16,-1.));
#4700 = PCURVE('',#100,#4701);
#4701 = DEFINITIONAL_REPRESENTATION('',(#4702),#4706);
#4702 = LINE('',#4703,#4704);
#4703 = CARTESIAN_POINT('',(2.113636363636,-1.));
#4704 = VECTOR('',#4705,1.);
#4705 = DIRECTION('',(1.,7.640652158205E-33));
#4706 = ( GEOMETRIC_REPRESENTATION_CONTEXT(2) 
PARAMETRIC_REPRESENTATION_CONTEXT() REPRESENTATION_CONTEXT('2D SPACE',''
  ) );
#4707 = PCURVE('',#4708,#4713);
#4708 = PLANE('',#4709);
#4709 = AXIS2_PLACEMENT_3D('',#4710,#4711,#4712);
#4710 = CARTESIAN_POINT('',(-19.55,-3.,-2.5));
#4711 = DIRECTION('',(-1.,2.22044604925E-16,-2.22044604925E-16));
#4712 = DIRECTION('',(-2.22044604925E-16,2.22044604925E-16,1.));
#4713 = DEFINITIONAL_REPRESENTATION('',(#4714),#4718);
#4714 = LINE('',#4715,#4716);
#4715 = CARTESIAN_POINT('',(-8.881784197001E-16,1.972152263053E-31));
#4716 = VECTOR('',#4717,1.);
#4717 = DIRECTION('',(-1.,0.));
#4718 = ( GEOMETRIC_REPRESENTATION_CONTEXT(2) 
PARAMETRIC_REPRESENTATION_CONTEXT() REPRESENTATION_CONTEXT('2D SPACE',''
  ) );
#4719 = ORIENTED_EDGE('',*,*,#4720,.T.);
#4720 = EDGE_CURVE('',#4691,#4721,#4723,.T.);
#4721 = VERTEX_POINT('',#4722);
#4722 = CARTESIAN_POINT('',(-18.05,-3.,-2.5));
#4723 = SURFACE_CURVE('',#4724,(#4728,#4735),.PCURVE_S1.);
#4724 = LINE('',#4725,#4726);
#4725 = CARTESIAN_POINT('',(-19.55,-3.,-2.5));
#4726 = VECTOR('',#4727,1.);
#4727 = DIRECTION('',(1.,-2.22044604925E-16,1.115404065407E-13));
#4728 = PCURVE('',#100,#4729);
#4729 = DEFINITIONAL_REPRESENTATION('',(#4730),#4734);
#4730 = LINE('',#4731,#4732);
#4731 = CARTESIAN_POINT('',(2.113636363636,-1.));
#4732 = VECTOR('',#4733,1.);
#4733 = DIRECTION('',(-1.113183619357E-13,-1.));
#4734 = ( GEOMETRIC_REPRESENTATION_CONTEXT(2) 
PARAMETRIC_REPRESENTATION_CONTEXT() REPRESENTATION_CONTEXT('2D SPACE',''
  ) );
#4735 = PCURVE('',#4736,#4741);
#4736 = PLANE('',#4737);
#4737 = AXIS2_PLACEMENT_3D('',#4738,#4739,#4740);
#4738 = CARTESIAN_POINT('',(-19.55,-3.,-2.5));
#4739 = DIRECTION('',(1.115404065407E-13,-2.220446049251E-16,-1.));
#4740 = DIRECTION('',(-1.,2.22044604925E-16,-1.115404065407E-13));
#4741 = DEFINITIONAL_REPRESENTATION('',(#4742),#4746);
#4742 = LINE('',#4743,#4744);
#4743 = CARTESIAN_POINT('',(3.552713678801E-15,-7.88860905221E-31));
#4744 = VECTOR('',#4745,1.);
#4745 = DIRECTION('',(-1.,8.217301096048E-33));
#4746 = ( GEOMETRIC_REPRESENTATION_CONTEXT(2) 
PARAMETRIC_REPRESENTATION_CONTEXT() REPRESENTATION_CONTEXT('2D SPACE',''
  ) );
#4747 = ORIENTED_EDGE('',*,*,#4748,.T.);
#4748 = EDGE_CURVE('',#4721,#85,#4749,.T.);
#4749 = SURFACE_CURVE('',#4750,(#4754,#4761),.PCURVE_S1.);
#4750 = LINE('',#4751,#4752);
#4751 = CARTESIAN_POINT('',(-18.05,-3.,-2.5));
#4752 = VECTOR('',#4753,1.);
#4753 = DIRECTION('',(-2.22044604925E-16,2.22044604925E-16,1.));
#4754 = PCURVE('',#100,#4755);
#4755 = DEFINITIONAL_REPRESENTATION('',(#4756),#4760);
#4756 = LINE('',#4757,#4758);
#4757 = CARTESIAN_POINT('',(2.113636363636,-2.5));
#4758 = VECTOR('',#4759,1.);
#4759 = DIRECTION('',(-1.,-7.640652158205E-33));
#4760 = ( GEOMETRIC_REPRESENTATION_CONTEXT(2) 
PARAMETRIC_REPRESENTATION_CONTEXT() REPRESENTATION_CONTEXT('2D SPACE',''
  ) );
#4761 = PCURVE('',#2173,#4762);
#4762 = DEFINITIONAL_REPRESENTATION('',(#4763),#4767);
#4763 = LINE('',#4764,#4765);
#4764 = CARTESIAN_POINT('',(4.440892098501E-16,-4.440892098501E-16));
#4765 = VECTOR('',#4766,1.);
#4766 = DIRECTION('',(-1.,0.));
#4767 = ( GEOMETRIC_REPRESENTATION_CONTEXT(2) 
PARAMETRIC_REPRESENTATION_CONTEXT() REPRESENTATION_CONTEXT('2D SPACE',''
  ) );
#4768 = ORIENTED_EDGE('',*,*,#84,.F.);
#4769 = ORIENTED_EDGE('',*,*,#4770,.T.);
#4770 = EDGE_CURVE('',#57,#4771,#4773,.T.);
#4771 = VERTEX_POINT('',#4772);
#4772 = CARTESIAN_POINT('',(-23.05,-3.,-2.5));
#4773 = SURFACE_CURVE('',#4774,(#4778,#4785),.PCURVE_S1.);
#4774 = LINE('',#4775,#4776);
#4775 = CARTESIAN_POINT('',(-23.05,-3.,5.));
#4776 = VECTOR('',#4777,1.);
#4777 = DIRECTION('',(2.22044604925E-16,-2.22044604925E-16,-1.));
#4778 = PCURVE('',#100,#4779);
#4779 = DEFINITIONAL_REPRESENTATION('',(#4780),#4784);
#4780 = LINE('',#4781,#4782);
#4781 = CARTESIAN_POINT('',(-5.386363636364,2.5));
#4782 = VECTOR('',#4783,1.);
#4783 = DIRECTION('',(1.,7.640652158205E-33));
#4784 = ( GEOMETRIC_REPRESENTATION_CONTEXT(2) 
PARAMETRIC_REPRESENTATION_CONTEXT() REPRESENTATION_CONTEXT('2D SPACE',''
  ) );
#4785 = PCURVE('',#2227,#4786);
#4786 = DEFINITIONAL_REPRESENTATION('',(#4787),#4791);
#4787 = LINE('',#4788,#4789);
#4788 = CARTESIAN_POINT('',(-9.860761315263E-32,-4.440892098501E-16));
#4789 = VECTOR('',#4790,1.);
#4790 = DIRECTION('',(-1.,0.));
#4791 = ( GEOMETRIC_REPRESENTATION_CONTEXT(2) 
PARAMETRIC_REPRESENTATION_CONTEXT() REPRESENTATION_CONTEXT('2D SPACE',''
  ) );
#4792 = ORIENTED_EDGE('',*,*,#4793,.T.);
#4793 = EDGE_CURVE('',#4771,#4794,#4796,.T.);
#4794 = VERTEX_POINT('',#4795);
#4795 = CARTESIAN_POINT('',(-21.55,-3.,-2.5));
#4796 = SURFACE_CURVE('',#4797,(#4801,#4808),.PCURVE_S1.);
#4797 = LINE('',#4798,#4799);
#4798 = CARTESIAN_POINT('',(-23.05,-3.,-2.5));
#4799 = VECTOR('',#4800,1.);
#4800 = DIRECTION('',(1.,-2.22044604925E-16,2.22044604925E-16));
#4801 = PCURVE('',#100,#4802);
#4802 = DEFINITIONAL_REPRESENTATION('',(#4803),#4807);
#4803 = LINE('',#4804,#4805);
#4804 = CARTESIAN_POINT('',(2.113636363636,2.5));
#4805 = VECTOR('',#4806,1.);
#4806 = DIRECTION('',(-7.640652158205E-33,-1.));
#4807 = ( GEOMETRIC_REPRESENTATION_CONTEXT(2) 
PARAMETRIC_REPRESENTATION_CONTEXT() REPRESENTATION_CONTEXT('2D SPACE',''
  ) );
#4808 = PCURVE('',#4809,#4814);
#4809 = PLANE('',#4810);
#4810 = AXIS2_PLACEMENT_3D('',#4811,#4812,#4813);
#4811 = CARTESIAN_POINT('',(-23.05,-3.,-2.5));
#4812 = DIRECTION('',(2.22044604925E-16,-2.22044604925E-16,-1.));
#4813 = DIRECTION('',(-1.,2.22044604925E-16,-2.22044604925E-16));
#4814 = DEFINITIONAL_REPRESENTATION('',(#4815),#4819);
#4815 = LINE('',#4816,#4817);
#4816 = CARTESIAN_POINT('',(3.552713678801E-15,-4.440892098501E-16));
#4817 = VECTOR('',#4818,1.);
#4818 = DIRECTION('',(-1.,-1.094764425254E-47));
#4819 = ( GEOMETRIC_REPRESENTATION_CONTEXT(2) 
PARAMETRIC_REPRESENTATION_CONTEXT() REPRESENTATION_CONTEXT('2D SPACE',''
  ) );
#4820 = ORIENTED_EDGE('',*,*,#4821,.F.);
#4821 = EDGE_CURVE('',#4822,#4794,#4824,.T.);
#4822 = VERTEX_POINT('',#4823);
#4823 = CARTESIAN_POINT('',(-21.55,-3.,-6.5));
#4824 = SURFACE_CURVE('',#4825,(#4829,#4836),.PCURVE_S1.);
#4825 = LINE('',#4826,#4827);
#4826 = CARTESIAN_POINT('',(-21.55,-3.,-6.5));
#4827 = VECTOR('',#4828,1.);
#4828 = DIRECTION('',(-2.22044604925E-16,2.22044604925E-16,1.));
#4829 = PCURVE('',#100,#4830);
#4830 = DEFINITIONAL_REPRESENTATION('',(#4831),#4835);
#4831 = LINE('',#4832,#4833);
#4832 = CARTESIAN_POINT('',(6.113636363636,1.));
#4833 = VECTOR('',#4834,1.);
#4834 = DIRECTION('',(-1.,-7.640652158205E-33));
#4835 = ( GEOMETRIC_REPRESENTATION_CONTEXT(2) 
PARAMETRIC_REPRESENTATION_CONTEXT() REPRESENTATION_CONTEXT('2D SPACE',''
  ) );
#4836 = PCURVE('',#4837,#4842);
#4837 = PLANE('',#4838);
#4838 = AXIS2_PLACEMENT_3D('',#4839,#4840,#4841);
#4839 = CARTESIAN_POINT('',(-21.55,-3.,-6.5));
#4840 = DIRECTION('',(1.,-2.22044604925E-16,2.22044604925E-16));
#4841 = DIRECTION('',(2.22044604925E-16,-2.22044604925E-16,-1.));
#4842 = DEFINITIONAL_REPRESENTATION('',(#4843),#4847);
#4843 = LINE('',#4844,#4845);
#4844 = CARTESIAN_POINT('',(-8.881784197001E-16,-1.972152263053E-31));
#4845 = VECTOR('',#4846,1.);
#4846 = DIRECTION('',(-1.,0.));
#4847 = ( GEOMETRIC_REPRESENTATION_CONTEXT(2) 
PARAMETRIC_REPRESENTATION_CONTEXT() REPRESENTATION_CONTEXT('2D SPACE',''
  ) );
#4848 = ORIENTED_EDGE('',*,*,#4849,.F.);
#4849 = EDGE_CURVE('',#4693,#4822,#4850,.T.);
#4850 = SURFACE_CURVE('',#4851,(#4855,#4862),.PCURVE_S1.);
#4851 = LINE('',#4852,#4853);
#4852 = CARTESIAN_POINT('',(-19.55,-3.,-6.5));
#4853 = VECTOR('',#4854,1.);
#4854 = DIRECTION('',(-1.,2.22044604925E-16,-2.22044604925E-16));
#4855 = PCURVE('',#100,#4856);
#4856 = DEFINITIONAL_REPRESENTATION('',(#4857),#4861);
#4857 = LINE('',#4858,#4859);
#4858 = CARTESIAN_POINT('',(6.113636363636,-1.));
#4859 = VECTOR('',#4860,1.);
#4860 = DIRECTION('',(7.640652158205E-33,1.));
#4861 = ( GEOMETRIC_REPRESENTATION_CONTEXT(2) 
PARAMETRIC_REPRESENTATION_CONTEXT() REPRESENTATION_CONTEXT('2D SPACE',''
  ) );
#4862 = PCURVE('',#4863,#4868);
#4863 = PLANE('',#4864);
#4864 = AXIS2_PLACEMENT_3D('',#4865,#4866,#4867);
#4865 = CARTESIAN_POINT('',(-19.55,-3.,-6.5));
#4866 = DIRECTION('',(-2.22044604925E-16,2.22044604925E-16,1.));
#4867 = DIRECTION('',(1.,-2.22044604925E-16,2.22044604925E-16));
#4868 = DEFINITIONAL_REPRESENTATION('',(#4869),#4873);
#4869 = LINE('',#4870,#4871);
#4870 = CARTESIAN_POINT('',(-3.552713678801E-15,-7.88860905221E-31));
#4871 = VECTOR('',#4872,1.);
#4872 = DIRECTION('',(-1.,1.094764425254E-47));
#4873 = ( GEOMETRIC_REPRESENTATION_CONTEXT(2) 
PARAMETRIC_REPRESENTATION_CONTEXT() REPRESENTATION_CONTEXT('2D SPACE',''
  ) );
#4874 = ADVANCED_FACE('',(#4875),#151,.T.);
#4875 = FACE_BOUND('',#4876,.T.);
#4876 = EDGE_LOOP('',(#4877,#4907,#4935,#4956,#4957,#4980,#5008,#5036));
#4877 = ORIENTED_EDGE('',*,*,#4878,.F.);
#4878 = EDGE_CURVE('',#4879,#4881,#4883,.T.);
#4879 = VERTEX_POINT('',#4880);
#4880 = CARTESIAN_POINT('',(19.55,-3.,-2.5));
#4881 = VERTEX_POINT('',#4882);
#4882 = CARTESIAN_POINT('',(19.55,-3.,-6.5));
#4883 = SURFACE_CURVE('',#4884,(#4888,#4895),.PCURVE_S1.);
#4884 = LINE('',#4885,#4886);
#4885 = CARTESIAN_POINT('',(19.55,-3.,-2.5));
#4886 = VECTOR('',#4887,1.);
#4887 = DIRECTION('',(0.,-2.22044604925E-16,-1.));
#4888 = PCURVE('',#151,#4889);
#4889 = DEFINITIONAL_REPRESENTATION('',(#4890),#4894);
#4890 = LINE('',#4891,#4892);
#4891 = CARTESIAN_POINT('',(-2.113636363636,-1.));
#4892 = VECTOR('',#4893,1.);
#4893 = DIRECTION('',(-1.,1.211154954546E-47));
#4894 = ( GEOMETRIC_REPRESENTATION_CONTEXT(2) 
PARAMETRIC_REPRESENTATION_CONTEXT() REPRESENTATION_CONTEXT('2D SPACE',''
  ) );
#4895 = PCURVE('',#4896,#4901);
#4896 = PLANE('',#4897);
#4897 = AXIS2_PLACEMENT_3D('',#4898,#4899,#4900);
#4898 = CARTESIAN_POINT('',(19.55,-3.,-2.5));
#4899 = DIRECTION('',(1.,2.254526039504E-97,-3.898278662117E-113));
#4900 = DIRECTION('',(1.107774775231E-113,-2.22044604925E-16,-1.));
#4901 = DEFINITIONAL_REPRESENTATION('',(#4902),#4906);
#4902 = LINE('',#4903,#4904);
#4903 = CARTESIAN_POINT('',(-1.33226762955E-15,-2.958228394579E-31));
#4904 = VECTOR('',#4905,1.);
#4905 = DIRECTION('',(1.,0.));
#4906 = ( GEOMETRIC_REPRESENTATION_CONTEXT(2) 
PARAMETRIC_REPRESENTATION_CONTEXT() REPRESENTATION_CONTEXT('2D SPACE',''
  ) );
#4907 = ORIENTED_EDGE('',*,*,#4908,.T.);
#4908 = EDGE_CURVE('',#4879,#4909,#4911,.T.);
#4909 = VERTEX_POINT('',#4910);
#4910 = CARTESIAN_POINT('',(18.05,-3.,-2.5));
#4911 = SURFACE_CURVE('',#4912,(#4916,#4923),.PCURVE_S1.);
#4912 = LINE('',#4913,#4914);
#4913 = CARTESIAN_POINT('',(19.55,-3.,-2.5));
#4914 = VECTOR('',#4915,1.);
#4915 = DIRECTION('',(-1.,2.471764169693E-29,1.113183619357E-13));
#4916 = PCURVE('',#151,#4917);
#4917 = DEFINITIONAL_REPRESENTATION('',(#4918),#4922);
#4918 = LINE('',#4919,#4920);
#4919 = CARTESIAN_POINT('',(-2.113636363636,-1.));
#4920 = VECTOR('',#4921,1.);
#4921 = DIRECTION('',(1.113183619357E-13,-1.));
#4922 = ( GEOMETRIC_REPRESENTATION_CONTEXT(2) 
PARAMETRIC_REPRESENTATION_CONTEXT() REPRESENTATION_CONTEXT('2D SPACE',''
  ) );
#4923 = PCURVE('',#4924,#4929);
#4924 = PLANE('',#4925);
#4925 = AXIS2_PLACEMENT_3D('',#4926,#4927,#4928);
#4926 = CARTESIAN_POINT('',(19.55,-3.,-2.5));
#4927 = DIRECTION('',(-1.113183619357E-13,-2.22044604925E-16,-1.));
#4928 = DIRECTION('',(-1.,2.471764169693E-29,1.113183619357E-13));
#4929 = DEFINITIONAL_REPRESENTATION('',(#4930),#4934);
#4930 = LINE('',#4931,#4932);
#4931 = CARTESIAN_POINT('',(0.,0.));
#4932 = VECTOR('',#4933,1.);
#4933 = DIRECTION('',(1.,0.));
#4934 = ( GEOMETRIC_REPRESENTATION_CONTEXT(2) 
PARAMETRIC_REPRESENTATION_CONTEXT() REPRESENTATION_CONTEXT('2D SPACE',''
  ) );
#4935 = ORIENTED_EDGE('',*,*,#4936,.T.);
#4936 = EDGE_CURVE('',#4909,#113,#4937,.T.);
#4937 = SURFACE_CURVE('',#4938,(#4942,#4949),.PCURVE_S1.);
#4938 = LINE('',#4939,#4940);
#4939 = CARTESIAN_POINT('',(18.05,-3.,-2.5));
#4940 = VECTOR('',#4941,1.);
#4941 = DIRECTION('',(0.,2.22044604925E-16,1.));
#4942 = PCURVE('',#151,#4943);
#4943 = DEFINITIONAL_REPRESENTATION('',(#4944),#4948);
#4944 = LINE('',#4945,#4946);
#4945 = CARTESIAN_POINT('',(-2.113636363636,-2.5));
#4946 = VECTOR('',#4947,1.);
#4947 = DIRECTION('',(1.,-1.211154954546E-47));
#4948 = ( GEOMETRIC_REPRESENTATION_CONTEXT(2) 
PARAMETRIC_REPRESENTATION_CONTEXT() REPRESENTATION_CONTEXT('2D SPACE',''
  ) );
#4949 = PCURVE('',#2144,#4950);
#4950 = DEFINITIONAL_REPRESENTATION('',(#4951),#4955);
#4951 = LINE('',#4952,#4953);
#4952 = CARTESIAN_POINT('',(1.33226762955E-15,-4.440892098501E-16));
#4953 = VECTOR('',#4954,1.);
#4954 = DIRECTION('',(1.,0.));
#4955 = ( GEOMETRIC_REPRESENTATION_CONTEXT(2) 
PARAMETRIC_REPRESENTATION_CONTEXT() REPRESENTATION_CONTEXT('2D SPACE',''
  ) );
#4956 = ORIENTED_EDGE('',*,*,#135,.T.);
#4957 = ORIENTED_EDGE('',*,*,#4958,.T.);
#4958 = EDGE_CURVE('',#136,#4959,#4961,.T.);
#4959 = VERTEX_POINT('',#4960);
#4960 = CARTESIAN_POINT('',(23.05,-3.,-2.5));
#4961 = SURFACE_CURVE('',#4962,(#4966,#4973),.PCURVE_S1.);
#4962 = LINE('',#4963,#4964);
#4963 = CARTESIAN_POINT('',(23.05,-3.,5.));
#4964 = VECTOR('',#4965,1.);
#4965 = DIRECTION('',(0.,-2.22044604925E-16,-1.));
#4966 = PCURVE('',#151,#4967);
#4967 = DEFINITIONAL_REPRESENTATION('',(#4968),#4972);
#4968 = LINE('',#4969,#4970);
#4969 = CARTESIAN_POINT('',(5.386363636364,2.5));
#4970 = VECTOR('',#4971,1.);
#4971 = DIRECTION('',(-1.,1.211154954546E-47));
#4972 = ( GEOMETRIC_REPRESENTATION_CONTEXT(2) 
PARAMETRIC_REPRESENTATION_CONTEXT() REPRESENTATION_CONTEXT('2D SPACE',''
  ) );
#4973 = PCURVE('',#2090,#4974);
#4974 = DEFINITIONAL_REPRESENTATION('',(#4975),#4979);
#4975 = LINE('',#4976,#4977);
#4976 = CARTESIAN_POINT('',(-9.860761315263E-32,4.440892098501E-16));
#4977 = VECTOR('',#4978,1.);
#4978 = DIRECTION('',(1.,0.));
#4979 = ( GEOMETRIC_REPRESENTATION_CONTEXT(2) 
PARAMETRIC_REPRESENTATION_CONTEXT() REPRESENTATION_CONTEXT('2D SPACE',''
  ) );
#4980 = ORIENTED_EDGE('',*,*,#4981,.T.);
#4981 = EDGE_CURVE('',#4959,#4982,#4984,.T.);
#4982 = VERTEX_POINT('',#4983);
#4983 = CARTESIAN_POINT('',(21.55,-3.,-2.5));
#4984 = SURFACE_CURVE('',#4985,(#4989,#4996),.PCURVE_S1.);
#4985 = LINE('',#4986,#4987);
#4986 = CARTESIAN_POINT('',(23.05,-3.,-2.5));
#4987 = VECTOR('',#4988,1.);
#4988 = DIRECTION('',(-1.,-2.254526039504E-97,5.197704882822E-113));
#4989 = PCURVE('',#151,#4990);
#4990 = DEFINITIONAL_REPRESENTATION('',(#4991),#4995);
#4991 = LINE('',#4992,#4993);
#4992 = CARTESIAN_POINT('',(-2.113636363636,2.5));
#4993 = VECTOR('',#4994,1.);
#4994 = DIRECTION('',(0.,-1.));
#4995 = ( GEOMETRIC_REPRESENTATION_CONTEXT(2) 
PARAMETRIC_REPRESENTATION_CONTEXT() REPRESENTATION_CONTEXT('2D SPACE',''
  ) );
#4996 = PCURVE('',#4997,#5002);
#4997 = PLANE('',#4998);
#4998 = AXIS2_PLACEMENT_3D('',#4999,#5000,#5001);
#4999 = CARTESIAN_POINT('',(23.05,-3.,-2.5));
#5000 = DIRECTION('',(1.107774775231E-113,-2.22044604925E-16,-1.));
#5001 = DIRECTION('',(-1.,-2.254526039504E-97,3.898278662117E-113));
#5002 = DEFINITIONAL_REPRESENTATION('',(#5003),#5007);
#5003 = LINE('',#5004,#5005);
#5004 = CARTESIAN_POINT('',(1.00121068747E-112,-4.440892098501E-16));
#5005 = VECTOR('',#5006,1.);
#5006 = DIRECTION('',(1.,-2.598852441411E-113));
#5007 = ( GEOMETRIC_REPRESENTATION_CONTEXT(2) 
PARAMETRIC_REPRESENTATION_CONTEXT() REPRESENTATION_CONTEXT('2D SPACE',''
  ) );
#5008 = ORIENTED_EDGE('',*,*,#5009,.F.);
#5009 = EDGE_CURVE('',#5010,#4982,#5012,.T.);
#5010 = VERTEX_POINT('',#5011);
#5011 = CARTESIAN_POINT('',(21.55,-3.,-6.5));
#5012 = SURFACE_CURVE('',#5013,(#5017,#5024),.PCURVE_S1.);
#5013 = LINE('',#5014,#5015);
#5014 = CARTESIAN_POINT('',(21.55,-3.,-6.5));
#5015 = VECTOR('',#5016,1.);
#5016 = DIRECTION('',(0.,2.22044604925E-16,1.));
#5017 = PCURVE('',#151,#5018);
#5018 = DEFINITIONAL_REPRESENTATION('',(#5019),#5023);
#5019 = LINE('',#5020,#5021);
#5020 = CARTESIAN_POINT('',(-6.113636363636,1.));
#5021 = VECTOR('',#5022,1.);
#5022 = DIRECTION('',(1.,-1.211154954546E-47));
#5023 = ( GEOMETRIC_REPRESENTATION_CONTEXT(2) 
PARAMETRIC_REPRESENTATION_CONTEXT() REPRESENTATION_CONTEXT('2D SPACE',''
  ) );
#5024 = PCURVE('',#5025,#5030);
#5025 = PLANE('',#5026);
#5026 = AXIS2_PLACEMENT_3D('',#5027,#5028,#5029);
#5027 = CARTESIAN_POINT('',(21.55,-3.,-6.5));
#5028 = DIRECTION('',(-1.,-2.254526039504E-97,3.898278662117E-113));
#5029 = DIRECTION('',(-1.107774775231E-113,2.22044604925E-16,1.));
#5030 = DEFINITIONAL_REPRESENTATION('',(#5031),#5035);
#5031 = LINE('',#5032,#5033);
#5032 = CARTESIAN_POINT('',(0.,0.));
#5033 = VECTOR('',#5034,1.);
#5034 = DIRECTION('',(1.,0.));
#5035 = ( GEOMETRIC_REPRESENTATION_CONTEXT(2) 
PARAMETRIC_REPRESENTATION_CONTEXT() REPRESENTATION_CONTEXT('2D SPACE',''
  ) );
#5036 = ORIENTED_EDGE('',*,*,#5037,.F.);
#5037 = EDGE_CURVE('',#4881,#5010,#5038,.T.);
#5038 = SURFACE_CURVE('',#5039,(#5043,#5050),.PCURVE_S1.);
#5039 = LINE('',#5040,#5041);
#5040 = CARTESIAN_POINT('',(19.55,-3.,-6.5));
#5041 = VECTOR('',#5042,1.);
#5042 = DIRECTION('',(1.,2.254526039504E-97,-5.197704882822E-113));
#5043 = PCURVE('',#151,#5044);
#5044 = DEFINITIONAL_REPRESENTATION('',(#5045),#5049);
#5045 = LINE('',#5046,#5047);
#5046 = CARTESIAN_POINT('',(-6.113636363636,-1.));
#5047 = VECTOR('',#5048,1.);
#5048 = DIRECTION('',(0.,1.));
#5049 = ( GEOMETRIC_REPRESENTATION_CONTEXT(2) 
PARAMETRIC_REPRESENTATION_CONTEXT() REPRESENTATION_CONTEXT('2D SPACE',''
  ) );
#5050 = PCURVE('',#5051,#5056);
#5051 = PLANE('',#5052);
#5052 = AXIS2_PLACEMENT_3D('',#5053,#5054,#5055);
#5053 = CARTESIAN_POINT('',(19.55,-3.,-6.5));
#5054 = DIRECTION('',(-1.107774775231E-113,2.22044604925E-16,1.));
#5055 = DIRECTION('',(1.,2.254526039504E-97,-3.898278662117E-113));
#5056 = DEFINITIONAL_REPRESENTATION('',(#5057),#5061);
#5057 = LINE('',#5058,#5059);
#5058 = CARTESIAN_POINT('',(0.,0.));
#5059 = VECTOR('',#5060,1.);
#5060 = DIRECTION('',(1.,2.598852441411E-113));
#5061 = ( GEOMETRIC_REPRESENTATION_CONTEXT(2) 
PARAMETRIC_REPRESENTATION_CONTEXT() REPRESENTATION_CONTEXT('2D SPACE',''
  ) );
#5062 = ADVANCED_FACE('',(#5063),#261,.F.);
#5063 = FACE_BOUND('',#5064,.F.);
#5064 = EDGE_LOOP('',(#5065,#5066,#5087,#5088));
#5065 = ORIENTED_EDGE('',*,*,#397,.F.);
#5066 = ORIENTED_EDGE('',*,*,#5067,.F.);
#5067 = EDGE_CURVE('',#1316,#398,#5068,.T.);
#5068 = SURFACE_CURVE('',#5069,(#5073,#5080),.PCURVE_S1.);
#5069 = LINE('',#5070,#5071);
#5070 = CARTESIAN_POINT('',(-21.65,-3.,38.6));
#5071 = VECTOR('',#5072,1.);
#5072 = DIRECTION('',(-2.254526039504E-97,1.,-2.22044604925E-16));
#5073 = PCURVE('',#261,#5074);
#5074 = DEFINITIONAL_REPRESENTATION('',(#5075),#5079);
#5075 = LINE('',#5076,#5077);
#5076 = CARTESIAN_POINT('',(49.2,-3.));
#5077 = VECTOR('',#5078,1.);
#5078 = DIRECTION('',(2.254526039504E-97,1.));
#5079 = ( GEOMETRIC_REPRESENTATION_CONTEXT(2) 
PARAMETRIC_REPRESENTATION_CONTEXT() REPRESENTATION_CONTEXT('2D SPACE',''
  ) );
#5080 = PCURVE('',#436,#5081);
#5081 = DEFINITIONAL_REPRESENTATION('',(#5082),#5086);
#5082 = LINE('',#5083,#5084);
#5083 = CARTESIAN_POINT('',(0.,0.));
#5084 = VECTOR('',#5085,1.);
#5085 = DIRECTION('',(0.,-1.));
#5086 = ( GEOMETRIC_REPRESENTATION_CONTEXT(2) 
PARAMETRIC_REPRESENTATION_CONTEXT() REPRESENTATION_CONTEXT('2D SPACE',''
  ) );
#5087 = ORIENTED_EDGE('',*,*,#1315,.T.);
#5088 = ORIENTED_EDGE('',*,*,#243,.F.);
#5089 = ADVANCED_FACE('',(#5090),#359,.F.);
#5090 = FACE_BOUND('',#5091,.F.);
#5091 = EDGE_LOOP('',(#5092,#5093,#5094,#5095));
#5092 = ORIENTED_EDGE('',*,*,#1288,.F.);
#5093 = ORIENTED_EDGE('',*,*,#343,.T.);
#5094 = ORIENTED_EDGE('',*,*,#2051,.T.);
#5095 = ORIENTED_EDGE('',*,*,#5096,.T.);
#5096 = EDGE_CURVE('',#2029,#1261,#5097,.T.);
#5097 = SURFACE_CURVE('',#5098,(#5102,#5109),.PCURVE_S1.);
#5098 = LINE('',#5099,#5100);
#5099 = CARTESIAN_POINT('',(21.65,-3.,38.6));
#5100 = VECTOR('',#5101,1.);
#5101 = DIRECTION('',(-2.254526039504E-97,1.,-2.22044604925E-16));
#5102 = PCURVE('',#359,#5103);
#5103 = DEFINITIONAL_REPRESENTATION('',(#5104),#5108);
#5104 = LINE('',#5105,#5106);
#5105 = CARTESIAN_POINT('',(5.9,-3.));
#5106 = VECTOR('',#5107,1.);
#5107 = DIRECTION('',(2.254526039504E-97,1.));
#5108 = ( GEOMETRIC_REPRESENTATION_CONTEXT(2) 
PARAMETRIC_REPRESENTATION_CONTEXT() REPRESENTATION_CONTEXT('2D SPACE',''
  ) );
#5109 = PCURVE('',#1276,#5110);
#5110 = DEFINITIONAL_REPRESENTATION('',(#5111),#5115);
#5111 = LINE('',#5112,#5113);
#5112 = CARTESIAN_POINT('',(2.,9.860761315263E-32));
#5113 = VECTOR('',#5114,1.);
#5114 = DIRECTION('',(0.,-1.));
#5115 = ( GEOMETRIC_REPRESENTATION_CONTEXT(2) 
PARAMETRIC_REPRESENTATION_CONTEXT() REPRESENTATION_CONTEXT('2D SPACE',''
  ) );
#5116 = ADVANCED_FACE('',(#5117),#1276,.F.);
#5117 = FACE_BOUND('',#5118,.F.);
#5118 = EDGE_LOOP('',(#5119,#5120,#5141,#5142));
#5119 = ORIENTED_EDGE('',*,*,#2028,.F.);
#5120 = ORIENTED_EDGE('',*,*,#5121,.T.);
#5121 = EDGE_CURVE('',#2006,#1233,#5122,.T.);
#5122 = SURFACE_CURVE('',#5123,(#5127,#5134),.PCURVE_S1.);
#5123 = LINE('',#5124,#5125);
#5124 = CARTESIAN_POINT('',(21.65,-3.,36.6));
#5125 = VECTOR('',#5126,1.);
#5126 = DIRECTION('',(-2.254526039504E-97,1.,-2.22044604925E-16));
#5127 = PCURVE('',#1276,#5128);
#5128 = DEFINITIONAL_REPRESENTATION('',(#5129),#5133);
#5129 = LINE('',#5130,#5131);
#5130 = CARTESIAN_POINT('',(0.,0.));
#5131 = VECTOR('',#5132,1.);
#5132 = DIRECTION('',(0.,-1.));
#5133 = ( GEOMETRIC_REPRESENTATION_CONTEXT(2) 
PARAMETRIC_REPRESENTATION_CONTEXT() REPRESENTATION_CONTEXT('2D SPACE',''
  ) );
#5134 = PCURVE('',#1248,#5135);
#5135 = DEFINITIONAL_REPRESENTATION('',(#5136),#5140);
#5136 = LINE('',#5137,#5138);
#5137 = CARTESIAN_POINT('',(1.,-2.254526039504E-97));
#5138 = VECTOR('',#5139,1.);
#5139 = DIRECTION('',(-8.655917454174E-129,-1.));
#5140 = ( GEOMETRIC_REPRESENTATION_CONTEXT(2) 
PARAMETRIC_REPRESENTATION_CONTEXT() REPRESENTATION_CONTEXT('2D SPACE',''
  ) );
#5141 = ORIENTED_EDGE('',*,*,#1260,.F.);
#5142 = ORIENTED_EDGE('',*,*,#5096,.F.);
#5143 = ADVANCED_FACE('',(#5144),#1248,.F.);
#5144 = FACE_BOUND('',#5145,.F.);
#5145 = EDGE_LOOP('',(#5146,#5147,#5168,#5169));
#5146 = ORIENTED_EDGE('',*,*,#2005,.F.);
#5147 = ORIENTED_EDGE('',*,*,#5148,.T.);
#5148 = EDGE_CURVE('',#1983,#1205,#5149,.T.);
#5149 = SURFACE_CURVE('',#5150,(#5154,#5161),.PCURVE_S1.);
#5150 = LINE('',#5151,#5152);
#5151 = CARTESIAN_POINT('',(22.65,-3.,36.6));
#5152 = VECTOR('',#5153,1.);
#5153 = DIRECTION('',(-2.254526039504E-97,1.,-2.22044604925E-16));
#5154 = PCURVE('',#1248,#5155);
#5155 = DEFINITIONAL_REPRESENTATION('',(#5156),#5160);
#5156 = LINE('',#5157,#5158);
#5157 = CARTESIAN_POINT('',(0.,0.));
#5158 = VECTOR('',#5159,1.);
#5159 = DIRECTION('',(-8.655917454174E-129,-1.));
#5160 = ( GEOMETRIC_REPRESENTATION_CONTEXT(2) 
PARAMETRIC_REPRESENTATION_CONTEXT() REPRESENTATION_CONTEXT('2D SPACE',''
  ) );
#5161 = PCURVE('',#1220,#5162);
#5162 = DEFINITIONAL_REPRESENTATION('',(#5163),#5167);
#5163 = LINE('',#5164,#5165);
#5164 = CARTESIAN_POINT('',(1.,-2.22044604925E-16));
#5165 = VECTOR('',#5166,1.);
#5166 = DIRECTION('',(0.,-1.));
#5167 = ( GEOMETRIC_REPRESENTATION_CONTEXT(2) 
PARAMETRIC_REPRESENTATION_CONTEXT() REPRESENTATION_CONTEXT('2D SPACE',''
  ) );
#5168 = ORIENTED_EDGE('',*,*,#1232,.F.);
#5169 = ORIENTED_EDGE('',*,*,#5121,.F.);
#5170 = ADVANCED_FACE('',(#5171),#1220,.F.);
#5171 = FACE_BOUND('',#5172,.F.);
#5172 = EDGE_LOOP('',(#5173,#5174,#5195,#5196));
#5173 = ORIENTED_EDGE('',*,*,#1982,.F.);
#5174 = ORIENTED_EDGE('',*,*,#5175,.T.);
#5175 = EDGE_CURVE('',#1960,#1177,#5176,.T.);
#5176 = SURFACE_CURVE('',#5177,(#5181,#5188),.PCURVE_S1.);
#5177 = LINE('',#5178,#5179);
#5178 = CARTESIAN_POINT('',(22.65,-3.,35.6));
#5179 = VECTOR('',#5180,1.);
#5180 = DIRECTION('',(-2.254526039504E-97,1.,-2.22044604925E-16));
#5181 = PCURVE('',#1220,#5182);
#5182 = DEFINITIONAL_REPRESENTATION('',(#5183),#5187);
#5183 = LINE('',#5184,#5185);
#5184 = CARTESIAN_POINT('',(0.,0.));
#5185 = VECTOR('',#5186,1.);
#5186 = DIRECTION('',(0.,-1.));
#5187 = ( GEOMETRIC_REPRESENTATION_CONTEXT(2) 
PARAMETRIC_REPRESENTATION_CONTEXT() REPRESENTATION_CONTEXT('2D SPACE',''
  ) );
#5188 = PCURVE('',#1192,#5189);
#5189 = DEFINITIONAL_REPRESENTATION('',(#5190),#5194);
#5190 = LINE('',#5191,#5192);
#5191 = CARTESIAN_POINT('',(2.,4.509052079008E-97));
#5192 = VECTOR('',#5193,1.);
#5193 = DIRECTION('',(8.655917454174E-129,-1.));
#5194 = ( GEOMETRIC_REPRESENTATION_CONTEXT(2) 
PARAMETRIC_REPRESENTATION_CONTEXT() REPRESENTATION_CONTEXT('2D SPACE',''
  ) );
#5195 = ORIENTED_EDGE('',*,*,#1204,.F.);
#5196 = ORIENTED_EDGE('',*,*,#5148,.F.);
#5197 = ADVANCED_FACE('',(#5198),#1192,.F.);
#5198 = FACE_BOUND('',#5199,.F.);
#5199 = EDGE_LOOP('',(#5200,#5201,#5222,#5223));
#5200 = ORIENTED_EDGE('',*,*,#1959,.F.);
#5201 = ORIENTED_EDGE('',*,*,#5202,.T.);
#5202 = EDGE_CURVE('',#1937,#1149,#5203,.T.);
#5203 = SURFACE_CURVE('',#5204,(#5208,#5215),.PCURVE_S1.);
#5204 = LINE('',#5205,#5206);
#5205 = CARTESIAN_POINT('',(20.65,-3.,35.6));
#5206 = VECTOR('',#5207,1.);
#5207 = DIRECTION('',(-2.254526039504E-97,1.,-2.22044604925E-16));
#5208 = PCURVE('',#1192,#5209);
#5209 = DEFINITIONAL_REPRESENTATION('',(#5210),#5214);
#5210 = LINE('',#5211,#5212);
#5211 = CARTESIAN_POINT('',(0.,0.));
#5212 = VECTOR('',#5213,1.);
#5213 = DIRECTION('',(8.655917454174E-129,-1.));
#5214 = ( GEOMETRIC_REPRESENTATION_CONTEXT(2) 
PARAMETRIC_REPRESENTATION_CONTEXT() REPRESENTATION_CONTEXT('2D SPACE',''
  ) );
#5215 = PCURVE('',#1164,#5216);
#5216 = DEFINITIONAL_REPRESENTATION('',(#5217),#5221);
#5217 = LINE('',#5218,#5219);
#5218 = CARTESIAN_POINT('',(3.,2.22044604925E-16));
#5219 = VECTOR('',#5220,1.);
#5220 = DIRECTION('',(0.,-1.));
#5221 = ( GEOMETRIC_REPRESENTATION_CONTEXT(2) 
PARAMETRIC_REPRESENTATION_CONTEXT() REPRESENTATION_CONTEXT('2D SPACE',''
  ) );
#5222 = ORIENTED_EDGE('',*,*,#1176,.F.);
#5223 = ORIENTED_EDGE('',*,*,#5175,.F.);
#5224 = ADVANCED_FACE('',(#5225),#1164,.F.);
#5225 = FACE_BOUND('',#5226,.F.);
#5226 = EDGE_LOOP('',(#5227,#5228,#5249,#5250));
#5227 = ORIENTED_EDGE('',*,*,#1936,.F.);
#5228 = ORIENTED_EDGE('',*,*,#5229,.T.);
#5229 = EDGE_CURVE('',#1914,#1121,#5230,.T.);
#5230 = SURFACE_CURVE('',#5231,(#5235,#5242),.PCURVE_S1.);
#5231 = LINE('',#5232,#5233);
#5232 = CARTESIAN_POINT('',(20.65,-3.,38.6));
#5233 = VECTOR('',#5234,1.);
#5234 = DIRECTION('',(-2.254526039504E-97,1.,-2.22044604925E-16));
#5235 = PCURVE('',#1164,#5236);
#5236 = DEFINITIONAL_REPRESENTATION('',(#5237),#5241);
#5237 = LINE('',#5238,#5239);
#5238 = CARTESIAN_POINT('',(0.,0.));
#5239 = VECTOR('',#5240,1.);
#5240 = DIRECTION('',(0.,-1.));
#5241 = ( GEOMETRIC_REPRESENTATION_CONTEXT(2) 
PARAMETRIC_REPRESENTATION_CONTEXT() REPRESENTATION_CONTEXT('2D SPACE',''
  ) );
#5242 = PCURVE('',#1136,#5243);
#5243 = DEFINITIONAL_REPRESENTATION('',(#5244),#5248);
#5244 = LINE('',#5245,#5246);
#5245 = CARTESIAN_POINT('',(6.9,-3.));
#5246 = VECTOR('',#5247,1.);
#5247 = DIRECTION('',(2.254526039504E-97,1.));
#5248 = ( GEOMETRIC_REPRESENTATION_CONTEXT(2) 
PARAMETRIC_REPRESENTATION_CONTEXT() REPRESENTATION_CONTEXT('2D SPACE',''
  ) );
#5249 = ORIENTED_EDGE('',*,*,#1148,.F.);
#5250 = ORIENTED_EDGE('',*,*,#5202,.F.);
#5251 = ADVANCED_FACE('',(#5252),#1136,.F.);
#5252 = FACE_BOUND('',#5253,.F.);
#5253 = EDGE_LOOP('',(#5254,#5255,#5256,#5257));
#5254 = ORIENTED_EDGE('',*,*,#1120,.F.);
#5255 = ORIENTED_EDGE('',*,*,#5229,.F.);
#5256 = ORIENTED_EDGE('',*,*,#1913,.T.);
#5257 = ORIENTED_EDGE('',*,*,#5258,.T.);
#5258 = EDGE_CURVE('',#1891,#1093,#5259,.T.);
#5259 = SURFACE_CURVE('',#5260,(#5264,#5271),.PCURVE_S1.);
#5260 = LINE('',#5261,#5262);
#5261 = CARTESIAN_POINT('',(7.55,-3.,38.6));
#5262 = VECTOR('',#5263,1.);
#5263 = DIRECTION('',(-2.254526039504E-97,1.,-2.22044604925E-16));
#5264 = PCURVE('',#1136,#5265);
#5265 = DEFINITIONAL_REPRESENTATION('',(#5266),#5270);
#5266 = LINE('',#5267,#5268);
#5267 = CARTESIAN_POINT('',(20.,-3.));
#5268 = VECTOR('',#5269,1.);
#5269 = DIRECTION('',(2.254526039504E-97,1.));
#5270 = ( GEOMETRIC_REPRESENTATION_CONTEXT(2) 
PARAMETRIC_REPRESENTATION_CONTEXT() REPRESENTATION_CONTEXT('2D SPACE',''
  ) );
#5271 = PCURVE('',#1108,#5272);
#5272 = DEFINITIONAL_REPRESENTATION('',(#5273),#5277);
#5273 = LINE('',#5274,#5275);
#5274 = CARTESIAN_POINT('',(2.,9.860761315263E-32));
#5275 = VECTOR('',#5276,1.);
#5276 = DIRECTION('',(0.,-1.));
#5277 = ( GEOMETRIC_REPRESENTATION_CONTEXT(2) 
PARAMETRIC_REPRESENTATION_CONTEXT() REPRESENTATION_CONTEXT('2D SPACE',''
  ) );
#5278 = ADVANCED_FACE('',(#5279),#1108,.F.);
#5279 = FACE_BOUND('',#5280,.F.);
#5280 = EDGE_LOOP('',(#5281,#5282,#5303,#5304));
#5281 = ORIENTED_EDGE('',*,*,#1890,.F.);
#5282 = ORIENTED_EDGE('',*,*,#5283,.T.);
#5283 = EDGE_CURVE('',#1868,#1065,#5284,.T.);
#5284 = SURFACE_CURVE('',#5285,(#5289,#5296),.PCURVE_S1.);
#5285 = LINE('',#5286,#5287);
#5286 = CARTESIAN_POINT('',(7.55,-3.,36.6));
#5287 = VECTOR('',#5288,1.);
#5288 = DIRECTION('',(-2.254526039504E-97,1.,-2.22044604925E-16));
#5289 = PCURVE('',#1108,#5290);
#5290 = DEFINITIONAL_REPRESENTATION('',(#5291),#5295);
#5291 = LINE('',#5292,#5293);
#5292 = CARTESIAN_POINT('',(0.,0.));
#5293 = VECTOR('',#5294,1.);
#5294 = DIRECTION('',(0.,-1.));
#5295 = ( GEOMETRIC_REPRESENTATION_CONTEXT(2) 
PARAMETRIC_REPRESENTATION_CONTEXT() REPRESENTATION_CONTEXT('2D SPACE',''
  ) );
#5296 = PCURVE('',#1080,#5297);
#5297 = DEFINITIONAL_REPRESENTATION('',(#5298),#5302);
#5298 = LINE('',#5299,#5300);
#5299 = CARTESIAN_POINT('',(1.,-2.254526039504E-97));
#5300 = VECTOR('',#5301,1.);
#5301 = DIRECTION('',(-8.655917454174E-129,-1.));
#5302 = ( GEOMETRIC_REPRESENTATION_CONTEXT(2) 
PARAMETRIC_REPRESENTATION_CONTEXT() REPRESENTATION_CONTEXT('2D SPACE',''
  ) );
#5303 = ORIENTED_EDGE('',*,*,#1092,.F.);
#5304 = ORIENTED_EDGE('',*,*,#5258,.F.);
#5305 = ADVANCED_FACE('',(#5306),#1080,.F.);
#5306 = FACE_BOUND('',#5307,.F.);
#5307 = EDGE_LOOP('',(#5308,#5309,#5330,#5331));
#5308 = ORIENTED_EDGE('',*,*,#1867,.F.);
#5309 = ORIENTED_EDGE('',*,*,#5310,.T.);
#5310 = EDGE_CURVE('',#1845,#1037,#5311,.T.);
#5311 = SURFACE_CURVE('',#5312,(#5316,#5323),.PCURVE_S1.);
#5312 = LINE('',#5313,#5314);
#5313 = CARTESIAN_POINT('',(8.55,-3.,36.6));
#5314 = VECTOR('',#5315,1.);
#5315 = DIRECTION('',(-2.254526039504E-97,1.,-2.22044604925E-16));
#5316 = PCURVE('',#1080,#5317);
#5317 = DEFINITIONAL_REPRESENTATION('',(#5318),#5322);
#5318 = LINE('',#5319,#5320);
#5319 = CARTESIAN_POINT('',(0.,0.));
#5320 = VECTOR('',#5321,1.);
#5321 = DIRECTION('',(-8.655917454174E-129,-1.));
#5322 = ( GEOMETRIC_REPRESENTATION_CONTEXT(2) 
PARAMETRIC_REPRESENTATION_CONTEXT() REPRESENTATION_CONTEXT('2D SPACE',''
  ) );
#5323 = PCURVE('',#1052,#5324);
#5324 = DEFINITIONAL_REPRESENTATION('',(#5325),#5329);
#5325 = LINE('',#5326,#5327);
#5326 = CARTESIAN_POINT('',(1.,-2.22044604925E-16));
#5327 = VECTOR('',#5328,1.);
#5328 = DIRECTION('',(0.,-1.));
#5329 = ( GEOMETRIC_REPRESENTATION_CONTEXT(2) 
PARAMETRIC_REPRESENTATION_CONTEXT() REPRESENTATION_CONTEXT('2D SPACE',''
  ) );
#5330 = ORIENTED_EDGE('',*,*,#1064,.F.);
#5331 = ORIENTED_EDGE('',*,*,#5283,.F.);
#5332 = ADVANCED_FACE('',(#5333),#1052,.F.);
#5333 = FACE_BOUND('',#5334,.F.);
#5334 = EDGE_LOOP('',(#5335,#5336,#5357,#5358));
#5335 = ORIENTED_EDGE('',*,*,#1844,.F.);
#5336 = ORIENTED_EDGE('',*,*,#5337,.T.);
#5337 = EDGE_CURVE('',#1822,#1009,#5338,.T.);
#5338 = SURFACE_CURVE('',#5339,(#5343,#5350),.PCURVE_S1.);
#5339 = LINE('',#5340,#5341);
#5340 = CARTESIAN_POINT('',(8.55,-3.,35.6));
#5341 = VECTOR('',#5342,1.);
#5342 = DIRECTION('',(-2.254526039504E-97,1.,-2.22044604925E-16));
#5343 = PCURVE('',#1052,#5344);
#5344 = DEFINITIONAL_REPRESENTATION('',(#5345),#5349);
#5345 = LINE('',#5346,#5347);
#5346 = CARTESIAN_POINT('',(0.,0.));
#5347 = VECTOR('',#5348,1.);
#5348 = DIRECTION('',(0.,-1.));
#5349 = ( GEOMETRIC_REPRESENTATION_CONTEXT(2) 
PARAMETRIC_REPRESENTATION_CONTEXT() REPRESENTATION_CONTEXT('2D SPACE',''
  ) );
#5350 = PCURVE('',#1024,#5351);
#5351 = DEFINITIONAL_REPRESENTATION('',(#5352),#5356);
#5352 = LINE('',#5353,#5354);
#5353 = CARTESIAN_POINT('',(2.,4.509052079008E-97));
#5354 = VECTOR('',#5355,1.);
#5355 = DIRECTION('',(8.655917454174E-129,-1.));
#5356 = ( GEOMETRIC_REPRESENTATION_CONTEXT(2) 
PARAMETRIC_REPRESENTATION_CONTEXT() REPRESENTATION_CONTEXT('2D SPACE',''
  ) );
#5357 = ORIENTED_EDGE('',*,*,#1036,.F.);
#5358 = ORIENTED_EDGE('',*,*,#5310,.F.);
#5359 = ADVANCED_FACE('',(#5360),#1024,.F.);
#5360 = FACE_BOUND('',#5361,.F.);
#5361 = EDGE_LOOP('',(#5362,#5363,#5384,#5385));
#5362 = ORIENTED_EDGE('',*,*,#1821,.F.);
#5363 = ORIENTED_EDGE('',*,*,#5364,.T.);
#5364 = EDGE_CURVE('',#1799,#981,#5365,.T.);
#5365 = SURFACE_CURVE('',#5366,(#5370,#5377),.PCURVE_S1.);
#5366 = LINE('',#5367,#5368);
#5367 = CARTESIAN_POINT('',(7.55,-3.,35.6));
#5368 = VECTOR('',#5369,1.);
#5369 = DIRECTION('',(-2.254526039504E-97,1.,-2.22044604925E-16));
#5370 = PCURVE('',#1024,#5371);
#5371 = DEFINITIONAL_REPRESENTATION('',(#5372),#5376);
#5372 = LINE('',#5373,#5374);
#5373 = CARTESIAN_POINT('',(1.,2.254526039504E-97));
#5374 = VECTOR('',#5375,1.);
#5375 = DIRECTION('',(8.655917454174E-129,-1.));
#5376 = ( GEOMETRIC_REPRESENTATION_CONTEXT(2) 
PARAMETRIC_REPRESENTATION_CONTEXT() REPRESENTATION_CONTEXT('2D SPACE',''
  ) );
#5377 = PCURVE('',#996,#5378);
#5378 = DEFINITIONAL_REPRESENTATION('',(#5379),#5383);
#5379 = LINE('',#5380,#5381);
#5380 = CARTESIAN_POINT('',(1.,2.254526039504E-97));
#5381 = VECTOR('',#5382,1.);
#5382 = DIRECTION('',(8.655917454174E-129,-1.));
#5383 = ( GEOMETRIC_REPRESENTATION_CONTEXT(2) 
PARAMETRIC_REPRESENTATION_CONTEXT() REPRESENTATION_CONTEXT('2D SPACE',''
  ) );
#5384 = ORIENTED_EDGE('',*,*,#1008,.F.);
#5385 = ORIENTED_EDGE('',*,*,#5337,.F.);
#5386 = ADVANCED_FACE('',(#5387),#996,.F.);
#5387 = FACE_BOUND('',#5388,.F.);
#5388 = EDGE_LOOP('',(#5389,#5390,#5411,#5412));
#5389 = ORIENTED_EDGE('',*,*,#1798,.F.);
#5390 = ORIENTED_EDGE('',*,*,#5391,.T.);
#5391 = EDGE_CURVE('',#1776,#953,#5392,.T.);
#5392 = SURFACE_CURVE('',#5393,(#5397,#5404),.PCURVE_S1.);
#5393 = LINE('',#5394,#5395);
#5394 = CARTESIAN_POINT('',(6.55,-3.,35.6));
#5395 = VECTOR('',#5396,1.);
#5396 = DIRECTION('',(-2.254526039504E-97,1.,-2.22044604925E-16));
#5397 = PCURVE('',#996,#5398);
#5398 = DEFINITIONAL_REPRESENTATION('',(#5399),#5403);
#5399 = LINE('',#5400,#5401);
#5400 = CARTESIAN_POINT('',(0.,0.));
#5401 = VECTOR('',#5402,1.);
#5402 = DIRECTION('',(8.655917454174E-129,-1.));
#5403 = ( GEOMETRIC_REPRESENTATION_CONTEXT(2) 
PARAMETRIC_REPRESENTATION_CONTEXT() REPRESENTATION_CONTEXT('2D SPACE',''
  ) );
#5404 = PCURVE('',#968,#5405);
#5405 = DEFINITIONAL_REPRESENTATION('',(#5406),#5410);
#5406 = LINE('',#5407,#5408);
#5407 = CARTESIAN_POINT('',(1.,2.254526039504E-97));
#5408 = VECTOR('',#5409,1.);
#5409 = DIRECTION('',(8.655917454174E-129,-1.));
#5410 = ( GEOMETRIC_REPRESENTATION_CONTEXT(2) 
PARAMETRIC_REPRESENTATION_CONTEXT() REPRESENTATION_CONTEXT('2D SPACE',''
  ) );
#5411 = ORIENTED_EDGE('',*,*,#980,.F.);
#5412 = ORIENTED_EDGE('',*,*,#5364,.F.);
#5413 = ADVANCED_FACE('',(#5414),#968,.F.);
#5414 = FACE_BOUND('',#5415,.F.);
#5415 = EDGE_LOOP('',(#5416,#5417,#5438,#5439));
#5416 = ORIENTED_EDGE('',*,*,#1775,.F.);
#5417 = ORIENTED_EDGE('',*,*,#5418,.T.);
#5418 = EDGE_CURVE('',#1753,#925,#5419,.T.);
#5419 = SURFACE_CURVE('',#5420,(#5424,#5431),.PCURVE_S1.);
#5420 = LINE('',#5421,#5422);
#5421 = CARTESIAN_POINT('',(5.55,-3.,35.6));
#5422 = VECTOR('',#5423,1.);
#5423 = DIRECTION('',(-2.254526039504E-97,1.,-2.22044604925E-16));
#5424 = PCURVE('',#968,#5425);
#5425 = DEFINITIONAL_REPRESENTATION('',(#5426),#5430);
#5426 = LINE('',#5427,#5428);
#5427 = CARTESIAN_POINT('',(0.,0.));
#5428 = VECTOR('',#5429,1.);
#5429 = DIRECTION('',(8.655917454174E-129,-1.));
#5430 = ( GEOMETRIC_REPRESENTATION_CONTEXT(2) 
PARAMETRIC_REPRESENTATION_CONTEXT() REPRESENTATION_CONTEXT('2D SPACE',''
  ) );
#5431 = PCURVE('',#940,#5432);
#5432 = DEFINITIONAL_REPRESENTATION('',(#5433),#5437);
#5433 = LINE('',#5434,#5435);
#5434 = CARTESIAN_POINT('',(1.,2.22044604925E-16));
#5435 = VECTOR('',#5436,1.);
#5436 = DIRECTION('',(0.,-1.));
#5437 = ( GEOMETRIC_REPRESENTATION_CONTEXT(2) 
PARAMETRIC_REPRESENTATION_CONTEXT() REPRESENTATION_CONTEXT('2D SPACE',''
  ) );
#5438 = ORIENTED_EDGE('',*,*,#952,.F.);
#5439 = ORIENTED_EDGE('',*,*,#5391,.F.);
#5440 = ADVANCED_FACE('',(#5441),#940,.F.);
#5441 = FACE_BOUND('',#5442,.F.);
#5442 = EDGE_LOOP('',(#5443,#5444,#5465,#5466));
#5443 = ORIENTED_EDGE('',*,*,#1752,.F.);
#5444 = ORIENTED_EDGE('',*,*,#5445,.T.);
#5445 = EDGE_CURVE('',#1730,#897,#5446,.T.);
#5446 = SURFACE_CURVE('',#5447,(#5451,#5458),.PCURVE_S1.);
#5447 = LINE('',#5448,#5449);
#5448 = CARTESIAN_POINT('',(5.55,-3.,36.6));
#5449 = VECTOR('',#5450,1.);
#5450 = DIRECTION('',(-2.254526039504E-97,1.,-2.22044604925E-16));
#5451 = PCURVE('',#940,#5452);
#5452 = DEFINITIONAL_REPRESENTATION('',(#5453),#5457);
#5453 = LINE('',#5454,#5455);
#5454 = CARTESIAN_POINT('',(0.,0.));
#5455 = VECTOR('',#5456,1.);
#5456 = DIRECTION('',(0.,-1.));
#5457 = ( GEOMETRIC_REPRESENTATION_CONTEXT(2) 
PARAMETRIC_REPRESENTATION_CONTEXT() REPRESENTATION_CONTEXT('2D SPACE',''
  ) );
#5458 = PCURVE('',#912,#5459);
#5459 = DEFINITIONAL_REPRESENTATION('',(#5460),#5464);
#5460 = LINE('',#5461,#5462);
#5461 = CARTESIAN_POINT('',(1.,-2.254526039504E-97));
#5462 = VECTOR('',#5463,1.);
#5463 = DIRECTION('',(-8.655917454174E-129,-1.));
#5464 = ( GEOMETRIC_REPRESENTATION_CONTEXT(2) 
PARAMETRIC_REPRESENTATION_CONTEXT() REPRESENTATION_CONTEXT('2D SPACE',''
  ) );
#5465 = ORIENTED_EDGE('',*,*,#924,.F.);
#5466 = ORIENTED_EDGE('',*,*,#5418,.F.);
#5467 = ADVANCED_FACE('',(#5468),#912,.F.);
#5468 = FACE_BOUND('',#5469,.F.);
#5469 = EDGE_LOOP('',(#5470,#5471,#5492,#5493));
#5470 = ORIENTED_EDGE('',*,*,#1729,.F.);
#5471 = ORIENTED_EDGE('',*,*,#5472,.T.);
#5472 = EDGE_CURVE('',#1707,#869,#5473,.T.);
#5473 = SURFACE_CURVE('',#5474,(#5478,#5485),.PCURVE_S1.);
#5474 = LINE('',#5475,#5476);
#5475 = CARTESIAN_POINT('',(6.55,-3.,36.6));
#5476 = VECTOR('',#5477,1.);
#5477 = DIRECTION('',(-2.254526039504E-97,1.,-2.22044604925E-16));
#5478 = PCURVE('',#912,#5479);
#5479 = DEFINITIONAL_REPRESENTATION('',(#5480),#5484);
#5480 = LINE('',#5481,#5482);
#5481 = CARTESIAN_POINT('',(0.,0.));
#5482 = VECTOR('',#5483,1.);
#5483 = DIRECTION('',(-8.655917454174E-129,-1.));
#5484 = ( GEOMETRIC_REPRESENTATION_CONTEXT(2) 
PARAMETRIC_REPRESENTATION_CONTEXT() REPRESENTATION_CONTEXT('2D SPACE',''
  ) );
#5485 = PCURVE('',#884,#5486);
#5486 = DEFINITIONAL_REPRESENTATION('',(#5487),#5491);
#5487 = LINE('',#5488,#5489);
#5488 = CARTESIAN_POINT('',(2.,-9.860761315263E-32));
#5489 = VECTOR('',#5490,1.);
#5490 = DIRECTION('',(0.,-1.));
#5491 = ( GEOMETRIC_REPRESENTATION_CONTEXT(2) 
PARAMETRIC_REPRESENTATION_CONTEXT() REPRESENTATION_CONTEXT('2D SPACE',''
  ) );
#5492 = ORIENTED_EDGE('',*,*,#896,.F.);
#5493 = ORIENTED_EDGE('',*,*,#5445,.F.);
#5494 = ADVANCED_FACE('',(#5495),#884,.F.);
#5495 = FACE_BOUND('',#5496,.F.);
#5496 = EDGE_LOOP('',(#5497,#5498,#5519,#5520));
#5497 = ORIENTED_EDGE('',*,*,#1706,.F.);
#5498 = ORIENTED_EDGE('',*,*,#5499,.T.);
#5499 = EDGE_CURVE('',#1684,#841,#5500,.T.);
#5500 = SURFACE_CURVE('',#5501,(#5505,#5512),.PCURVE_S1.);
#5501 = LINE('',#5502,#5503);
#5502 = CARTESIAN_POINT('',(6.55,-3.,38.6));
#5503 = VECTOR('',#5504,1.);
#5504 = DIRECTION('',(-2.254526039504E-97,1.,-2.22044604925E-16));
#5505 = PCURVE('',#884,#5506);
#5506 = DEFINITIONAL_REPRESENTATION('',(#5507),#5511);
#5507 = LINE('',#5508,#5509);
#5508 = CARTESIAN_POINT('',(0.,0.));
#5509 = VECTOR('',#5510,1.);
#5510 = DIRECTION('',(0.,-1.));
#5511 = ( GEOMETRIC_REPRESENTATION_CONTEXT(2) 
PARAMETRIC_REPRESENTATION_CONTEXT() REPRESENTATION_CONTEXT('2D SPACE',''
  ) );
#5512 = PCURVE('',#856,#5513);
#5513 = DEFINITIONAL_REPRESENTATION('',(#5514),#5518);
#5514 = LINE('',#5515,#5516);
#5515 = CARTESIAN_POINT('',(21.,-3.));
#5516 = VECTOR('',#5517,1.);
#5517 = DIRECTION('',(2.254526039504E-97,1.));
#5518 = ( GEOMETRIC_REPRESENTATION_CONTEXT(2) 
PARAMETRIC_REPRESENTATION_CONTEXT() REPRESENTATION_CONTEXT('2D SPACE',''
  ) );
#5519 = ORIENTED_EDGE('',*,*,#868,.F.);
#5520 = ORIENTED_EDGE('',*,*,#5472,.F.);
#5521 = ADVANCED_FACE('',(#5522),#856,.F.);
#5522 = FACE_BOUND('',#5523,.F.);
#5523 = EDGE_LOOP('',(#5524,#5525,#5526,#5527));
#5524 = ORIENTED_EDGE('',*,*,#840,.F.);
#5525 = ORIENTED_EDGE('',*,*,#5499,.F.);
#5526 = ORIENTED_EDGE('',*,*,#1683,.T.);
#5527 = ORIENTED_EDGE('',*,*,#5528,.T.);
#5528 = EDGE_CURVE('',#1661,#813,#5529,.T.);
#5529 = SURFACE_CURVE('',#5530,(#5534,#5541),.PCURVE_S1.);
#5530 = LINE('',#5531,#5532);
#5531 = CARTESIAN_POINT('',(-6.55,-3.,38.6));
#5532 = VECTOR('',#5533,1.);
#5533 = DIRECTION('',(-2.254526039504E-97,1.,-2.22044604925E-16));
#5534 = PCURVE('',#856,#5535);
#5535 = DEFINITIONAL_REPRESENTATION('',(#5536),#5540);
#5536 = LINE('',#5537,#5538);
#5537 = CARTESIAN_POINT('',(34.1,-3.));
#5538 = VECTOR('',#5539,1.);
#5539 = DIRECTION('',(2.254526039504E-97,1.));
#5540 = ( GEOMETRIC_REPRESENTATION_CONTEXT(2) 
PARAMETRIC_REPRESENTATION_CONTEXT() REPRESENTATION_CONTEXT('2D SPACE',''
  ) );
#5541 = PCURVE('',#828,#5542);
#5542 = DEFINITIONAL_REPRESENTATION('',(#5543),#5547);
#5543 = LINE('',#5544,#5545);
#5544 = CARTESIAN_POINT('',(2.,9.860761315263E-32));
#5545 = VECTOR('',#5546,1.);
#5546 = DIRECTION('',(0.,-1.));
#5547 = ( GEOMETRIC_REPRESENTATION_CONTEXT(2) 
PARAMETRIC_REPRESENTATION_CONTEXT() REPRESENTATION_CONTEXT('2D SPACE',''
  ) );
#5548 = ADVANCED_FACE('',(#5549),#828,.F.);
#5549 = FACE_BOUND('',#5550,.F.);
#5550 = EDGE_LOOP('',(#5551,#5552,#5573,#5574));
#5551 = ORIENTED_EDGE('',*,*,#1660,.F.);
#5552 = ORIENTED_EDGE('',*,*,#5553,.T.);
#5553 = EDGE_CURVE('',#1638,#785,#5554,.T.);
#5554 = SURFACE_CURVE('',#5555,(#5559,#5566),.PCURVE_S1.);
#5555 = LINE('',#5556,#5557);
#5556 = CARTESIAN_POINT('',(-6.55,-3.,36.6));
#5557 = VECTOR('',#5558,1.);
#5558 = DIRECTION('',(-2.254526039504E-97,1.,-2.22044604925E-16));
#5559 = PCURVE('',#828,#5560);
#5560 = DEFINITIONAL_REPRESENTATION('',(#5561),#5565);
#5561 = LINE('',#5562,#5563);
#5562 = CARTESIAN_POINT('',(0.,0.));
#5563 = VECTOR('',#5564,1.);
#5564 = DIRECTION('',(0.,-1.));
#5565 = ( GEOMETRIC_REPRESENTATION_CONTEXT(2) 
PARAMETRIC_REPRESENTATION_CONTEXT() REPRESENTATION_CONTEXT('2D SPACE',''
  ) );
#5566 = PCURVE('',#800,#5567);
#5567 = DEFINITIONAL_REPRESENTATION('',(#5568),#5572);
#5568 = LINE('',#5569,#5570);
#5569 = CARTESIAN_POINT('',(1.,-2.254526039504E-97));
#5570 = VECTOR('',#5571,1.);
#5571 = DIRECTION('',(-8.655917454174E-129,-1.));
#5572 = ( GEOMETRIC_REPRESENTATION_CONTEXT(2) 
PARAMETRIC_REPRESENTATION_CONTEXT() REPRESENTATION_CONTEXT('2D SPACE',''
  ) );
#5573 = ORIENTED_EDGE('',*,*,#812,.F.);
#5574 = ORIENTED_EDGE('',*,*,#5528,.F.);
#5575 = ADVANCED_FACE('',(#5576),#800,.F.);
#5576 = FACE_BOUND('',#5577,.F.);
#5577 = EDGE_LOOP('',(#5578,#5579,#5600,#5601));
#5578 = ORIENTED_EDGE('',*,*,#1637,.F.);
#5579 = ORIENTED_EDGE('',*,*,#5580,.T.);
#5580 = EDGE_CURVE('',#1615,#757,#5581,.T.);
#5581 = SURFACE_CURVE('',#5582,(#5586,#5593),.PCURVE_S1.);
#5582 = LINE('',#5583,#5584);
#5583 = CARTESIAN_POINT('',(-5.55,-3.,36.6));
#5584 = VECTOR('',#5585,1.);
#5585 = DIRECTION('',(-2.254526039504E-97,1.,-2.22044604925E-16));
#5586 = PCURVE('',#800,#5587);
#5587 = DEFINITIONAL_REPRESENTATION('',(#5588),#5592);
#5588 = LINE('',#5589,#5590);
#5589 = CARTESIAN_POINT('',(0.,0.));
#5590 = VECTOR('',#5591,1.);
#5591 = DIRECTION('',(-8.655917454174E-129,-1.));
#5592 = ( GEOMETRIC_REPRESENTATION_CONTEXT(2) 
PARAMETRIC_REPRESENTATION_CONTEXT() REPRESENTATION_CONTEXT('2D SPACE',''
  ) );
#5593 = PCURVE('',#772,#5594);
#5594 = DEFINITIONAL_REPRESENTATION('',(#5595),#5599);
#5595 = LINE('',#5596,#5597);
#5596 = CARTESIAN_POINT('',(1.,-2.22044604925E-16));
#5597 = VECTOR('',#5598,1.);
#5598 = DIRECTION('',(0.,-1.));
#5599 = ( GEOMETRIC_REPRESENTATION_CONTEXT(2) 
PARAMETRIC_REPRESENTATION_CONTEXT() REPRESENTATION_CONTEXT('2D SPACE',''
  ) );
#5600 = ORIENTED_EDGE('',*,*,#784,.F.);
#5601 = ORIENTED_EDGE('',*,*,#5553,.F.);
#5602 = ADVANCED_FACE('',(#5603),#772,.F.);
#5603 = FACE_BOUND('',#5604,.F.);
#5604 = EDGE_LOOP('',(#5605,#5606,#5627,#5628));
#5605 = ORIENTED_EDGE('',*,*,#1614,.F.);
#5606 = ORIENTED_EDGE('',*,*,#5607,.T.);
#5607 = EDGE_CURVE('',#1592,#729,#5608,.T.);
#5608 = SURFACE_CURVE('',#5609,(#5613,#5620),.PCURVE_S1.);
#5609 = LINE('',#5610,#5611);
#5610 = CARTESIAN_POINT('',(-5.55,-3.,35.6));
#5611 = VECTOR('',#5612,1.);
#5612 = DIRECTION('',(-2.254526039504E-97,1.,-2.22044604925E-16));
#5613 = PCURVE('',#772,#5614);
#5614 = DEFINITIONAL_REPRESENTATION('',(#5615),#5619);
#5615 = LINE('',#5616,#5617);
#5616 = CARTESIAN_POINT('',(0.,0.));
#5617 = VECTOR('',#5618,1.);
#5618 = DIRECTION('',(0.,-1.));
#5619 = ( GEOMETRIC_REPRESENTATION_CONTEXT(2) 
PARAMETRIC_REPRESENTATION_CONTEXT() REPRESENTATION_CONTEXT('2D SPACE',''
  ) );
#5620 = PCURVE('',#744,#5621);
#5621 = DEFINITIONAL_REPRESENTATION('',(#5622),#5626);
#5622 = LINE('',#5623,#5624);
#5623 = CARTESIAN_POINT('',(2.,4.509052079008E-97));
#5624 = VECTOR('',#5625,1.);
#5625 = DIRECTION('',(8.655917454174E-129,-1.));
#5626 = ( GEOMETRIC_REPRESENTATION_CONTEXT(2) 
PARAMETRIC_REPRESENTATION_CONTEXT() REPRESENTATION_CONTEXT('2D SPACE',''
  ) );
#5627 = ORIENTED_EDGE('',*,*,#756,.F.);
#5628 = ORIENTED_EDGE('',*,*,#5580,.F.);
#5629 = ADVANCED_FACE('',(#5630),#744,.F.);
#5630 = FACE_BOUND('',#5631,.F.);
#5631 = EDGE_LOOP('',(#5632,#5633,#5654,#5655));
#5632 = ORIENTED_EDGE('',*,*,#1591,.F.);
#5633 = ORIENTED_EDGE('',*,*,#5634,.T.);
#5634 = EDGE_CURVE('',#1569,#701,#5635,.T.);
#5635 = SURFACE_CURVE('',#5636,(#5640,#5647),.PCURVE_S1.);
#5636 = LINE('',#5637,#5638);
#5637 = CARTESIAN_POINT('',(-6.55,-3.,35.6));
#5638 = VECTOR('',#5639,1.);
#5639 = DIRECTION('',(-2.254526039504E-97,1.,-2.22044604925E-16));
#5640 = PCURVE('',#744,#5641);
#5641 = DEFINITIONAL_REPRESENTATION('',(#5642),#5646);
#5642 = LINE('',#5643,#5644);
#5643 = CARTESIAN_POINT('',(1.,-4.440892098501E-16));
#5644 = VECTOR('',#5645,1.);
#5645 = DIRECTION('',(8.655917454174E-129,-1.));
#5646 = ( GEOMETRIC_REPRESENTATION_CONTEXT(2) 
PARAMETRIC_REPRESENTATION_CONTEXT() REPRESENTATION_CONTEXT('2D SPACE',''
  ) );
#5647 = PCURVE('',#716,#5648);
#5648 = DEFINITIONAL_REPRESENTATION('',(#5649),#5653);
#5649 = LINE('',#5650,#5651);
#5650 = CARTESIAN_POINT('',(1.,-4.440892098501E-16));
#5651 = VECTOR('',#5652,1.);
#5652 = DIRECTION('',(8.655917454174E-129,-1.));
#5653 = ( GEOMETRIC_REPRESENTATION_CONTEXT(2) 
PARAMETRIC_REPRESENTATION_CONTEXT() REPRESENTATION_CONTEXT('2D SPACE',''
  ) );
#5654 = ORIENTED_EDGE('',*,*,#728,.F.);
#5655 = ORIENTED_EDGE('',*,*,#5607,.F.);
#5656 = ADVANCED_FACE('',(#5657),#716,.F.);
#5657 = FACE_BOUND('',#5658,.F.);
#5658 = EDGE_LOOP('',(#5659,#5660,#5681,#5682));
#5659 = ORIENTED_EDGE('',*,*,#1568,.F.);
#5660 = ORIENTED_EDGE('',*,*,#5661,.T.);
#5661 = EDGE_CURVE('',#1546,#673,#5662,.T.);
#5662 = SURFACE_CURVE('',#5663,(#5667,#5674),.PCURVE_S1.);
#5663 = LINE('',#5664,#5665);
#5664 = CARTESIAN_POINT('',(-7.55,-3.,35.6));
#5665 = VECTOR('',#5666,1.);
#5666 = DIRECTION('',(-2.254526039504E-97,1.,-2.22044604925E-16));
#5667 = PCURVE('',#716,#5668);
#5668 = DEFINITIONAL_REPRESENTATION('',(#5669),#5673);
#5669 = LINE('',#5670,#5671);
#5670 = CARTESIAN_POINT('',(0.,0.));
#5671 = VECTOR('',#5672,1.);
#5672 = DIRECTION('',(8.655917454174E-129,-1.));
#5673 = ( GEOMETRIC_REPRESENTATION_CONTEXT(2) 
PARAMETRIC_REPRESENTATION_CONTEXT() REPRESENTATION_CONTEXT('2D SPACE',''
  ) );
#5674 = PCURVE('',#688,#5675);
#5675 = DEFINITIONAL_REPRESENTATION('',(#5676),#5680);
#5676 = LINE('',#5677,#5678);
#5677 = CARTESIAN_POINT('',(1.,4.440892098501E-16));
#5678 = VECTOR('',#5679,1.);
#5679 = DIRECTION('',(8.655917454174E-129,-1.));
#5680 = ( GEOMETRIC_REPRESENTATION_CONTEXT(2) 
PARAMETRIC_REPRESENTATION_CONTEXT() REPRESENTATION_CONTEXT('2D SPACE',''
  ) );
#5681 = ORIENTED_EDGE('',*,*,#700,.F.);
#5682 = ORIENTED_EDGE('',*,*,#5634,.F.);
#5683 = ADVANCED_FACE('',(#5684),#688,.F.);
#5684 = FACE_BOUND('',#5685,.F.);
#5685 = EDGE_LOOP('',(#5686,#5687,#5708,#5709));
#5686 = ORIENTED_EDGE('',*,*,#1545,.F.);
#5687 = ORIENTED_EDGE('',*,*,#5688,.T.);
#5688 = EDGE_CURVE('',#1523,#645,#5689,.T.);
#5689 = SURFACE_CURVE('',#5690,(#5694,#5701),.PCURVE_S1.);
#5690 = LINE('',#5691,#5692);
#5691 = CARTESIAN_POINT('',(-8.55,-3.,35.6));
#5692 = VECTOR('',#5693,1.);
#5693 = DIRECTION('',(-2.254526039504E-97,1.,-2.22044604925E-16));
#5694 = PCURVE('',#688,#5695);
#5695 = DEFINITIONAL_REPRESENTATION('',(#5696),#5700);
#5696 = LINE('',#5697,#5698);
#5697 = CARTESIAN_POINT('',(0.,0.));
#5698 = VECTOR('',#5699,1.);
#5699 = DIRECTION('',(8.655917454174E-129,-1.));
#5700 = ( GEOMETRIC_REPRESENTATION_CONTEXT(2) 
PARAMETRIC_REPRESENTATION_CONTEXT() REPRESENTATION_CONTEXT('2D SPACE',''
  ) );
#5701 = PCURVE('',#660,#5702);
#5702 = DEFINITIONAL_REPRESENTATION('',(#5703),#5707);
#5703 = LINE('',#5704,#5705);
#5704 = CARTESIAN_POINT('',(1.,2.22044604925E-16));
#5705 = VECTOR('',#5706,1.);
#5706 = DIRECTION('',(0.,-1.));
#5707 = ( GEOMETRIC_REPRESENTATION_CONTEXT(2) 
PARAMETRIC_REPRESENTATION_CONTEXT() REPRESENTATION_CONTEXT('2D SPACE',''
  ) );
#5708 = ORIENTED_EDGE('',*,*,#672,.F.);
#5709 = ORIENTED_EDGE('',*,*,#5661,.F.);
#5710 = ADVANCED_FACE('',(#5711),#660,.F.);
#5711 = FACE_BOUND('',#5712,.F.);
#5712 = EDGE_LOOP('',(#5713,#5714,#5735,#5736));
#5713 = ORIENTED_EDGE('',*,*,#1522,.F.);
#5714 = ORIENTED_EDGE('',*,*,#5715,.T.);
#5715 = EDGE_CURVE('',#1500,#617,#5716,.T.);
#5716 = SURFACE_CURVE('',#5717,(#5721,#5728),.PCURVE_S1.);
#5717 = LINE('',#5718,#5719);
#5718 = CARTESIAN_POINT('',(-8.55,-3.,36.6));
#5719 = VECTOR('',#5720,1.);
#5720 = DIRECTION('',(-2.254526039504E-97,1.,-2.22044604925E-16));
#5721 = PCURVE('',#660,#5722);
#5722 = DEFINITIONAL_REPRESENTATION('',(#5723),#5727);
#5723 = LINE('',#5724,#5725);
#5724 = CARTESIAN_POINT('',(0.,0.));
#5725 = VECTOR('',#5726,1.);
#5726 = DIRECTION('',(0.,-1.));
#5727 = ( GEOMETRIC_REPRESENTATION_CONTEXT(2) 
PARAMETRIC_REPRESENTATION_CONTEXT() REPRESENTATION_CONTEXT('2D SPACE',''
  ) );
#5728 = PCURVE('',#632,#5729);
#5729 = DEFINITIONAL_REPRESENTATION('',(#5730),#5734);
#5730 = LINE('',#5731,#5732);
#5731 = CARTESIAN_POINT('',(1.,-2.254526039504E-97));
#5732 = VECTOR('',#5733,1.);
#5733 = DIRECTION('',(-8.655917454174E-129,-1.));
#5734 = ( GEOMETRIC_REPRESENTATION_CONTEXT(2) 
PARAMETRIC_REPRESENTATION_CONTEXT() REPRESENTATION_CONTEXT('2D SPACE',''
  ) );
#5735 = ORIENTED_EDGE('',*,*,#644,.F.);
#5736 = ORIENTED_EDGE('',*,*,#5688,.F.);
#5737 = ADVANCED_FACE('',(#5738),#632,.F.);
#5738 = FACE_BOUND('',#5739,.F.);
#5739 = EDGE_LOOP('',(#5740,#5741,#5762,#5763));
#5740 = ORIENTED_EDGE('',*,*,#1499,.F.);
#5741 = ORIENTED_EDGE('',*,*,#5742,.T.);
#5742 = EDGE_CURVE('',#1477,#589,#5743,.T.);
#5743 = SURFACE_CURVE('',#5744,(#5748,#5755),.PCURVE_S1.);
#5744 = LINE('',#5745,#5746);
#5745 = CARTESIAN_POINT('',(-7.55,-3.,36.6));
#5746 = VECTOR('',#5747,1.);
#5747 = DIRECTION('',(-2.254526039504E-97,1.,-2.22044604925E-16));
#5748 = PCURVE('',#632,#5749);
#5749 = DEFINITIONAL_REPRESENTATION('',(#5750),#5754);
#5750 = LINE('',#5751,#5752);
#5751 = CARTESIAN_POINT('',(0.,0.));
#5752 = VECTOR('',#5753,1.);
#5753 = DIRECTION('',(-8.655917454174E-129,-1.));
#5754 = ( GEOMETRIC_REPRESENTATION_CONTEXT(2) 
PARAMETRIC_REPRESENTATION_CONTEXT() REPRESENTATION_CONTEXT('2D SPACE',''
  ) );
#5755 = PCURVE('',#604,#5756);
#5756 = DEFINITIONAL_REPRESENTATION('',(#5757),#5761);
#5757 = LINE('',#5758,#5759);
#5758 = CARTESIAN_POINT('',(2.,-4.440892098501E-16));
#5759 = VECTOR('',#5760,1.);
#5760 = DIRECTION('',(-4.930380657631E-32,-1.));
#5761 = ( GEOMETRIC_REPRESENTATION_CONTEXT(2) 
PARAMETRIC_REPRESENTATION_CONTEXT() REPRESENTATION_CONTEXT('2D SPACE',''
  ) );
#5762 = ORIENTED_EDGE('',*,*,#616,.F.);
#5763 = ORIENTED_EDGE('',*,*,#5715,.F.);
#5764 = ADVANCED_FACE('',(#5765),#604,.F.);
#5765 = FACE_BOUND('',#5766,.F.);
#5766 = EDGE_LOOP('',(#5767,#5768,#5789,#5790));
#5767 = ORIENTED_EDGE('',*,*,#1476,.F.);
#5768 = ORIENTED_EDGE('',*,*,#5769,.T.);
#5769 = EDGE_CURVE('',#1454,#561,#5770,.T.);
#5770 = SURFACE_CURVE('',#5771,(#5775,#5782),.PCURVE_S1.);
#5771 = LINE('',#5772,#5773);
#5772 = CARTESIAN_POINT('',(-7.55,-3.,38.6));
#5773 = VECTOR('',#5774,1.);
#5774 = DIRECTION('',(-2.254526039504E-97,1.,-2.22044604925E-16));
#5775 = PCURVE('',#604,#5776);
#5776 = DEFINITIONAL_REPRESENTATION('',(#5777),#5781);
#5777 = LINE('',#5778,#5779);
#5778 = CARTESIAN_POINT('',(0.,0.));
#5779 = VECTOR('',#5780,1.);
#5780 = DIRECTION('',(0.,-1.));
#5781 = ( GEOMETRIC_REPRESENTATION_CONTEXT(2) 
PARAMETRIC_REPRESENTATION_CONTEXT() REPRESENTATION_CONTEXT('2D SPACE',''
  ) );
#5782 = PCURVE('',#576,#5783);
#5783 = DEFINITIONAL_REPRESENTATION('',(#5784),#5788);
#5784 = LINE('',#5785,#5786);
#5785 = CARTESIAN_POINT('',(35.1,-3.));
#5786 = VECTOR('',#5787,1.);
#5787 = DIRECTION('',(2.254526039504E-97,1.));
#5788 = ( GEOMETRIC_REPRESENTATION_CONTEXT(2) 
PARAMETRIC_REPRESENTATION_CONTEXT() REPRESENTATION_CONTEXT('2D SPACE',''
  ) );
#5789 = ORIENTED_EDGE('',*,*,#588,.F.);
#5790 = ORIENTED_EDGE('',*,*,#5742,.F.);
#5791 = ADVANCED_FACE('',(#5792),#576,.F.);
#5792 = FACE_BOUND('',#5793,.F.);
#5793 = EDGE_LOOP('',(#5794,#5795,#5796,#5797));
#5794 = ORIENTED_EDGE('',*,*,#560,.F.);
#5795 = ORIENTED_EDGE('',*,*,#5769,.F.);
#5796 = ORIENTED_EDGE('',*,*,#1453,.T.);
#5797 = ORIENTED_EDGE('',*,*,#5798,.T.);
#5798 = EDGE_CURVE('',#1431,#533,#5799,.T.);
#5799 = SURFACE_CURVE('',#5800,(#5804,#5811),.PCURVE_S1.);
#5800 = LINE('',#5801,#5802);
#5801 = CARTESIAN_POINT('',(-20.65,-3.,38.6));
#5802 = VECTOR('',#5803,1.);
#5803 = DIRECTION('',(-2.254526039504E-97,1.,-2.22044604925E-16));
#5804 = PCURVE('',#576,#5805);
#5805 = DEFINITIONAL_REPRESENTATION('',(#5806),#5810);
#5806 = LINE('',#5807,#5808);
#5807 = CARTESIAN_POINT('',(48.2,-3.));
#5808 = VECTOR('',#5809,1.);
#5809 = DIRECTION('',(2.254526039504E-97,1.));
#5810 = ( GEOMETRIC_REPRESENTATION_CONTEXT(2) 
PARAMETRIC_REPRESENTATION_CONTEXT() REPRESENTATION_CONTEXT('2D SPACE',''
  ) );
#5811 = PCURVE('',#548,#5812);
#5812 = DEFINITIONAL_REPRESENTATION('',(#5813),#5817);
#5813 = LINE('',#5814,#5815);
#5814 = CARTESIAN_POINT('',(3.,-2.22044604925E-16));
#5815 = VECTOR('',#5816,1.);
#5816 = DIRECTION('',(0.,-1.));
#5817 = ( GEOMETRIC_REPRESENTATION_CONTEXT(2) 
PARAMETRIC_REPRESENTATION_CONTEXT() REPRESENTATION_CONTEXT('2D SPACE',''
  ) );
#5818 = ADVANCED_FACE('',(#5819),#548,.F.);
#5819 = FACE_BOUND('',#5820,.F.);
#5820 = EDGE_LOOP('',(#5821,#5822,#5843,#5844));
#5821 = ORIENTED_EDGE('',*,*,#1430,.F.);
#5822 = ORIENTED_EDGE('',*,*,#5823,.T.);
#5823 = EDGE_CURVE('',#1408,#505,#5824,.T.);
#5824 = SURFACE_CURVE('',#5825,(#5829,#5836),.PCURVE_S1.);
#5825 = LINE('',#5826,#5827);
#5826 = CARTESIAN_POINT('',(-20.65,-3.,35.6));
#5827 = VECTOR('',#5828,1.);
#5828 = DIRECTION('',(-2.254526039504E-97,1.,-2.22044604925E-16));
#5829 = PCURVE('',#548,#5830);
#5830 = DEFINITIONAL_REPRESENTATION('',(#5831),#5835);
#5831 = LINE('',#5832,#5833);
#5832 = CARTESIAN_POINT('',(0.,0.));
#5833 = VECTOR('',#5834,1.);
#5834 = DIRECTION('',(0.,-1.));
#5835 = ( GEOMETRIC_REPRESENTATION_CONTEXT(2) 
PARAMETRIC_REPRESENTATION_CONTEXT() REPRESENTATION_CONTEXT('2D SPACE',''
  ) );
#5836 = PCURVE('',#520,#5837);
#5837 = DEFINITIONAL_REPRESENTATION('',(#5838),#5842);
#5838 = LINE('',#5839,#5840);
#5839 = CARTESIAN_POINT('',(2.,4.509052079008E-97));
#5840 = VECTOR('',#5841,1.);
#5841 = DIRECTION('',(8.655917454174E-129,-1.));
#5842 = ( GEOMETRIC_REPRESENTATION_CONTEXT(2) 
PARAMETRIC_REPRESENTATION_CONTEXT() REPRESENTATION_CONTEXT('2D SPACE',''
  ) );
#5843 = ORIENTED_EDGE('',*,*,#532,.F.);
#5844 = ORIENTED_EDGE('',*,*,#5798,.F.);
#5845 = ADVANCED_FACE('',(#5846),#520,.F.);
#5846 = FACE_BOUND('',#5847,.F.);
#5847 = EDGE_LOOP('',(#5848,#5849,#5870,#5871));
#5848 = ORIENTED_EDGE('',*,*,#1407,.F.);
#5849 = ORIENTED_EDGE('',*,*,#5850,.T.);
#5850 = EDGE_CURVE('',#1385,#477,#5851,.T.);
#5851 = SURFACE_CURVE('',#5852,(#5856,#5863),.PCURVE_S1.);
#5852 = LINE('',#5853,#5854);
#5853 = CARTESIAN_POINT('',(-22.65,-3.,35.6));
#5854 = VECTOR('',#5855,1.);
#5855 = DIRECTION('',(-2.254526039504E-97,1.,-2.22044604925E-16));
#5856 = PCURVE('',#520,#5857);
#5857 = DEFINITIONAL_REPRESENTATION('',(#5858),#5862);
#5858 = LINE('',#5859,#5860);
#5859 = CARTESIAN_POINT('',(0.,0.));
#5860 = VECTOR('',#5861,1.);
#5861 = DIRECTION('',(8.655917454174E-129,-1.));
#5862 = ( GEOMETRIC_REPRESENTATION_CONTEXT(2) 
PARAMETRIC_REPRESENTATION_CONTEXT() REPRESENTATION_CONTEXT('2D SPACE',''
  ) );
#5863 = PCURVE('',#492,#5864);
#5864 = DEFINITIONAL_REPRESENTATION('',(#5865),#5869);
#5865 = LINE('',#5866,#5867);
#5866 = CARTESIAN_POINT('',(1.,2.22044604925E-16));
#5867 = VECTOR('',#5868,1.);
#5868 = DIRECTION('',(0.,-1.));
#5869 = ( GEOMETRIC_REPRESENTATION_CONTEXT(2) 
PARAMETRIC_REPRESENTATION_CONTEXT() REPRESENTATION_CONTEXT('2D SPACE',''
  ) );
#5870 = ORIENTED_EDGE('',*,*,#504,.F.);
#5871 = ORIENTED_EDGE('',*,*,#5823,.F.);
#5872 = ADVANCED_FACE('',(#5873),#492,.F.);
#5873 = FACE_BOUND('',#5874,.F.);
#5874 = EDGE_LOOP('',(#5875,#5876,#5897,#5898));
#5875 = ORIENTED_EDGE('',*,*,#1384,.F.);
#5876 = ORIENTED_EDGE('',*,*,#5877,.T.);
#5877 = EDGE_CURVE('',#1362,#449,#5878,.T.);
#5878 = SURFACE_CURVE('',#5879,(#5883,#5890),.PCURVE_S1.);
#5879 = LINE('',#5880,#5881);
#5880 = CARTESIAN_POINT('',(-22.65,-3.,36.6));
#5881 = VECTOR('',#5882,1.);
#5882 = DIRECTION('',(-2.254526039504E-97,1.,-2.22044604925E-16));
#5883 = PCURVE('',#492,#5884);
#5884 = DEFINITIONAL_REPRESENTATION('',(#5885),#5889);
#5885 = LINE('',#5886,#5887);
#5886 = CARTESIAN_POINT('',(0.,0.));
#5887 = VECTOR('',#5888,1.);
#5888 = DIRECTION('',(0.,-1.));
#5889 = ( GEOMETRIC_REPRESENTATION_CONTEXT(2) 
PARAMETRIC_REPRESENTATION_CONTEXT() REPRESENTATION_CONTEXT('2D SPACE',''
  ) );
#5890 = PCURVE('',#464,#5891);
#5891 = DEFINITIONAL_REPRESENTATION('',(#5892),#5896);
#5892 = LINE('',#5893,#5894);
#5893 = CARTESIAN_POINT('',(1.,-2.254526039504E-97));
#5894 = VECTOR('',#5895,1.);
#5895 = DIRECTION('',(-8.655917454174E-129,-1.));
#5896 = ( GEOMETRIC_REPRESENTATION_CONTEXT(2) 
PARAMETRIC_REPRESENTATION_CONTEXT() REPRESENTATION_CONTEXT('2D SPACE',''
  ) );
#5897 = ORIENTED_EDGE('',*,*,#476,.F.);
#5898 = ORIENTED_EDGE('',*,*,#5850,.F.);
#5899 = ADVANCED_FACE('',(#5900),#464,.F.);
#5900 = FACE_BOUND('',#5901,.F.);
#5901 = EDGE_LOOP('',(#5902,#5903,#5924,#5925));
#5902 = ORIENTED_EDGE('',*,*,#1361,.F.);
#5903 = ORIENTED_EDGE('',*,*,#5904,.T.);
#5904 = EDGE_CURVE('',#1339,#421,#5905,.T.);
#5905 = SURFACE_CURVE('',#5906,(#5910,#5917),.PCURVE_S1.);
#5906 = LINE('',#5907,#5908);
#5907 = CARTESIAN_POINT('',(-21.65,-3.,36.6));
#5908 = VECTOR('',#5909,1.);
#5909 = DIRECTION('',(-2.254526039504E-97,1.,-2.22044604925E-16));
#5910 = PCURVE('',#464,#5911);
#5911 = DEFINITIONAL_REPRESENTATION('',(#5912),#5916);
#5912 = LINE('',#5913,#5914);
#5913 = CARTESIAN_POINT('',(0.,0.));
#5914 = VECTOR('',#5915,1.);
#5915 = DIRECTION('',(-8.655917454174E-129,-1.));
#5916 = ( GEOMETRIC_REPRESENTATION_CONTEXT(2) 
PARAMETRIC_REPRESENTATION_CONTEXT() REPRESENTATION_CONTEXT('2D SPACE',''
  ) );
#5917 = PCURVE('',#436,#5918);
#5918 = DEFINITIONAL_REPRESENTATION('',(#5919),#5923);
#5919 = LINE('',#5920,#5921);
#5920 = CARTESIAN_POINT('',(2.,-9.860761315263E-32));
#5921 = VECTOR('',#5922,1.);
#5922 = DIRECTION('',(0.,-1.));
#5923 = ( GEOMETRIC_REPRESENTATION_CONTEXT(2) 
PARAMETRIC_REPRESENTATION_CONTEXT() REPRESENTATION_CONTEXT('2D SPACE',''
  ) );
#5924 = ORIENTED_EDGE('',*,*,#448,.F.);
#5925 = ORIENTED_EDGE('',*,*,#5877,.F.);
#5926 = ADVANCED_FACE('',(#5927),#436,.F.);
#5927 = FACE_BOUND('',#5928,.F.);
#5928 = EDGE_LOOP('',(#5929,#5930,#5931,#5932));
#5929 = ORIENTED_EDGE('',*,*,#1338,.F.);
#5930 = ORIENTED_EDGE('',*,*,#5067,.T.);
#5931 = ORIENTED_EDGE('',*,*,#420,.F.);
#5932 = ORIENTED_EDGE('',*,*,#5904,.F.);
#5933 = ADVANCED_FACE('',(#5934),#2227,.T.);
#5934 = FACE_BOUND('',#5935,.F.);
#5935 = EDGE_LOOP('',(#5936,#5959,#5987,#6008,#6009));
#5936 = ORIENTED_EDGE('',*,*,#5937,.T.);
#5937 = EDGE_CURVE('',#2186,#5938,#5940,.T.);
#5938 = VERTEX_POINT('',#5939);
#5939 = CARTESIAN_POINT('',(-23.05,-3.4,5.));
#5940 = SURFACE_CURVE('',#5941,(#5945,#5952),.PCURVE_S1.);
#5941 = LINE('',#5942,#5943);
#5942 = CARTESIAN_POINT('',(-23.05,-3.,5.));
#5943 = VECTOR('',#5944,1.);
#5944 = DIRECTION('',(-2.22044604925E-16,-1.,2.22044604925E-16));
#5945 = PCURVE('',#2227,#5946);
#5946 = DEFINITIONAL_REPRESENTATION('',(#5947),#5951);
#5947 = LINE('',#5948,#5949);
#5948 = CARTESIAN_POINT('',(-0.,0.));
#5949 = VECTOR('',#5950,1.);
#5950 = DIRECTION('',(4.930380657631E-32,-1.));
#5951 = ( GEOMETRIC_REPRESENTATION_CONTEXT(2) 
PARAMETRIC_REPRESENTATION_CONTEXT() REPRESENTATION_CONTEXT('2D SPACE',''
  ) );
#5952 = PCURVE('',#2201,#5953);
#5953 = DEFINITIONAL_REPRESENTATION('',(#5954),#5958);
#5954 = LINE('',#5955,#5956);
#5955 = CARTESIAN_POINT('',(-5.,2.22044604925E-16));
#5956 = VECTOR('',#5957,1.);
#5957 = DIRECTION('',(-0.,-1.));
#5958 = ( GEOMETRIC_REPRESENTATION_CONTEXT(2) 
PARAMETRIC_REPRESENTATION_CONTEXT() REPRESENTATION_CONTEXT('2D SPACE',''
  ) );
#5959 = ORIENTED_EDGE('',*,*,#5960,.T.);
#5960 = EDGE_CURVE('',#5938,#5961,#5963,.T.);
#5961 = VERTEX_POINT('',#5962);
#5962 = CARTESIAN_POINT('',(-23.05,-3.4,-2.5));
#5963 = SURFACE_CURVE('',#5964,(#5968,#5975),.PCURVE_S1.);
#5964 = LINE('',#5965,#5966);
#5965 = CARTESIAN_POINT('',(-23.05,-3.4,5.));
#5966 = VECTOR('',#5967,1.);
#5967 = DIRECTION('',(2.22044604925E-16,-2.22044604925E-16,-1.));
#5968 = PCURVE('',#2227,#5969);
#5969 = DEFINITIONAL_REPRESENTATION('',(#5970),#5974);
#5970 = LINE('',#5971,#5972);
#5971 = CARTESIAN_POINT('',(-8.881784197001E-17,-0.4));
#5972 = VECTOR('',#5973,1.);
#5973 = DIRECTION('',(-1.,0.));
#5974 = ( GEOMETRIC_REPRESENTATION_CONTEXT(2) 
PARAMETRIC_REPRESENTATION_CONTEXT() REPRESENTATION_CONTEXT('2D SPACE',''
  ) );
#5975 = PCURVE('',#5976,#5981);
#5976 = PLANE('',#5977);
#5977 = AXIS2_PLACEMENT_3D('',#5978,#5979,#5980);
#5978 = CARTESIAN_POINT('',(-20.55,-3.4,-0.386363636364));
#5979 = DIRECTION('',(2.22044604925E-16,1.,-1.876341667125E-16));
#5980 = DIRECTION('',(2.22044604925E-16,-1.876341667125E-16,-1.));
#5981 = DEFINITIONAL_REPRESENTATION('',(#5982),#5986);
#5982 = LINE('',#5983,#5984);
#5983 = CARTESIAN_POINT('',(-5.386363636364,2.5));
#5984 = VECTOR('',#5985,1.);
#5985 = DIRECTION('',(1.,7.640652158205E-33));
#5986 = ( GEOMETRIC_REPRESENTATION_CONTEXT(2) 
PARAMETRIC_REPRESENTATION_CONTEXT() REPRESENTATION_CONTEXT('2D SPACE',''
  ) );
#5987 = ORIENTED_EDGE('',*,*,#5988,.F.);
#5988 = EDGE_CURVE('',#4771,#5961,#5989,.T.);
#5989 = SURFACE_CURVE('',#5990,(#5994,#6001),.PCURVE_S1.);
#5990 = LINE('',#5991,#5992);
#5991 = CARTESIAN_POINT('',(-23.05,-3.,-2.5));
#5992 = VECTOR('',#5993,1.);
#5993 = DIRECTION('',(-2.22044604925E-16,-1.,2.22044604925E-16));
#5994 = PCURVE('',#2227,#5995);
#5995 = DEFINITIONAL_REPRESENTATION('',(#5996),#6000);
#5996 = LINE('',#5997,#5998);
#5997 = CARTESIAN_POINT('',(-7.5,-1.110223024625E-16));
#5998 = VECTOR('',#5999,1.);
#5999 = DIRECTION('',(4.930380657631E-32,-1.));
#6000 = ( GEOMETRIC_REPRESENTATION_CONTEXT(2) 
PARAMETRIC_REPRESENTATION_CONTEXT() REPRESENTATION_CONTEXT('2D SPACE',''
  ) );
#6001 = PCURVE('',#4809,#6002);
#6002 = DEFINITIONAL_REPRESENTATION('',(#6003),#6007);
#6003 = LINE('',#6004,#6005);
#6004 = CARTESIAN_POINT('',(-0.,0.));
#6005 = VECTOR('',#6006,1.);
#6006 = DIRECTION('',(-0.,-1.));
#6007 = ( GEOMETRIC_REPRESENTATION_CONTEXT(2) 
PARAMETRIC_REPRESENTATION_CONTEXT() REPRESENTATION_CONTEXT('2D SPACE',''
  ) );
#6008 = ORIENTED_EDGE('',*,*,#4770,.F.);
#6009 = ORIENTED_EDGE('',*,*,#2213,.F.);
#6010 = ADVANCED_FACE('',(#6011),#2201,.T.);
#6011 = FACE_BOUND('',#6012,.F.);
#6012 = EDGE_LOOP('',(#6013,#6036,#6057,#6058));
#6013 = ORIENTED_EDGE('',*,*,#6014,.T.);
#6014 = EDGE_CURVE('',#2158,#6015,#6017,.T.);
#6015 = VERTEX_POINT('',#6016);
#6016 = CARTESIAN_POINT('',(-18.05,-3.4,5.));
#6017 = SURFACE_CURVE('',#6018,(#6022,#6029),.PCURVE_S1.);
#6018 = LINE('',#6019,#6020);
#6019 = CARTESIAN_POINT('',(-18.05,-3.,5.));
#6020 = VECTOR('',#6021,1.);
#6021 = DIRECTION('',(-2.22044604925E-16,-1.,2.22044604925E-16));
#6022 = PCURVE('',#2201,#6023);
#6023 = DEFINITIONAL_REPRESENTATION('',(#6024),#6028);
#6024 = LINE('',#6025,#6026);
#6025 = CARTESIAN_POINT('',(-0.,0.));
#6026 = VECTOR('',#6027,1.);
#6027 = DIRECTION('',(-0.,-1.));
#6028 = ( GEOMETRIC_REPRESENTATION_CONTEXT(2) 
PARAMETRIC_REPRESENTATION_CONTEXT() REPRESENTATION_CONTEXT('2D SPACE',''
  ) );
#6029 = PCURVE('',#2173,#6030);
#6030 = DEFINITIONAL_REPRESENTATION('',(#6031),#6035);
#6031 = LINE('',#6032,#6033);
#6032 = CARTESIAN_POINT('',(-7.5,1.110223024625E-16));
#6033 = VECTOR('',#6034,1.);
#6034 = DIRECTION('',(-4.930380657631E-32,-1.));
#6035 = ( GEOMETRIC_REPRESENTATION_CONTEXT(2) 
PARAMETRIC_REPRESENTATION_CONTEXT() REPRESENTATION_CONTEXT('2D SPACE',''
  ) );
#6036 = ORIENTED_EDGE('',*,*,#6037,.T.);
#6037 = EDGE_CURVE('',#6015,#5938,#6038,.T.);
#6038 = SURFACE_CURVE('',#6039,(#6043,#6050),.PCURVE_S1.);
#6039 = LINE('',#6040,#6041);
#6040 = CARTESIAN_POINT('',(-18.05,-3.4,5.));
#6041 = VECTOR('',#6042,1.);
#6042 = DIRECTION('',(-1.,2.22044604925E-16,-2.22044604925E-16));
#6043 = PCURVE('',#2201,#6044);
#6044 = DEFINITIONAL_REPRESENTATION('',(#6045),#6049);
#6045 = LINE('',#6046,#6047);
#6046 = CARTESIAN_POINT('',(-3.46389583683E-15,-0.4));
#6047 = VECTOR('',#6048,1.);
#6048 = DIRECTION('',(-1.,1.094764425254E-47));
#6049 = ( GEOMETRIC_REPRESENTATION_CONTEXT(2) 
PARAMETRIC_REPRESENTATION_CONTEXT() REPRESENTATION_CONTEXT('2D SPACE',''
  ) );
#6050 = PCURVE('',#5976,#6051);
#6051 = DEFINITIONAL_REPRESENTATION('',(#6052),#6056);
#6052 = LINE('',#6053,#6054);
#6053 = CARTESIAN_POINT('',(-5.386363636364,-2.5));
#6054 = VECTOR('',#6055,1.);
#6055 = DIRECTION('',(7.640652158205E-33,1.));
#6056 = ( GEOMETRIC_REPRESENTATION_CONTEXT(2) 
PARAMETRIC_REPRESENTATION_CONTEXT() REPRESENTATION_CONTEXT('2D SPACE',''
  ) );
#6057 = ORIENTED_EDGE('',*,*,#5937,.F.);
#6058 = ORIENTED_EDGE('',*,*,#2185,.F.);
#6059 = ADVANCED_FACE('',(#6060),#2173,.T.);
#6060 = FACE_BOUND('',#6061,.F.);
#6061 = EDGE_LOOP('',(#6062,#6085,#6106,#6107,#6108));
#6062 = ORIENTED_EDGE('',*,*,#6063,.T.);
#6063 = EDGE_CURVE('',#4721,#6064,#6066,.T.);
#6064 = VERTEX_POINT('',#6065);
#6065 = CARTESIAN_POINT('',(-18.05,-3.4,-2.5));
#6066 = SURFACE_CURVE('',#6067,(#6071,#6078),.PCURVE_S1.);
#6067 = LINE('',#6068,#6069);
#6068 = CARTESIAN_POINT('',(-18.05,-3.,-2.5));
#6069 = VECTOR('',#6070,1.);
#6070 = DIRECTION('',(-2.22044604925E-16,-1.,2.22044604925E-16));
#6071 = PCURVE('',#2173,#6072);
#6072 = DEFINITIONAL_REPRESENTATION('',(#6073),#6077);
#6073 = LINE('',#6074,#6075);
#6074 = CARTESIAN_POINT('',(-0.,0.));
#6075 = VECTOR('',#6076,1.);
#6076 = DIRECTION('',(-4.930380657631E-32,-1.));
#6077 = ( GEOMETRIC_REPRESENTATION_CONTEXT(2) 
PARAMETRIC_REPRESENTATION_CONTEXT() REPRESENTATION_CONTEXT('2D SPACE',''
  ) );
#6078 = PCURVE('',#4736,#6079);
#6079 = DEFINITIONAL_REPRESENTATION('',(#6080),#6084);
#6080 = LINE('',#6081,#6082);
#6081 = CARTESIAN_POINT('',(-1.5,3.330669073875E-16));
#6082 = VECTOR('',#6083,1.);
#6083 = DIRECTION('',(-1.643460219211E-32,-1.));
#6084 = ( GEOMETRIC_REPRESENTATION_CONTEXT(2) 
PARAMETRIC_REPRESENTATION_CONTEXT() REPRESENTATION_CONTEXT('2D SPACE',''
  ) );
#6085 = ORIENTED_EDGE('',*,*,#6086,.T.);
#6086 = EDGE_CURVE('',#6064,#6015,#6087,.T.);
#6087 = SURFACE_CURVE('',#6088,(#6092,#6099),.PCURVE_S1.);
#6088 = LINE('',#6089,#6090);
#6089 = CARTESIAN_POINT('',(-18.05,-3.4,-2.5));
#6090 = VECTOR('',#6091,1.);
#6091 = DIRECTION('',(-2.22044604925E-16,2.22044604925E-16,1.));
#6092 = PCURVE('',#2173,#6093);
#6093 = DEFINITIONAL_REPRESENTATION('',(#6094),#6098);
#6094 = LINE('',#6095,#6096);
#6095 = CARTESIAN_POINT('',(8.881784197001E-17,-0.4));
#6096 = VECTOR('',#6097,1.);
#6097 = DIRECTION('',(-1.,0.));
#6098 = ( GEOMETRIC_REPRESENTATION_CONTEXT(2) 
PARAMETRIC_REPRESENTATION_CONTEXT() REPRESENTATION_CONTEXT('2D SPACE',''
  ) );
#6099 = PCURVE('',#5976,#6100);
#6100 = DEFINITIONAL_REPRESENTATION('',(#6101),#6105);
#6101 = LINE('',#6102,#6103);
#6102 = CARTESIAN_POINT('',(2.113636363636,-2.5));
#6103 = VECTOR('',#6104,1.);
#6104 = DIRECTION('',(-1.,-7.640652158205E-33));
#6105 = ( GEOMETRIC_REPRESENTATION_CONTEXT(2) 
PARAMETRIC_REPRESENTATION_CONTEXT() REPRESENTATION_CONTEXT('2D SPACE',''
  ) );
#6106 = ORIENTED_EDGE('',*,*,#6014,.F.);
#6107 = ORIENTED_EDGE('',*,*,#2157,.F.);
#6108 = ORIENTED_EDGE('',*,*,#4748,.F.);
#6109 = ADVANCED_FACE('',(#6110),#2144,.T.);
#6110 = FACE_BOUND('',#6111,.T.);
#6111 = EDGE_LOOP('',(#6112,#6135,#6163,#6184,#6185));
#6112 = ORIENTED_EDGE('',*,*,#6113,.T.);
#6113 = EDGE_CURVE('',#4909,#6114,#6116,.T.);
#6114 = VERTEX_POINT('',#6115);
#6115 = CARTESIAN_POINT('',(18.05,-3.4,-2.5));
#6116 = SURFACE_CURVE('',#6117,(#6121,#6128),.PCURVE_S1.);
#6117 = LINE('',#6118,#6119);
#6118 = CARTESIAN_POINT('',(18.05,-3.,-2.5));
#6119 = VECTOR('',#6120,1.);
#6120 = DIRECTION('',(2.254526039504E-97,-1.,2.22044604925E-16));
#6121 = PCURVE('',#2144,#6122);
#6122 = DEFINITIONAL_REPRESENTATION('',(#6123),#6127);
#6123 = LINE('',#6124,#6125);
#6124 = CARTESIAN_POINT('',(0.,0.));
#6125 = VECTOR('',#6126,1.);
#6126 = DIRECTION('',(0.,-1.));
#6127 = ( GEOMETRIC_REPRESENTATION_CONTEXT(2) 
PARAMETRIC_REPRESENTATION_CONTEXT() REPRESENTATION_CONTEXT('2D SPACE',''
  ) );
#6128 = PCURVE('',#4924,#6129);
#6129 = DEFINITIONAL_REPRESENTATION('',(#6130),#6134);
#6130 = LINE('',#6131,#6132);
#6131 = CARTESIAN_POINT('',(1.5,4.4408920985E-16));
#6132 = VECTOR('',#6133,1.);
#6133 = DIRECTION('',(0.,-1.));
#6134 = ( GEOMETRIC_REPRESENTATION_CONTEXT(2) 
PARAMETRIC_REPRESENTATION_CONTEXT() REPRESENTATION_CONTEXT('2D SPACE',''
  ) );
#6135 = ORIENTED_EDGE('',*,*,#6136,.T.);
#6136 = EDGE_CURVE('',#6114,#6137,#6139,.T.);
#6137 = VERTEX_POINT('',#6138);
#6138 = CARTESIAN_POINT('',(18.05,-3.4,5.));
#6139 = SURFACE_CURVE('',#6140,(#6144,#6151),.PCURVE_S1.);
#6140 = LINE('',#6141,#6142);
#6141 = CARTESIAN_POINT('',(18.05,-3.4,-2.5));
#6142 = VECTOR('',#6143,1.);
#6143 = DIRECTION('',(0.,2.22044604925E-16,1.));
#6144 = PCURVE('',#2144,#6145);
#6145 = DEFINITIONAL_REPRESENTATION('',(#6146),#6150);
#6146 = LINE('',#6147,#6148);
#6147 = CARTESIAN_POINT('',(-8.881784197001E-17,-0.4));
#6148 = VECTOR('',#6149,1.);
#6149 = DIRECTION('',(1.,0.));
#6150 = ( GEOMETRIC_REPRESENTATION_CONTEXT(2) 
PARAMETRIC_REPRESENTATION_CONTEXT() REPRESENTATION_CONTEXT('2D SPACE',''
  ) );
#6151 = PCURVE('',#6152,#6157);
#6152 = PLANE('',#6153);
#6153 = AXIS2_PLACEMENT_3D('',#6154,#6155,#6156);
#6154 = CARTESIAN_POINT('',(20.55,-3.4,-0.386363636364));
#6155 = DIRECTION('',(3.519731271844E-31,1.,-1.876341667125E-16));
#6156 = DIRECTION('',(0.,1.876341667125E-16,1.));
#6157 = DEFINITIONAL_REPRESENTATION('',(#6158),#6162);
#6158 = LINE('',#6159,#6160);
#6159 = CARTESIAN_POINT('',(-2.113636363636,-2.5));
#6160 = VECTOR('',#6161,1.);
#6161 = DIRECTION('',(1.,-1.211154954546E-47));
#6162 = ( GEOMETRIC_REPRESENTATION_CONTEXT(2) 
PARAMETRIC_REPRESENTATION_CONTEXT() REPRESENTATION_CONTEXT('2D SPACE',''
  ) );
#6163 = ORIENTED_EDGE('',*,*,#6164,.F.);
#6164 = EDGE_CURVE('',#2103,#6137,#6165,.T.);
#6165 = SURFACE_CURVE('',#6166,(#6170,#6177),.PCURVE_S1.);
#6166 = LINE('',#6167,#6168);
#6167 = CARTESIAN_POINT('',(18.05,-3.,5.));
#6168 = VECTOR('',#6169,1.);
#6169 = DIRECTION('',(2.254526039504E-97,-1.,2.22044604925E-16));
#6170 = PCURVE('',#2144,#6171);
#6171 = DEFINITIONAL_REPRESENTATION('',(#6172),#6176);
#6172 = LINE('',#6173,#6174);
#6173 = CARTESIAN_POINT('',(7.5,-3.330669073875E-16));
#6174 = VECTOR('',#6175,1.);
#6175 = DIRECTION('',(0.,-1.));
#6176 = ( GEOMETRIC_REPRESENTATION_CONTEXT(2) 
PARAMETRIC_REPRESENTATION_CONTEXT() REPRESENTATION_CONTEXT('2D SPACE',''
  ) );
#6177 = PCURVE('',#2118,#6178);
#6178 = DEFINITIONAL_REPRESENTATION('',(#6179),#6183);
#6179 = LINE('',#6180,#6181);
#6180 = CARTESIAN_POINT('',(0.,0.));
#6181 = VECTOR('',#6182,1.);
#6182 = DIRECTION('',(-8.655917454174E-129,-1.));
#6183 = ( GEOMETRIC_REPRESENTATION_CONTEXT(2) 
PARAMETRIC_REPRESENTATION_CONTEXT() REPRESENTATION_CONTEXT('2D SPACE',''
  ) );
#6184 = ORIENTED_EDGE('',*,*,#2130,.F.);
#6185 = ORIENTED_EDGE('',*,*,#4936,.F.);
#6186 = ADVANCED_FACE('',(#6187),#2118,.T.);
#6187 = FACE_BOUND('',#6188,.T.);
#6188 = EDGE_LOOP('',(#6189,#6190,#6213,#6234));
#6189 = ORIENTED_EDGE('',*,*,#6164,.T.);
#6190 = ORIENTED_EDGE('',*,*,#6191,.T.);
#6191 = EDGE_CURVE('',#6137,#6192,#6194,.T.);
#6192 = VERTEX_POINT('',#6193);
#6193 = CARTESIAN_POINT('',(23.05,-3.4,5.));
#6194 = SURFACE_CURVE('',#6195,(#6199,#6206),.PCURVE_S1.);
#6195 = LINE('',#6196,#6197);
#6196 = CARTESIAN_POINT('',(18.05,-3.4,5.));
#6197 = VECTOR('',#6198,1.);
#6198 = DIRECTION('',(1.,2.254526039504E-97,-5.197704882822E-113));
#6199 = PCURVE('',#2118,#6200);
#6200 = DEFINITIONAL_REPRESENTATION('',(#6201),#6205);
#6201 = LINE('',#6202,#6203);
#6202 = CARTESIAN_POINT('',(-9.018104158015E-98,-0.4));
#6203 = VECTOR('',#6204,1.);
#6204 = DIRECTION('',(1.,2.598852441411E-113));
#6205 = ( GEOMETRIC_REPRESENTATION_CONTEXT(2) 
PARAMETRIC_REPRESENTATION_CONTEXT() REPRESENTATION_CONTEXT('2D SPACE',''
  ) );
#6206 = PCURVE('',#6152,#6207);
#6207 = DEFINITIONAL_REPRESENTATION('',(#6208),#6212);
#6208 = LINE('',#6209,#6210);
#6209 = CARTESIAN_POINT('',(5.386363636364,-2.5));
#6210 = VECTOR('',#6211,1.);
#6211 = DIRECTION('',(0.,1.));
#6212 = ( GEOMETRIC_REPRESENTATION_CONTEXT(2) 
PARAMETRIC_REPRESENTATION_CONTEXT() REPRESENTATION_CONTEXT('2D SPACE',''
  ) );
#6213 = ORIENTED_EDGE('',*,*,#6214,.F.);
#6214 = EDGE_CURVE('',#2075,#6192,#6215,.T.);
#6215 = SURFACE_CURVE('',#6216,(#6220,#6227),.PCURVE_S1.);
#6216 = LINE('',#6217,#6218);
#6217 = CARTESIAN_POINT('',(23.05,-3.,5.));
#6218 = VECTOR('',#6219,1.);
#6219 = DIRECTION('',(2.254526039504E-97,-1.,2.22044604925E-16));
#6220 = PCURVE('',#2118,#6221);
#6221 = DEFINITIONAL_REPRESENTATION('',(#6222),#6226);
#6222 = LINE('',#6223,#6224);
#6223 = CARTESIAN_POINT('',(5.,-1.127263019752E-96));
#6224 = VECTOR('',#6225,1.);
#6225 = DIRECTION('',(-8.655917454174E-129,-1.));
#6226 = ( GEOMETRIC_REPRESENTATION_CONTEXT(2) 
PARAMETRIC_REPRESENTATION_CONTEXT() REPRESENTATION_CONTEXT('2D SPACE',''
  ) );
#6227 = PCURVE('',#2090,#6228);
#6228 = DEFINITIONAL_REPRESENTATION('',(#6229),#6233);
#6229 = LINE('',#6230,#6231);
#6230 = CARTESIAN_POINT('',(0.,0.));
#6231 = VECTOR('',#6232,1.);
#6232 = DIRECTION('',(0.,-1.));
#6233 = ( GEOMETRIC_REPRESENTATION_CONTEXT(2) 
PARAMETRIC_REPRESENTATION_CONTEXT() REPRESENTATION_CONTEXT('2D SPACE',''
  ) );
#6234 = ORIENTED_EDGE('',*,*,#2102,.F.);
#6235 = ADVANCED_FACE('',(#6236),#2090,.T.);
#6236 = FACE_BOUND('',#6237,.T.);
#6237 = EDGE_LOOP('',(#6238,#6239,#6262,#6283,#6284));
#6238 = ORIENTED_EDGE('',*,*,#6214,.T.);
#6239 = ORIENTED_EDGE('',*,*,#6240,.T.);
#6240 = EDGE_CURVE('',#6192,#6241,#6243,.T.);
#6241 = VERTEX_POINT('',#6242);
#6242 = CARTESIAN_POINT('',(23.05,-3.4,-2.5));
#6243 = SURFACE_CURVE('',#6244,(#6248,#6255),.PCURVE_S1.);
#6244 = LINE('',#6245,#6246);
#6245 = CARTESIAN_POINT('',(23.05,-3.4,5.));
#6246 = VECTOR('',#6247,1.);
#6247 = DIRECTION('',(0.,-2.22044604925E-16,-1.));
#6248 = PCURVE('',#2090,#6249);
#6249 = DEFINITIONAL_REPRESENTATION('',(#6250),#6254);
#6250 = LINE('',#6251,#6252);
#6251 = CARTESIAN_POINT('',(9.769962616701E-16,-0.4));
#6252 = VECTOR('',#6253,1.);
#6253 = DIRECTION('',(1.,0.));
#6254 = ( GEOMETRIC_REPRESENTATION_CONTEXT(2) 
PARAMETRIC_REPRESENTATION_CONTEXT() REPRESENTATION_CONTEXT('2D SPACE',''
  ) );
#6255 = PCURVE('',#6152,#6256);
#6256 = DEFINITIONAL_REPRESENTATION('',(#6257),#6261);
#6257 = LINE('',#6258,#6259);
#6258 = CARTESIAN_POINT('',(5.386363636364,2.5));
#6259 = VECTOR('',#6260,1.);
#6260 = DIRECTION('',(-1.,1.211154954546E-47));
#6261 = ( GEOMETRIC_REPRESENTATION_CONTEXT(2) 
PARAMETRIC_REPRESENTATION_CONTEXT() REPRESENTATION_CONTEXT('2D SPACE',''
  ) );
#6262 = ORIENTED_EDGE('',*,*,#6263,.F.);
#6263 = EDGE_CURVE('',#4959,#6241,#6264,.T.);
#6264 = SURFACE_CURVE('',#6265,(#6269,#6276),.PCURVE_S1.);
#6265 = LINE('',#6266,#6267);
#6266 = CARTESIAN_POINT('',(23.05,-3.,-2.5));
#6267 = VECTOR('',#6268,1.);
#6268 = DIRECTION('',(2.254526039504E-97,-1.,2.22044604925E-16));
#6269 = PCURVE('',#2090,#6270);
#6270 = DEFINITIONAL_REPRESENTATION('',(#6271),#6275);
#6271 = LINE('',#6272,#6273);
#6272 = CARTESIAN_POINT('',(7.5,3.330669073875E-16));
#6273 = VECTOR('',#6274,1.);
#6274 = DIRECTION('',(0.,-1.));
#6275 = ( GEOMETRIC_REPRESENTATION_CONTEXT(2) 
PARAMETRIC_REPRESENTATION_CONTEXT() REPRESENTATION_CONTEXT('2D SPACE',''
  ) );
#6276 = PCURVE('',#4997,#6277);
#6277 = DEFINITIONAL_REPRESENTATION('',(#6278),#6282);
#6278 = LINE('',#6279,#6280);
#6279 = CARTESIAN_POINT('',(0.,0.));
#6280 = VECTOR('',#6281,1.);
#6281 = DIRECTION('',(8.655917454174E-129,-1.));
#6282 = ( GEOMETRIC_REPRESENTATION_CONTEXT(2) 
PARAMETRIC_REPRESENTATION_CONTEXT() REPRESENTATION_CONTEXT('2D SPACE',''
  ) );
#6283 = ORIENTED_EDGE('',*,*,#4958,.F.);
#6284 = ORIENTED_EDGE('',*,*,#2074,.F.);
#6285 = ADVANCED_FACE('',(#6286),#2262,.T.);
#6286 = FACE_BOUND('',#6287,.F.);
#6287 = EDGE_LOOP('',(#6288,#6309,#6339,#6340));
#6288 = ORIENTED_EDGE('',*,*,#6289,.T.);
#6289 = EDGE_CURVE('',#2242,#6290,#6292,.T.);
#6290 = VERTEX_POINT('',#6291);
#6291 = CARTESIAN_POINT('',(-24.,-17.5,7.));
#6292 = SEAM_CURVE('',#6293,(#6297,#6303),.PCURVE_S1.);
#6293 = LINE('',#6294,#6295);
#6294 = CARTESIAN_POINT('',(-24.,-3.,7.));
#6295 = VECTOR('',#6296,1.);
#6296 = DIRECTION('',(2.254526039504E-97,-1.,2.22044604925E-16));
#6297 = PCURVE('',#2262,#6298);
#6298 = DEFINITIONAL_REPRESENTATION('',(#6299),#6302);
#6299 = B_SPLINE_CURVE_WITH_KNOTS('',1,(#6300,#6301),.UNSPECIFIED.,.F.,
  .F.,(2,2),(0.,14.5),.PIECEWISE_BEZIER_KNOTS.);
#6300 = CARTESIAN_POINT('',(0.,0.));
#6301 = CARTESIAN_POINT('',(0.,-14.5));
#6302 = ( GEOMETRIC_REPRESENTATION_CONTEXT(2) 
PARAMETRIC_REPRESENTATION_CONTEXT() REPRESENTATION_CONTEXT('2D SPACE',''
  ) );
#6303 = PCURVE('',#2262,#6304);
#6304 = DEFINITIONAL_REPRESENTATION('',(#6305),#6308);
#6305 = B_SPLINE_CURVE_WITH_KNOTS('',1,(#6306,#6307),.UNSPECIFIED.,.F.,
  .F.,(2,2),(0.,14.5),.PIECEWISE_BEZIER_KNOTS.);
#6306 = CARTESIAN_POINT('',(-6.28318530718,0.));
#6307 = CARTESIAN_POINT('',(-6.28318530718,-14.5));
#6308 = ( GEOMETRIC_REPRESENTATION_CONTEXT(2) 
PARAMETRIC_REPRESENTATION_CONTEXT() REPRESENTATION_CONTEXT('2D SPACE',''
  ) );
#6309 = ORIENTED_EDGE('',*,*,#6310,.T.);
#6310 = EDGE_CURVE('',#6290,#6290,#6311,.T.);
#6311 = SURFACE_CURVE('',#6312,(#6317,#6323),.PCURVE_S1.);
#6312 = CIRCLE('',#6313,1.);
#6313 = AXIS2_PLACEMENT_3D('',#6314,#6315,#6316);
#6314 = CARTESIAN_POINT('',(-25.,-17.5,7.));
#6315 = DIRECTION('',(2.254526039504E-97,-1.,2.22044604925E-16));
#6316 = DIRECTION('',(1.,2.254526039504E-97,-5.197704882822E-113));
#6317 = PCURVE('',#2262,#6318);
#6318 = DEFINITIONAL_REPRESENTATION('',(#6319),#6322);
#6319 = B_SPLINE_CURVE_WITH_KNOTS('',1,(#6320,#6321),.UNSPECIFIED.,.F.,
  .F.,(2,2),(0.,6.28318530718),.PIECEWISE_BEZIER_KNOTS.);
#6320 = CARTESIAN_POINT('',(0.,-14.5));
#6321 = CARTESIAN_POINT('',(-6.28318530718,-14.5));
#6322 = ( GEOMETRIC_REPRESENTATION_CONTEXT(2) 
PARAMETRIC_REPRESENTATION_CONTEXT() REPRESENTATION_CONTEXT('2D SPACE',''
  ) );
#6323 = PCURVE('',#6324,#6329);
#6324 = PLANE('',#6325);
#6325 = AXIS2_PLACEMENT_3D('',#6326,#6327,#6328);
#6326 = CARTESIAN_POINT('',(-25.,-17.5,7.));
#6327 = DIRECTION('',(0.,1.,-9.860761315263E-32));
#6328 = DIRECTION('',(0.,9.860761315263E-32,1.));
#6329 = DEFINITIONAL_REPRESENTATION('',(#6330),#6338);
#6330 = ( BOUNDED_CURVE() B_SPLINE_CURVE(2,(#6331,#6332,#6333,#6334,
#6335,#6336,#6337),.UNSPECIFIED.,.T.,.F.) B_SPLINE_CURVE_WITH_KNOTS((1,2
    ,2,2,2,1),(-2.094395102393,0.,2.094395102393,4.188790204786,
6.28318530718,8.377580409573),.UNSPECIFIED.) CURVE() 
GEOMETRIC_REPRESENTATION_ITEM() RATIONAL_B_SPLINE_CURVE((1.,0.5,1.,0.5,
1.,0.5,1.)) REPRESENTATION_ITEM('') );
#6331 = CARTESIAN_POINT('',(1.7763568394E-15,1.));
#6332 = CARTESIAN_POINT('',(1.732050807569,1.));
#6333 = CARTESIAN_POINT('',(0.866025403784,-0.5));
#6334 = CARTESIAN_POINT('',(2.02128619923E-15,-2.));
#6335 = CARTESIAN_POINT('',(-0.866025403784,-0.5));
#6336 = CARTESIAN_POINT('',(-1.732050807569,1.));
#6337 = CARTESIAN_POINT('',(1.7763568394E-15,1.));
#6338 = ( GEOMETRIC_REPRESENTATION_CONTEXT(2) 
PARAMETRIC_REPRESENTATION_CONTEXT() REPRESENTATION_CONTEXT('2D SPACE',''
  ) );
#6339 = ORIENTED_EDGE('',*,*,#6289,.F.);
#6340 = ORIENTED_EDGE('',*,*,#2241,.F.);
#6341 = ADVANCED_FACE('',(#6342),#2296,.T.);
#6342 = FACE_BOUND('',#6343,.F.);
#6343 = EDGE_LOOP('',(#6344,#6365,#6395,#6396));
#6344 = ORIENTED_EDGE('',*,*,#6345,.T.);
#6345 = EDGE_CURVE('',#2276,#6346,#6348,.T.);
#6346 = VERTEX_POINT('',#6347);
#6347 = CARTESIAN_POINT('',(-19.45454545454,-17.5,7.));
#6348 = SEAM_CURVE('',#6349,(#6353,#6359),.PCURVE_S1.);
#6349 = LINE('',#6350,#6351);
#6350 = CARTESIAN_POINT('',(-19.45454545454,-3.,7.));
#6351 = VECTOR('',#6352,1.);
#6352 = DIRECTION('',(2.254526039504E-97,-1.,2.22044604925E-16));
#6353 = PCURVE('',#2296,#6354);
#6354 = DEFINITIONAL_REPRESENTATION('',(#6355),#6358);
#6355 = B_SPLINE_CURVE_WITH_KNOTS('',1,(#6356,#6357),.UNSPECIFIED.,.F.,
  .F.,(2,2),(0.,14.5),.PIECEWISE_BEZIER_KNOTS.);
#6356 = CARTESIAN_POINT('',(0.,0.));
#6357 = CARTESIAN_POINT('',(0.,-14.5));
#6358 = ( GEOMETRIC_REPRESENTATION_CONTEXT(2) 
PARAMETRIC_REPRESENTATION_CONTEXT() REPRESENTATION_CONTEXT('2D SPACE',''
  ) );
#6359 = PCURVE('',#2296,#6360);
#6360 = DEFINITIONAL_REPRESENTATION('',(#6361),#6364);
#6361 = B_SPLINE_CURVE_WITH_KNOTS('',1,(#6362,#6363),.UNSPECIFIED.,.F.,
  .F.,(2,2),(0.,14.5),.PIECEWISE_BEZIER_KNOTS.);
#6362 = CARTESIAN_POINT('',(-6.28318530718,0.));
#6363 = CARTESIAN_POINT('',(-6.28318530718,-14.5));
#6364 = ( GEOMETRIC_REPRESENTATION_CONTEXT(2) 
PARAMETRIC_REPRESENTATION_CONTEXT() REPRESENTATION_CONTEXT('2D SPACE',''
  ) );
#6365 = ORIENTED_EDGE('',*,*,#6366,.T.);
#6366 = EDGE_CURVE('',#6346,#6346,#6367,.T.);
#6367 = SURFACE_CURVE('',#6368,(#6373,#6379),.PCURVE_S1.);
#6368 = CIRCLE('',#6369,1.);
#6369 = AXIS2_PLACEMENT_3D('',#6370,#6371,#6372);
#6370 = CARTESIAN_POINT('',(-20.45454545454,-17.5,7.));
#6371 = DIRECTION('',(2.254526039504E-97,-1.,2.22044604925E-16));
#6372 = DIRECTION('',(1.,2.254526039504E-97,-5.197704882822E-113));
#6373 = PCURVE('',#2296,#6374);
#6374 = DEFINITIONAL_REPRESENTATION('',(#6375),#6378);
#6375 = B_SPLINE_CURVE_WITH_KNOTS('',1,(#6376,#6377),.UNSPECIFIED.,.F.,
  .F.,(2,2),(0.,6.28318530718),.PIECEWISE_BEZIER_KNOTS.);
#6376 = CARTESIAN_POINT('',(0.,-14.5));
#6377 = CARTESIAN_POINT('',(-6.28318530718,-14.5));
#6378 = ( GEOMETRIC_REPRESENTATION_CONTEXT(2) 
PARAMETRIC_REPRESENTATION_CONTEXT() REPRESENTATION_CONTEXT('2D SPACE',''
  ) );
#6379 = PCURVE('',#6380,#6385);
#6380 = PLANE('',#6381);
#6381 = AXIS2_PLACEMENT_3D('',#6382,#6383,#6384);
#6382 = CARTESIAN_POINT('',(-20.45454545454,-17.5,7.));
#6383 = DIRECTION('',(0.,1.,-4.930380657631E-32));
#6384 = DIRECTION('',(0.,4.930380657631E-32,1.));
#6385 = DEFINITIONAL_REPRESENTATION('',(#6386),#6394);
#6386 = ( BOUNDED_CURVE() B_SPLINE_CURVE(2,(#6387,#6388,#6389,#6390,
#6391,#6392,#6393),.UNSPECIFIED.,.T.,.F.) B_SPLINE_CURVE_WITH_KNOTS((1,2
    ,2,2,2,1),(-2.094395102393,0.,2.094395102393,4.188790204786,
6.28318530718,8.377580409573),.UNSPECIFIED.) CURVE() 
GEOMETRIC_REPRESENTATION_ITEM() RATIONAL_B_SPLINE_CURVE((1.,0.5,1.,0.5,
1.,0.5,1.)) REPRESENTATION_ITEM('') );
#6387 = CARTESIAN_POINT('',(1.7763568394E-15,1.));
#6388 = CARTESIAN_POINT('',(1.732050807569,1.));
#6389 = CARTESIAN_POINT('',(0.866025403784,-0.5));
#6390 = CARTESIAN_POINT('',(2.02128619923E-15,-2.));
#6391 = CARTESIAN_POINT('',(-0.866025403784,-0.5));
#6392 = CARTESIAN_POINT('',(-1.732050807569,1.));
#6393 = CARTESIAN_POINT('',(1.7763568394E-15,1.));
#6394 = ( GEOMETRIC_REPRESENTATION_CONTEXT(2) 
PARAMETRIC_REPRESENTATION_CONTEXT() REPRESENTATION_CONTEXT('2D SPACE',''
  ) );
#6395 = ORIENTED_EDGE('',*,*,#6345,.F.);
#6396 = ORIENTED_EDGE('',*,*,#2275,.F.);
#6397 = ADVANCED_FACE('',(#6398),#2330,.T.);
#6398 = FACE_BOUND('',#6399,.F.);
#6399 = EDGE_LOOP('',(#6400,#6421,#6451,#6452));
#6400 = ORIENTED_EDGE('',*,*,#6401,.T.);
#6401 = EDGE_CURVE('',#2310,#6402,#6404,.T.);
#6402 = VERTEX_POINT('',#6403);
#6403 = CARTESIAN_POINT('',(-24.,-17.5,12.));
#6404 = SEAM_CURVE('',#6405,(#6409,#6415),.PCURVE_S1.);
#6405 = LINE('',#6406,#6407);
#6406 = CARTESIAN_POINT('',(-24.,-3.,12.));
#6407 = VECTOR('',#6408,1.);
#6408 = DIRECTION('',(2.254526039504E-97,-1.,2.22044604925E-16));
#6409 = PCURVE('',#2330,#6410);
#6410 = DEFINITIONAL_REPRESENTATION('',(#6411),#6414);
#6411 = B_SPLINE_CURVE_WITH_KNOTS('',1,(#6412,#6413),.UNSPECIFIED.,.F.,
  .F.,(2,2),(0.,14.5),.PIECEWISE_BEZIER_KNOTS.);
#6412 = CARTESIAN_POINT('',(0.,0.));
#6413 = CARTESIAN_POINT('',(0.,-14.5));
#6414 = ( GEOMETRIC_REPRESENTATION_CONTEXT(2) 
PARAMETRIC_REPRESENTATION_CONTEXT() REPRESENTATION_CONTEXT('2D SPACE',''
  ) );
#6415 = PCURVE('',#2330,#6416);
#6416 = DEFINITIONAL_REPRESENTATION('',(#6417),#6420);
#6417 = B_SPLINE_CURVE_WITH_KNOTS('',1,(#6418,#6419),.UNSPECIFIED.,.F.,
  .F.,(2,2),(0.,14.5),.PIECEWISE_BEZIER_KNOTS.);
#6418 = CARTESIAN_POINT('',(-6.28318530718,0.));
#6419 = CARTESIAN_POINT('',(-6.28318530718,-14.5));
#6420 = ( GEOMETRIC_REPRESENTATION_CONTEXT(2) 
PARAMETRIC_REPRESENTATION_CONTEXT() REPRESENTATION_CONTEXT('2D SPACE',''
  ) );
#6421 = ORIENTED_EDGE('',*,*,#6422,.T.);
#6422 = EDGE_CURVE('',#6402,#6402,#6423,.T.);
#6423 = SURFACE_CURVE('',#6424,(#6429,#6435),.PCURVE_S1.);
#6424 = CIRCLE('',#6425,1.);
#6425 = AXIS2_PLACEMENT_3D('',#6426,#6427,#6428);
#6426 = CARTESIAN_POINT('',(-25.,-17.5,12.));
#6427 = DIRECTION('',(2.254526039504E-97,-1.,2.22044604925E-16));
#6428 = DIRECTION('',(1.,2.254526039504E-97,-5.197704882822E-113));
#6429 = PCURVE('',#2330,#6430);
#6430 = DEFINITIONAL_REPRESENTATION('',(#6431),#6434);
#6431 = B_SPLINE_CURVE_WITH_KNOTS('',1,(#6432,#6433),.UNSPECIFIED.,.F.,
  .F.,(2,2),(0.,6.28318530718),.PIECEWISE_BEZIER_KNOTS.);
#6432 = CARTESIAN_POINT('',(0.,-14.5));
#6433 = CARTESIAN_POINT('',(-6.28318530718,-14.5));
#6434 = ( GEOMETRIC_REPRESENTATION_CONTEXT(2) 
PARAMETRIC_REPRESENTATION_CONTEXT() REPRESENTATION_CONTEXT('2D SPACE',''
  ) );
#6435 = PCURVE('',#6436,#6441);
#6436 = PLANE('',#6437);
#6437 = AXIS2_PLACEMENT_3D('',#6438,#6439,#6440);
#6438 = CARTESIAN_POINT('',(-25.,-17.5,12.));
#6439 = DIRECTION('',(0.,1.,-4.930380657631E-32));
#6440 = DIRECTION('',(0.,4.930380657631E-32,1.));
#6441 = DEFINITIONAL_REPRESENTATION('',(#6442),#6450);
#6442 = ( BOUNDED_CURVE() B_SPLINE_CURVE(2,(#6443,#6444,#6445,#6446,
#6447,#6448,#6449),.UNSPECIFIED.,.T.,.F.) B_SPLINE_CURVE_WITH_KNOTS((1,2
    ,2,2,2,1),(-2.094395102393,0.,2.094395102393,4.188790204786,
6.28318530718,8.377580409573),.UNSPECIFIED.) CURVE() 
GEOMETRIC_REPRESENTATION_ITEM() RATIONAL_B_SPLINE_CURVE((1.,0.5,1.,0.5,
1.,0.5,1.)) REPRESENTATION_ITEM('') );
#6443 = CARTESIAN_POINT('',(-2.6645352591E-15,1.));
#6444 = CARTESIAN_POINT('',(1.732050807569,1.));
#6445 = CARTESIAN_POINT('',(0.866025403784,-0.5));
#6446 = CARTESIAN_POINT('',(-2.419605899271E-15,-2.));
#6447 = CARTESIAN_POINT('',(-0.866025403784,-0.5));
#6448 = CARTESIAN_POINT('',(-1.732050807569,1.));
#6449 = CARTESIAN_POINT('',(-2.6645352591E-15,1.));
#6450 = ( GEOMETRIC_REPRESENTATION_CONTEXT(2) 
PARAMETRIC_REPRESENTATION_CONTEXT() REPRESENTATION_CONTEXT('2D SPACE',''
  ) );
#6451 = ORIENTED_EDGE('',*,*,#6401,.F.);
#6452 = ORIENTED_EDGE('',*,*,#2309,.F.);
#6453 = ADVANCED_FACE('',(#6454),#2364,.T.);
#6454 = FACE_BOUND('',#6455,.F.);
#6455 = EDGE_LOOP('',(#6456,#6477,#6507,#6508));
#6456 = ORIENTED_EDGE('',*,*,#6457,.T.);
#6457 = EDGE_CURVE('',#2344,#6458,#6460,.T.);
#6458 = VERTEX_POINT('',#6459);
#6459 = CARTESIAN_POINT('',(-19.45454545454,-17.5,12.));
#6460 = SEAM_CURVE('',#6461,(#6465,#6471),.PCURVE_S1.);
#6461 = LINE('',#6462,#6463);
#6462 = CARTESIAN_POINT('',(-19.45454545454,-3.,12.));
#6463 = VECTOR('',#6464,1.);
#6464 = DIRECTION('',(2.254526039504E-97,-1.,2.22044604925E-16));
#6465 = PCURVE('',#2364,#6466);
#6466 = DEFINITIONAL_REPRESENTATION('',(#6467),#6470);
#6467 = B_SPLINE_CURVE_WITH_KNOTS('',1,(#6468,#6469),.UNSPECIFIED.,.F.,
  .F.,(2,2),(0.,14.5),.PIECEWISE_BEZIER_KNOTS.);
#6468 = CARTESIAN_POINT('',(0.,0.));
#6469 = CARTESIAN_POINT('',(0.,-14.5));
#6470 = ( GEOMETRIC_REPRESENTATION_CONTEXT(2) 
PARAMETRIC_REPRESENTATION_CONTEXT() REPRESENTATION_CONTEXT('2D SPACE',''
  ) );
#6471 = PCURVE('',#2364,#6472);
#6472 = DEFINITIONAL_REPRESENTATION('',(#6473),#6476);
#6473 = B_SPLINE_CURVE_WITH_KNOTS('',1,(#6474,#6475),.UNSPECIFIED.,.F.,
  .F.,(2,2),(0.,14.5),.PIECEWISE_BEZIER_KNOTS.);
#6474 = CARTESIAN_POINT('',(-6.28318530718,0.));
#6475 = CARTESIAN_POINT('',(-6.28318530718,-14.5));
#6476 = ( GEOMETRIC_REPRESENTATION_CONTEXT(2) 
PARAMETRIC_REPRESENTATION_CONTEXT() REPRESENTATION_CONTEXT('2D SPACE',''
  ) );
#6477 = ORIENTED_EDGE('',*,*,#6478,.T.);
#6478 = EDGE_CURVE('',#6458,#6458,#6479,.T.);
#6479 = SURFACE_CURVE('',#6480,(#6485,#6491),.PCURVE_S1.);
#6480 = CIRCLE('',#6481,1.);
#6481 = AXIS2_PLACEMENT_3D('',#6482,#6483,#6484);
#6482 = CARTESIAN_POINT('',(-20.45454545454,-17.5,12.));
#6483 = DIRECTION('',(2.254526039504E-97,-1.,2.22044604925E-16));
#6484 = DIRECTION('',(1.,2.254526039504E-97,-5.197704882822E-113));
#6485 = PCURVE('',#2364,#6486);
#6486 = DEFINITIONAL_REPRESENTATION('',(#6487),#6490);
#6487 = B_SPLINE_CURVE_WITH_KNOTS('',1,(#6488,#6489),.UNSPECIFIED.,.F.,
  .F.,(2,2),(0.,6.28318530718),.PIECEWISE_BEZIER_KNOTS.);
#6488 = CARTESIAN_POINT('',(0.,-14.5));
#6489 = CARTESIAN_POINT('',(-6.28318530718,-14.5));
#6490 = ( GEOMETRIC_REPRESENTATION_CONTEXT(2) 
PARAMETRIC_REPRESENTATION_CONTEXT() REPRESENTATION_CONTEXT('2D SPACE',''
  ) );
#6491 = PCURVE('',#6492,#6497);
#6492 = PLANE('',#6493);
#6493 = AXIS2_PLACEMENT_3D('',#6494,#6495,#6496);
#6494 = CARTESIAN_POINT('',(-20.45454545454,-17.5,12.));
#6495 = DIRECTION('',(0.,1.,-4.930380657631E-32));
#6496 = DIRECTION('',(0.,4.930380657631E-32,1.));
#6497 = DEFINITIONAL_REPRESENTATION('',(#6498),#6506);
#6498 = ( BOUNDED_CURVE() B_SPLINE_CURVE(2,(#6499,#6500,#6501,#6502,
#6503,#6504,#6505),.UNSPECIFIED.,.T.,.F.) B_SPLINE_CURVE_WITH_KNOTS((1,2
    ,2,2,2,1),(-2.094395102393,0.,2.094395102393,4.188790204786,
6.28318530718,8.377580409573),.UNSPECIFIED.) CURVE() 
GEOMETRIC_REPRESENTATION_ITEM() RATIONAL_B_SPLINE_CURVE((1.,0.5,1.,0.5,
1.,0.5,1.)) REPRESENTATION_ITEM('') );
#6499 = CARTESIAN_POINT('',(-2.6645352591E-15,1.));
#6500 = CARTESIAN_POINT('',(1.732050807569,1.));
#6501 = CARTESIAN_POINT('',(0.866025403784,-0.5));
#6502 = CARTESIAN_POINT('',(-2.419605899271E-15,-2.));
#6503 = CARTESIAN_POINT('',(-0.866025403784,-0.5));
#6504 = CARTESIAN_POINT('',(-1.732050807569,1.));
#6505 = CARTESIAN_POINT('',(-2.6645352591E-15,1.));
#6506 = ( GEOMETRIC_REPRESENTATION_CONTEXT(2) 
PARAMETRIC_REPRESENTATION_CONTEXT() REPRESENTATION_CONTEXT('2D SPACE',''
  ) );
#6507 = ORIENTED_EDGE('',*,*,#6457,.F.);
#6508 = ORIENTED_EDGE('',*,*,#2343,.F.);
#6509 = ADVANCED_FACE('',(#6510),#2398,.T.);
#6510 = FACE_BOUND('',#6511,.F.);
#6511 = EDGE_LOOP('',(#6512,#6533,#6563,#6564));
#6512 = ORIENTED_EDGE('',*,*,#6513,.T.);
#6513 = EDGE_CURVE('',#2378,#6514,#6516,.T.);
#6514 = VERTEX_POINT('',#6515);
#6515 = CARTESIAN_POINT('',(-14.90909090909,-17.5,7.));
#6516 = SEAM_CURVE('',#6517,(#6521,#6527),.PCURVE_S1.);
#6517 = LINE('',#6518,#6519);
#6518 = CARTESIAN_POINT('',(-14.90909090909,-3.,7.));
#6519 = VECTOR('',#6520,1.);
#6520 = DIRECTION('',(2.254526039504E-97,-1.,2.22044604925E-16));
#6521 = PCURVE('',#2398,#6522);
#6522 = DEFINITIONAL_REPRESENTATION('',(#6523),#6526);
#6523 = B_SPLINE_CURVE_WITH_KNOTS('',1,(#6524,#6525),.UNSPECIFIED.,.F.,
  .F.,(2,2),(0.,14.5),.PIECEWISE_BEZIER_KNOTS.);
#6524 = CARTESIAN_POINT('',(0.,0.));
#6525 = CARTESIAN_POINT('',(0.,-14.5));
#6526 = ( GEOMETRIC_REPRESENTATION_CONTEXT(2) 
PARAMETRIC_REPRESENTATION_CONTEXT() REPRESENTATION_CONTEXT('2D SPACE',''
  ) );
#6527 = PCURVE('',#2398,#6528);
#6528 = DEFINITIONAL_REPRESENTATION('',(#6529),#6532);
#6529 = B_SPLINE_CURVE_WITH_KNOTS('',1,(#6530,#6531),.UNSPECIFIED.,.F.,
  .F.,(2,2),(0.,14.5),.PIECEWISE_BEZIER_KNOTS.);
#6530 = CARTESIAN_POINT('',(-6.28318530718,0.));
#6531 = CARTESIAN_POINT('',(-6.28318530718,-14.5));
#6532 = ( GEOMETRIC_REPRESENTATION_CONTEXT(2) 
PARAMETRIC_REPRESENTATION_CONTEXT() REPRESENTATION_CONTEXT('2D SPACE',''
  ) );
#6533 = ORIENTED_EDGE('',*,*,#6534,.T.);
#6534 = EDGE_CURVE('',#6514,#6514,#6535,.T.);
#6535 = SURFACE_CURVE('',#6536,(#6541,#6547),.PCURVE_S1.);
#6536 = CIRCLE('',#6537,1.);
#6537 = AXIS2_PLACEMENT_3D('',#6538,#6539,#6540);
#6538 = CARTESIAN_POINT('',(-15.90909090909,-17.5,7.));
#6539 = DIRECTION('',(2.254526039504E-97,-1.,2.22044604925E-16));
#6540 = DIRECTION('',(1.,2.254526039504E-97,-5.197704882822E-113));
#6541 = PCURVE('',#2398,#6542);
#6542 = DEFINITIONAL_REPRESENTATION('',(#6543),#6546);
#6543 = B_SPLINE_CURVE_WITH_KNOTS('',1,(#6544,#6545),.UNSPECIFIED.,.F.,
  .F.,(2,2),(0.,6.28318530718),.PIECEWISE_BEZIER_KNOTS.);
#6544 = CARTESIAN_POINT('',(0.,-14.5));
#6545 = CARTESIAN_POINT('',(-6.28318530718,-14.5));
#6546 = ( GEOMETRIC_REPRESENTATION_CONTEXT(2) 
PARAMETRIC_REPRESENTATION_CONTEXT() REPRESENTATION_CONTEXT('2D SPACE',''
  ) );
#6547 = PCURVE('',#6548,#6553);
#6548 = PLANE('',#6549);
#6549 = AXIS2_PLACEMENT_3D('',#6550,#6551,#6552);
#6550 = CARTESIAN_POINT('',(-15.90909090909,-17.5,7.));
#6551 = DIRECTION('',(0.,1.,-4.930380657631E-32));
#6552 = DIRECTION('',(0.,4.930380657631E-32,1.));
#6553 = DEFINITIONAL_REPRESENTATION('',(#6554),#6562);
#6554 = ( BOUNDED_CURVE() B_SPLINE_CURVE(2,(#6555,#6556,#6557,#6558,
#6559,#6560,#6561),.UNSPECIFIED.,.T.,.F.) B_SPLINE_CURVE_WITH_KNOTS((1,2
    ,2,2,2,1),(-2.094395102393,0.,2.094395102393,4.188790204786,
6.28318530718,8.377580409573),.UNSPECIFIED.) CURVE() 
GEOMETRIC_REPRESENTATION_ITEM() RATIONAL_B_SPLINE_CURVE((1.,0.5,1.,0.5,
1.,0.5,1.)) REPRESENTATION_ITEM('') );
#6555 = CARTESIAN_POINT('',(1.7763568394E-15,1.));
#6556 = CARTESIAN_POINT('',(1.732050807569,1.));
#6557 = CARTESIAN_POINT('',(0.866025403784,-0.5));
#6558 = CARTESIAN_POINT('',(2.02128619923E-15,-2.));
#6559 = CARTESIAN_POINT('',(-0.866025403784,-0.5));
#6560 = CARTESIAN_POINT('',(-1.732050807569,1.));
#6561 = CARTESIAN_POINT('',(1.7763568394E-15,1.));
#6562 = ( GEOMETRIC_REPRESENTATION_CONTEXT(2) 
PARAMETRIC_REPRESENTATION_CONTEXT() REPRESENTATION_CONTEXT('2D SPACE',''
  ) );
#6563 = ORIENTED_EDGE('',*,*,#6513,.F.);
#6564 = ORIENTED_EDGE('',*,*,#2377,.F.);
#6565 = ADVANCED_FACE('',(#6566),#2432,.T.);
#6566 = FACE_BOUND('',#6567,.F.);
#6567 = EDGE_LOOP('',(#6568,#6589,#6619,#6620));
#6568 = ORIENTED_EDGE('',*,*,#6569,.T.);
#6569 = EDGE_CURVE('',#2412,#6570,#6572,.T.);
#6570 = VERTEX_POINT('',#6571);
#6571 = CARTESIAN_POINT('',(-14.90909090909,-17.5,12.));
#6572 = SEAM_CURVE('',#6573,(#6577,#6583),.PCURVE_S1.);
#6573 = LINE('',#6574,#6575);
#6574 = CARTESIAN_POINT('',(-14.90909090909,-3.,12.));
#6575 = VECTOR('',#6576,1.);
#6576 = DIRECTION('',(2.254526039504E-97,-1.,2.22044604925E-16));
#6577 = PCURVE('',#2432,#6578);
#6578 = DEFINITIONAL_REPRESENTATION('',(#6579),#6582);
#6579 = B_SPLINE_CURVE_WITH_KNOTS('',1,(#6580,#6581),.UNSPECIFIED.,.F.,
  .F.,(2,2),(0.,14.5),.PIECEWISE_BEZIER_KNOTS.);
#6580 = CARTESIAN_POINT('',(0.,0.));
#6581 = CARTESIAN_POINT('',(0.,-14.5));
#6582 = ( GEOMETRIC_REPRESENTATION_CONTEXT(2) 
PARAMETRIC_REPRESENTATION_CONTEXT() REPRESENTATION_CONTEXT('2D SPACE',''
  ) );
#6583 = PCURVE('',#2432,#6584);
#6584 = DEFINITIONAL_REPRESENTATION('',(#6585),#6588);
#6585 = B_SPLINE_CURVE_WITH_KNOTS('',1,(#6586,#6587),.UNSPECIFIED.,.F.,
  .F.,(2,2),(0.,14.5),.PIECEWISE_BEZIER_KNOTS.);
#6586 = CARTESIAN_POINT('',(-6.28318530718,0.));
#6587 = CARTESIAN_POINT('',(-6.28318530718,-14.5));
#6588 = ( GEOMETRIC_REPRESENTATION_CONTEXT(2) 
PARAMETRIC_REPRESENTATION_CONTEXT() REPRESENTATION_CONTEXT('2D SPACE',''
  ) );
#6589 = ORIENTED_EDGE('',*,*,#6590,.T.);
#6590 = EDGE_CURVE('',#6570,#6570,#6591,.T.);
#6591 = SURFACE_CURVE('',#6592,(#6597,#6603),.PCURVE_S1.);
#6592 = CIRCLE('',#6593,1.);
#6593 = AXIS2_PLACEMENT_3D('',#6594,#6595,#6596);
#6594 = CARTESIAN_POINT('',(-15.90909090909,-17.5,12.));
#6595 = DIRECTION('',(2.254526039504E-97,-1.,2.22044604925E-16));
#6596 = DIRECTION('',(1.,2.254526039504E-97,-5.197704882822E-113));
#6597 = PCURVE('',#2432,#6598);
#6598 = DEFINITIONAL_REPRESENTATION('',(#6599),#6602);
#6599 = B_SPLINE_CURVE_WITH_KNOTS('',1,(#6600,#6601),.UNSPECIFIED.,.F.,
  .F.,(2,2),(0.,6.28318530718),.PIECEWISE_BEZIER_KNOTS.);
#6600 = CARTESIAN_POINT('',(0.,-14.5));
#6601 = CARTESIAN_POINT('',(-6.28318530718,-14.5));
#6602 = ( GEOMETRIC_REPRESENTATION_CONTEXT(2) 
PARAMETRIC_REPRESENTATION_CONTEXT() REPRESENTATION_CONTEXT('2D SPACE',''
  ) );
#6603 = PCURVE('',#6604,#6609);
#6604 = PLANE('',#6605);
#6605 = AXIS2_PLACEMENT_3D('',#6606,#6607,#6608);
#6606 = CARTESIAN_POINT('',(-15.90909090909,-17.5,12.));
#6607 = DIRECTION('',(0.,1.,-4.930380657631E-32));
#6608 = DIRECTION('',(0.,4.930380657631E-32,1.));
#6609 = DEFINITIONAL_REPRESENTATION('',(#6610),#6618);
#6610 = ( BOUNDED_CURVE() B_SPLINE_CURVE(2,(#6611,#6612,#6613,#6614,
#6615,#6616,#6617),.UNSPECIFIED.,.T.,.F.) B_SPLINE_CURVE_WITH_KNOTS((1,2
    ,2,2,2,1),(-2.094395102393,0.,2.094395102393,4.188790204786,
6.28318530718,8.377580409573),.UNSPECIFIED.) CURVE() 
GEOMETRIC_REPRESENTATION_ITEM() RATIONAL_B_SPLINE_CURVE((1.,0.5,1.,0.5,
1.,0.5,1.)) REPRESENTATION_ITEM('') );
#6611 = CARTESIAN_POINT('',(-2.6645352591E-15,1.));
#6612 = CARTESIAN_POINT('',(1.732050807569,1.));
#6613 = CARTESIAN_POINT('',(0.866025403784,-0.5));
#6614 = CARTESIAN_POINT('',(-2.419605899271E-15,-2.));
#6615 = CARTESIAN_POINT('',(-0.866025403784,-0.5));
#6616 = CARTESIAN_POINT('',(-1.732050807569,1.));
#6617 = CARTESIAN_POINT('',(-2.6645352591E-15,1.));
#6618 = ( GEOMETRIC_REPRESENTATION_CONTEXT(2) 
PARAMETRIC_REPRESENTATION_CONTEXT() REPRESENTATION_CONTEXT('2D SPACE',''
  ) );
#6619 = ORIENTED_EDGE('',*,*,#6569,.F.);
#6620 = ORIENTED_EDGE('',*,*,#2411,.F.);
#6621 = ADVANCED_FACE('',(#6622),#2466,.T.);
#6622 = FACE_BOUND('',#6623,.F.);
#6623 = EDGE_LOOP('',(#6624,#6645,#6675,#6676));
#6624 = ORIENTED_EDGE('',*,*,#6625,.T.);
#6625 = EDGE_CURVE('',#2446,#6626,#6628,.T.);
#6626 = VERTEX_POINT('',#6627);
#6627 = CARTESIAN_POINT('',(-24.,-17.5,17.));
#6628 = SEAM_CURVE('',#6629,(#6633,#6639),.PCURVE_S1.);
#6629 = LINE('',#6630,#6631);
#6630 = CARTESIAN_POINT('',(-24.,-3.,17.));
#6631 = VECTOR('',#6632,1.);
#6632 = DIRECTION('',(2.254526039504E-97,-1.,2.22044604925E-16));
#6633 = PCURVE('',#2466,#6634);
#6634 = DEFINITIONAL_REPRESENTATION('',(#6635),#6638);
#6635 = B_SPLINE_CURVE_WITH_KNOTS('',1,(#6636,#6637),.UNSPECIFIED.,.F.,
  .F.,(2,2),(0.,14.5),.PIECEWISE_BEZIER_KNOTS.);
#6636 = CARTESIAN_POINT('',(0.,0.));
#6637 = CARTESIAN_POINT('',(0.,-14.5));
#6638 = ( GEOMETRIC_REPRESENTATION_CONTEXT(2) 
PARAMETRIC_REPRESENTATION_CONTEXT() REPRESENTATION_CONTEXT('2D SPACE',''
  ) );
#6639 = PCURVE('',#2466,#6640);
#6640 = DEFINITIONAL_REPRESENTATION('',(#6641),#6644);
#6641 = B_SPLINE_CURVE_WITH_KNOTS('',1,(#6642,#6643),.UNSPECIFIED.,.F.,
  .F.,(2,2),(0.,14.5),.PIECEWISE_BEZIER_KNOTS.);
#6642 = CARTESIAN_POINT('',(-6.28318530718,0.));
#6643 = CARTESIAN_POINT('',(-6.28318530718,-14.5));
#6644 = ( GEOMETRIC_REPRESENTATION_CONTEXT(2) 
PARAMETRIC_REPRESENTATION_CONTEXT() REPRESENTATION_CONTEXT('2D SPACE',''
  ) );
#6645 = ORIENTED_EDGE('',*,*,#6646,.T.);
#6646 = EDGE_CURVE('',#6626,#6626,#6647,.T.);
#6647 = SURFACE_CURVE('',#6648,(#6653,#6659),.PCURVE_S1.);
#6648 = CIRCLE('',#6649,1.);
#6649 = AXIS2_PLACEMENT_3D('',#6650,#6651,#6652);
#6650 = CARTESIAN_POINT('',(-25.,-17.5,17.));
#6651 = DIRECTION('',(2.254526039504E-97,-1.,2.22044604925E-16));
#6652 = DIRECTION('',(1.,2.254526039504E-97,-5.197704882822E-113));
#6653 = PCURVE('',#2466,#6654);
#6654 = DEFINITIONAL_REPRESENTATION('',(#6655),#6658);
#6655 = B_SPLINE_CURVE_WITH_KNOTS('',1,(#6656,#6657),.UNSPECIFIED.,.F.,
  .F.,(2,2),(0.,6.28318530718),.PIECEWISE_BEZIER_KNOTS.);
#6656 = CARTESIAN_POINT('',(0.,-14.5));
#6657 = CARTESIAN_POINT('',(-6.28318530718,-14.5));
#6658 = ( GEOMETRIC_REPRESENTATION_CONTEXT(2) 
PARAMETRIC_REPRESENTATION_CONTEXT() REPRESENTATION_CONTEXT('2D SPACE',''
  ) );
#6659 = PCURVE('',#6660,#6665);
#6660 = PLANE('',#6661);
#6661 = AXIS2_PLACEMENT_3D('',#6662,#6663,#6664);
#6662 = CARTESIAN_POINT('',(-25.,-17.5,17.));
#6663 = DIRECTION('',(0.,1.,-4.930380657631E-32));
#6664 = DIRECTION('',(0.,4.930380657631E-32,1.));
#6665 = DEFINITIONAL_REPRESENTATION('',(#6666),#6674);
#6666 = ( BOUNDED_CURVE() B_SPLINE_CURVE(2,(#6667,#6668,#6669,#6670,
#6671,#6672,#6673),.UNSPECIFIED.,.T.,.F.) B_SPLINE_CURVE_WITH_KNOTS((1,2
    ,2,2,2,1),(-2.094395102393,0.,2.094395102393,4.188790204786,
6.28318530718,8.377580409573),.UNSPECIFIED.) CURVE() 
GEOMETRIC_REPRESENTATION_ITEM() RATIONAL_B_SPLINE_CURVE((1.,0.5,1.,0.5,
1.,0.5,1.)) REPRESENTATION_ITEM('') );
#6667 = CARTESIAN_POINT('',(4.440892098501E-16,1.));
#6668 = CARTESIAN_POINT('',(1.732050807569,1.));
#6669 = CARTESIAN_POINT('',(0.866025403784,-0.5));
#6670 = CARTESIAN_POINT('',(6.890185696795E-16,-2.));
#6671 = CARTESIAN_POINT('',(-0.866025403784,-0.5));
#6672 = CARTESIAN_POINT('',(-1.732050807569,1.));
#6673 = CARTESIAN_POINT('',(4.440892098501E-16,1.));
#6674 = ( GEOMETRIC_REPRESENTATION_CONTEXT(2) 
PARAMETRIC_REPRESENTATION_CONTEXT() REPRESENTATION_CONTEXT('2D SPACE',''
  ) );
#6675 = ORIENTED_EDGE('',*,*,#6625,.F.);
#6676 = ORIENTED_EDGE('',*,*,#2445,.F.);
#6677 = ADVANCED_FACE('',(#6678),#2500,.T.);
#6678 = FACE_BOUND('',#6679,.F.);
#6679 = EDGE_LOOP('',(#6680,#6701,#6731,#6732));
#6680 = ORIENTED_EDGE('',*,*,#6681,.T.);
#6681 = EDGE_CURVE('',#2480,#6682,#6684,.T.);
#6682 = VERTEX_POINT('',#6683);
#6683 = CARTESIAN_POINT('',(-19.45454545454,-17.5,17.));
#6684 = SEAM_CURVE('',#6685,(#6689,#6695),.PCURVE_S1.);
#6685 = LINE('',#6686,#6687);
#6686 = CARTESIAN_POINT('',(-19.45454545454,-3.,17.));
#6687 = VECTOR('',#6688,1.);
#6688 = DIRECTION('',(2.254526039504E-97,-1.,2.22044604925E-16));
#6689 = PCURVE('',#2500,#6690);
#6690 = DEFINITIONAL_REPRESENTATION('',(#6691),#6694);
#6691 = B_SPLINE_CURVE_WITH_KNOTS('',1,(#6692,#6693),.UNSPECIFIED.,.F.,
  .F.,(2,2),(0.,14.5),.PIECEWISE_BEZIER_KNOTS.);
#6692 = CARTESIAN_POINT('',(0.,0.));
#6693 = CARTESIAN_POINT('',(0.,-14.5));
#6694 = ( GEOMETRIC_REPRESENTATION_CONTEXT(2) 
PARAMETRIC_REPRESENTATION_CONTEXT() REPRESENTATION_CONTEXT('2D SPACE',''
  ) );
#6695 = PCURVE('',#2500,#6696);
#6696 = DEFINITIONAL_REPRESENTATION('',(#6697),#6700);
#6697 = B_SPLINE_CURVE_WITH_KNOTS('',1,(#6698,#6699),.UNSPECIFIED.,.F.,
  .F.,(2,2),(0.,14.5),.PIECEWISE_BEZIER_KNOTS.);
#6698 = CARTESIAN_POINT('',(-6.28318530718,0.));
#6699 = CARTESIAN_POINT('',(-6.28318530718,-14.5));
#6700 = ( GEOMETRIC_REPRESENTATION_CONTEXT(2) 
PARAMETRIC_REPRESENTATION_CONTEXT() REPRESENTATION_CONTEXT('2D SPACE',''
  ) );
#6701 = ORIENTED_EDGE('',*,*,#6702,.T.);
#6702 = EDGE_CURVE('',#6682,#6682,#6703,.T.);
#6703 = SURFACE_CURVE('',#6704,(#6709,#6715),.PCURVE_S1.);
#6704 = CIRCLE('',#6705,1.);
#6705 = AXIS2_PLACEMENT_3D('',#6706,#6707,#6708);
#6706 = CARTESIAN_POINT('',(-20.45454545454,-17.5,17.));
#6707 = DIRECTION('',(2.254526039504E-97,-1.,2.22044604925E-16));
#6708 = DIRECTION('',(1.,2.254526039504E-97,-5.197704882822E-113));
#6709 = PCURVE('',#2500,#6710);
#6710 = DEFINITIONAL_REPRESENTATION('',(#6711),#6714);
#6711 = B_SPLINE_CURVE_WITH_KNOTS('',1,(#6712,#6713),.UNSPECIFIED.,.F.,
  .F.,(2,2),(0.,6.28318530718),.PIECEWISE_BEZIER_KNOTS.);
#6712 = CARTESIAN_POINT('',(0.,-14.5));
#6713 = CARTESIAN_POINT('',(-6.28318530718,-14.5));
#6714 = ( GEOMETRIC_REPRESENTATION_CONTEXT(2) 
PARAMETRIC_REPRESENTATION_CONTEXT() REPRESENTATION_CONTEXT('2D SPACE',''
  ) );
#6715 = PCURVE('',#6716,#6721);
#6716 = PLANE('',#6717);
#6717 = AXIS2_PLACEMENT_3D('',#6718,#6719,#6720);
#6718 = CARTESIAN_POINT('',(-20.45454545454,-17.5,17.));
#6719 = DIRECTION('',(0.,1.,-4.930380657631E-32));
#6720 = DIRECTION('',(0.,4.930380657631E-32,1.));
#6721 = DEFINITIONAL_REPRESENTATION('',(#6722),#6730);
#6722 = ( BOUNDED_CURVE() B_SPLINE_CURVE(2,(#6723,#6724,#6725,#6726,
#6727,#6728,#6729),.UNSPECIFIED.,.T.,.F.) B_SPLINE_CURVE_WITH_KNOTS((1,2
    ,2,2,2,1),(-2.094395102393,0.,2.094395102393,4.188790204786,
6.28318530718,8.377580409573),.UNSPECIFIED.) CURVE() 
GEOMETRIC_REPRESENTATION_ITEM() RATIONAL_B_SPLINE_CURVE((1.,0.5,1.,0.5,
1.,0.5,1.)) REPRESENTATION_ITEM('') );
#6723 = CARTESIAN_POINT('',(4.440892098501E-16,1.));
#6724 = CARTESIAN_POINT('',(1.732050807569,1.));
#6725 = CARTESIAN_POINT('',(0.866025403784,-0.5));
#6726 = CARTESIAN_POINT('',(6.890185696795E-16,-2.));
#6727 = CARTESIAN_POINT('',(-0.866025403784,-0.5));
#6728 = CARTESIAN_POINT('',(-1.732050807569,1.));
#6729 = CARTESIAN_POINT('',(4.440892098501E-16,1.));
#6730 = ( GEOMETRIC_REPRESENTATION_CONTEXT(2) 
PARAMETRIC_REPRESENTATION_CONTEXT() REPRESENTATION_CONTEXT('2D SPACE',''
  ) );
#6731 = ORIENTED_EDGE('',*,*,#6681,.F.);
#6732 = ORIENTED_EDGE('',*,*,#2479,.F.);
#6733 = ADVANCED_FACE('',(#6734),#2534,.T.);
#6734 = FACE_BOUND('',#6735,.F.);
#6735 = EDGE_LOOP('',(#6736,#6757,#6787,#6788));
#6736 = ORIENTED_EDGE('',*,*,#6737,.T.);
#6737 = EDGE_CURVE('',#2514,#6738,#6740,.T.);
#6738 = VERTEX_POINT('',#6739);
#6739 = CARTESIAN_POINT('',(-14.90909090909,-17.5,17.));
#6740 = SEAM_CURVE('',#6741,(#6745,#6751),.PCURVE_S1.);
#6741 = LINE('',#6742,#6743);
#6742 = CARTESIAN_POINT('',(-14.90909090909,-3.,17.));
#6743 = VECTOR('',#6744,1.);
#6744 = DIRECTION('',(2.254526039504E-97,-1.,2.22044604925E-16));
#6745 = PCURVE('',#2534,#6746);
#6746 = DEFINITIONAL_REPRESENTATION('',(#6747),#6750);
#6747 = B_SPLINE_CURVE_WITH_KNOTS('',1,(#6748,#6749),.UNSPECIFIED.,.F.,
  .F.,(2,2),(0.,14.5),.PIECEWISE_BEZIER_KNOTS.);
#6748 = CARTESIAN_POINT('',(0.,0.));
#6749 = CARTESIAN_POINT('',(0.,-14.5));
#6750 = ( GEOMETRIC_REPRESENTATION_CONTEXT(2) 
PARAMETRIC_REPRESENTATION_CONTEXT() REPRESENTATION_CONTEXT('2D SPACE',''
  ) );
#6751 = PCURVE('',#2534,#6752);
#6752 = DEFINITIONAL_REPRESENTATION('',(#6753),#6756);
#6753 = B_SPLINE_CURVE_WITH_KNOTS('',1,(#6754,#6755),.UNSPECIFIED.,.F.,
  .F.,(2,2),(0.,14.5),.PIECEWISE_BEZIER_KNOTS.);
#6754 = CARTESIAN_POINT('',(-6.28318530718,0.));
#6755 = CARTESIAN_POINT('',(-6.28318530718,-14.5));
#6756 = ( GEOMETRIC_REPRESENTATION_CONTEXT(2) 
PARAMETRIC_REPRESENTATION_CONTEXT() REPRESENTATION_CONTEXT('2D SPACE',''
  ) );
#6757 = ORIENTED_EDGE('',*,*,#6758,.T.);
#6758 = EDGE_CURVE('',#6738,#6738,#6759,.T.);
#6759 = SURFACE_CURVE('',#6760,(#6765,#6771),.PCURVE_S1.);
#6760 = CIRCLE('',#6761,1.);
#6761 = AXIS2_PLACEMENT_3D('',#6762,#6763,#6764);
#6762 = CARTESIAN_POINT('',(-15.90909090909,-17.5,17.));
#6763 = DIRECTION('',(2.254526039504E-97,-1.,2.22044604925E-16));
#6764 = DIRECTION('',(1.,2.254526039504E-97,-5.197704882822E-113));
#6765 = PCURVE('',#2534,#6766);
#6766 = DEFINITIONAL_REPRESENTATION('',(#6767),#6770);
#6767 = B_SPLINE_CURVE_WITH_KNOTS('',1,(#6768,#6769),.UNSPECIFIED.,.F.,
  .F.,(2,2),(0.,6.28318530718),.PIECEWISE_BEZIER_KNOTS.);
#6768 = CARTESIAN_POINT('',(0.,-14.5));
#6769 = CARTESIAN_POINT('',(-6.28318530718,-14.5));
#6770 = ( GEOMETRIC_REPRESENTATION_CONTEXT(2) 
PARAMETRIC_REPRESENTATION_CONTEXT() REPRESENTATION_CONTEXT('2D SPACE',''
  ) );
#6771 = PCURVE('',#6772,#6777);
#6772 = PLANE('',#6773);
#6773 = AXIS2_PLACEMENT_3D('',#6774,#6775,#6776);
#6774 = CARTESIAN_POINT('',(-15.90909090909,-17.5,17.));
#6775 = DIRECTION('',(0.,1.,-4.930380657631E-32));
#6776 = DIRECTION('',(0.,4.930380657631E-32,1.));
#6777 = DEFINITIONAL_REPRESENTATION('',(#6778),#6786);
#6778 = ( BOUNDED_CURVE() B_SPLINE_CURVE(2,(#6779,#6780,#6781,#6782,
#6783,#6784,#6785),.UNSPECIFIED.,.T.,.F.) B_SPLINE_CURVE_WITH_KNOTS((1,2
    ,2,2,2,1),(-2.094395102393,0.,2.094395102393,4.188790204786,
6.28318530718,8.377580409573),.UNSPECIFIED.) CURVE() 
GEOMETRIC_REPRESENTATION_ITEM() RATIONAL_B_SPLINE_CURVE((1.,0.5,1.,0.5,
1.,0.5,1.)) REPRESENTATION_ITEM('') );
#6779 = CARTESIAN_POINT('',(4.440892098501E-16,1.));
#6780 = CARTESIAN_POINT('',(1.732050807569,1.));
#6781 = CARTESIAN_POINT('',(0.866025403784,-0.5));
#6782 = CARTESIAN_POINT('',(6.890185696795E-16,-2.));
#6783 = CARTESIAN_POINT('',(-0.866025403784,-0.5));
#6784 = CARTESIAN_POINT('',(-1.732050807569,1.));
#6785 = CARTESIAN_POINT('',(4.440892098501E-16,1.));
#6786 = ( GEOMETRIC_REPRESENTATION_CONTEXT(2) 
PARAMETRIC_REPRESENTATION_CONTEXT() REPRESENTATION_CONTEXT('2D SPACE',''
  ) );
#6787 = ORIENTED_EDGE('',*,*,#6737,.F.);
#6788 = ORIENTED_EDGE('',*,*,#2513,.F.);
#6789 = ADVANCED_FACE('',(#6790),#2568,.T.);
#6790 = FACE_BOUND('',#6791,.F.);
#6791 = EDGE_LOOP('',(#6792,#6813,#6843,#6844));
#6792 = ORIENTED_EDGE('',*,*,#6793,.T.);
#6793 = EDGE_CURVE('',#2548,#6794,#6796,.T.);
#6794 = VERTEX_POINT('',#6795);
#6795 = CARTESIAN_POINT('',(-10.36363636363,-17.5,7.));
#6796 = SEAM_CURVE('',#6797,(#6801,#6807),.PCURVE_S1.);
#6797 = LINE('',#6798,#6799);
#6798 = CARTESIAN_POINT('',(-10.36363636363,-3.,7.));
#6799 = VECTOR('',#6800,1.);
#6800 = DIRECTION('',(2.254526039504E-97,-1.,2.22044604925E-16));
#6801 = PCURVE('',#2568,#6802);
#6802 = DEFINITIONAL_REPRESENTATION('',(#6803),#6806);
#6803 = B_SPLINE_CURVE_WITH_KNOTS('',1,(#6804,#6805),.UNSPECIFIED.,.F.,
  .F.,(2,2),(0.,14.5),.PIECEWISE_BEZIER_KNOTS.);
#6804 = CARTESIAN_POINT('',(0.,0.));
#6805 = CARTESIAN_POINT('',(0.,-14.5));
#6806 = ( GEOMETRIC_REPRESENTATION_CONTEXT(2) 
PARAMETRIC_REPRESENTATION_CONTEXT() REPRESENTATION_CONTEXT('2D SPACE',''
  ) );
#6807 = PCURVE('',#2568,#6808);
#6808 = DEFINITIONAL_REPRESENTATION('',(#6809),#6812);
#6809 = B_SPLINE_CURVE_WITH_KNOTS('',1,(#6810,#6811),.UNSPECIFIED.,.F.,
  .F.,(2,2),(0.,14.5),.PIECEWISE_BEZIER_KNOTS.);
#6810 = CARTESIAN_POINT('',(-6.28318530718,0.));
#6811 = CARTESIAN_POINT('',(-6.28318530718,-14.5));
#6812 = ( GEOMETRIC_REPRESENTATION_CONTEXT(2) 
PARAMETRIC_REPRESENTATION_CONTEXT() REPRESENTATION_CONTEXT('2D SPACE',''
  ) );
#6813 = ORIENTED_EDGE('',*,*,#6814,.T.);
#6814 = EDGE_CURVE('',#6794,#6794,#6815,.T.);
#6815 = SURFACE_CURVE('',#6816,(#6821,#6827),.PCURVE_S1.);
#6816 = CIRCLE('',#6817,1.);
#6817 = AXIS2_PLACEMENT_3D('',#6818,#6819,#6820);
#6818 = CARTESIAN_POINT('',(-11.36363636363,-17.5,7.));
#6819 = DIRECTION('',(2.254526039504E-97,-1.,2.22044604925E-16));
#6820 = DIRECTION('',(1.,2.254526039504E-97,-5.197704882822E-113));
#6821 = PCURVE('',#2568,#6822);
#6822 = DEFINITIONAL_REPRESENTATION('',(#6823),#6826);
#6823 = B_SPLINE_CURVE_WITH_KNOTS('',1,(#6824,#6825),.UNSPECIFIED.,.F.,
  .F.,(2,2),(0.,6.28318530718),.PIECEWISE_BEZIER_KNOTS.);
#6824 = CARTESIAN_POINT('',(0.,-14.5));
#6825 = CARTESIAN_POINT('',(-6.28318530718,-14.5));
#6826 = ( GEOMETRIC_REPRESENTATION_CONTEXT(2) 
PARAMETRIC_REPRESENTATION_CONTEXT() REPRESENTATION_CONTEXT('2D SPACE',''
  ) );
#6827 = PCURVE('',#6828,#6833);
#6828 = PLANE('',#6829);
#6829 = AXIS2_PLACEMENT_3D('',#6830,#6831,#6832);
#6830 = CARTESIAN_POINT('',(-11.36363636363,-17.5,7.));
#6831 = DIRECTION('',(0.,1.,-4.930380657631E-32));
#6832 = DIRECTION('',(0.,4.930380657631E-32,1.));
#6833 = DEFINITIONAL_REPRESENTATION('',(#6834),#6842);
#6834 = ( BOUNDED_CURVE() B_SPLINE_CURVE(2,(#6835,#6836,#6837,#6838,
#6839,#6840,#6841),.UNSPECIFIED.,.T.,.F.) B_SPLINE_CURVE_WITH_KNOTS((1,2
    ,2,2,2,1),(-2.094395102393,0.,2.094395102393,4.188790204786,
6.28318530718,8.377580409573),.UNSPECIFIED.) CURVE() 
GEOMETRIC_REPRESENTATION_ITEM() RATIONAL_B_SPLINE_CURVE((1.,0.5,1.,0.5,
1.,0.5,1.)) REPRESENTATION_ITEM('') );
#6835 = CARTESIAN_POINT('',(1.7763568394E-15,1.));
#6836 = CARTESIAN_POINT('',(1.732050807569,1.));
#6837 = CARTESIAN_POINT('',(0.866025403784,-0.5));
#6838 = CARTESIAN_POINT('',(2.02128619923E-15,-2.));
#6839 = CARTESIAN_POINT('',(-0.866025403784,-0.5));
#6840 = CARTESIAN_POINT('',(-1.732050807569,1.));
#6841 = CARTESIAN_POINT('',(1.7763568394E-15,1.));
#6842 = ( GEOMETRIC_REPRESENTATION_CONTEXT(2) 
PARAMETRIC_REPRESENTATION_CONTEXT() REPRESENTATION_CONTEXT('2D SPACE',''
  ) );
#6843 = ORIENTED_EDGE('',*,*,#6793,.F.);
#6844 = ORIENTED_EDGE('',*,*,#2547,.F.);
#6845 = ADVANCED_FACE('',(#6846),#2602,.T.);
#6846 = FACE_BOUND('',#6847,.F.);
#6847 = EDGE_LOOP('',(#6848,#6869,#6899,#6900));
#6848 = ORIENTED_EDGE('',*,*,#6849,.T.);
#6849 = EDGE_CURVE('',#2582,#6850,#6852,.T.);
#6850 = VERTEX_POINT('',#6851);
#6851 = CARTESIAN_POINT('',(-5.818181818182,-17.5,7.));
#6852 = SEAM_CURVE('',#6853,(#6857,#6863),.PCURVE_S1.);
#6853 = LINE('',#6854,#6855);
#6854 = CARTESIAN_POINT('',(-5.818181818182,-3.,7.));
#6855 = VECTOR('',#6856,1.);
#6856 = DIRECTION('',(2.254526039504E-97,-1.,2.22044604925E-16));
#6857 = PCURVE('',#2602,#6858);
#6858 = DEFINITIONAL_REPRESENTATION('',(#6859),#6862);
#6859 = B_SPLINE_CURVE_WITH_KNOTS('',1,(#6860,#6861),.UNSPECIFIED.,.F.,
  .F.,(2,2),(0.,14.5),.PIECEWISE_BEZIER_KNOTS.);
#6860 = CARTESIAN_POINT('',(0.,0.));
#6861 = CARTESIAN_POINT('',(0.,-14.5));
#6862 = ( GEOMETRIC_REPRESENTATION_CONTEXT(2) 
PARAMETRIC_REPRESENTATION_CONTEXT() REPRESENTATION_CONTEXT('2D SPACE',''
  ) );
#6863 = PCURVE('',#2602,#6864);
#6864 = DEFINITIONAL_REPRESENTATION('',(#6865),#6868);
#6865 = B_SPLINE_CURVE_WITH_KNOTS('',1,(#6866,#6867),.UNSPECIFIED.,.F.,
  .F.,(2,2),(0.,14.5),.PIECEWISE_BEZIER_KNOTS.);
#6866 = CARTESIAN_POINT('',(-6.28318530718,0.));
#6867 = CARTESIAN_POINT('',(-6.28318530718,-14.5));
#6868 = ( GEOMETRIC_REPRESENTATION_CONTEXT(2) 
PARAMETRIC_REPRESENTATION_CONTEXT() REPRESENTATION_CONTEXT('2D SPACE',''
  ) );
#6869 = ORIENTED_EDGE('',*,*,#6870,.T.);
#6870 = EDGE_CURVE('',#6850,#6850,#6871,.T.);
#6871 = SURFACE_CURVE('',#6872,(#6877,#6883),.PCURVE_S1.);
#6872 = CIRCLE('',#6873,1.);
#6873 = AXIS2_PLACEMENT_3D('',#6874,#6875,#6876);
#6874 = CARTESIAN_POINT('',(-6.818181818182,-17.5,7.));
#6875 = DIRECTION('',(2.254526039504E-97,-1.,2.22044604925E-16));
#6876 = DIRECTION('',(1.,2.254526039504E-97,-5.197704882822E-113));
#6877 = PCURVE('',#2602,#6878);
#6878 = DEFINITIONAL_REPRESENTATION('',(#6879),#6882);
#6879 = B_SPLINE_CURVE_WITH_KNOTS('',1,(#6880,#6881),.UNSPECIFIED.,.F.,
  .F.,(2,2),(0.,6.28318530718),.PIECEWISE_BEZIER_KNOTS.);
#6880 = CARTESIAN_POINT('',(0.,-14.5));
#6881 = CARTESIAN_POINT('',(-6.28318530718,-14.5));
#6882 = ( GEOMETRIC_REPRESENTATION_CONTEXT(2) 
PARAMETRIC_REPRESENTATION_CONTEXT() REPRESENTATION_CONTEXT('2D SPACE',''
  ) );
#6883 = PCURVE('',#6884,#6889);
#6884 = PLANE('',#6885);
#6885 = AXIS2_PLACEMENT_3D('',#6886,#6887,#6888);
#6886 = CARTESIAN_POINT('',(-6.818181818182,-17.5,7.));
#6887 = DIRECTION('',(0.,1.,-4.930380657631E-32));
#6888 = DIRECTION('',(0.,4.930380657631E-32,1.));
#6889 = DEFINITIONAL_REPRESENTATION('',(#6890),#6898);
#6890 = ( BOUNDED_CURVE() B_SPLINE_CURVE(2,(#6891,#6892,#6893,#6894,
#6895,#6896,#6897),.UNSPECIFIED.,.T.,.F.) B_SPLINE_CURVE_WITH_KNOTS((1,2
    ,2,2,2,1),(-2.094395102393,0.,2.094395102393,4.188790204786,
6.28318530718,8.377580409573),.UNSPECIFIED.) CURVE() 
GEOMETRIC_REPRESENTATION_ITEM() RATIONAL_B_SPLINE_CURVE((1.,0.5,1.,0.5,
1.,0.5,1.)) REPRESENTATION_ITEM('') );
#6891 = CARTESIAN_POINT('',(1.7763568394E-15,1.));
#6892 = CARTESIAN_POINT('',(1.732050807569,1.));
#6893 = CARTESIAN_POINT('',(0.866025403784,-0.5));
#6894 = CARTESIAN_POINT('',(2.02128619923E-15,-2.));
#6895 = CARTESIAN_POINT('',(-0.866025403784,-0.5));
#6896 = CARTESIAN_POINT('',(-1.732050807569,1.));
#6897 = CARTESIAN_POINT('',(1.7763568394E-15,1.));
#6898 = ( GEOMETRIC_REPRESENTATION_CONTEXT(2) 
PARAMETRIC_REPRESENTATION_CONTEXT() REPRESENTATION_CONTEXT('2D SPACE',''
  ) );
#6899 = ORIENTED_EDGE('',*,*,#6849,.F.);
#6900 = ORIENTED_EDGE('',*,*,#2581,.F.);
#6901 = ADVANCED_FACE('',(#6902),#2636,.T.);
#6902 = FACE_BOUND('',#6903,.F.);
#6903 = EDGE_LOOP('',(#6904,#6925,#6955,#6956));
#6904 = ORIENTED_EDGE('',*,*,#6905,.T.);
#6905 = EDGE_CURVE('',#2616,#6906,#6908,.T.);
#6906 = VERTEX_POINT('',#6907);
#6907 = CARTESIAN_POINT('',(-10.36363636363,-17.5,12.));
#6908 = SEAM_CURVE('',#6909,(#6913,#6919),.PCURVE_S1.);
#6909 = LINE('',#6910,#6911);
#6910 = CARTESIAN_POINT('',(-10.36363636363,-3.,12.));
#6911 = VECTOR('',#6912,1.);
#6912 = DIRECTION('',(2.254526039504E-97,-1.,2.22044604925E-16));
#6913 = PCURVE('',#2636,#6914);
#6914 = DEFINITIONAL_REPRESENTATION('',(#6915),#6918);
#6915 = B_SPLINE_CURVE_WITH_KNOTS('',1,(#6916,#6917),.UNSPECIFIED.,.F.,
  .F.,(2,2),(0.,14.5),.PIECEWISE_BEZIER_KNOTS.);
#6916 = CARTESIAN_POINT('',(0.,0.));
#6917 = CARTESIAN_POINT('',(0.,-14.5));
#6918 = ( GEOMETRIC_REPRESENTATION_CONTEXT(2) 
PARAMETRIC_REPRESENTATION_CONTEXT() REPRESENTATION_CONTEXT('2D SPACE',''
  ) );
#6919 = PCURVE('',#2636,#6920);
#6920 = DEFINITIONAL_REPRESENTATION('',(#6921),#6924);
#6921 = B_SPLINE_CURVE_WITH_KNOTS('',1,(#6922,#6923),.UNSPECIFIED.,.F.,
  .F.,(2,2),(0.,14.5),.PIECEWISE_BEZIER_KNOTS.);
#6922 = CARTESIAN_POINT('',(-6.28318530718,0.));
#6923 = CARTESIAN_POINT('',(-6.28318530718,-14.5));
#6924 = ( GEOMETRIC_REPRESENTATION_CONTEXT(2) 
PARAMETRIC_REPRESENTATION_CONTEXT() REPRESENTATION_CONTEXT('2D SPACE',''
  ) );
#6925 = ORIENTED_EDGE('',*,*,#6926,.T.);
#6926 = EDGE_CURVE('',#6906,#6906,#6927,.T.);
#6927 = SURFACE_CURVE('',#6928,(#6933,#6939),.PCURVE_S1.);
#6928 = CIRCLE('',#6929,1.);
#6929 = AXIS2_PLACEMENT_3D('',#6930,#6931,#6932);
#6930 = CARTESIAN_POINT('',(-11.36363636363,-17.5,12.));
#6931 = DIRECTION('',(2.254526039504E-97,-1.,2.22044604925E-16));
#6932 = DIRECTION('',(1.,2.254526039504E-97,-5.197704882822E-113));
#6933 = PCURVE('',#2636,#6934);
#6934 = DEFINITIONAL_REPRESENTATION('',(#6935),#6938);
#6935 = B_SPLINE_CURVE_WITH_KNOTS('',1,(#6936,#6937),.UNSPECIFIED.,.F.,
  .F.,(2,2),(0.,6.28318530718),.PIECEWISE_BEZIER_KNOTS.);
#6936 = CARTESIAN_POINT('',(0.,-14.5));
#6937 = CARTESIAN_POINT('',(-6.28318530718,-14.5));
#6938 = ( GEOMETRIC_REPRESENTATION_CONTEXT(2) 
PARAMETRIC_REPRESENTATION_CONTEXT() REPRESENTATION_CONTEXT('2D SPACE',''
  ) );
#6939 = PCURVE('',#6940,#6945);
#6940 = PLANE('',#6941);
#6941 = AXIS2_PLACEMENT_3D('',#6942,#6943,#6944);
#6942 = CARTESIAN_POINT('',(-11.36363636363,-17.5,12.));
#6943 = DIRECTION('',(0.,1.,-4.930380657631E-32));
#6944 = DIRECTION('',(0.,4.930380657631E-32,1.));
#6945 = DEFINITIONAL_REPRESENTATION('',(#6946),#6954);
#6946 = ( BOUNDED_CURVE() B_SPLINE_CURVE(2,(#6947,#6948,#6949,#6950,
#6951,#6952,#6953),.UNSPECIFIED.,.T.,.F.) B_SPLINE_CURVE_WITH_KNOTS((1,2
    ,2,2,2,1),(-2.094395102393,0.,2.094395102393,4.188790204786,
6.28318530718,8.377580409573),.UNSPECIFIED.) CURVE() 
GEOMETRIC_REPRESENTATION_ITEM() RATIONAL_B_SPLINE_CURVE((1.,0.5,1.,0.5,
1.,0.5,1.)) REPRESENTATION_ITEM('') );
#6947 = CARTESIAN_POINT('',(-2.6645352591E-15,1.));
#6948 = CARTESIAN_POINT('',(1.732050807569,1.));
#6949 = CARTESIAN_POINT('',(0.866025403784,-0.5));
#6950 = CARTESIAN_POINT('',(-2.419605899271E-15,-2.));
#6951 = CARTESIAN_POINT('',(-0.866025403784,-0.5));
#6952 = CARTESIAN_POINT('',(-1.732050807569,1.));
#6953 = CARTESIAN_POINT('',(-2.6645352591E-15,1.));
#6954 = ( GEOMETRIC_REPRESENTATION_CONTEXT(2) 
PARAMETRIC_REPRESENTATION_CONTEXT() REPRESENTATION_CONTEXT('2D SPACE',''
  ) );
#6955 = ORIENTED_EDGE('',*,*,#6905,.F.);
#6956 = ORIENTED_EDGE('',*,*,#2615,.F.);
#6957 = ADVANCED_FACE('',(#6958),#2670,.T.);
#6958 = FACE_BOUND('',#6959,.F.);
#6959 = EDGE_LOOP('',(#6960,#6981,#7011,#7012));
#6960 = ORIENTED_EDGE('',*,*,#6961,.T.);
#6961 = EDGE_CURVE('',#2650,#6962,#6964,.T.);
#6962 = VERTEX_POINT('',#6963);
#6963 = CARTESIAN_POINT('',(-5.818181818182,-17.5,12.));
#6964 = SEAM_CURVE('',#6965,(#6969,#6975),.PCURVE_S1.);
#6965 = LINE('',#6966,#6967);
#6966 = CARTESIAN_POINT('',(-5.818181818182,-3.,12.));
#6967 = VECTOR('',#6968,1.);
#6968 = DIRECTION('',(2.254526039504E-97,-1.,2.22044604925E-16));
#6969 = PCURVE('',#2670,#6970);
#6970 = DEFINITIONAL_REPRESENTATION('',(#6971),#6974);
#6971 = B_SPLINE_CURVE_WITH_KNOTS('',1,(#6972,#6973),.UNSPECIFIED.,.F.,
  .F.,(2,2),(0.,14.5),.PIECEWISE_BEZIER_KNOTS.);
#6972 = CARTESIAN_POINT('',(0.,0.));
#6973 = CARTESIAN_POINT('',(0.,-14.5));
#6974 = ( GEOMETRIC_REPRESENTATION_CONTEXT(2) 
PARAMETRIC_REPRESENTATION_CONTEXT() REPRESENTATION_CONTEXT('2D SPACE',''
  ) );
#6975 = PCURVE('',#2670,#6976);
#6976 = DEFINITIONAL_REPRESENTATION('',(#6977),#6980);
#6977 = B_SPLINE_CURVE_WITH_KNOTS('',1,(#6978,#6979),.UNSPECIFIED.,.F.,
  .F.,(2,2),(0.,14.5),.PIECEWISE_BEZIER_KNOTS.);
#6978 = CARTESIAN_POINT('',(-6.28318530718,0.));
#6979 = CARTESIAN_POINT('',(-6.28318530718,-14.5));
#6980 = ( GEOMETRIC_REPRESENTATION_CONTEXT(2) 
PARAMETRIC_REPRESENTATION_CONTEXT() REPRESENTATION_CONTEXT('2D SPACE',''
  ) );
#6981 = ORIENTED_EDGE('',*,*,#6982,.T.);
#6982 = EDGE_CURVE('',#6962,#6962,#6983,.T.);
#6983 = SURFACE_CURVE('',#6984,(#6989,#6995),.PCURVE_S1.);
#6984 = CIRCLE('',#6985,1.);
#6985 = AXIS2_PLACEMENT_3D('',#6986,#6987,#6988);
#6986 = CARTESIAN_POINT('',(-6.818181818182,-17.5,12.));
#6987 = DIRECTION('',(2.254526039504E-97,-1.,2.22044604925E-16));
#6988 = DIRECTION('',(1.,2.254526039504E-97,-5.197704882822E-113));
#6989 = PCURVE('',#2670,#6990);
#6990 = DEFINITIONAL_REPRESENTATION('',(#6991),#6994);
#6991 = B_SPLINE_CURVE_WITH_KNOTS('',1,(#6992,#6993),.UNSPECIFIED.,.F.,
  .F.,(2,2),(0.,6.28318530718),.PIECEWISE_BEZIER_KNOTS.);
#6992 = CARTESIAN_POINT('',(0.,-14.5));
#6993 = CARTESIAN_POINT('',(-6.28318530718,-14.5));
#6994 = ( GEOMETRIC_REPRESENTATION_CONTEXT(2) 
PARAMETRIC_REPRESENTATION_CONTEXT() REPRESENTATION_CONTEXT('2D SPACE',''
  ) );
#6995 = PCURVE('',#6996,#7001);
#6996 = PLANE('',#6997);
#6997 = AXIS2_PLACEMENT_3D('',#6998,#6999,#7000);
#6998 = CARTESIAN_POINT('',(-6.818181818182,-17.5,12.));
#6999 = DIRECTION('',(0.,1.,-4.930380657631E-32));
#7000 = DIRECTION('',(0.,4.930380657631E-32,1.));
#7001 = DEFINITIONAL_REPRESENTATION('',(#7002),#7010);
#7002 = ( BOUNDED_CURVE() B_SPLINE_CURVE(2,(#7003,#7004,#7005,#7006,
#7007,#7008,#7009),.UNSPECIFIED.,.T.,.F.) B_SPLINE_CURVE_WITH_KNOTS((1,2
    ,2,2,2,1),(-2.094395102393,0.,2.094395102393,4.188790204786,
6.28318530718,8.377580409573),.UNSPECIFIED.) CURVE() 
GEOMETRIC_REPRESENTATION_ITEM() RATIONAL_B_SPLINE_CURVE((1.,0.5,1.,0.5,
1.,0.5,1.)) REPRESENTATION_ITEM('') );
#7003 = CARTESIAN_POINT('',(-2.6645352591E-15,1.));
#7004 = CARTESIAN_POINT('',(1.732050807569,1.));
#7005 = CARTESIAN_POINT('',(0.866025403784,-0.5));
#7006 = CARTESIAN_POINT('',(-2.419605899271E-15,-2.));
#7007 = CARTESIAN_POINT('',(-0.866025403784,-0.5));
#7008 = CARTESIAN_POINT('',(-1.732050807569,1.));
#7009 = CARTESIAN_POINT('',(-2.6645352591E-15,1.));
#7010 = ( GEOMETRIC_REPRESENTATION_CONTEXT(2) 
PARAMETRIC_REPRESENTATION_CONTEXT() REPRESENTATION_CONTEXT('2D SPACE',''
  ) );
#7011 = ORIENTED_EDGE('',*,*,#6961,.F.);
#7012 = ORIENTED_EDGE('',*,*,#2649,.F.);
#7013 = ADVANCED_FACE('',(#7014),#2704,.T.);
#7014 = FACE_BOUND('',#7015,.F.);
#7015 = EDGE_LOOP('',(#7016,#7037,#7067,#7068));
#7016 = ORIENTED_EDGE('',*,*,#7017,.T.);
#7017 = EDGE_CURVE('',#2684,#7018,#7020,.T.);
#7018 = VERTEX_POINT('',#7019);
#7019 = CARTESIAN_POINT('',(-1.272727272727,-17.5,7.));
#7020 = SEAM_CURVE('',#7021,(#7025,#7031),.PCURVE_S1.);
#7021 = LINE('',#7022,#7023);
#7022 = CARTESIAN_POINT('',(-1.272727272727,-3.,7.));
#7023 = VECTOR('',#7024,1.);
#7024 = DIRECTION('',(2.254526039504E-97,-1.,2.22044604925E-16));
#7025 = PCURVE('',#2704,#7026);
#7026 = DEFINITIONAL_REPRESENTATION('',(#7027),#7030);
#7027 = B_SPLINE_CURVE_WITH_KNOTS('',1,(#7028,#7029),.UNSPECIFIED.,.F.,
  .F.,(2,2),(0.,14.5),.PIECEWISE_BEZIER_KNOTS.);
#7028 = CARTESIAN_POINT('',(0.,0.));
#7029 = CARTESIAN_POINT('',(0.,-14.5));
#7030 = ( GEOMETRIC_REPRESENTATION_CONTEXT(2) 
PARAMETRIC_REPRESENTATION_CONTEXT() REPRESENTATION_CONTEXT('2D SPACE',''
  ) );
#7031 = PCURVE('',#2704,#7032);
#7032 = DEFINITIONAL_REPRESENTATION('',(#7033),#7036);
#7033 = B_SPLINE_CURVE_WITH_KNOTS('',1,(#7034,#7035),.UNSPECIFIED.,.F.,
  .F.,(2,2),(0.,14.5),.PIECEWISE_BEZIER_KNOTS.);
#7034 = CARTESIAN_POINT('',(-6.28318530718,0.));
#7035 = CARTESIAN_POINT('',(-6.28318530718,-14.5));
#7036 = ( GEOMETRIC_REPRESENTATION_CONTEXT(2) 
PARAMETRIC_REPRESENTATION_CONTEXT() REPRESENTATION_CONTEXT('2D SPACE',''
  ) );
#7037 = ORIENTED_EDGE('',*,*,#7038,.T.);
#7038 = EDGE_CURVE('',#7018,#7018,#7039,.T.);
#7039 = SURFACE_CURVE('',#7040,(#7045,#7051),.PCURVE_S1.);
#7040 = CIRCLE('',#7041,1.);
#7041 = AXIS2_PLACEMENT_3D('',#7042,#7043,#7044);
#7042 = CARTESIAN_POINT('',(-2.272727272727,-17.5,7.));
#7043 = DIRECTION('',(2.254526039504E-97,-1.,2.22044604925E-16));
#7044 = DIRECTION('',(1.,2.254526039504E-97,-5.197704882822E-113));
#7045 = PCURVE('',#2704,#7046);
#7046 = DEFINITIONAL_REPRESENTATION('',(#7047),#7050);
#7047 = B_SPLINE_CURVE_WITH_KNOTS('',1,(#7048,#7049),.UNSPECIFIED.,.F.,
  .F.,(2,2),(0.,6.28318530718),.PIECEWISE_BEZIER_KNOTS.);
#7048 = CARTESIAN_POINT('',(0.,-14.5));
#7049 = CARTESIAN_POINT('',(-6.28318530718,-14.5));
#7050 = ( GEOMETRIC_REPRESENTATION_CONTEXT(2) 
PARAMETRIC_REPRESENTATION_CONTEXT() REPRESENTATION_CONTEXT('2D SPACE',''
  ) );
#7051 = PCURVE('',#7052,#7057);
#7052 = PLANE('',#7053);
#7053 = AXIS2_PLACEMENT_3D('',#7054,#7055,#7056);
#7054 = CARTESIAN_POINT('',(-2.272727272727,-17.5,7.));
#7055 = DIRECTION('',(0.,1.,-4.930380657631E-32));
#7056 = DIRECTION('',(0.,4.930380657631E-32,1.));
#7057 = DEFINITIONAL_REPRESENTATION('',(#7058),#7066);
#7058 = ( BOUNDED_CURVE() B_SPLINE_CURVE(2,(#7059,#7060,#7061,#7062,
#7063,#7064,#7065),.UNSPECIFIED.,.T.,.F.) B_SPLINE_CURVE_WITH_KNOTS((1,2
    ,2,2,2,1),(-2.094395102393,0.,2.094395102393,4.188790204786,
6.28318530718,8.377580409573),.UNSPECIFIED.) CURVE() 
GEOMETRIC_REPRESENTATION_ITEM() RATIONAL_B_SPLINE_CURVE((1.,0.5,1.,0.5,
1.,0.5,1.)) REPRESENTATION_ITEM('') );
#7059 = CARTESIAN_POINT('',(1.7763568394E-15,1.));
#7060 = CARTESIAN_POINT('',(1.732050807569,1.));
#7061 = CARTESIAN_POINT('',(0.866025403784,-0.5));
#7062 = CARTESIAN_POINT('',(2.02128619923E-15,-2.));
#7063 = CARTESIAN_POINT('',(-0.866025403784,-0.5));
#7064 = CARTESIAN_POINT('',(-1.732050807569,1.));
#7065 = CARTESIAN_POINT('',(1.7763568394E-15,1.));
#7066 = ( GEOMETRIC_REPRESENTATION_CONTEXT(2) 
PARAMETRIC_REPRESENTATION_CONTEXT() REPRESENTATION_CONTEXT('2D SPACE',''
  ) );
#7067 = ORIENTED_EDGE('',*,*,#7017,.F.);
#7068 = ORIENTED_EDGE('',*,*,#2683,.F.);
#7069 = ADVANCED_FACE('',(#7070),#2738,.T.);
#7070 = FACE_BOUND('',#7071,.F.);
#7071 = EDGE_LOOP('',(#7072,#7093,#7123,#7124));
#7072 = ORIENTED_EDGE('',*,*,#7073,.T.);
#7073 = EDGE_CURVE('',#2718,#7074,#7076,.T.);
#7074 = VERTEX_POINT('',#7075);
#7075 = CARTESIAN_POINT('',(-1.272727272727,-17.5,12.));
#7076 = SEAM_CURVE('',#7077,(#7081,#7087),.PCURVE_S1.);
#7077 = LINE('',#7078,#7079);
#7078 = CARTESIAN_POINT('',(-1.272727272727,-3.,12.));
#7079 = VECTOR('',#7080,1.);
#7080 = DIRECTION('',(2.254526039504E-97,-1.,2.22044604925E-16));
#7081 = PCURVE('',#2738,#7082);
#7082 = DEFINITIONAL_REPRESENTATION('',(#7083),#7086);
#7083 = B_SPLINE_CURVE_WITH_KNOTS('',1,(#7084,#7085),.UNSPECIFIED.,.F.,
  .F.,(2,2),(0.,14.5),.PIECEWISE_BEZIER_KNOTS.);
#7084 = CARTESIAN_POINT('',(0.,0.));
#7085 = CARTESIAN_POINT('',(0.,-14.5));
#7086 = ( GEOMETRIC_REPRESENTATION_CONTEXT(2) 
PARAMETRIC_REPRESENTATION_CONTEXT() REPRESENTATION_CONTEXT('2D SPACE',''
  ) );
#7087 = PCURVE('',#2738,#7088);
#7088 = DEFINITIONAL_REPRESENTATION('',(#7089),#7092);
#7089 = B_SPLINE_CURVE_WITH_KNOTS('',1,(#7090,#7091),.UNSPECIFIED.,.F.,
  .F.,(2,2),(0.,14.5),.PIECEWISE_BEZIER_KNOTS.);
#7090 = CARTESIAN_POINT('',(-6.28318530718,0.));
#7091 = CARTESIAN_POINT('',(-6.28318530718,-14.5));
#7092 = ( GEOMETRIC_REPRESENTATION_CONTEXT(2) 
PARAMETRIC_REPRESENTATION_CONTEXT() REPRESENTATION_CONTEXT('2D SPACE',''
  ) );
#7093 = ORIENTED_EDGE('',*,*,#7094,.T.);
#7094 = EDGE_CURVE('',#7074,#7074,#7095,.T.);
#7095 = SURFACE_CURVE('',#7096,(#7101,#7107),.PCURVE_S1.);
#7096 = CIRCLE('',#7097,1.);
#7097 = AXIS2_PLACEMENT_3D('',#7098,#7099,#7100);
#7098 = CARTESIAN_POINT('',(-2.272727272727,-17.5,12.));
#7099 = DIRECTION('',(2.254526039504E-97,-1.,2.22044604925E-16));
#7100 = DIRECTION('',(1.,2.254526039504E-97,-5.197704882822E-113));
#7101 = PCURVE('',#2738,#7102);
#7102 = DEFINITIONAL_REPRESENTATION('',(#7103),#7106);
#7103 = B_SPLINE_CURVE_WITH_KNOTS('',1,(#7104,#7105),.UNSPECIFIED.,.F.,
  .F.,(2,2),(0.,6.28318530718),.PIECEWISE_BEZIER_KNOTS.);
#7104 = CARTESIAN_POINT('',(0.,-14.5));
#7105 = CARTESIAN_POINT('',(-6.28318530718,-14.5));
#7106 = ( GEOMETRIC_REPRESENTATION_CONTEXT(2) 
PARAMETRIC_REPRESENTATION_CONTEXT() REPRESENTATION_CONTEXT('2D SPACE',''
  ) );
#7107 = PCURVE('',#7108,#7113);
#7108 = PLANE('',#7109);
#7109 = AXIS2_PLACEMENT_3D('',#7110,#7111,#7112);
#7110 = CARTESIAN_POINT('',(-2.272727272727,-17.5,12.));
#7111 = DIRECTION('',(0.,1.,-4.930380657631E-32));
#7112 = DIRECTION('',(0.,4.930380657631E-32,1.));
#7113 = DEFINITIONAL_REPRESENTATION('',(#7114),#7122);
#7114 = ( BOUNDED_CURVE() B_SPLINE_CURVE(2,(#7115,#7116,#7117,#7118,
#7119,#7120,#7121),.UNSPECIFIED.,.T.,.F.) B_SPLINE_CURVE_WITH_KNOTS((1,2
    ,2,2,2,1),(-2.094395102393,0.,2.094395102393,4.188790204786,
6.28318530718,8.377580409573),.UNSPECIFIED.) CURVE() 
GEOMETRIC_REPRESENTATION_ITEM() RATIONAL_B_SPLINE_CURVE((1.,0.5,1.,0.5,
1.,0.5,1.)) REPRESENTATION_ITEM('') );
#7115 = CARTESIAN_POINT('',(-2.6645352591E-15,1.));
#7116 = CARTESIAN_POINT('',(1.732050807569,1.));
#7117 = CARTESIAN_POINT('',(0.866025403784,-0.5));
#7118 = CARTESIAN_POINT('',(-2.419605899271E-15,-2.));
#7119 = CARTESIAN_POINT('',(-0.866025403784,-0.5));
#7120 = CARTESIAN_POINT('',(-1.732050807569,1.));
#7121 = CARTESIAN_POINT('',(-2.6645352591E-15,1.));
#7122 = ( GEOMETRIC_REPRESENTATION_CONTEXT(2) 
PARAMETRIC_REPRESENTATION_CONTEXT() REPRESENTATION_CONTEXT('2D SPACE',''
  ) );
#7123 = ORIENTED_EDGE('',*,*,#7073,.F.);
#7124 = ORIENTED_EDGE('',*,*,#2717,.F.);
#7125 = ADVANCED_FACE('',(#7126),#2772,.T.);
#7126 = FACE_BOUND('',#7127,.F.);
#7127 = EDGE_LOOP('',(#7128,#7149,#7179,#7180));
#7128 = ORIENTED_EDGE('',*,*,#7129,.T.);
#7129 = EDGE_CURVE('',#2752,#7130,#7132,.T.);
#7130 = VERTEX_POINT('',#7131);
#7131 = CARTESIAN_POINT('',(-10.36363636363,-17.5,17.));
#7132 = SEAM_CURVE('',#7133,(#7137,#7143),.PCURVE_S1.);
#7133 = LINE('',#7134,#7135);
#7134 = CARTESIAN_POINT('',(-10.36363636363,-3.,17.));
#7135 = VECTOR('',#7136,1.);
#7136 = DIRECTION('',(2.254526039504E-97,-1.,2.22044604925E-16));
#7137 = PCURVE('',#2772,#7138);
#7138 = DEFINITIONAL_REPRESENTATION('',(#7139),#7142);
#7139 = B_SPLINE_CURVE_WITH_KNOTS('',1,(#7140,#7141),.UNSPECIFIED.,.F.,
  .F.,(2,2),(0.,14.5),.PIECEWISE_BEZIER_KNOTS.);
#7140 = CARTESIAN_POINT('',(0.,0.));
#7141 = CARTESIAN_POINT('',(0.,-14.5));
#7142 = ( GEOMETRIC_REPRESENTATION_CONTEXT(2) 
PARAMETRIC_REPRESENTATION_CONTEXT() REPRESENTATION_CONTEXT('2D SPACE',''
  ) );
#7143 = PCURVE('',#2772,#7144);
#7144 = DEFINITIONAL_REPRESENTATION('',(#7145),#7148);
#7145 = B_SPLINE_CURVE_WITH_KNOTS('',1,(#7146,#7147),.UNSPECIFIED.,.F.,
  .F.,(2,2),(0.,14.5),.PIECEWISE_BEZIER_KNOTS.);
#7146 = CARTESIAN_POINT('',(-6.28318530718,0.));
#7147 = CARTESIAN_POINT('',(-6.28318530718,-14.5));
#7148 = ( GEOMETRIC_REPRESENTATION_CONTEXT(2) 
PARAMETRIC_REPRESENTATION_CONTEXT() REPRESENTATION_CONTEXT('2D SPACE',''
  ) );
#7149 = ORIENTED_EDGE('',*,*,#7150,.T.);
#7150 = EDGE_CURVE('',#7130,#7130,#7151,.T.);
#7151 = SURFACE_CURVE('',#7152,(#7157,#7163),.PCURVE_S1.);
#7152 = CIRCLE('',#7153,1.);
#7153 = AXIS2_PLACEMENT_3D('',#7154,#7155,#7156);
#7154 = CARTESIAN_POINT('',(-11.36363636363,-17.5,17.));
#7155 = DIRECTION('',(2.254526039504E-97,-1.,2.22044604925E-16));
#7156 = DIRECTION('',(1.,2.254526039504E-97,-5.197704882822E-113));
#7157 = PCURVE('',#2772,#7158);
#7158 = DEFINITIONAL_REPRESENTATION('',(#7159),#7162);
#7159 = B_SPLINE_CURVE_WITH_KNOTS('',1,(#7160,#7161),.UNSPECIFIED.,.F.,
  .F.,(2,2),(0.,6.28318530718),.PIECEWISE_BEZIER_KNOTS.);
#7160 = CARTESIAN_POINT('',(0.,-14.5));
#7161 = CARTESIAN_POINT('',(-6.28318530718,-14.5));
#7162 = ( GEOMETRIC_REPRESENTATION_CONTEXT(2) 
PARAMETRIC_REPRESENTATION_CONTEXT() REPRESENTATION_CONTEXT('2D SPACE',''
  ) );
#7163 = PCURVE('',#7164,#7169);
#7164 = PLANE('',#7165);
#7165 = AXIS2_PLACEMENT_3D('',#7166,#7167,#7168);
#7166 = CARTESIAN_POINT('',(-11.36363636363,-17.5,17.));
#7167 = DIRECTION('',(0.,1.,-4.930380657631E-32));
#7168 = DIRECTION('',(0.,4.930380657631E-32,1.));
#7169 = DEFINITIONAL_REPRESENTATION('',(#7170),#7178);
#7170 = ( BOUNDED_CURVE() B_SPLINE_CURVE(2,(#7171,#7172,#7173,#7174,
#7175,#7176,#7177),.UNSPECIFIED.,.T.,.F.) B_SPLINE_CURVE_WITH_KNOTS((1,2
    ,2,2,2,1),(-2.094395102393,0.,2.094395102393,4.188790204786,
6.28318530718,8.377580409573),.UNSPECIFIED.) CURVE() 
GEOMETRIC_REPRESENTATION_ITEM() RATIONAL_B_SPLINE_CURVE((1.,0.5,1.,0.5,
1.,0.5,1.)) REPRESENTATION_ITEM('') );
#7171 = CARTESIAN_POINT('',(4.440892098501E-16,1.));
#7172 = CARTESIAN_POINT('',(1.732050807569,1.));
#7173 = CARTESIAN_POINT('',(0.866025403784,-0.5));
#7174 = CARTESIAN_POINT('',(6.890185696795E-16,-2.));
#7175 = CARTESIAN_POINT('',(-0.866025403784,-0.5));
#7176 = CARTESIAN_POINT('',(-1.732050807569,1.));
#7177 = CARTESIAN_POINT('',(4.440892098501E-16,1.));
#7178 = ( GEOMETRIC_REPRESENTATION_CONTEXT(2) 
PARAMETRIC_REPRESENTATION_CONTEXT() REPRESENTATION_CONTEXT('2D SPACE',''
  ) );
#7179 = ORIENTED_EDGE('',*,*,#7129,.F.);
#7180 = ORIENTED_EDGE('',*,*,#2751,.F.);
#7181 = ADVANCED_FACE('',(#7182),#2806,.T.);
#7182 = FACE_BOUND('',#7183,.F.);
#7183 = EDGE_LOOP('',(#7184,#7205,#7235,#7236));
#7184 = ORIENTED_EDGE('',*,*,#7185,.T.);
#7185 = EDGE_CURVE('',#2786,#7186,#7188,.T.);
#7186 = VERTEX_POINT('',#7187);
#7187 = CARTESIAN_POINT('',(-5.818181818182,-17.5,17.));
#7188 = SEAM_CURVE('',#7189,(#7193,#7199),.PCURVE_S1.);
#7189 = LINE('',#7190,#7191);
#7190 = CARTESIAN_POINT('',(-5.818181818182,-3.,17.));
#7191 = VECTOR('',#7192,1.);
#7192 = DIRECTION('',(2.254526039504E-97,-1.,2.22044604925E-16));
#7193 = PCURVE('',#2806,#7194);
#7194 = DEFINITIONAL_REPRESENTATION('',(#7195),#7198);
#7195 = B_SPLINE_CURVE_WITH_KNOTS('',1,(#7196,#7197),.UNSPECIFIED.,.F.,
  .F.,(2,2),(0.,14.5),.PIECEWISE_BEZIER_KNOTS.);
#7196 = CARTESIAN_POINT('',(0.,0.));
#7197 = CARTESIAN_POINT('',(0.,-14.5));
#7198 = ( GEOMETRIC_REPRESENTATION_CONTEXT(2) 
PARAMETRIC_REPRESENTATION_CONTEXT() REPRESENTATION_CONTEXT('2D SPACE',''
  ) );
#7199 = PCURVE('',#2806,#7200);
#7200 = DEFINITIONAL_REPRESENTATION('',(#7201),#7204);
#7201 = B_SPLINE_CURVE_WITH_KNOTS('',1,(#7202,#7203),.UNSPECIFIED.,.F.,
  .F.,(2,2),(0.,14.5),.PIECEWISE_BEZIER_KNOTS.);
#7202 = CARTESIAN_POINT('',(-6.28318530718,0.));
#7203 = CARTESIAN_POINT('',(-6.28318530718,-14.5));
#7204 = ( GEOMETRIC_REPRESENTATION_CONTEXT(2) 
PARAMETRIC_REPRESENTATION_CONTEXT() REPRESENTATION_CONTEXT('2D SPACE',''
  ) );
#7205 = ORIENTED_EDGE('',*,*,#7206,.T.);
#7206 = EDGE_CURVE('',#7186,#7186,#7207,.T.);
#7207 = SURFACE_CURVE('',#7208,(#7213,#7219),.PCURVE_S1.);
#7208 = CIRCLE('',#7209,1.);
#7209 = AXIS2_PLACEMENT_3D('',#7210,#7211,#7212);
#7210 = CARTESIAN_POINT('',(-6.818181818182,-17.5,17.));
#7211 = DIRECTION('',(2.254526039504E-97,-1.,2.22044604925E-16));
#7212 = DIRECTION('',(1.,2.254526039504E-97,-5.197704882822E-113));
#7213 = PCURVE('',#2806,#7214);
#7214 = DEFINITIONAL_REPRESENTATION('',(#7215),#7218);
#7215 = B_SPLINE_CURVE_WITH_KNOTS('',1,(#7216,#7217),.UNSPECIFIED.,.F.,
  .F.,(2,2),(0.,6.28318530718),.PIECEWISE_BEZIER_KNOTS.);
#7216 = CARTESIAN_POINT('',(0.,-14.5));
#7217 = CARTESIAN_POINT('',(-6.28318530718,-14.5));
#7218 = ( GEOMETRIC_REPRESENTATION_CONTEXT(2) 
PARAMETRIC_REPRESENTATION_CONTEXT() REPRESENTATION_CONTEXT('2D SPACE',''
  ) );
#7219 = PCURVE('',#7220,#7225);
#7220 = PLANE('',#7221);
#7221 = AXIS2_PLACEMENT_3D('',#7222,#7223,#7224);
#7222 = CARTESIAN_POINT('',(-6.818181818182,-17.5,17.));
#7223 = DIRECTION('',(0.,1.,-4.930380657631E-32));
#7224 = DIRECTION('',(0.,4.930380657631E-32,1.));
#7225 = DEFINITIONAL_REPRESENTATION('',(#7226),#7234);
#7226 = ( BOUNDED_CURVE() B_SPLINE_CURVE(2,(#7227,#7228,#7229,#7230,
#7231,#7232,#7233),.UNSPECIFIED.,.T.,.F.) B_SPLINE_CURVE_WITH_KNOTS((1,2
    ,2,2,2,1),(-2.094395102393,0.,2.094395102393,4.188790204786,
6.28318530718,8.377580409573),.UNSPECIFIED.) CURVE() 
GEOMETRIC_REPRESENTATION_ITEM() RATIONAL_B_SPLINE_CURVE((1.,0.5,1.,0.5,
1.,0.5,1.)) REPRESENTATION_ITEM('') );
#7227 = CARTESIAN_POINT('',(4.440892098501E-16,1.));
#7228 = CARTESIAN_POINT('',(1.732050807569,1.));
#7229 = CARTESIAN_POINT('',(0.866025403784,-0.5));
#7230 = CARTESIAN_POINT('',(6.890185696795E-16,-2.));
#7231 = CARTESIAN_POINT('',(-0.866025403784,-0.5));
#7232 = CARTESIAN_POINT('',(-1.732050807569,1.));
#7233 = CARTESIAN_POINT('',(4.440892098501E-16,1.));
#7234 = ( GEOMETRIC_REPRESENTATION_CONTEXT(2) 
PARAMETRIC_REPRESENTATION_CONTEXT() REPRESENTATION_CONTEXT('2D SPACE',''
  ) );
#7235 = ORIENTED_EDGE('',*,*,#7185,.F.);
#7236 = ORIENTED_EDGE('',*,*,#2785,.F.);
#7237 = ADVANCED_FACE('',(#7238),#2840,.T.);
#7238 = FACE_BOUND('',#7239,.F.);
#7239 = EDGE_LOOP('',(#7240,#7261,#7291,#7292));
#7240 = ORIENTED_EDGE('',*,*,#7241,.T.);
#7241 = EDGE_CURVE('',#2820,#7242,#7244,.T.);
#7242 = VERTEX_POINT('',#7243);
#7243 = CARTESIAN_POINT('',(-1.272727272727,-17.5,17.));
#7244 = SEAM_CURVE('',#7245,(#7249,#7255),.PCURVE_S1.);
#7245 = LINE('',#7246,#7247);
#7246 = CARTESIAN_POINT('',(-1.272727272727,-3.,17.));
#7247 = VECTOR('',#7248,1.);
#7248 = DIRECTION('',(2.254526039504E-97,-1.,2.22044604925E-16));
#7249 = PCURVE('',#2840,#7250);
#7250 = DEFINITIONAL_REPRESENTATION('',(#7251),#7254);
#7251 = B_SPLINE_CURVE_WITH_KNOTS('',1,(#7252,#7253),.UNSPECIFIED.,.F.,
  .F.,(2,2),(0.,14.5),.PIECEWISE_BEZIER_KNOTS.);
#7252 = CARTESIAN_POINT('',(0.,0.));
#7253 = CARTESIAN_POINT('',(0.,-14.5));
#7254 = ( GEOMETRIC_REPRESENTATION_CONTEXT(2) 
PARAMETRIC_REPRESENTATION_CONTEXT() REPRESENTATION_CONTEXT('2D SPACE',''
  ) );
#7255 = PCURVE('',#2840,#7256);
#7256 = DEFINITIONAL_REPRESENTATION('',(#7257),#7260);
#7257 = B_SPLINE_CURVE_WITH_KNOTS('',1,(#7258,#7259),.UNSPECIFIED.,.F.,
  .F.,(2,2),(0.,14.5),.PIECEWISE_BEZIER_KNOTS.);
#7258 = CARTESIAN_POINT('',(-6.28318530718,0.));
#7259 = CARTESIAN_POINT('',(-6.28318530718,-14.5));
#7260 = ( GEOMETRIC_REPRESENTATION_CONTEXT(2) 
PARAMETRIC_REPRESENTATION_CONTEXT() REPRESENTATION_CONTEXT('2D SPACE',''
  ) );
#7261 = ORIENTED_EDGE('',*,*,#7262,.T.);
#7262 = EDGE_CURVE('',#7242,#7242,#7263,.T.);
#7263 = SURFACE_CURVE('',#7264,(#7269,#7275),.PCURVE_S1.);
#7264 = CIRCLE('',#7265,1.);
#7265 = AXIS2_PLACEMENT_3D('',#7266,#7267,#7268);
#7266 = CARTESIAN_POINT('',(-2.272727272727,-17.5,17.));
#7267 = DIRECTION('',(2.254526039504E-97,-1.,2.22044604925E-16));
#7268 = DIRECTION('',(1.,2.254526039504E-97,-5.197704882822E-113));
#7269 = PCURVE('',#2840,#7270);
#7270 = DEFINITIONAL_REPRESENTATION('',(#7271),#7274);
#7271 = B_SPLINE_CURVE_WITH_KNOTS('',1,(#7272,#7273),.UNSPECIFIED.,.F.,
  .F.,(2,2),(0.,6.28318530718),.PIECEWISE_BEZIER_KNOTS.);
#7272 = CARTESIAN_POINT('',(0.,-14.5));
#7273 = CARTESIAN_POINT('',(-6.28318530718,-14.5));
#7274 = ( GEOMETRIC_REPRESENTATION_CONTEXT(2) 
PARAMETRIC_REPRESENTATION_CONTEXT() REPRESENTATION_CONTEXT('2D SPACE',''
  ) );
#7275 = PCURVE('',#7276,#7281);
#7276 = PLANE('',#7277);
#7277 = AXIS2_PLACEMENT_3D('',#7278,#7279,#7280);
#7278 = CARTESIAN_POINT('',(-2.272727272727,-17.5,17.));
#7279 = DIRECTION('',(0.,1.,-4.930380657631E-32));
#7280 = DIRECTION('',(0.,4.930380657631E-32,1.));
#7281 = DEFINITIONAL_REPRESENTATION('',(#7282),#7290);
#7282 = ( BOUNDED_CURVE() B_SPLINE_CURVE(2,(#7283,#7284,#7285,#7286,
#7287,#7288,#7289),.UNSPECIFIED.,.T.,.F.) B_SPLINE_CURVE_WITH_KNOTS((1,2
    ,2,2,2,1),(-2.094395102393,0.,2.094395102393,4.188790204786,
6.28318530718,8.377580409573),.UNSPECIFIED.) CURVE() 
GEOMETRIC_REPRESENTATION_ITEM() RATIONAL_B_SPLINE_CURVE((1.,0.5,1.,0.5,
1.,0.5,1.)) REPRESENTATION_ITEM('') );
#7283 = CARTESIAN_POINT('',(4.440892098501E-16,1.));
#7284 = CARTESIAN_POINT('',(1.732050807569,1.));
#7285 = CARTESIAN_POINT('',(0.866025403784,-0.5));
#7286 = CARTESIAN_POINT('',(6.890185696795E-16,-2.));
#7287 = CARTESIAN_POINT('',(-0.866025403784,-0.5));
#7288 = CARTESIAN_POINT('',(-1.732050807569,1.));
#7289 = CARTESIAN_POINT('',(4.440892098501E-16,1.));
#7290 = ( GEOMETRIC_REPRESENTATION_CONTEXT(2) 
PARAMETRIC_REPRESENTATION_CONTEXT() REPRESENTATION_CONTEXT('2D SPACE',''
  ) );
#7291 = ORIENTED_EDGE('',*,*,#7241,.F.);
#7292 = ORIENTED_EDGE('',*,*,#2819,.F.);
#7293 = ADVANCED_FACE('',(#7294),#2874,.T.);
#7294 = FACE_BOUND('',#7295,.F.);
#7295 = EDGE_LOOP('',(#7296,#7317,#7347,#7348));
#7296 = ORIENTED_EDGE('',*,*,#7297,.T.);
#7297 = EDGE_CURVE('',#2854,#7298,#7300,.T.);
#7298 = VERTEX_POINT('',#7299);
#7299 = CARTESIAN_POINT('',(-24.,-17.5,22.));
#7300 = SEAM_CURVE('',#7301,(#7305,#7311),.PCURVE_S1.);
#7301 = LINE('',#7302,#7303);
#7302 = CARTESIAN_POINT('',(-24.,-3.,22.));
#7303 = VECTOR('',#7304,1.);
#7304 = DIRECTION('',(2.254526039504E-97,-1.,2.22044604925E-16));
#7305 = PCURVE('',#2874,#7306);
#7306 = DEFINITIONAL_REPRESENTATION('',(#7307),#7310);
#7307 = B_SPLINE_CURVE_WITH_KNOTS('',1,(#7308,#7309),.UNSPECIFIED.,.F.,
  .F.,(2,2),(0.,14.5),.PIECEWISE_BEZIER_KNOTS.);
#7308 = CARTESIAN_POINT('',(0.,0.));
#7309 = CARTESIAN_POINT('',(0.,-14.5));
#7310 = ( GEOMETRIC_REPRESENTATION_CONTEXT(2) 
PARAMETRIC_REPRESENTATION_CONTEXT() REPRESENTATION_CONTEXT('2D SPACE',''
  ) );
#7311 = PCURVE('',#2874,#7312);
#7312 = DEFINITIONAL_REPRESENTATION('',(#7313),#7316);
#7313 = B_SPLINE_CURVE_WITH_KNOTS('',1,(#7314,#7315),.UNSPECIFIED.,.F.,
  .F.,(2,2),(0.,14.5),.PIECEWISE_BEZIER_KNOTS.);
#7314 = CARTESIAN_POINT('',(-6.28318530718,0.));
#7315 = CARTESIAN_POINT('',(-6.28318530718,-14.5));
#7316 = ( GEOMETRIC_REPRESENTATION_CONTEXT(2) 
PARAMETRIC_REPRESENTATION_CONTEXT() REPRESENTATION_CONTEXT('2D SPACE',''
  ) );
#7317 = ORIENTED_EDGE('',*,*,#7318,.T.);
#7318 = EDGE_CURVE('',#7298,#7298,#7319,.T.);
#7319 = SURFACE_CURVE('',#7320,(#7325,#7331),.PCURVE_S1.);
#7320 = CIRCLE('',#7321,1.);
#7321 = AXIS2_PLACEMENT_3D('',#7322,#7323,#7324);
#7322 = CARTESIAN_POINT('',(-25.,-17.5,22.));
#7323 = DIRECTION('',(2.254526039504E-97,-1.,2.22044604925E-16));
#7324 = DIRECTION('',(1.,2.254526039504E-97,-5.197704882822E-113));
#7325 = PCURVE('',#2874,#7326);
#7326 = DEFINITIONAL_REPRESENTATION('',(#7327),#7330);
#7327 = B_SPLINE_CURVE_WITH_KNOTS('',1,(#7328,#7329),.UNSPECIFIED.,.F.,
  .F.,(2,2),(0.,6.28318530718),.PIECEWISE_BEZIER_KNOTS.);
#7328 = CARTESIAN_POINT('',(0.,-14.5));
#7329 = CARTESIAN_POINT('',(-6.28318530718,-14.5));
#7330 = ( GEOMETRIC_REPRESENTATION_CONTEXT(2) 
PARAMETRIC_REPRESENTATION_CONTEXT() REPRESENTATION_CONTEXT('2D SPACE',''
  ) );
#7331 = PCURVE('',#7332,#7337);
#7332 = PLANE('',#7333);
#7333 = AXIS2_PLACEMENT_3D('',#7334,#7335,#7336);
#7334 = CARTESIAN_POINT('',(-25.,-17.5,22.));
#7335 = DIRECTION('',(0.,1.,-4.930380657631E-32));
#7336 = DIRECTION('',(0.,4.930380657631E-32,1.));
#7337 = DEFINITIONAL_REPRESENTATION('',(#7338),#7346);
#7338 = ( BOUNDED_CURVE() B_SPLINE_CURVE(2,(#7339,#7340,#7341,#7342,
#7343,#7344,#7345),.UNSPECIFIED.,.T.,.F.) B_SPLINE_CURVE_WITH_KNOTS((1,2
    ,2,2,2,1),(-2.094395102393,0.,2.094395102393,4.188790204786,
6.28318530718,8.377580409573),.UNSPECIFIED.) CURVE() 
GEOMETRIC_REPRESENTATION_ITEM() RATIONAL_B_SPLINE_CURVE((1.,0.5,1.,0.5,
1.,0.5,1.)) REPRESENTATION_ITEM('') );
#7339 = CARTESIAN_POINT('',(3.552713678801E-15,1.));
#7340 = CARTESIAN_POINT('',(1.732050807569,1.));
#7341 = CARTESIAN_POINT('',(0.866025403784,-0.5));
#7342 = CARTESIAN_POINT('',(3.79764303863E-15,-2.));
#7343 = CARTESIAN_POINT('',(-0.866025403784,-0.5));
#7344 = CARTESIAN_POINT('',(-1.732050807569,1.));
#7345 = CARTESIAN_POINT('',(3.552713678801E-15,1.));
#7346 = ( GEOMETRIC_REPRESENTATION_CONTEXT(2) 
PARAMETRIC_REPRESENTATION_CONTEXT() REPRESENTATION_CONTEXT('2D SPACE',''
  ) );
#7347 = ORIENTED_EDGE('',*,*,#7297,.F.);
#7348 = ORIENTED_EDGE('',*,*,#2853,.F.);
#7349 = ADVANCED_FACE('',(#7350),#2908,.T.);
#7350 = FACE_BOUND('',#7351,.F.);
#7351 = EDGE_LOOP('',(#7352,#7373,#7403,#7404));
#7352 = ORIENTED_EDGE('',*,*,#7353,.T.);
#7353 = EDGE_CURVE('',#2888,#7354,#7356,.T.);
#7354 = VERTEX_POINT('',#7355);
#7355 = CARTESIAN_POINT('',(-19.45454545454,-17.5,22.));
#7356 = SEAM_CURVE('',#7357,(#7361,#7367),.PCURVE_S1.);
#7357 = LINE('',#7358,#7359);
#7358 = CARTESIAN_POINT('',(-19.45454545454,-3.,22.));
#7359 = VECTOR('',#7360,1.);
#7360 = DIRECTION('',(2.254526039504E-97,-1.,2.22044604925E-16));
#7361 = PCURVE('',#2908,#7362);
#7362 = DEFINITIONAL_REPRESENTATION('',(#7363),#7366);
#7363 = B_SPLINE_CURVE_WITH_KNOTS('',1,(#7364,#7365),.UNSPECIFIED.,.F.,
  .F.,(2,2),(0.,14.5),.PIECEWISE_BEZIER_KNOTS.);
#7364 = CARTESIAN_POINT('',(0.,0.));
#7365 = CARTESIAN_POINT('',(0.,-14.5));
#7366 = ( GEOMETRIC_REPRESENTATION_CONTEXT(2) 
PARAMETRIC_REPRESENTATION_CONTEXT() REPRESENTATION_CONTEXT('2D SPACE',''
  ) );
#7367 = PCURVE('',#2908,#7368);
#7368 = DEFINITIONAL_REPRESENTATION('',(#7369),#7372);
#7369 = B_SPLINE_CURVE_WITH_KNOTS('',1,(#7370,#7371),.UNSPECIFIED.,.F.,
  .F.,(2,2),(0.,14.5),.PIECEWISE_BEZIER_KNOTS.);
#7370 = CARTESIAN_POINT('',(-6.28318530718,0.));
#7371 = CARTESIAN_POINT('',(-6.28318530718,-14.5));
#7372 = ( GEOMETRIC_REPRESENTATION_CONTEXT(2) 
PARAMETRIC_REPRESENTATION_CONTEXT() REPRESENTATION_CONTEXT('2D SPACE',''
  ) );
#7373 = ORIENTED_EDGE('',*,*,#7374,.T.);
#7374 = EDGE_CURVE('',#7354,#7354,#7375,.T.);
#7375 = SURFACE_CURVE('',#7376,(#7381,#7387),.PCURVE_S1.);
#7376 = CIRCLE('',#7377,1.);
#7377 = AXIS2_PLACEMENT_3D('',#7378,#7379,#7380);
#7378 = CARTESIAN_POINT('',(-20.45454545454,-17.5,22.));
#7379 = DIRECTION('',(2.254526039504E-97,-1.,2.22044604925E-16));
#7380 = DIRECTION('',(1.,2.254526039504E-97,-5.197704882822E-113));
#7381 = PCURVE('',#2908,#7382);
#7382 = DEFINITIONAL_REPRESENTATION('',(#7383),#7386);
#7383 = B_SPLINE_CURVE_WITH_KNOTS('',1,(#7384,#7385),.UNSPECIFIED.,.F.,
  .F.,(2,2),(0.,6.28318530718),.PIECEWISE_BEZIER_KNOTS.);
#7384 = CARTESIAN_POINT('',(0.,-14.5));
#7385 = CARTESIAN_POINT('',(-6.28318530718,-14.5));
#7386 = ( GEOMETRIC_REPRESENTATION_CONTEXT(2) 
PARAMETRIC_REPRESENTATION_CONTEXT() REPRESENTATION_CONTEXT('2D SPACE',''
  ) );
#7387 = PCURVE('',#7388,#7393);
#7388 = PLANE('',#7389);
#7389 = AXIS2_PLACEMENT_3D('',#7390,#7391,#7392);
#7390 = CARTESIAN_POINT('',(-20.45454545454,-17.5,22.));
#7391 = DIRECTION('',(0.,1.,-4.930380657631E-32));
#7392 = DIRECTION('',(0.,4.930380657631E-32,1.));
#7393 = DEFINITIONAL_REPRESENTATION('',(#7394),#7402);
#7394 = ( BOUNDED_CURVE() B_SPLINE_CURVE(2,(#7395,#7396,#7397,#7398,
#7399,#7400,#7401),.UNSPECIFIED.,.T.,.F.) B_SPLINE_CURVE_WITH_KNOTS((1,2
    ,2,2,2,1),(-2.094395102393,0.,2.094395102393,4.188790204786,
6.28318530718,8.377580409573),.UNSPECIFIED.) CURVE() 
GEOMETRIC_REPRESENTATION_ITEM() RATIONAL_B_SPLINE_CURVE((1.,0.5,1.,0.5,
1.,0.5,1.)) REPRESENTATION_ITEM('') );
#7395 = CARTESIAN_POINT('',(3.552713678801E-15,1.));
#7396 = CARTESIAN_POINT('',(1.732050807569,1.));
#7397 = CARTESIAN_POINT('',(0.866025403784,-0.5));
#7398 = CARTESIAN_POINT('',(3.79764303863E-15,-2.));
#7399 = CARTESIAN_POINT('',(-0.866025403784,-0.5));
#7400 = CARTESIAN_POINT('',(-1.732050807569,1.));
#7401 = CARTESIAN_POINT('',(3.552713678801E-15,1.));
#7402 = ( GEOMETRIC_REPRESENTATION_CONTEXT(2) 
PARAMETRIC_REPRESENTATION_CONTEXT() REPRESENTATION_CONTEXT('2D SPACE',''
  ) );
#7403 = ORIENTED_EDGE('',*,*,#7353,.F.);
#7404 = ORIENTED_EDGE('',*,*,#2887,.F.);
#7405 = ADVANCED_FACE('',(#7406),#2942,.T.);
#7406 = FACE_BOUND('',#7407,.F.);
#7407 = EDGE_LOOP('',(#7408,#7429,#7459,#7460));
#7408 = ORIENTED_EDGE('',*,*,#7409,.T.);
#7409 = EDGE_CURVE('',#2922,#7410,#7412,.T.);
#7410 = VERTEX_POINT('',#7411);
#7411 = CARTESIAN_POINT('',(-14.90909090909,-17.5,22.));
#7412 = SEAM_CURVE('',#7413,(#7417,#7423),.PCURVE_S1.);
#7413 = LINE('',#7414,#7415);
#7414 = CARTESIAN_POINT('',(-14.90909090909,-3.,22.));
#7415 = VECTOR('',#7416,1.);
#7416 = DIRECTION('',(2.254526039504E-97,-1.,2.22044604925E-16));
#7417 = PCURVE('',#2942,#7418);
#7418 = DEFINITIONAL_REPRESENTATION('',(#7419),#7422);
#7419 = B_SPLINE_CURVE_WITH_KNOTS('',1,(#7420,#7421),.UNSPECIFIED.,.F.,
  .F.,(2,2),(0.,14.5),.PIECEWISE_BEZIER_KNOTS.);
#7420 = CARTESIAN_POINT('',(0.,0.));
#7421 = CARTESIAN_POINT('',(0.,-14.5));
#7422 = ( GEOMETRIC_REPRESENTATION_CONTEXT(2) 
PARAMETRIC_REPRESENTATION_CONTEXT() REPRESENTATION_CONTEXT('2D SPACE',''
  ) );
#7423 = PCURVE('',#2942,#7424);
#7424 = DEFINITIONAL_REPRESENTATION('',(#7425),#7428);
#7425 = B_SPLINE_CURVE_WITH_KNOTS('',1,(#7426,#7427),.UNSPECIFIED.,.F.,
  .F.,(2,2),(0.,14.5),.PIECEWISE_BEZIER_KNOTS.);
#7426 = CARTESIAN_POINT('',(-6.28318530718,0.));
#7427 = CARTESIAN_POINT('',(-6.28318530718,-14.5));
#7428 = ( GEOMETRIC_REPRESENTATION_CONTEXT(2) 
PARAMETRIC_REPRESENTATION_CONTEXT() REPRESENTATION_CONTEXT('2D SPACE',''
  ) );
#7429 = ORIENTED_EDGE('',*,*,#7430,.T.);
#7430 = EDGE_CURVE('',#7410,#7410,#7431,.T.);
#7431 = SURFACE_CURVE('',#7432,(#7437,#7443),.PCURVE_S1.);
#7432 = CIRCLE('',#7433,1.);
#7433 = AXIS2_PLACEMENT_3D('',#7434,#7435,#7436);
#7434 = CARTESIAN_POINT('',(-15.90909090909,-17.5,22.));
#7435 = DIRECTION('',(2.254526039504E-97,-1.,2.22044604925E-16));
#7436 = DIRECTION('',(1.,2.254526039504E-97,-5.197704882822E-113));
#7437 = PCURVE('',#2942,#7438);
#7438 = DEFINITIONAL_REPRESENTATION('',(#7439),#7442);
#7439 = B_SPLINE_CURVE_WITH_KNOTS('',1,(#7440,#7441),.UNSPECIFIED.,.F.,
  .F.,(2,2),(0.,6.28318530718),.PIECEWISE_BEZIER_KNOTS.);
#7440 = CARTESIAN_POINT('',(0.,-14.5));
#7441 = CARTESIAN_POINT('',(-6.28318530718,-14.5));
#7442 = ( GEOMETRIC_REPRESENTATION_CONTEXT(2) 
PARAMETRIC_REPRESENTATION_CONTEXT() REPRESENTATION_CONTEXT('2D SPACE',''
  ) );
#7443 = PCURVE('',#7444,#7449);
#7444 = PLANE('',#7445);
#7445 = AXIS2_PLACEMENT_3D('',#7446,#7447,#7448);
#7446 = CARTESIAN_POINT('',(-15.90909090909,-17.5,22.));
#7447 = DIRECTION('',(0.,1.,-4.930380657631E-32));
#7448 = DIRECTION('',(0.,4.930380657631E-32,1.));
#7449 = DEFINITIONAL_REPRESENTATION('',(#7450),#7458);
#7450 = ( BOUNDED_CURVE() B_SPLINE_CURVE(2,(#7451,#7452,#7453,#7454,
#7455,#7456,#7457),.UNSPECIFIED.,.T.,.F.) B_SPLINE_CURVE_WITH_KNOTS((1,2
    ,2,2,2,1),(-2.094395102393,0.,2.094395102393,4.188790204786,
6.28318530718,8.377580409573),.UNSPECIFIED.) CURVE() 
GEOMETRIC_REPRESENTATION_ITEM() RATIONAL_B_SPLINE_CURVE((1.,0.5,1.,0.5,
1.,0.5,1.)) REPRESENTATION_ITEM('') );
#7451 = CARTESIAN_POINT('',(3.552713678801E-15,1.));
#7452 = CARTESIAN_POINT('',(1.732050807569,1.));
#7453 = CARTESIAN_POINT('',(0.866025403784,-0.5));
#7454 = CARTESIAN_POINT('',(3.79764303863E-15,-2.));
#7455 = CARTESIAN_POINT('',(-0.866025403784,-0.5));
#7456 = CARTESIAN_POINT('',(-1.732050807569,1.));
#7457 = CARTESIAN_POINT('',(3.552713678801E-15,1.));
#7458 = ( GEOMETRIC_REPRESENTATION_CONTEXT(2) 
PARAMETRIC_REPRESENTATION_CONTEXT() REPRESENTATION_CONTEXT('2D SPACE',''
  ) );
#7459 = ORIENTED_EDGE('',*,*,#7409,.F.);
#7460 = ORIENTED_EDGE('',*,*,#2921,.F.);
#7461 = ADVANCED_FACE('',(#7462),#2976,.T.);
#7462 = FACE_BOUND('',#7463,.F.);
#7463 = EDGE_LOOP('',(#7464,#7485,#7515,#7516));
#7464 = ORIENTED_EDGE('',*,*,#7465,.T.);
#7465 = EDGE_CURVE('',#2956,#7466,#7468,.T.);
#7466 = VERTEX_POINT('',#7467);
#7467 = CARTESIAN_POINT('',(-24.,-17.5,27.));
#7468 = SEAM_CURVE('',#7469,(#7473,#7479),.PCURVE_S1.);
#7469 = LINE('',#7470,#7471);
#7470 = CARTESIAN_POINT('',(-24.,-3.,27.));
#7471 = VECTOR('',#7472,1.);
#7472 = DIRECTION('',(2.254526039504E-97,-1.,2.22044604925E-16));
#7473 = PCURVE('',#2976,#7474);
#7474 = DEFINITIONAL_REPRESENTATION('',(#7475),#7478);
#7475 = B_SPLINE_CURVE_WITH_KNOTS('',1,(#7476,#7477),.UNSPECIFIED.,.F.,
  .F.,(2,2),(0.,14.5),.PIECEWISE_BEZIER_KNOTS.);
#7476 = CARTESIAN_POINT('',(0.,0.));
#7477 = CARTESIAN_POINT('',(0.,-14.5));
#7478 = ( GEOMETRIC_REPRESENTATION_CONTEXT(2) 
PARAMETRIC_REPRESENTATION_CONTEXT() REPRESENTATION_CONTEXT('2D SPACE',''
  ) );
#7479 = PCURVE('',#2976,#7480);
#7480 = DEFINITIONAL_REPRESENTATION('',(#7481),#7484);
#7481 = B_SPLINE_CURVE_WITH_KNOTS('',1,(#7482,#7483),.UNSPECIFIED.,.F.,
  .F.,(2,2),(0.,14.5),.PIECEWISE_BEZIER_KNOTS.);
#7482 = CARTESIAN_POINT('',(-6.28318530718,0.));
#7483 = CARTESIAN_POINT('',(-6.28318530718,-14.5));
#7484 = ( GEOMETRIC_REPRESENTATION_CONTEXT(2) 
PARAMETRIC_REPRESENTATION_CONTEXT() REPRESENTATION_CONTEXT('2D SPACE',''
  ) );
#7485 = ORIENTED_EDGE('',*,*,#7486,.T.);
#7486 = EDGE_CURVE('',#7466,#7466,#7487,.T.);
#7487 = SURFACE_CURVE('',#7488,(#7493,#7499),.PCURVE_S1.);
#7488 = CIRCLE('',#7489,1.);
#7489 = AXIS2_PLACEMENT_3D('',#7490,#7491,#7492);
#7490 = CARTESIAN_POINT('',(-25.,-17.5,27.));
#7491 = DIRECTION('',(2.254526039504E-97,-1.,2.22044604925E-16));
#7492 = DIRECTION('',(1.,2.254526039504E-97,-5.197704882822E-113));
#7493 = PCURVE('',#2976,#7494);
#7494 = DEFINITIONAL_REPRESENTATION('',(#7495),#7498);
#7495 = B_SPLINE_CURVE_WITH_KNOTS('',1,(#7496,#7497),.UNSPECIFIED.,.F.,
  .F.,(2,2),(0.,6.28318530718),.PIECEWISE_BEZIER_KNOTS.);
#7496 = CARTESIAN_POINT('',(0.,-14.5));
#7497 = CARTESIAN_POINT('',(-6.28318530718,-14.5));
#7498 = ( GEOMETRIC_REPRESENTATION_CONTEXT(2) 
PARAMETRIC_REPRESENTATION_CONTEXT() REPRESENTATION_CONTEXT('2D SPACE',''
  ) );
#7499 = PCURVE('',#7500,#7505);
#7500 = PLANE('',#7501);
#7501 = AXIS2_PLACEMENT_3D('',#7502,#7503,#7504);
#7502 = CARTESIAN_POINT('',(-25.,-17.5,27.));
#7503 = DIRECTION('',(0.,1.,-4.930380657631E-32));
#7504 = DIRECTION('',(0.,4.930380657631E-32,1.));
#7505 = DEFINITIONAL_REPRESENTATION('',(#7506),#7514);
#7506 = ( BOUNDED_CURVE() B_SPLINE_CURVE(2,(#7507,#7508,#7509,#7510,
#7511,#7512,#7513),.UNSPECIFIED.,.T.,.F.) B_SPLINE_CURVE_WITH_KNOTS((1,2
    ,2,2,2,1),(-2.094395102393,0.,2.094395102393,4.188790204786,
6.28318530718,8.377580409573),.UNSPECIFIED.) CURVE() 
GEOMETRIC_REPRESENTATION_ITEM() RATIONAL_B_SPLINE_CURVE((1.,0.5,1.,0.5,
1.,0.5,1.)) REPRESENTATION_ITEM('') );
#7507 = CARTESIAN_POINT('',(-5.006053437348E-113,1.));
#7508 = CARTESIAN_POINT('',(1.732050807569,1.));
#7509 = CARTESIAN_POINT('',(0.866025403784,-0.5));
#7510 = CARTESIAN_POINT('',(2.449293598295E-16,-2.));
#7511 = CARTESIAN_POINT('',(-0.866025403784,-0.5));
#7512 = CARTESIAN_POINT('',(-1.732050807569,1.));
#7513 = CARTESIAN_POINT('',(-5.006053437348E-113,1.));
#7514 = ( GEOMETRIC_REPRESENTATION_CONTEXT(2) 
PARAMETRIC_REPRESENTATION_CONTEXT() REPRESENTATION_CONTEXT('2D SPACE',''
  ) );
#7515 = ORIENTED_EDGE('',*,*,#7465,.F.);
#7516 = ORIENTED_EDGE('',*,*,#2955,.F.);
#7517 = ADVANCED_FACE('',(#7518),#3010,.T.);
#7518 = FACE_BOUND('',#7519,.F.);
#7519 = EDGE_LOOP('',(#7520,#7541,#7571,#7572));
#7520 = ORIENTED_EDGE('',*,*,#7521,.T.);
#7521 = EDGE_CURVE('',#2990,#7522,#7524,.T.);
#7522 = VERTEX_POINT('',#7523);
#7523 = CARTESIAN_POINT('',(-19.45454545454,-17.5,27.));
#7524 = SEAM_CURVE('',#7525,(#7529,#7535),.PCURVE_S1.);
#7525 = LINE('',#7526,#7527);
#7526 = CARTESIAN_POINT('',(-19.45454545454,-3.,27.));
#7527 = VECTOR('',#7528,1.);
#7528 = DIRECTION('',(2.254526039504E-97,-1.,2.22044604925E-16));
#7529 = PCURVE('',#3010,#7530);
#7530 = DEFINITIONAL_REPRESENTATION('',(#7531),#7534);
#7531 = B_SPLINE_CURVE_WITH_KNOTS('',1,(#7532,#7533),.UNSPECIFIED.,.F.,
  .F.,(2,2),(0.,14.5),.PIECEWISE_BEZIER_KNOTS.);
#7532 = CARTESIAN_POINT('',(0.,0.));
#7533 = CARTESIAN_POINT('',(0.,-14.5));
#7534 = ( GEOMETRIC_REPRESENTATION_CONTEXT(2) 
PARAMETRIC_REPRESENTATION_CONTEXT() REPRESENTATION_CONTEXT('2D SPACE',''
  ) );
#7535 = PCURVE('',#3010,#7536);
#7536 = DEFINITIONAL_REPRESENTATION('',(#7537),#7540);
#7537 = B_SPLINE_CURVE_WITH_KNOTS('',1,(#7538,#7539),.UNSPECIFIED.,.F.,
  .F.,(2,2),(0.,14.5),.PIECEWISE_BEZIER_KNOTS.);
#7538 = CARTESIAN_POINT('',(-6.28318530718,0.));
#7539 = CARTESIAN_POINT('',(-6.28318530718,-14.5));
#7540 = ( GEOMETRIC_REPRESENTATION_CONTEXT(2) 
PARAMETRIC_REPRESENTATION_CONTEXT() REPRESENTATION_CONTEXT('2D SPACE',''
  ) );
#7541 = ORIENTED_EDGE('',*,*,#7542,.T.);
#7542 = EDGE_CURVE('',#7522,#7522,#7543,.T.);
#7543 = SURFACE_CURVE('',#7544,(#7549,#7555),.PCURVE_S1.);
#7544 = CIRCLE('',#7545,1.);
#7545 = AXIS2_PLACEMENT_3D('',#7546,#7547,#7548);
#7546 = CARTESIAN_POINT('',(-20.45454545454,-17.5,27.));
#7547 = DIRECTION('',(2.254526039504E-97,-1.,2.22044604925E-16));
#7548 = DIRECTION('',(1.,2.254526039504E-97,-5.197704882822E-113));
#7549 = PCURVE('',#3010,#7550);
#7550 = DEFINITIONAL_REPRESENTATION('',(#7551),#7554);
#7551 = B_SPLINE_CURVE_WITH_KNOTS('',1,(#7552,#7553),.UNSPECIFIED.,.F.,
  .F.,(2,2),(0.,6.28318530718),.PIECEWISE_BEZIER_KNOTS.);
#7552 = CARTESIAN_POINT('',(0.,-14.5));
#7553 = CARTESIAN_POINT('',(-6.28318530718,-14.5));
#7554 = ( GEOMETRIC_REPRESENTATION_CONTEXT(2) 
PARAMETRIC_REPRESENTATION_CONTEXT() REPRESENTATION_CONTEXT('2D SPACE',''
  ) );
#7555 = PCURVE('',#7556,#7561);
#7556 = PLANE('',#7557);
#7557 = AXIS2_PLACEMENT_3D('',#7558,#7559,#7560);
#7558 = CARTESIAN_POINT('',(-20.45454545454,-17.5,27.));
#7559 = DIRECTION('',(0.,1.,-4.930380657631E-32));
#7560 = DIRECTION('',(0.,4.930380657631E-32,1.));
#7561 = DEFINITIONAL_REPRESENTATION('',(#7562),#7570);
#7562 = ( BOUNDED_CURVE() B_SPLINE_CURVE(2,(#7563,#7564,#7565,#7566,
#7567,#7568,#7569),.UNSPECIFIED.,.T.,.F.) B_SPLINE_CURVE_WITH_KNOTS((1,2
    ,2,2,2,1),(-2.094395102393,0.,2.094395102393,4.188790204786,
6.28318530718,8.377580409573),.UNSPECIFIED.) CURVE() 
GEOMETRIC_REPRESENTATION_ITEM() RATIONAL_B_SPLINE_CURVE((1.,0.5,1.,0.5,
1.,0.5,1.)) REPRESENTATION_ITEM('') );
#7563 = CARTESIAN_POINT('',(-5.006053437348E-113,1.));
#7564 = CARTESIAN_POINT('',(1.732050807569,1.));
#7565 = CARTESIAN_POINT('',(0.866025403784,-0.5));
#7566 = CARTESIAN_POINT('',(2.449293598295E-16,-2.));
#7567 = CARTESIAN_POINT('',(-0.866025403784,-0.5));
#7568 = CARTESIAN_POINT('',(-1.732050807569,1.));
#7569 = CARTESIAN_POINT('',(-5.006053437348E-113,1.));
#7570 = ( GEOMETRIC_REPRESENTATION_CONTEXT(2) 
PARAMETRIC_REPRESENTATION_CONTEXT() REPRESENTATION_CONTEXT('2D SPACE',''
  ) );
#7571 = ORIENTED_EDGE('',*,*,#7521,.F.);
#7572 = ORIENTED_EDGE('',*,*,#2989,.F.);
#7573 = ADVANCED_FACE('',(#7574),#3044,.T.);
#7574 = FACE_BOUND('',#7575,.F.);
#7575 = EDGE_LOOP('',(#7576,#7597,#7627,#7628));
#7576 = ORIENTED_EDGE('',*,*,#7577,.T.);
#7577 = EDGE_CURVE('',#3024,#7578,#7580,.T.);
#7578 = VERTEX_POINT('',#7579);
#7579 = CARTESIAN_POINT('',(-24.,-17.5,32.));
#7580 = SEAM_CURVE('',#7581,(#7585,#7591),.PCURVE_S1.);
#7581 = LINE('',#7582,#7583);
#7582 = CARTESIAN_POINT('',(-24.,-3.,32.));
#7583 = VECTOR('',#7584,1.);
#7584 = DIRECTION('',(2.254526039504E-97,-1.,2.22044604925E-16));
#7585 = PCURVE('',#3044,#7586);
#7586 = DEFINITIONAL_REPRESENTATION('',(#7587),#7590);
#7587 = B_SPLINE_CURVE_WITH_KNOTS('',1,(#7588,#7589),.UNSPECIFIED.,.F.,
  .F.,(2,2),(0.,14.5),.PIECEWISE_BEZIER_KNOTS.);
#7588 = CARTESIAN_POINT('',(0.,0.));
#7589 = CARTESIAN_POINT('',(0.,-14.5));
#7590 = ( GEOMETRIC_REPRESENTATION_CONTEXT(2) 
PARAMETRIC_REPRESENTATION_CONTEXT() REPRESENTATION_CONTEXT('2D SPACE',''
  ) );
#7591 = PCURVE('',#3044,#7592);
#7592 = DEFINITIONAL_REPRESENTATION('',(#7593),#7596);
#7593 = B_SPLINE_CURVE_WITH_KNOTS('',1,(#7594,#7595),.UNSPECIFIED.,.F.,
  .F.,(2,2),(0.,14.5),.PIECEWISE_BEZIER_KNOTS.);
#7594 = CARTESIAN_POINT('',(-6.28318530718,0.));
#7595 = CARTESIAN_POINT('',(-6.28318530718,-14.5));
#7596 = ( GEOMETRIC_REPRESENTATION_CONTEXT(2) 
PARAMETRIC_REPRESENTATION_CONTEXT() REPRESENTATION_CONTEXT('2D SPACE',''
  ) );
#7597 = ORIENTED_EDGE('',*,*,#7598,.T.);
#7598 = EDGE_CURVE('',#7578,#7578,#7599,.T.);
#7599 = SURFACE_CURVE('',#7600,(#7605,#7611),.PCURVE_S1.);
#7600 = CIRCLE('',#7601,1.);
#7601 = AXIS2_PLACEMENT_3D('',#7602,#7603,#7604);
#7602 = CARTESIAN_POINT('',(-25.,-17.5,32.));
#7603 = DIRECTION('',(2.254526039504E-97,-1.,2.22044604925E-16));
#7604 = DIRECTION('',(1.,2.254526039504E-97,-5.197704882822E-113));
#7605 = PCURVE('',#3044,#7606);
#7606 = DEFINITIONAL_REPRESENTATION('',(#7607),#7610);
#7607 = B_SPLINE_CURVE_WITH_KNOTS('',1,(#7608,#7609),.UNSPECIFIED.,.F.,
  .F.,(2,2),(0.,6.28318530718),.PIECEWISE_BEZIER_KNOTS.);
#7608 = CARTESIAN_POINT('',(0.,-14.5));
#7609 = CARTESIAN_POINT('',(-6.28318530718,-14.5));
#7610 = ( GEOMETRIC_REPRESENTATION_CONTEXT(2) 
PARAMETRIC_REPRESENTATION_CONTEXT() REPRESENTATION_CONTEXT('2D SPACE',''
  ) );
#7611 = PCURVE('',#7612,#7617);
#7612 = PLANE('',#7613);
#7613 = AXIS2_PLACEMENT_3D('',#7614,#7615,#7616);
#7614 = CARTESIAN_POINT('',(-25.,-17.5,32.));
#7615 = DIRECTION('',(0.,1.,-4.930380657631E-32));
#7616 = DIRECTION('',(0.,4.930380657631E-32,1.));
#7617 = DEFINITIONAL_REPRESENTATION('',(#7618),#7626);
#7618 = ( BOUNDED_CURVE() B_SPLINE_CURVE(2,(#7619,#7620,#7621,#7622,
#7623,#7624,#7625),.UNSPECIFIED.,.T.,.F.) B_SPLINE_CURVE_WITH_KNOTS((1,2
    ,2,2,2,1),(-2.094395102393,0.,2.094395102393,4.188790204786,
6.28318530718,8.377580409573),.UNSPECIFIED.) CURVE() 
GEOMETRIC_REPRESENTATION_ITEM() RATIONAL_B_SPLINE_CURVE((1.,0.5,1.,0.5,
1.,0.5,1.)) REPRESENTATION_ITEM('') );
#7619 = CARTESIAN_POINT('',(-3.552713678801E-15,1.));
#7620 = CARTESIAN_POINT('',(1.732050807569,1.));
#7621 = CARTESIAN_POINT('',(0.866025403784,-0.5));
#7622 = CARTESIAN_POINT('',(-3.307784318971E-15,-2.));
#7623 = CARTESIAN_POINT('',(-0.866025403784,-0.5));
#7624 = CARTESIAN_POINT('',(-1.732050807569,1.));
#7625 = CARTESIAN_POINT('',(-3.552713678801E-15,1.));
#7626 = ( GEOMETRIC_REPRESENTATION_CONTEXT(2) 
PARAMETRIC_REPRESENTATION_CONTEXT() REPRESENTATION_CONTEXT('2D SPACE',''
  ) );
#7627 = ORIENTED_EDGE('',*,*,#7577,.F.);
#7628 = ORIENTED_EDGE('',*,*,#3023,.F.);
#7629 = ADVANCED_FACE('',(#7630),#3078,.T.);
#7630 = FACE_BOUND('',#7631,.F.);
#7631 = EDGE_LOOP('',(#7632,#7653,#7683,#7684));
#7632 = ORIENTED_EDGE('',*,*,#7633,.T.);
#7633 = EDGE_CURVE('',#3058,#7634,#7636,.T.);
#7634 = VERTEX_POINT('',#7635);
#7635 = CARTESIAN_POINT('',(-19.45454545454,-17.5,32.));
#7636 = SEAM_CURVE('',#7637,(#7641,#7647),.PCURVE_S1.);
#7637 = LINE('',#7638,#7639);
#7638 = CARTESIAN_POINT('',(-19.45454545454,-3.,32.));
#7639 = VECTOR('',#7640,1.);
#7640 = DIRECTION('',(2.254526039504E-97,-1.,2.22044604925E-16));
#7641 = PCURVE('',#3078,#7642);
#7642 = DEFINITIONAL_REPRESENTATION('',(#7643),#7646);
#7643 = B_SPLINE_CURVE_WITH_KNOTS('',1,(#7644,#7645),.UNSPECIFIED.,.F.,
  .F.,(2,2),(0.,14.5),.PIECEWISE_BEZIER_KNOTS.);
#7644 = CARTESIAN_POINT('',(0.,0.));
#7645 = CARTESIAN_POINT('',(0.,-14.5));
#7646 = ( GEOMETRIC_REPRESENTATION_CONTEXT(2) 
PARAMETRIC_REPRESENTATION_CONTEXT() REPRESENTATION_CONTEXT('2D SPACE',''
  ) );
#7647 = PCURVE('',#3078,#7648);
#7648 = DEFINITIONAL_REPRESENTATION('',(#7649),#7652);
#7649 = B_SPLINE_CURVE_WITH_KNOTS('',1,(#7650,#7651),.UNSPECIFIED.,.F.,
  .F.,(2,2),(0.,14.5),.PIECEWISE_BEZIER_KNOTS.);
#7650 = CARTESIAN_POINT('',(-6.28318530718,0.));
#7651 = CARTESIAN_POINT('',(-6.28318530718,-14.5));
#7652 = ( GEOMETRIC_REPRESENTATION_CONTEXT(2) 
PARAMETRIC_REPRESENTATION_CONTEXT() REPRESENTATION_CONTEXT('2D SPACE',''
  ) );
#7653 = ORIENTED_EDGE('',*,*,#7654,.T.);
#7654 = EDGE_CURVE('',#7634,#7634,#7655,.T.);
#7655 = SURFACE_CURVE('',#7656,(#7661,#7667),.PCURVE_S1.);
#7656 = CIRCLE('',#7657,1.);
#7657 = AXIS2_PLACEMENT_3D('',#7658,#7659,#7660);
#7658 = CARTESIAN_POINT('',(-20.45454545454,-17.5,32.));
#7659 = DIRECTION('',(2.254526039504E-97,-1.,2.22044604925E-16));
#7660 = DIRECTION('',(1.,2.254526039504E-97,-5.197704882822E-113));
#7661 = PCURVE('',#3078,#7662);
#7662 = DEFINITIONAL_REPRESENTATION('',(#7663),#7666);
#7663 = B_SPLINE_CURVE_WITH_KNOTS('',1,(#7664,#7665),.UNSPECIFIED.,.F.,
  .F.,(2,2),(0.,6.28318530718),.PIECEWISE_BEZIER_KNOTS.);
#7664 = CARTESIAN_POINT('',(0.,-14.5));
#7665 = CARTESIAN_POINT('',(-6.28318530718,-14.5));
#7666 = ( GEOMETRIC_REPRESENTATION_CONTEXT(2) 
PARAMETRIC_REPRESENTATION_CONTEXT() REPRESENTATION_CONTEXT('2D SPACE',''
  ) );
#7667 = PCURVE('',#7668,#7673);
#7668 = PLANE('',#7669);
#7669 = AXIS2_PLACEMENT_3D('',#7670,#7671,#7672);
#7670 = CARTESIAN_POINT('',(-20.45454545454,-17.5,32.));
#7671 = DIRECTION('',(0.,1.,-4.930380657631E-32));
#7672 = DIRECTION('',(0.,4.930380657631E-32,1.));
#7673 = DEFINITIONAL_REPRESENTATION('',(#7674),#7682);
#7674 = ( BOUNDED_CURVE() B_SPLINE_CURVE(2,(#7675,#7676,#7677,#7678,
#7679,#7680,#7681),.UNSPECIFIED.,.T.,.F.) B_SPLINE_CURVE_WITH_KNOTS((1,2
    ,2,2,2,1),(-2.094395102393,0.,2.094395102393,4.188790204786,
6.28318530718,8.377580409573),.UNSPECIFIED.) CURVE() 
GEOMETRIC_REPRESENTATION_ITEM() RATIONAL_B_SPLINE_CURVE((1.,0.5,1.,0.5,
1.,0.5,1.)) REPRESENTATION_ITEM('') );
#7675 = CARTESIAN_POINT('',(-3.552713678801E-15,1.));
#7676 = CARTESIAN_POINT('',(1.732050807569,1.));
#7677 = CARTESIAN_POINT('',(0.866025403784,-0.5));
#7678 = CARTESIAN_POINT('',(-3.307784318971E-15,-2.));
#7679 = CARTESIAN_POINT('',(-0.866025403784,-0.5));
#7680 = CARTESIAN_POINT('',(-1.732050807569,1.));
#7681 = CARTESIAN_POINT('',(-3.552713678801E-15,1.));
#7682 = ( GEOMETRIC_REPRESENTATION_CONTEXT(2) 
PARAMETRIC_REPRESENTATION_CONTEXT() REPRESENTATION_CONTEXT('2D SPACE',''
  ) );
#7683 = ORIENTED_EDGE('',*,*,#7633,.F.);
#7684 = ORIENTED_EDGE('',*,*,#3057,.F.);
#7685 = ADVANCED_FACE('',(#7686),#3112,.T.);
#7686 = FACE_BOUND('',#7687,.F.);
#7687 = EDGE_LOOP('',(#7688,#7709,#7739,#7740));
#7688 = ORIENTED_EDGE('',*,*,#7689,.T.);
#7689 = EDGE_CURVE('',#3092,#7690,#7692,.T.);
#7690 = VERTEX_POINT('',#7691);
#7691 = CARTESIAN_POINT('',(-14.90909090909,-17.5,27.));
#7692 = SEAM_CURVE('',#7693,(#7697,#7703),.PCURVE_S1.);
#7693 = LINE('',#7694,#7695);
#7694 = CARTESIAN_POINT('',(-14.90909090909,-3.,27.));
#7695 = VECTOR('',#7696,1.);
#7696 = DIRECTION('',(2.254526039504E-97,-1.,2.22044604925E-16));
#7697 = PCURVE('',#3112,#7698);
#7698 = DEFINITIONAL_REPRESENTATION('',(#7699),#7702);
#7699 = B_SPLINE_CURVE_WITH_KNOTS('',1,(#7700,#7701),.UNSPECIFIED.,.F.,
  .F.,(2,2),(0.,14.5),.PIECEWISE_BEZIER_KNOTS.);
#7700 = CARTESIAN_POINT('',(0.,0.));
#7701 = CARTESIAN_POINT('',(0.,-14.5));
#7702 = ( GEOMETRIC_REPRESENTATION_CONTEXT(2) 
PARAMETRIC_REPRESENTATION_CONTEXT() REPRESENTATION_CONTEXT('2D SPACE',''
  ) );
#7703 = PCURVE('',#3112,#7704);
#7704 = DEFINITIONAL_REPRESENTATION('',(#7705),#7708);
#7705 = B_SPLINE_CURVE_WITH_KNOTS('',1,(#7706,#7707),.UNSPECIFIED.,.F.,
  .F.,(2,2),(0.,14.5),.PIECEWISE_BEZIER_KNOTS.);
#7706 = CARTESIAN_POINT('',(-6.28318530718,0.));
#7707 = CARTESIAN_POINT('',(-6.28318530718,-14.5));
#7708 = ( GEOMETRIC_REPRESENTATION_CONTEXT(2) 
PARAMETRIC_REPRESENTATION_CONTEXT() REPRESENTATION_CONTEXT('2D SPACE',''
  ) );
#7709 = ORIENTED_EDGE('',*,*,#7710,.T.);
#7710 = EDGE_CURVE('',#7690,#7690,#7711,.T.);
#7711 = SURFACE_CURVE('',#7712,(#7717,#7723),.PCURVE_S1.);
#7712 = CIRCLE('',#7713,1.);
#7713 = AXIS2_PLACEMENT_3D('',#7714,#7715,#7716);
#7714 = CARTESIAN_POINT('',(-15.90909090909,-17.5,27.));
#7715 = DIRECTION('',(2.254526039504E-97,-1.,2.22044604925E-16));
#7716 = DIRECTION('',(1.,2.254526039504E-97,-5.197704882822E-113));
#7717 = PCURVE('',#3112,#7718);
#7718 = DEFINITIONAL_REPRESENTATION('',(#7719),#7722);
#7719 = B_SPLINE_CURVE_WITH_KNOTS('',1,(#7720,#7721),.UNSPECIFIED.,.F.,
  .F.,(2,2),(0.,6.28318530718),.PIECEWISE_BEZIER_KNOTS.);
#7720 = CARTESIAN_POINT('',(0.,-14.5));
#7721 = CARTESIAN_POINT('',(-6.28318530718,-14.5));
#7722 = ( GEOMETRIC_REPRESENTATION_CONTEXT(2) 
PARAMETRIC_REPRESENTATION_CONTEXT() REPRESENTATION_CONTEXT('2D SPACE',''
  ) );
#7723 = PCURVE('',#7724,#7729);
#7724 = PLANE('',#7725);
#7725 = AXIS2_PLACEMENT_3D('',#7726,#7727,#7728);
#7726 = CARTESIAN_POINT('',(-15.90909090909,-17.5,27.));
#7727 = DIRECTION('',(0.,1.,-4.930380657631E-32));
#7728 = DIRECTION('',(0.,4.930380657631E-32,1.));
#7729 = DEFINITIONAL_REPRESENTATION('',(#7730),#7738);
#7730 = ( BOUNDED_CURVE() B_SPLINE_CURVE(2,(#7731,#7732,#7733,#7734,
#7735,#7736,#7737),.UNSPECIFIED.,.T.,.F.) B_SPLINE_CURVE_WITH_KNOTS((1,2
    ,2,2,2,1),(-2.094395102393,0.,2.094395102393,4.188790204786,
6.28318530718,8.377580409573),.UNSPECIFIED.) CURVE() 
GEOMETRIC_REPRESENTATION_ITEM() RATIONAL_B_SPLINE_CURVE((1.,0.5,1.,0.5,
1.,0.5,1.)) REPRESENTATION_ITEM('') );
#7731 = CARTESIAN_POINT('',(-5.006053437348E-113,1.));
#7732 = CARTESIAN_POINT('',(1.732050807569,1.));
#7733 = CARTESIAN_POINT('',(0.866025403784,-0.5));
#7734 = CARTESIAN_POINT('',(2.449293598295E-16,-2.));
#7735 = CARTESIAN_POINT('',(-0.866025403784,-0.5));
#7736 = CARTESIAN_POINT('',(-1.732050807569,1.));
#7737 = CARTESIAN_POINT('',(-5.006053437348E-113,1.));
#7738 = ( GEOMETRIC_REPRESENTATION_CONTEXT(2) 
PARAMETRIC_REPRESENTATION_CONTEXT() REPRESENTATION_CONTEXT('2D SPACE',''
  ) );
#7739 = ORIENTED_EDGE('',*,*,#7689,.F.);
#7740 = ORIENTED_EDGE('',*,*,#3091,.F.);
#7741 = ADVANCED_FACE('',(#7742),#3146,.T.);
#7742 = FACE_BOUND('',#7743,.F.);
#7743 = EDGE_LOOP('',(#7744,#7765,#7795,#7796));
#7744 = ORIENTED_EDGE('',*,*,#7745,.T.);
#7745 = EDGE_CURVE('',#3126,#7746,#7748,.T.);
#7746 = VERTEX_POINT('',#7747);
#7747 = CARTESIAN_POINT('',(-14.90909090909,-17.5,32.));
#7748 = SEAM_CURVE('',#7749,(#7753,#7759),.PCURVE_S1.);
#7749 = LINE('',#7750,#7751);
#7750 = CARTESIAN_POINT('',(-14.90909090909,-3.,32.));
#7751 = VECTOR('',#7752,1.);
#7752 = DIRECTION('',(2.254526039504E-97,-1.,2.22044604925E-16));
#7753 = PCURVE('',#3146,#7754);
#7754 = DEFINITIONAL_REPRESENTATION('',(#7755),#7758);
#7755 = B_SPLINE_CURVE_WITH_KNOTS('',1,(#7756,#7757),.UNSPECIFIED.,.F.,
  .F.,(2,2),(0.,14.5),.PIECEWISE_BEZIER_KNOTS.);
#7756 = CARTESIAN_POINT('',(0.,0.));
#7757 = CARTESIAN_POINT('',(0.,-14.5));
#7758 = ( GEOMETRIC_REPRESENTATION_CONTEXT(2) 
PARAMETRIC_REPRESENTATION_CONTEXT() REPRESENTATION_CONTEXT('2D SPACE',''
  ) );
#7759 = PCURVE('',#3146,#7760);
#7760 = DEFINITIONAL_REPRESENTATION('',(#7761),#7764);
#7761 = B_SPLINE_CURVE_WITH_KNOTS('',1,(#7762,#7763),.UNSPECIFIED.,.F.,
  .F.,(2,2),(0.,14.5),.PIECEWISE_BEZIER_KNOTS.);
#7762 = CARTESIAN_POINT('',(-6.28318530718,0.));
#7763 = CARTESIAN_POINT('',(-6.28318530718,-14.5));
#7764 = ( GEOMETRIC_REPRESENTATION_CONTEXT(2) 
PARAMETRIC_REPRESENTATION_CONTEXT() REPRESENTATION_CONTEXT('2D SPACE',''
  ) );
#7765 = ORIENTED_EDGE('',*,*,#7766,.T.);
#7766 = EDGE_CURVE('',#7746,#7746,#7767,.T.);
#7767 = SURFACE_CURVE('',#7768,(#7773,#7779),.PCURVE_S1.);
#7768 = CIRCLE('',#7769,1.);
#7769 = AXIS2_PLACEMENT_3D('',#7770,#7771,#7772);
#7770 = CARTESIAN_POINT('',(-15.90909090909,-17.5,32.));
#7771 = DIRECTION('',(2.254526039504E-97,-1.,2.22044604925E-16));
#7772 = DIRECTION('',(1.,2.254526039504E-97,-5.197704882822E-113));
#7773 = PCURVE('',#3146,#7774);
#7774 = DEFINITIONAL_REPRESENTATION('',(#7775),#7778);
#7775 = B_SPLINE_CURVE_WITH_KNOTS('',1,(#7776,#7777),.UNSPECIFIED.,.F.,
  .F.,(2,2),(0.,6.28318530718),.PIECEWISE_BEZIER_KNOTS.);
#7776 = CARTESIAN_POINT('',(0.,-14.5));
#7777 = CARTESIAN_POINT('',(-6.28318530718,-14.5));
#7778 = ( GEOMETRIC_REPRESENTATION_CONTEXT(2) 
PARAMETRIC_REPRESENTATION_CONTEXT() REPRESENTATION_CONTEXT('2D SPACE',''
  ) );
#7779 = PCURVE('',#7780,#7785);
#7780 = PLANE('',#7781);
#7781 = AXIS2_PLACEMENT_3D('',#7782,#7783,#7784);
#7782 = CARTESIAN_POINT('',(-15.90909090909,-17.5,32.));
#7783 = DIRECTION('',(0.,1.,-4.930380657631E-32));
#7784 = DIRECTION('',(0.,4.930380657631E-32,1.));
#7785 = DEFINITIONAL_REPRESENTATION('',(#7786),#7794);
#7786 = ( BOUNDED_CURVE() B_SPLINE_CURVE(2,(#7787,#7788,#7789,#7790,
#7791,#7792,#7793),.UNSPECIFIED.,.T.,.F.) B_SPLINE_CURVE_WITH_KNOTS((1,2
    ,2,2,2,1),(-2.094395102393,0.,2.094395102393,4.188790204786,
6.28318530718,8.377580409573),.UNSPECIFIED.) CURVE() 
GEOMETRIC_REPRESENTATION_ITEM() RATIONAL_B_SPLINE_CURVE((1.,0.5,1.,0.5,
1.,0.5,1.)) REPRESENTATION_ITEM('') );
#7787 = CARTESIAN_POINT('',(-3.552713678801E-15,1.));
#7788 = CARTESIAN_POINT('',(1.732050807569,1.));
#7789 = CARTESIAN_POINT('',(0.866025403784,-0.5));
#7790 = CARTESIAN_POINT('',(-3.307784318971E-15,-2.));
#7791 = CARTESIAN_POINT('',(-0.866025403784,-0.5));
#7792 = CARTESIAN_POINT('',(-1.732050807569,1.));
#7793 = CARTESIAN_POINT('',(-3.552713678801E-15,1.));
#7794 = ( GEOMETRIC_REPRESENTATION_CONTEXT(2) 
PARAMETRIC_REPRESENTATION_CONTEXT() REPRESENTATION_CONTEXT('2D SPACE',''
  ) );
#7795 = ORIENTED_EDGE('',*,*,#7745,.F.);
#7796 = ORIENTED_EDGE('',*,*,#3125,.F.);
#7797 = ADVANCED_FACE('',(#7798),#3180,.T.);
#7798 = FACE_BOUND('',#7799,.F.);
#7799 = EDGE_LOOP('',(#7800,#7821,#7851,#7852));
#7800 = ORIENTED_EDGE('',*,*,#7801,.T.);
#7801 = EDGE_CURVE('',#3160,#7802,#7804,.T.);
#7802 = VERTEX_POINT('',#7803);
#7803 = CARTESIAN_POINT('',(-10.36363636363,-17.5,22.));
#7804 = SEAM_CURVE('',#7805,(#7809,#7815),.PCURVE_S1.);
#7805 = LINE('',#7806,#7807);
#7806 = CARTESIAN_POINT('',(-10.36363636363,-3.,22.));
#7807 = VECTOR('',#7808,1.);
#7808 = DIRECTION('',(2.254526039504E-97,-1.,2.22044604925E-16));
#7809 = PCURVE('',#3180,#7810);
#7810 = DEFINITIONAL_REPRESENTATION('',(#7811),#7814);
#7811 = B_SPLINE_CURVE_WITH_KNOTS('',1,(#7812,#7813),.UNSPECIFIED.,.F.,
  .F.,(2,2),(0.,14.5),.PIECEWISE_BEZIER_KNOTS.);
#7812 = CARTESIAN_POINT('',(0.,0.));
#7813 = CARTESIAN_POINT('',(0.,-14.5));
#7814 = ( GEOMETRIC_REPRESENTATION_CONTEXT(2) 
PARAMETRIC_REPRESENTATION_CONTEXT() REPRESENTATION_CONTEXT('2D SPACE',''
  ) );
#7815 = PCURVE('',#3180,#7816);
#7816 = DEFINITIONAL_REPRESENTATION('',(#7817),#7820);
#7817 = B_SPLINE_CURVE_WITH_KNOTS('',1,(#7818,#7819),.UNSPECIFIED.,.F.,
  .F.,(2,2),(0.,14.5),.PIECEWISE_BEZIER_KNOTS.);
#7818 = CARTESIAN_POINT('',(-6.28318530718,0.));
#7819 = CARTESIAN_POINT('',(-6.28318530718,-14.5));
#7820 = ( GEOMETRIC_REPRESENTATION_CONTEXT(2) 
PARAMETRIC_REPRESENTATION_CONTEXT() REPRESENTATION_CONTEXT('2D SPACE',''
  ) );
#7821 = ORIENTED_EDGE('',*,*,#7822,.T.);
#7822 = EDGE_CURVE('',#7802,#7802,#7823,.T.);
#7823 = SURFACE_CURVE('',#7824,(#7829,#7835),.PCURVE_S1.);
#7824 = CIRCLE('',#7825,1.);
#7825 = AXIS2_PLACEMENT_3D('',#7826,#7827,#7828);
#7826 = CARTESIAN_POINT('',(-11.36363636363,-17.5,22.));
#7827 = DIRECTION('',(2.254526039504E-97,-1.,2.22044604925E-16));
#7828 = DIRECTION('',(1.,2.254526039504E-97,-5.197704882822E-113));
#7829 = PCURVE('',#3180,#7830);
#7830 = DEFINITIONAL_REPRESENTATION('',(#7831),#7834);
#7831 = B_SPLINE_CURVE_WITH_KNOTS('',1,(#7832,#7833),.UNSPECIFIED.,.F.,
  .F.,(2,2),(0.,6.28318530718),.PIECEWISE_BEZIER_KNOTS.);
#7832 = CARTESIAN_POINT('',(0.,-14.5));
#7833 = CARTESIAN_POINT('',(-6.28318530718,-14.5));
#7834 = ( GEOMETRIC_REPRESENTATION_CONTEXT(2) 
PARAMETRIC_REPRESENTATION_CONTEXT() REPRESENTATION_CONTEXT('2D SPACE',''
  ) );
#7835 = PCURVE('',#7836,#7841);
#7836 = PLANE('',#7837);
#7837 = AXIS2_PLACEMENT_3D('',#7838,#7839,#7840);
#7838 = CARTESIAN_POINT('',(-11.36363636363,-17.5,22.));
#7839 = DIRECTION('',(0.,1.,-4.930380657631E-32));
#7840 = DIRECTION('',(0.,4.930380657631E-32,1.));
#7841 = DEFINITIONAL_REPRESENTATION('',(#7842),#7850);
#7842 = ( BOUNDED_CURVE() B_SPLINE_CURVE(2,(#7843,#7844,#7845,#7846,
#7847,#7848,#7849),.UNSPECIFIED.,.T.,.F.) B_SPLINE_CURVE_WITH_KNOTS((1,2
    ,2,2,2,1),(-2.094395102393,0.,2.094395102393,4.188790204786,
6.28318530718,8.377580409573),.UNSPECIFIED.) CURVE() 
GEOMETRIC_REPRESENTATION_ITEM() RATIONAL_B_SPLINE_CURVE((1.,0.5,1.,0.5,
1.,0.5,1.)) REPRESENTATION_ITEM('') );
#7843 = CARTESIAN_POINT('',(3.552713678801E-15,1.));
#7844 = CARTESIAN_POINT('',(1.732050807569,1.));
#7845 = CARTESIAN_POINT('',(0.866025403784,-0.5));
#7846 = CARTESIAN_POINT('',(3.79764303863E-15,-2.));
#7847 = CARTESIAN_POINT('',(-0.866025403784,-0.5));
#7848 = CARTESIAN_POINT('',(-1.732050807569,1.));
#7849 = CARTESIAN_POINT('',(3.552713678801E-15,1.));
#7850 = ( GEOMETRIC_REPRESENTATION_CONTEXT(2) 
PARAMETRIC_REPRESENTATION_CONTEXT() REPRESENTATION_CONTEXT('2D SPACE',''
  ) );
#7851 = ORIENTED_EDGE('',*,*,#7801,.F.);
#7852 = ORIENTED_EDGE('',*,*,#3159,.F.);
#7853 = ADVANCED_FACE('',(#7854),#3214,.T.);
#7854 = FACE_BOUND('',#7855,.F.);
#7855 = EDGE_LOOP('',(#7856,#7877,#7907,#7908));
#7856 = ORIENTED_EDGE('',*,*,#7857,.T.);
#7857 = EDGE_CURVE('',#3194,#7858,#7860,.T.);
#7858 = VERTEX_POINT('',#7859);
#7859 = CARTESIAN_POINT('',(-5.818181818182,-17.5,22.));
#7860 = SEAM_CURVE('',#7861,(#7865,#7871),.PCURVE_S1.);
#7861 = LINE('',#7862,#7863);
#7862 = CARTESIAN_POINT('',(-5.818181818182,-3.,22.));
#7863 = VECTOR('',#7864,1.);
#7864 = DIRECTION('',(2.254526039504E-97,-1.,2.22044604925E-16));
#7865 = PCURVE('',#3214,#7866);
#7866 = DEFINITIONAL_REPRESENTATION('',(#7867),#7870);
#7867 = B_SPLINE_CURVE_WITH_KNOTS('',1,(#7868,#7869),.UNSPECIFIED.,.F.,
  .F.,(2,2),(0.,14.5),.PIECEWISE_BEZIER_KNOTS.);
#7868 = CARTESIAN_POINT('',(0.,0.));
#7869 = CARTESIAN_POINT('',(0.,-14.5));
#7870 = ( GEOMETRIC_REPRESENTATION_CONTEXT(2) 
PARAMETRIC_REPRESENTATION_CONTEXT() REPRESENTATION_CONTEXT('2D SPACE',''
  ) );
#7871 = PCURVE('',#3214,#7872);
#7872 = DEFINITIONAL_REPRESENTATION('',(#7873),#7876);
#7873 = B_SPLINE_CURVE_WITH_KNOTS('',1,(#7874,#7875),.UNSPECIFIED.,.F.,
  .F.,(2,2),(0.,14.5),.PIECEWISE_BEZIER_KNOTS.);
#7874 = CARTESIAN_POINT('',(-6.28318530718,0.));
#7875 = CARTESIAN_POINT('',(-6.28318530718,-14.5));
#7876 = ( GEOMETRIC_REPRESENTATION_CONTEXT(2) 
PARAMETRIC_REPRESENTATION_CONTEXT() REPRESENTATION_CONTEXT('2D SPACE',''
  ) );
#7877 = ORIENTED_EDGE('',*,*,#7878,.T.);
#7878 = EDGE_CURVE('',#7858,#7858,#7879,.T.);
#7879 = SURFACE_CURVE('',#7880,(#7885,#7891),.PCURVE_S1.);
#7880 = CIRCLE('',#7881,1.);
#7881 = AXIS2_PLACEMENT_3D('',#7882,#7883,#7884);
#7882 = CARTESIAN_POINT('',(-6.818181818182,-17.5,22.));
#7883 = DIRECTION('',(2.254526039504E-97,-1.,2.22044604925E-16));
#7884 = DIRECTION('',(1.,2.254526039504E-97,-5.197704882822E-113));
#7885 = PCURVE('',#3214,#7886);
#7886 = DEFINITIONAL_REPRESENTATION('',(#7887),#7890);
#7887 = B_SPLINE_CURVE_WITH_KNOTS('',1,(#7888,#7889),.UNSPECIFIED.,.F.,
  .F.,(2,2),(0.,6.28318530718),.PIECEWISE_BEZIER_KNOTS.);
#7888 = CARTESIAN_POINT('',(0.,-14.5));
#7889 = CARTESIAN_POINT('',(-6.28318530718,-14.5));
#7890 = ( GEOMETRIC_REPRESENTATION_CONTEXT(2) 
PARAMETRIC_REPRESENTATION_CONTEXT() REPRESENTATION_CONTEXT('2D SPACE',''
  ) );
#7891 = PCURVE('',#7892,#7897);
#7892 = PLANE('',#7893);
#7893 = AXIS2_PLACEMENT_3D('',#7894,#7895,#7896);
#7894 = CARTESIAN_POINT('',(-6.818181818182,-17.5,22.));
#7895 = DIRECTION('',(0.,1.,-4.930380657631E-32));
#7896 = DIRECTION('',(0.,4.930380657631E-32,1.));
#7897 = DEFINITIONAL_REPRESENTATION('',(#7898),#7906);
#7898 = ( BOUNDED_CURVE() B_SPLINE_CURVE(2,(#7899,#7900,#7901,#7902,
#7903,#7904,#7905),.UNSPECIFIED.,.T.,.F.) B_SPLINE_CURVE_WITH_KNOTS((1,2
    ,2,2,2,1),(-2.094395102393,0.,2.094395102393,4.188790204786,
6.28318530718,8.377580409573),.UNSPECIFIED.) CURVE() 
GEOMETRIC_REPRESENTATION_ITEM() RATIONAL_B_SPLINE_CURVE((1.,0.5,1.,0.5,
1.,0.5,1.)) REPRESENTATION_ITEM('') );
#7899 = CARTESIAN_POINT('',(3.552713678801E-15,1.));
#7900 = CARTESIAN_POINT('',(1.732050807569,1.));
#7901 = CARTESIAN_POINT('',(0.866025403784,-0.5));
#7902 = CARTESIAN_POINT('',(3.79764303863E-15,-2.));
#7903 = CARTESIAN_POINT('',(-0.866025403784,-0.5));
#7904 = CARTESIAN_POINT('',(-1.732050807569,1.));
#7905 = CARTESIAN_POINT('',(3.552713678801E-15,1.));
#7906 = ( GEOMETRIC_REPRESENTATION_CONTEXT(2) 
PARAMETRIC_REPRESENTATION_CONTEXT() REPRESENTATION_CONTEXT('2D SPACE',''
  ) );
#7907 = ORIENTED_EDGE('',*,*,#7857,.F.);
#7908 = ORIENTED_EDGE('',*,*,#3193,.F.);
#7909 = ADVANCED_FACE('',(#7910),#3248,.T.);
#7910 = FACE_BOUND('',#7911,.F.);
#7911 = EDGE_LOOP('',(#7912,#7933,#7963,#7964));
#7912 = ORIENTED_EDGE('',*,*,#7913,.T.);
#7913 = EDGE_CURVE('',#3228,#7914,#7916,.T.);
#7914 = VERTEX_POINT('',#7915);
#7915 = CARTESIAN_POINT('',(-1.272727272727,-17.5,22.));
#7916 = SEAM_CURVE('',#7917,(#7921,#7927),.PCURVE_S1.);
#7917 = LINE('',#7918,#7919);
#7918 = CARTESIAN_POINT('',(-1.272727272727,-3.,22.));
#7919 = VECTOR('',#7920,1.);
#7920 = DIRECTION('',(2.254526039504E-97,-1.,2.22044604925E-16));
#7921 = PCURVE('',#3248,#7922);
#7922 = DEFINITIONAL_REPRESENTATION('',(#7923),#7926);
#7923 = B_SPLINE_CURVE_WITH_KNOTS('',1,(#7924,#7925),.UNSPECIFIED.,.F.,
  .F.,(2,2),(0.,14.5),.PIECEWISE_BEZIER_KNOTS.);
#7924 = CARTESIAN_POINT('',(0.,0.));
#7925 = CARTESIAN_POINT('',(0.,-14.5));
#7926 = ( GEOMETRIC_REPRESENTATION_CONTEXT(2) 
PARAMETRIC_REPRESENTATION_CONTEXT() REPRESENTATION_CONTEXT('2D SPACE',''
  ) );
#7927 = PCURVE('',#3248,#7928);
#7928 = DEFINITIONAL_REPRESENTATION('',(#7929),#7932);
#7929 = B_SPLINE_CURVE_WITH_KNOTS('',1,(#7930,#7931),.UNSPECIFIED.,.F.,
  .F.,(2,2),(0.,14.5),.PIECEWISE_BEZIER_KNOTS.);
#7930 = CARTESIAN_POINT('',(-6.28318530718,0.));
#7931 = CARTESIAN_POINT('',(-6.28318530718,-14.5));
#7932 = ( GEOMETRIC_REPRESENTATION_CONTEXT(2) 
PARAMETRIC_REPRESENTATION_CONTEXT() REPRESENTATION_CONTEXT('2D SPACE',''
  ) );
#7933 = ORIENTED_EDGE('',*,*,#7934,.T.);
#7934 = EDGE_CURVE('',#7914,#7914,#7935,.T.);
#7935 = SURFACE_CURVE('',#7936,(#7941,#7947),.PCURVE_S1.);
#7936 = CIRCLE('',#7937,1.);
#7937 = AXIS2_PLACEMENT_3D('',#7938,#7939,#7940);
#7938 = CARTESIAN_POINT('',(-2.272727272727,-17.5,22.));
#7939 = DIRECTION('',(2.254526039504E-97,-1.,2.22044604925E-16));
#7940 = DIRECTION('',(1.,2.254526039504E-97,-5.197704882822E-113));
#7941 = PCURVE('',#3248,#7942);
#7942 = DEFINITIONAL_REPRESENTATION('',(#7943),#7946);
#7943 = B_SPLINE_CURVE_WITH_KNOTS('',1,(#7944,#7945),.UNSPECIFIED.,.F.,
  .F.,(2,2),(0.,6.28318530718),.PIECEWISE_BEZIER_KNOTS.);
#7944 = CARTESIAN_POINT('',(0.,-14.5));
#7945 = CARTESIAN_POINT('',(-6.28318530718,-14.5));
#7946 = ( GEOMETRIC_REPRESENTATION_CONTEXT(2) 
PARAMETRIC_REPRESENTATION_CONTEXT() REPRESENTATION_CONTEXT('2D SPACE',''
  ) );
#7947 = PCURVE('',#7948,#7953);
#7948 = PLANE('',#7949);
#7949 = AXIS2_PLACEMENT_3D('',#7950,#7951,#7952);
#7950 = CARTESIAN_POINT('',(-2.272727272727,-17.5,22.));
#7951 = DIRECTION('',(0.,1.,-4.930380657631E-32));
#7952 = DIRECTION('',(0.,4.930380657631E-32,1.));
#7953 = DEFINITIONAL_REPRESENTATION('',(#7954),#7962);
#7954 = ( BOUNDED_CURVE() B_SPLINE_CURVE(2,(#7955,#7956,#7957,#7958,
#7959,#7960,#7961),.UNSPECIFIED.,.T.,.F.) B_SPLINE_CURVE_WITH_KNOTS((1,2
    ,2,2,2,1),(-2.094395102393,0.,2.094395102393,4.188790204786,
6.28318530718,8.377580409573),.UNSPECIFIED.) CURVE() 
GEOMETRIC_REPRESENTATION_ITEM() RATIONAL_B_SPLINE_CURVE((1.,0.5,1.,0.5,
1.,0.5,1.)) REPRESENTATION_ITEM('') );
#7955 = CARTESIAN_POINT('',(3.552713678801E-15,1.));
#7956 = CARTESIAN_POINT('',(1.732050807569,1.));
#7957 = CARTESIAN_POINT('',(0.866025403784,-0.5));
#7958 = CARTESIAN_POINT('',(3.79764303863E-15,-2.));
#7959 = CARTESIAN_POINT('',(-0.866025403784,-0.5));
#7960 = CARTESIAN_POINT('',(-1.732050807569,1.));
#7961 = CARTESIAN_POINT('',(3.552713678801E-15,1.));
#7962 = ( GEOMETRIC_REPRESENTATION_CONTEXT(2) 
PARAMETRIC_REPRESENTATION_CONTEXT() REPRESENTATION_CONTEXT('2D SPACE',''
  ) );
#7963 = ORIENTED_EDGE('',*,*,#7913,.F.);
#7964 = ORIENTED_EDGE('',*,*,#3227,.F.);
#7965 = ADVANCED_FACE('',(#7966),#3282,.T.);
#7966 = FACE_BOUND('',#7967,.F.);
#7967 = EDGE_LOOP('',(#7968,#7989,#8019,#8020));
#7968 = ORIENTED_EDGE('',*,*,#7969,.T.);
#7969 = EDGE_CURVE('',#3262,#7970,#7972,.T.);
#7970 = VERTEX_POINT('',#7971);
#7971 = CARTESIAN_POINT('',(-10.36363636363,-17.5,27.));
#7972 = SEAM_CURVE('',#7973,(#7977,#7983),.PCURVE_S1.);
#7973 = LINE('',#7974,#7975);
#7974 = CARTESIAN_POINT('',(-10.36363636363,-3.,27.));
#7975 = VECTOR('',#7976,1.);
#7976 = DIRECTION('',(2.254526039504E-97,-1.,2.22044604925E-16));
#7977 = PCURVE('',#3282,#7978);
#7978 = DEFINITIONAL_REPRESENTATION('',(#7979),#7982);
#7979 = B_SPLINE_CURVE_WITH_KNOTS('',1,(#7980,#7981),.UNSPECIFIED.,.F.,
  .F.,(2,2),(0.,14.5),.PIECEWISE_BEZIER_KNOTS.);
#7980 = CARTESIAN_POINT('',(0.,0.));
#7981 = CARTESIAN_POINT('',(0.,-14.5));
#7982 = ( GEOMETRIC_REPRESENTATION_CONTEXT(2) 
PARAMETRIC_REPRESENTATION_CONTEXT() REPRESENTATION_CONTEXT('2D SPACE',''
  ) );
#7983 = PCURVE('',#3282,#7984);
#7984 = DEFINITIONAL_REPRESENTATION('',(#7985),#7988);
#7985 = B_SPLINE_CURVE_WITH_KNOTS('',1,(#7986,#7987),.UNSPECIFIED.,.F.,
  .F.,(2,2),(0.,14.5),.PIECEWISE_BEZIER_KNOTS.);
#7986 = CARTESIAN_POINT('',(-6.28318530718,0.));
#7987 = CARTESIAN_POINT('',(-6.28318530718,-14.5));
#7988 = ( GEOMETRIC_REPRESENTATION_CONTEXT(2) 
PARAMETRIC_REPRESENTATION_CONTEXT() REPRESENTATION_CONTEXT('2D SPACE',''
  ) );
#7989 = ORIENTED_EDGE('',*,*,#7990,.T.);
#7990 = EDGE_CURVE('',#7970,#7970,#7991,.T.);
#7991 = SURFACE_CURVE('',#7992,(#7997,#8003),.PCURVE_S1.);
#7992 = CIRCLE('',#7993,1.);
#7993 = AXIS2_PLACEMENT_3D('',#7994,#7995,#7996);
#7994 = CARTESIAN_POINT('',(-11.36363636363,-17.5,27.));
#7995 = DIRECTION('',(2.254526039504E-97,-1.,2.22044604925E-16));
#7996 = DIRECTION('',(1.,2.254526039504E-97,-5.197704882822E-113));
#7997 = PCURVE('',#3282,#7998);
#7998 = DEFINITIONAL_REPRESENTATION('',(#7999),#8002);
#7999 = B_SPLINE_CURVE_WITH_KNOTS('',1,(#8000,#8001),.UNSPECIFIED.,.F.,
  .F.,(2,2),(0.,6.28318530718),.PIECEWISE_BEZIER_KNOTS.);
#8000 = CARTESIAN_POINT('',(0.,-14.5));
#8001 = CARTESIAN_POINT('',(-6.28318530718,-14.5));
#8002 = ( GEOMETRIC_REPRESENTATION_CONTEXT(2) 
PARAMETRIC_REPRESENTATION_CONTEXT() REPRESENTATION_CONTEXT('2D SPACE',''
  ) );
#8003 = PCURVE('',#8004,#8009);
#8004 = PLANE('',#8005);
#8005 = AXIS2_PLACEMENT_3D('',#8006,#8007,#8008);
#8006 = CARTESIAN_POINT('',(-11.36363636363,-17.5,27.));
#8007 = DIRECTION('',(0.,1.,-4.930380657631E-32));
#8008 = DIRECTION('',(0.,4.930380657631E-32,1.));
#8009 = DEFINITIONAL_REPRESENTATION('',(#8010),#8018);
#8010 = ( BOUNDED_CURVE() B_SPLINE_CURVE(2,(#8011,#8012,#8013,#8014,
#8015,#8016,#8017),.UNSPECIFIED.,.T.,.F.) B_SPLINE_CURVE_WITH_KNOTS((1,2
    ,2,2,2,1),(-2.094395102393,0.,2.094395102393,4.188790204786,
6.28318530718,8.377580409573),.UNSPECIFIED.) CURVE() 
GEOMETRIC_REPRESENTATION_ITEM() RATIONAL_B_SPLINE_CURVE((1.,0.5,1.,0.5,
1.,0.5,1.)) REPRESENTATION_ITEM('') );
#8011 = CARTESIAN_POINT('',(-5.006053437348E-113,1.));
#8012 = CARTESIAN_POINT('',(1.732050807569,1.));
#8013 = CARTESIAN_POINT('',(0.866025403784,-0.5));
#8014 = CARTESIAN_POINT('',(2.449293598295E-16,-2.));
#8015 = CARTESIAN_POINT('',(-0.866025403784,-0.5));
#8016 = CARTESIAN_POINT('',(-1.732050807569,1.));
#8017 = CARTESIAN_POINT('',(-5.006053437348E-113,1.));
#8018 = ( GEOMETRIC_REPRESENTATION_CONTEXT(2) 
PARAMETRIC_REPRESENTATION_CONTEXT() REPRESENTATION_CONTEXT('2D SPACE',''
  ) );
#8019 = ORIENTED_EDGE('',*,*,#7969,.F.);
#8020 = ORIENTED_EDGE('',*,*,#3261,.F.);
#8021 = ADVANCED_FACE('',(#8022),#3316,.T.);
#8022 = FACE_BOUND('',#8023,.F.);
#8023 = EDGE_LOOP('',(#8024,#8045,#8075,#8076));
#8024 = ORIENTED_EDGE('',*,*,#8025,.T.);
#8025 = EDGE_CURVE('',#3296,#8026,#8028,.T.);
#8026 = VERTEX_POINT('',#8027);
#8027 = CARTESIAN_POINT('',(-5.818181818182,-17.5,27.));
#8028 = SEAM_CURVE('',#8029,(#8033,#8039),.PCURVE_S1.);
#8029 = LINE('',#8030,#8031);
#8030 = CARTESIAN_POINT('',(-5.818181818182,-3.,27.));
#8031 = VECTOR('',#8032,1.);
#8032 = DIRECTION('',(2.254526039504E-97,-1.,2.22044604925E-16));
#8033 = PCURVE('',#3316,#8034);
#8034 = DEFINITIONAL_REPRESENTATION('',(#8035),#8038);
#8035 = B_SPLINE_CURVE_WITH_KNOTS('',1,(#8036,#8037),.UNSPECIFIED.,.F.,
  .F.,(2,2),(0.,14.5),.PIECEWISE_BEZIER_KNOTS.);
#8036 = CARTESIAN_POINT('',(0.,0.));
#8037 = CARTESIAN_POINT('',(0.,-14.5));
#8038 = ( GEOMETRIC_REPRESENTATION_CONTEXT(2) 
PARAMETRIC_REPRESENTATION_CONTEXT() REPRESENTATION_CONTEXT('2D SPACE',''
  ) );
#8039 = PCURVE('',#3316,#8040);
#8040 = DEFINITIONAL_REPRESENTATION('',(#8041),#8044);
#8041 = B_SPLINE_CURVE_WITH_KNOTS('',1,(#8042,#8043),.UNSPECIFIED.,.F.,
  .F.,(2,2),(0.,14.5),.PIECEWISE_BEZIER_KNOTS.);
#8042 = CARTESIAN_POINT('',(-6.28318530718,0.));
#8043 = CARTESIAN_POINT('',(-6.28318530718,-14.5));
#8044 = ( GEOMETRIC_REPRESENTATION_CONTEXT(2) 
PARAMETRIC_REPRESENTATION_CONTEXT() REPRESENTATION_CONTEXT('2D SPACE',''
  ) );
#8045 = ORIENTED_EDGE('',*,*,#8046,.T.);
#8046 = EDGE_CURVE('',#8026,#8026,#8047,.T.);
#8047 = SURFACE_CURVE('',#8048,(#8053,#8059),.PCURVE_S1.);
#8048 = CIRCLE('',#8049,1.);
#8049 = AXIS2_PLACEMENT_3D('',#8050,#8051,#8052);
#8050 = CARTESIAN_POINT('',(-6.818181818182,-17.5,27.));
#8051 = DIRECTION('',(2.254526039504E-97,-1.,2.22044604925E-16));
#8052 = DIRECTION('',(1.,2.254526039504E-97,-5.197704882822E-113));
#8053 = PCURVE('',#3316,#8054);
#8054 = DEFINITIONAL_REPRESENTATION('',(#8055),#8058);
#8055 = B_SPLINE_CURVE_WITH_KNOTS('',1,(#8056,#8057),.UNSPECIFIED.,.F.,
  .F.,(2,2),(0.,6.28318530718),.PIECEWISE_BEZIER_KNOTS.);
#8056 = CARTESIAN_POINT('',(0.,-14.5));
#8057 = CARTESIAN_POINT('',(-6.28318530718,-14.5));
#8058 = ( GEOMETRIC_REPRESENTATION_CONTEXT(2) 
PARAMETRIC_REPRESENTATION_CONTEXT() REPRESENTATION_CONTEXT('2D SPACE',''
  ) );
#8059 = PCURVE('',#8060,#8065);
#8060 = PLANE('',#8061);
#8061 = AXIS2_PLACEMENT_3D('',#8062,#8063,#8064);
#8062 = CARTESIAN_POINT('',(-6.818181818182,-17.5,27.));
#8063 = DIRECTION('',(0.,1.,-4.930380657631E-32));
#8064 = DIRECTION('',(0.,4.930380657631E-32,1.));
#8065 = DEFINITIONAL_REPRESENTATION('',(#8066),#8074);
#8066 = ( BOUNDED_CURVE() B_SPLINE_CURVE(2,(#8067,#8068,#8069,#8070,
#8071,#8072,#8073),.UNSPECIFIED.,.T.,.F.) B_SPLINE_CURVE_WITH_KNOTS((1,2
    ,2,2,2,1),(-2.094395102393,0.,2.094395102393,4.188790204786,
6.28318530718,8.377580409573),.UNSPECIFIED.) CURVE() 
GEOMETRIC_REPRESENTATION_ITEM() RATIONAL_B_SPLINE_CURVE((1.,0.5,1.,0.5,
1.,0.5,1.)) REPRESENTATION_ITEM('') );
#8067 = CARTESIAN_POINT('',(-5.006053437348E-113,1.));
#8068 = CARTESIAN_POINT('',(1.732050807569,1.));
#8069 = CARTESIAN_POINT('',(0.866025403784,-0.5));
#8070 = CARTESIAN_POINT('',(2.449293598295E-16,-2.));
#8071 = CARTESIAN_POINT('',(-0.866025403784,-0.5));
#8072 = CARTESIAN_POINT('',(-1.732050807569,1.));
#8073 = CARTESIAN_POINT('',(-5.006053437348E-113,1.));
#8074 = ( GEOMETRIC_REPRESENTATION_CONTEXT(2) 
PARAMETRIC_REPRESENTATION_CONTEXT() REPRESENTATION_CONTEXT('2D SPACE',''
  ) );
#8075 = ORIENTED_EDGE('',*,*,#8025,.F.);
#8076 = ORIENTED_EDGE('',*,*,#3295,.F.);
#8077 = ADVANCED_FACE('',(#8078),#3350,.T.);
#8078 = FACE_BOUND('',#8079,.F.);
#8079 = EDGE_LOOP('',(#8080,#8101,#8131,#8132));
#8080 = ORIENTED_EDGE('',*,*,#8081,.T.);
#8081 = EDGE_CURVE('',#3330,#8082,#8084,.T.);
#8082 = VERTEX_POINT('',#8083);
#8083 = CARTESIAN_POINT('',(-10.36363636363,-17.5,32.));
#8084 = SEAM_CURVE('',#8085,(#8089,#8095),.PCURVE_S1.);
#8085 = LINE('',#8086,#8087);
#8086 = CARTESIAN_POINT('',(-10.36363636363,-3.,32.));
#8087 = VECTOR('',#8088,1.);
#8088 = DIRECTION('',(2.254526039504E-97,-1.,2.22044604925E-16));
#8089 = PCURVE('',#3350,#8090);
#8090 = DEFINITIONAL_REPRESENTATION('',(#8091),#8094);
#8091 = B_SPLINE_CURVE_WITH_KNOTS('',1,(#8092,#8093),.UNSPECIFIED.,.F.,
  .F.,(2,2),(0.,14.5),.PIECEWISE_BEZIER_KNOTS.);
#8092 = CARTESIAN_POINT('',(0.,0.));
#8093 = CARTESIAN_POINT('',(0.,-14.5));
#8094 = ( GEOMETRIC_REPRESENTATION_CONTEXT(2) 
PARAMETRIC_REPRESENTATION_CONTEXT() REPRESENTATION_CONTEXT('2D SPACE',''
  ) );
#8095 = PCURVE('',#3350,#8096);
#8096 = DEFINITIONAL_REPRESENTATION('',(#8097),#8100);
#8097 = B_SPLINE_CURVE_WITH_KNOTS('',1,(#8098,#8099),.UNSPECIFIED.,.F.,
  .F.,(2,2),(0.,14.5),.PIECEWISE_BEZIER_KNOTS.);
#8098 = CARTESIAN_POINT('',(-6.28318530718,0.));
#8099 = CARTESIAN_POINT('',(-6.28318530718,-14.5));
#8100 = ( GEOMETRIC_REPRESENTATION_CONTEXT(2) 
PARAMETRIC_REPRESENTATION_CONTEXT() REPRESENTATION_CONTEXT('2D SPACE',''
  ) );
#8101 = ORIENTED_EDGE('',*,*,#8102,.T.);
#8102 = EDGE_CURVE('',#8082,#8082,#8103,.T.);
#8103 = SURFACE_CURVE('',#8104,(#8109,#8115),.PCURVE_S1.);
#8104 = CIRCLE('',#8105,1.);
#8105 = AXIS2_PLACEMENT_3D('',#8106,#8107,#8108);
#8106 = CARTESIAN_POINT('',(-11.36363636363,-17.5,32.));
#8107 = DIRECTION('',(2.254526039504E-97,-1.,2.22044604925E-16));
#8108 = DIRECTION('',(1.,2.254526039504E-97,-5.197704882822E-113));
#8109 = PCURVE('',#3350,#8110);
#8110 = DEFINITIONAL_REPRESENTATION('',(#8111),#8114);
#8111 = B_SPLINE_CURVE_WITH_KNOTS('',1,(#8112,#8113),.UNSPECIFIED.,.F.,
  .F.,(2,2),(0.,6.28318530718),.PIECEWISE_BEZIER_KNOTS.);
#8112 = CARTESIAN_POINT('',(0.,-14.5));
#8113 = CARTESIAN_POINT('',(-6.28318530718,-14.5));
#8114 = ( GEOMETRIC_REPRESENTATION_CONTEXT(2) 
PARAMETRIC_REPRESENTATION_CONTEXT() REPRESENTATION_CONTEXT('2D SPACE',''
  ) );
#8115 = PCURVE('',#8116,#8121);
#8116 = PLANE('',#8117);
#8117 = AXIS2_PLACEMENT_3D('',#8118,#8119,#8120);
#8118 = CARTESIAN_POINT('',(-11.36363636363,-17.5,32.));
#8119 = DIRECTION('',(0.,1.,-4.930380657631E-32));
#8120 = DIRECTION('',(0.,4.930380657631E-32,1.));
#8121 = DEFINITIONAL_REPRESENTATION('',(#8122),#8130);
#8122 = ( BOUNDED_CURVE() B_SPLINE_CURVE(2,(#8123,#8124,#8125,#8126,
#8127,#8128,#8129),.UNSPECIFIED.,.T.,.F.) B_SPLINE_CURVE_WITH_KNOTS((1,2
    ,2,2,2,1),(-2.094395102393,0.,2.094395102393,4.188790204786,
6.28318530718,8.377580409573),.UNSPECIFIED.) CURVE() 
GEOMETRIC_REPRESENTATION_ITEM() RATIONAL_B_SPLINE_CURVE((1.,0.5,1.,0.5,
1.,0.5,1.)) REPRESENTATION_ITEM('') );
#8123 = CARTESIAN_POINT('',(-3.552713678801E-15,1.));
#8124 = CARTESIAN_POINT('',(1.732050807569,1.));
#8125 = CARTESIAN_POINT('',(0.866025403784,-0.5));
#8126 = CARTESIAN_POINT('',(-3.307784318971E-15,-2.));
#8127 = CARTESIAN_POINT('',(-0.866025403784,-0.5));
#8128 = CARTESIAN_POINT('',(-1.732050807569,1.));
#8129 = CARTESIAN_POINT('',(-3.552713678801E-15,1.));
#8130 = ( GEOMETRIC_REPRESENTATION_CONTEXT(2) 
PARAMETRIC_REPRESENTATION_CONTEXT() REPRESENTATION_CONTEXT('2D SPACE',''
  ) );
#8131 = ORIENTED_EDGE('',*,*,#8081,.F.);
#8132 = ORIENTED_EDGE('',*,*,#3329,.F.);
#8133 = ADVANCED_FACE('',(#8134),#3384,.T.);
#8134 = FACE_BOUND('',#8135,.F.);
#8135 = EDGE_LOOP('',(#8136,#8157,#8187,#8188));
#8136 = ORIENTED_EDGE('',*,*,#8137,.T.);
#8137 = EDGE_CURVE('',#3364,#8138,#8140,.T.);
#8138 = VERTEX_POINT('',#8139);
#8139 = CARTESIAN_POINT('',(-5.818181818182,-17.5,32.));
#8140 = SEAM_CURVE('',#8141,(#8145,#8151),.PCURVE_S1.);
#8141 = LINE('',#8142,#8143);
#8142 = CARTESIAN_POINT('',(-5.818181818182,-3.,32.));
#8143 = VECTOR('',#8144,1.);
#8144 = DIRECTION('',(2.254526039504E-97,-1.,2.22044604925E-16));
#8145 = PCURVE('',#3384,#8146);
#8146 = DEFINITIONAL_REPRESENTATION('',(#8147),#8150);
#8147 = B_SPLINE_CURVE_WITH_KNOTS('',1,(#8148,#8149),.UNSPECIFIED.,.F.,
  .F.,(2,2),(0.,14.5),.PIECEWISE_BEZIER_KNOTS.);
#8148 = CARTESIAN_POINT('',(0.,0.));
#8149 = CARTESIAN_POINT('',(0.,-14.5));
#8150 = ( GEOMETRIC_REPRESENTATION_CONTEXT(2) 
PARAMETRIC_REPRESENTATION_CONTEXT() REPRESENTATION_CONTEXT('2D SPACE',''
  ) );
#8151 = PCURVE('',#3384,#8152);
#8152 = DEFINITIONAL_REPRESENTATION('',(#8153),#8156);
#8153 = B_SPLINE_CURVE_WITH_KNOTS('',1,(#8154,#8155),.UNSPECIFIED.,.F.,
  .F.,(2,2),(0.,14.5),.PIECEWISE_BEZIER_KNOTS.);
#8154 = CARTESIAN_POINT('',(-6.28318530718,0.));
#8155 = CARTESIAN_POINT('',(-6.28318530718,-14.5));
#8156 = ( GEOMETRIC_REPRESENTATION_CONTEXT(2) 
PARAMETRIC_REPRESENTATION_CONTEXT() REPRESENTATION_CONTEXT('2D SPACE',''
  ) );
#8157 = ORIENTED_EDGE('',*,*,#8158,.T.);
#8158 = EDGE_CURVE('',#8138,#8138,#8159,.T.);
#8159 = SURFACE_CURVE('',#8160,(#8165,#8171),.PCURVE_S1.);
#8160 = CIRCLE('',#8161,1.);
#8161 = AXIS2_PLACEMENT_3D('',#8162,#8163,#8164);
#8162 = CARTESIAN_POINT('',(-6.818181818182,-17.5,32.));
#8163 = DIRECTION('',(2.254526039504E-97,-1.,2.22044604925E-16));
#8164 = DIRECTION('',(1.,2.254526039504E-97,-5.197704882822E-113));
#8165 = PCURVE('',#3384,#8166);
#8166 = DEFINITIONAL_REPRESENTATION('',(#8167),#8170);
#8167 = B_SPLINE_CURVE_WITH_KNOTS('',1,(#8168,#8169),.UNSPECIFIED.,.F.,
  .F.,(2,2),(0.,6.28318530718),.PIECEWISE_BEZIER_KNOTS.);
#8168 = CARTESIAN_POINT('',(0.,-14.5));
#8169 = CARTESIAN_POINT('',(-6.28318530718,-14.5));
#8170 = ( GEOMETRIC_REPRESENTATION_CONTEXT(2) 
PARAMETRIC_REPRESENTATION_CONTEXT() REPRESENTATION_CONTEXT('2D SPACE',''
  ) );
#8171 = PCURVE('',#8172,#8177);
#8172 = PLANE('',#8173);
#8173 = AXIS2_PLACEMENT_3D('',#8174,#8175,#8176);
#8174 = CARTESIAN_POINT('',(-6.818181818182,-17.5,32.));
#8175 = DIRECTION('',(0.,1.,-4.930380657631E-32));
#8176 = DIRECTION('',(0.,4.930380657631E-32,1.));
#8177 = DEFINITIONAL_REPRESENTATION('',(#8178),#8186);
#8178 = ( BOUNDED_CURVE() B_SPLINE_CURVE(2,(#8179,#8180,#8181,#8182,
#8183,#8184,#8185),.UNSPECIFIED.,.T.,.F.) B_SPLINE_CURVE_WITH_KNOTS((1,2
    ,2,2,2,1),(-2.094395102393,0.,2.094395102393,4.188790204786,
6.28318530718,8.377580409573),.UNSPECIFIED.) CURVE() 
GEOMETRIC_REPRESENTATION_ITEM() RATIONAL_B_SPLINE_CURVE((1.,0.5,1.,0.5,
1.,0.5,1.)) REPRESENTATION_ITEM('') );
#8179 = CARTESIAN_POINT('',(-3.552713678801E-15,1.));
#8180 = CARTESIAN_POINT('',(1.732050807569,1.));
#8181 = CARTESIAN_POINT('',(0.866025403784,-0.5));
#8182 = CARTESIAN_POINT('',(-3.307784318971E-15,-2.));
#8183 = CARTESIAN_POINT('',(-0.866025403784,-0.5));
#8184 = CARTESIAN_POINT('',(-1.732050807569,1.));
#8185 = CARTESIAN_POINT('',(-3.552713678801E-15,1.));
#8186 = ( GEOMETRIC_REPRESENTATION_CONTEXT(2) 
PARAMETRIC_REPRESENTATION_CONTEXT() REPRESENTATION_CONTEXT('2D SPACE',''
  ) );
#8187 = ORIENTED_EDGE('',*,*,#8137,.F.);
#8188 = ORIENTED_EDGE('',*,*,#3363,.F.);
#8189 = ADVANCED_FACE('',(#8190),#3418,.T.);
#8190 = FACE_BOUND('',#8191,.F.);
#8191 = EDGE_LOOP('',(#8192,#8213,#8243,#8244));
#8192 = ORIENTED_EDGE('',*,*,#8193,.T.);
#8193 = EDGE_CURVE('',#3398,#8194,#8196,.T.);
#8194 = VERTEX_POINT('',#8195);
#8195 = CARTESIAN_POINT('',(-1.272727272727,-17.5,27.));
#8196 = SEAM_CURVE('',#8197,(#8201,#8207),.PCURVE_S1.);
#8197 = LINE('',#8198,#8199);
#8198 = CARTESIAN_POINT('',(-1.272727272727,-3.,27.));
#8199 = VECTOR('',#8200,1.);
#8200 = DIRECTION('',(2.254526039504E-97,-1.,2.22044604925E-16));
#8201 = PCURVE('',#3418,#8202);
#8202 = DEFINITIONAL_REPRESENTATION('',(#8203),#8206);
#8203 = B_SPLINE_CURVE_WITH_KNOTS('',1,(#8204,#8205),.UNSPECIFIED.,.F.,
  .F.,(2,2),(0.,14.5),.PIECEWISE_BEZIER_KNOTS.);
#8204 = CARTESIAN_POINT('',(0.,0.));
#8205 = CARTESIAN_POINT('',(0.,-14.5));
#8206 = ( GEOMETRIC_REPRESENTATION_CONTEXT(2) 
PARAMETRIC_REPRESENTATION_CONTEXT() REPRESENTATION_CONTEXT('2D SPACE',''
  ) );
#8207 = PCURVE('',#3418,#8208);
#8208 = DEFINITIONAL_REPRESENTATION('',(#8209),#8212);
#8209 = B_SPLINE_CURVE_WITH_KNOTS('',1,(#8210,#8211),.UNSPECIFIED.,.F.,
  .F.,(2,2),(0.,14.5),.PIECEWISE_BEZIER_KNOTS.);
#8210 = CARTESIAN_POINT('',(-6.28318530718,0.));
#8211 = CARTESIAN_POINT('',(-6.28318530718,-14.5));
#8212 = ( GEOMETRIC_REPRESENTATION_CONTEXT(2) 
PARAMETRIC_REPRESENTATION_CONTEXT() REPRESENTATION_CONTEXT('2D SPACE',''
  ) );
#8213 = ORIENTED_EDGE('',*,*,#8214,.T.);
#8214 = EDGE_CURVE('',#8194,#8194,#8215,.T.);
#8215 = SURFACE_CURVE('',#8216,(#8221,#8227),.PCURVE_S1.);
#8216 = CIRCLE('',#8217,1.);
#8217 = AXIS2_PLACEMENT_3D('',#8218,#8219,#8220);
#8218 = CARTESIAN_POINT('',(-2.272727272727,-17.5,27.));
#8219 = DIRECTION('',(2.254526039504E-97,-1.,2.22044604925E-16));
#8220 = DIRECTION('',(1.,2.254526039504E-97,-5.197704882822E-113));
#8221 = PCURVE('',#3418,#8222);
#8222 = DEFINITIONAL_REPRESENTATION('',(#8223),#8226);
#8223 = B_SPLINE_CURVE_WITH_KNOTS('',1,(#8224,#8225),.UNSPECIFIED.,.F.,
  .F.,(2,2),(0.,6.28318530718),.PIECEWISE_BEZIER_KNOTS.);
#8224 = CARTESIAN_POINT('',(0.,-14.5));
#8225 = CARTESIAN_POINT('',(-6.28318530718,-14.5));
#8226 = ( GEOMETRIC_REPRESENTATION_CONTEXT(2) 
PARAMETRIC_REPRESENTATION_CONTEXT() REPRESENTATION_CONTEXT('2D SPACE',''
  ) );
#8227 = PCURVE('',#8228,#8233);
#8228 = PLANE('',#8229);
#8229 = AXIS2_PLACEMENT_3D('',#8230,#8231,#8232);
#8230 = CARTESIAN_POINT('',(-2.272727272727,-17.5,27.));
#8231 = DIRECTION('',(0.,1.,-4.930380657631E-32));
#8232 = DIRECTION('',(0.,4.930380657631E-32,1.));
#8233 = DEFINITIONAL_REPRESENTATION('',(#8234),#8242);
#8234 = ( BOUNDED_CURVE() B_SPLINE_CURVE(2,(#8235,#8236,#8237,#8238,
#8239,#8240,#8241),.UNSPECIFIED.,.T.,.F.) B_SPLINE_CURVE_WITH_KNOTS((1,2
    ,2,2,2,1),(-2.094395102393,0.,2.094395102393,4.188790204786,
6.28318530718,8.377580409573),.UNSPECIFIED.) CURVE() 
GEOMETRIC_REPRESENTATION_ITEM() RATIONAL_B_SPLINE_CURVE((1.,0.5,1.,0.5,
1.,0.5,1.)) REPRESENTATION_ITEM('') );
#8235 = CARTESIAN_POINT('',(-5.006053437348E-113,1.));
#8236 = CARTESIAN_POINT('',(1.732050807569,1.));
#8237 = CARTESIAN_POINT('',(0.866025403784,-0.5));
#8238 = CARTESIAN_POINT('',(2.449293598295E-16,-2.));
#8239 = CARTESIAN_POINT('',(-0.866025403784,-0.5));
#8240 = CARTESIAN_POINT('',(-1.732050807569,1.));
#8241 = CARTESIAN_POINT('',(-5.006053437348E-113,1.));
#8242 = ( GEOMETRIC_REPRESENTATION_CONTEXT(2) 
PARAMETRIC_REPRESENTATION_CONTEXT() REPRESENTATION_CONTEXT('2D SPACE',''
  ) );
#8243 = ORIENTED_EDGE('',*,*,#8193,.F.);
#8244 = ORIENTED_EDGE('',*,*,#3397,.F.);
#8245 = ADVANCED_FACE('',(#8246),#3452,.T.);
#8246 = FACE_BOUND('',#8247,.F.);
#8247 = EDGE_LOOP('',(#8248,#8269,#8299,#8300));
#8248 = ORIENTED_EDGE('',*,*,#8249,.T.);
#8249 = EDGE_CURVE('',#3432,#8250,#8252,.T.);
#8250 = VERTEX_POINT('',#8251);
#8251 = CARTESIAN_POINT('',(-1.272727272727,-17.5,32.));
#8252 = SEAM_CURVE('',#8253,(#8257,#8263),.PCURVE_S1.);
#8253 = LINE('',#8254,#8255);
#8254 = CARTESIAN_POINT('',(-1.272727272727,-3.,32.));
#8255 = VECTOR('',#8256,1.);
#8256 = DIRECTION('',(2.254526039504E-97,-1.,2.22044604925E-16));
#8257 = PCURVE('',#3452,#8258);
#8258 = DEFINITIONAL_REPRESENTATION('',(#8259),#8262);
#8259 = B_SPLINE_CURVE_WITH_KNOTS('',1,(#8260,#8261),.UNSPECIFIED.,.F.,
  .F.,(2,2),(0.,14.5),.PIECEWISE_BEZIER_KNOTS.);
#8260 = CARTESIAN_POINT('',(0.,0.));
#8261 = CARTESIAN_POINT('',(0.,-14.5));
#8262 = ( GEOMETRIC_REPRESENTATION_CONTEXT(2) 
PARAMETRIC_REPRESENTATION_CONTEXT() REPRESENTATION_CONTEXT('2D SPACE',''
  ) );
#8263 = PCURVE('',#3452,#8264);
#8264 = DEFINITIONAL_REPRESENTATION('',(#8265),#8268);
#8265 = B_SPLINE_CURVE_WITH_KNOTS('',1,(#8266,#8267),.UNSPECIFIED.,.F.,
  .F.,(2,2),(0.,14.5),.PIECEWISE_BEZIER_KNOTS.);
#8266 = CARTESIAN_POINT('',(-6.28318530718,0.));
#8267 = CARTESIAN_POINT('',(-6.28318530718,-14.5));
#8268 = ( GEOMETRIC_REPRESENTATION_CONTEXT(2) 
PARAMETRIC_REPRESENTATION_CONTEXT() REPRESENTATION_CONTEXT('2D SPACE',''
  ) );
#8269 = ORIENTED_EDGE('',*,*,#8270,.T.);
#8270 = EDGE_CURVE('',#8250,#8250,#8271,.T.);
#8271 = SURFACE_CURVE('',#8272,(#8277,#8283),.PCURVE_S1.);
#8272 = CIRCLE('',#8273,1.);
#8273 = AXIS2_PLACEMENT_3D('',#8274,#8275,#8276);
#8274 = CARTESIAN_POINT('',(-2.272727272727,-17.5,32.));
#8275 = DIRECTION('',(2.254526039504E-97,-1.,2.22044604925E-16));
#8276 = DIRECTION('',(1.,2.254526039504E-97,-5.197704882822E-113));
#8277 = PCURVE('',#3452,#8278);
#8278 = DEFINITIONAL_REPRESENTATION('',(#8279),#8282);
#8279 = B_SPLINE_CURVE_WITH_KNOTS('',1,(#8280,#8281),.UNSPECIFIED.,.F.,
  .F.,(2,2),(0.,6.28318530718),.PIECEWISE_BEZIER_KNOTS.);
#8280 = CARTESIAN_POINT('',(0.,-14.5));
#8281 = CARTESIAN_POINT('',(-6.28318530718,-14.5));
#8282 = ( GEOMETRIC_REPRESENTATION_CONTEXT(2) 
PARAMETRIC_REPRESENTATION_CONTEXT() REPRESENTATION_CONTEXT('2D SPACE',''
  ) );
#8283 = PCURVE('',#8284,#8289);
#8284 = PLANE('',#8285);
#8285 = AXIS2_PLACEMENT_3D('',#8286,#8287,#8288);
#8286 = CARTESIAN_POINT('',(-2.272727272727,-17.5,32.));
#8287 = DIRECTION('',(0.,1.,-4.930380657631E-32));
#8288 = DIRECTION('',(0.,4.930380657631E-32,1.));
#8289 = DEFINITIONAL_REPRESENTATION('',(#8290),#8298);
#8290 = ( BOUNDED_CURVE() B_SPLINE_CURVE(2,(#8291,#8292,#8293,#8294,
#8295,#8296,#8297),.UNSPECIFIED.,.T.,.F.) B_SPLINE_CURVE_WITH_KNOTS((1,2
    ,2,2,2,1),(-2.094395102393,0.,2.094395102393,4.188790204786,
6.28318530718,8.377580409573),.UNSPECIFIED.) CURVE() 
GEOMETRIC_REPRESENTATION_ITEM() RATIONAL_B_SPLINE_CURVE((1.,0.5,1.,0.5,
1.,0.5,1.)) REPRESENTATION_ITEM('') );
#8291 = CARTESIAN_POINT('',(-3.552713678801E-15,1.));
#8292 = CARTESIAN_POINT('',(1.732050807569,1.));
#8293 = CARTESIAN_POINT('',(0.866025403784,-0.5));
#8294 = CARTESIAN_POINT('',(-3.307784318971E-15,-2.));
#8295 = CARTESIAN_POINT('',(-0.866025403784,-0.5));
#8296 = CARTESIAN_POINT('',(-1.732050807569,1.));
#8297 = CARTESIAN_POINT('',(-3.552713678801E-15,1.));
#8298 = ( GEOMETRIC_REPRESENTATION_CONTEXT(2) 
PARAMETRIC_REPRESENTATION_CONTEXT() REPRESENTATION_CONTEXT('2D SPACE',''
  ) );
#8299 = ORIENTED_EDGE('',*,*,#8249,.F.);
#8300 = ORIENTED_EDGE('',*,*,#3431,.F.);
#8301 = ADVANCED_FACE('',(#8302),#3486,.T.);
#8302 = FACE_BOUND('',#8303,.F.);
#8303 = EDGE_LOOP('',(#8304,#8325,#8355,#8356));
#8304 = ORIENTED_EDGE('',*,*,#8305,.T.);
#8305 = EDGE_CURVE('',#3466,#8306,#8308,.T.);
#8306 = VERTEX_POINT('',#8307);
#8307 = CARTESIAN_POINT('',(3.272727272727,-17.5,7.));
#8308 = SEAM_CURVE('',#8309,(#8313,#8319),.PCURVE_S1.);
#8309 = LINE('',#8310,#8311);
#8310 = CARTESIAN_POINT('',(3.272727272727,-3.,7.));
#8311 = VECTOR('',#8312,1.);
#8312 = DIRECTION('',(2.254526039504E-97,-1.,2.22044604925E-16));
#8313 = PCURVE('',#3486,#8314);
#8314 = DEFINITIONAL_REPRESENTATION('',(#8315),#8318);
#8315 = B_SPLINE_CURVE_WITH_KNOTS('',1,(#8316,#8317),.UNSPECIFIED.,.F.,
  .F.,(2,2),(0.,14.5),.PIECEWISE_BEZIER_KNOTS.);
#8316 = CARTESIAN_POINT('',(0.,0.));
#8317 = CARTESIAN_POINT('',(0.,-14.5));
#8318 = ( GEOMETRIC_REPRESENTATION_CONTEXT(2) 
PARAMETRIC_REPRESENTATION_CONTEXT() REPRESENTATION_CONTEXT('2D SPACE',''
  ) );
#8319 = PCURVE('',#3486,#8320);
#8320 = DEFINITIONAL_REPRESENTATION('',(#8321),#8324);
#8321 = B_SPLINE_CURVE_WITH_KNOTS('',1,(#8322,#8323),.UNSPECIFIED.,.F.,
  .F.,(2,2),(0.,14.5),.PIECEWISE_BEZIER_KNOTS.);
#8322 = CARTESIAN_POINT('',(-6.28318530718,0.));
#8323 = CARTESIAN_POINT('',(-6.28318530718,-14.5));
#8324 = ( GEOMETRIC_REPRESENTATION_CONTEXT(2) 
PARAMETRIC_REPRESENTATION_CONTEXT() REPRESENTATION_CONTEXT('2D SPACE',''
  ) );
#8325 = ORIENTED_EDGE('',*,*,#8326,.T.);
#8326 = EDGE_CURVE('',#8306,#8306,#8327,.T.);
#8327 = SURFACE_CURVE('',#8328,(#8333,#8339),.PCURVE_S1.);
#8328 = CIRCLE('',#8329,1.);
#8329 = AXIS2_PLACEMENT_3D('',#8330,#8331,#8332);
#8330 = CARTESIAN_POINT('',(2.272727272727,-17.5,7.));
#8331 = DIRECTION('',(2.254526039504E-97,-1.,2.22044604925E-16));
#8332 = DIRECTION('',(1.,2.254526039504E-97,-5.197704882822E-113));
#8333 = PCURVE('',#3486,#8334);
#8334 = DEFINITIONAL_REPRESENTATION('',(#8335),#8338);
#8335 = B_SPLINE_CURVE_WITH_KNOTS('',1,(#8336,#8337),.UNSPECIFIED.,.F.,
  .F.,(2,2),(0.,6.28318530718),.PIECEWISE_BEZIER_KNOTS.);
#8336 = CARTESIAN_POINT('',(0.,-14.5));
#8337 = CARTESIAN_POINT('',(-6.28318530718,-14.5));
#8338 = ( GEOMETRIC_REPRESENTATION_CONTEXT(2) 
PARAMETRIC_REPRESENTATION_CONTEXT() REPRESENTATION_CONTEXT('2D SPACE',''
  ) );
#8339 = PCURVE('',#8340,#8345);
#8340 = PLANE('',#8341);
#8341 = AXIS2_PLACEMENT_3D('',#8342,#8343,#8344);
#8342 = CARTESIAN_POINT('',(2.272727272727,-17.5,7.));
#8343 = DIRECTION('',(0.,1.,-4.930380657631E-32));
#8344 = DIRECTION('',(0.,4.930380657631E-32,1.));
#8345 = DEFINITIONAL_REPRESENTATION('',(#8346),#8354);
#8346 = ( BOUNDED_CURVE() B_SPLINE_CURVE(2,(#8347,#8348,#8349,#8350,
#8351,#8352,#8353),.UNSPECIFIED.,.T.,.F.) B_SPLINE_CURVE_WITH_KNOTS((1,2
    ,2,2,2,1),(-2.094395102393,0.,2.094395102393,4.188790204786,
6.28318530718,8.377580409573),.UNSPECIFIED.) CURVE() 
GEOMETRIC_REPRESENTATION_ITEM() RATIONAL_B_SPLINE_CURVE((1.,0.5,1.,0.5,
1.,0.5,1.)) REPRESENTATION_ITEM('') );
#8347 = CARTESIAN_POINT('',(1.7763568394E-15,1.));
#8348 = CARTESIAN_POINT('',(1.732050807569,1.));
#8349 = CARTESIAN_POINT('',(0.866025403784,-0.5));
#8350 = CARTESIAN_POINT('',(2.02128619923E-15,-2.));
#8351 = CARTESIAN_POINT('',(-0.866025403784,-0.5));
#8352 = CARTESIAN_POINT('',(-1.732050807569,1.));
#8353 = CARTESIAN_POINT('',(1.7763568394E-15,1.));
#8354 = ( GEOMETRIC_REPRESENTATION_CONTEXT(2) 
PARAMETRIC_REPRESENTATION_CONTEXT() REPRESENTATION_CONTEXT('2D SPACE',''
  ) );
#8355 = ORIENTED_EDGE('',*,*,#8305,.F.);
#8356 = ORIENTED_EDGE('',*,*,#3465,.F.);
#8357 = ADVANCED_FACE('',(#8358),#3520,.T.);
#8358 = FACE_BOUND('',#8359,.F.);
#8359 = EDGE_LOOP('',(#8360,#8381,#8411,#8412));
#8360 = ORIENTED_EDGE('',*,*,#8361,.T.);
#8361 = EDGE_CURVE('',#3500,#8362,#8364,.T.);
#8362 = VERTEX_POINT('',#8363);
#8363 = CARTESIAN_POINT('',(3.272727272727,-17.5,12.));
#8364 = SEAM_CURVE('',#8365,(#8369,#8375),.PCURVE_S1.);
#8365 = LINE('',#8366,#8367);
#8366 = CARTESIAN_POINT('',(3.272727272727,-3.,12.));
#8367 = VECTOR('',#8368,1.);
#8368 = DIRECTION('',(2.254526039504E-97,-1.,2.22044604925E-16));
#8369 = PCURVE('',#3520,#8370);
#8370 = DEFINITIONAL_REPRESENTATION('',(#8371),#8374);
#8371 = B_SPLINE_CURVE_WITH_KNOTS('',1,(#8372,#8373),.UNSPECIFIED.,.F.,
  .F.,(2,2),(0.,14.5),.PIECEWISE_BEZIER_KNOTS.);
#8372 = CARTESIAN_POINT('',(0.,0.));
#8373 = CARTESIAN_POINT('',(0.,-14.5));
#8374 = ( GEOMETRIC_REPRESENTATION_CONTEXT(2) 
PARAMETRIC_REPRESENTATION_CONTEXT() REPRESENTATION_CONTEXT('2D SPACE',''
  ) );
#8375 = PCURVE('',#3520,#8376);
#8376 = DEFINITIONAL_REPRESENTATION('',(#8377),#8380);
#8377 = B_SPLINE_CURVE_WITH_KNOTS('',1,(#8378,#8379),.UNSPECIFIED.,.F.,
  .F.,(2,2),(0.,14.5),.PIECEWISE_BEZIER_KNOTS.);
#8378 = CARTESIAN_POINT('',(-6.28318530718,0.));
#8379 = CARTESIAN_POINT('',(-6.28318530718,-14.5));
#8380 = ( GEOMETRIC_REPRESENTATION_CONTEXT(2) 
PARAMETRIC_REPRESENTATION_CONTEXT() REPRESENTATION_CONTEXT('2D SPACE',''
  ) );
#8381 = ORIENTED_EDGE('',*,*,#8382,.T.);
#8382 = EDGE_CURVE('',#8362,#8362,#8383,.T.);
#8383 = SURFACE_CURVE('',#8384,(#8389,#8395),.PCURVE_S1.);
#8384 = CIRCLE('',#8385,1.);
#8385 = AXIS2_PLACEMENT_3D('',#8386,#8387,#8388);
#8386 = CARTESIAN_POINT('',(2.272727272727,-17.5,12.));
#8387 = DIRECTION('',(2.254526039504E-97,-1.,2.22044604925E-16));
#8388 = DIRECTION('',(1.,2.254526039504E-97,-5.197704882822E-113));
#8389 = PCURVE('',#3520,#8390);
#8390 = DEFINITIONAL_REPRESENTATION('',(#8391),#8394);
#8391 = B_SPLINE_CURVE_WITH_KNOTS('',1,(#8392,#8393),.UNSPECIFIED.,.F.,
  .F.,(2,2),(0.,6.28318530718),.PIECEWISE_BEZIER_KNOTS.);
#8392 = CARTESIAN_POINT('',(0.,-14.5));
#8393 = CARTESIAN_POINT('',(-6.28318530718,-14.5));
#8394 = ( GEOMETRIC_REPRESENTATION_CONTEXT(2) 
PARAMETRIC_REPRESENTATION_CONTEXT() REPRESENTATION_CONTEXT('2D SPACE',''
  ) );
#8395 = PCURVE('',#8396,#8401);
#8396 = PLANE('',#8397);
#8397 = AXIS2_PLACEMENT_3D('',#8398,#8399,#8400);
#8398 = CARTESIAN_POINT('',(2.272727272727,-17.5,12.));
#8399 = DIRECTION('',(0.,1.,-4.930380657631E-32));
#8400 = DIRECTION('',(0.,4.930380657631E-32,1.));
#8401 = DEFINITIONAL_REPRESENTATION('',(#8402),#8410);
#8402 = ( BOUNDED_CURVE() B_SPLINE_CURVE(2,(#8403,#8404,#8405,#8406,
#8407,#8408,#8409),.UNSPECIFIED.,.T.,.F.) B_SPLINE_CURVE_WITH_KNOTS((1,2
    ,2,2,2,1),(-2.094395102393,0.,2.094395102393,4.188790204786,
6.28318530718,8.377580409573),.UNSPECIFIED.) CURVE() 
GEOMETRIC_REPRESENTATION_ITEM() RATIONAL_B_SPLINE_CURVE((1.,0.5,1.,0.5,
1.,0.5,1.)) REPRESENTATION_ITEM('') );
#8403 = CARTESIAN_POINT('',(-2.6645352591E-15,1.));
#8404 = CARTESIAN_POINT('',(1.732050807569,1.));
#8405 = CARTESIAN_POINT('',(0.866025403784,-0.5));
#8406 = CARTESIAN_POINT('',(-2.419605899271E-15,-2.));
#8407 = CARTESIAN_POINT('',(-0.866025403784,-0.5));
#8408 = CARTESIAN_POINT('',(-1.732050807569,1.));
#8409 = CARTESIAN_POINT('',(-2.6645352591E-15,1.));
#8410 = ( GEOMETRIC_REPRESENTATION_CONTEXT(2) 
PARAMETRIC_REPRESENTATION_CONTEXT() REPRESENTATION_CONTEXT('2D SPACE',''
  ) );
#8411 = ORIENTED_EDGE('',*,*,#8361,.F.);
#8412 = ORIENTED_EDGE('',*,*,#3499,.F.);
#8413 = ADVANCED_FACE('',(#8414),#3554,.T.);
#8414 = FACE_BOUND('',#8415,.F.);
#8415 = EDGE_LOOP('',(#8416,#8437,#8467,#8468));
#8416 = ORIENTED_EDGE('',*,*,#8417,.T.);
#8417 = EDGE_CURVE('',#3534,#8418,#8420,.T.);
#8418 = VERTEX_POINT('',#8419);
#8419 = CARTESIAN_POINT('',(7.818181818182,-17.5,7.));
#8420 = SEAM_CURVE('',#8421,(#8425,#8431),.PCURVE_S1.);
#8421 = LINE('',#8422,#8423);
#8422 = CARTESIAN_POINT('',(7.818181818182,-3.,7.));
#8423 = VECTOR('',#8424,1.);
#8424 = DIRECTION('',(2.254526039504E-97,-1.,2.22044604925E-16));
#8425 = PCURVE('',#3554,#8426);
#8426 = DEFINITIONAL_REPRESENTATION('',(#8427),#8430);
#8427 = B_SPLINE_CURVE_WITH_KNOTS('',1,(#8428,#8429),.UNSPECIFIED.,.F.,
  .F.,(2,2),(0.,14.5),.PIECEWISE_BEZIER_KNOTS.);
#8428 = CARTESIAN_POINT('',(0.,0.));
#8429 = CARTESIAN_POINT('',(0.,-14.5));
#8430 = ( GEOMETRIC_REPRESENTATION_CONTEXT(2) 
PARAMETRIC_REPRESENTATION_CONTEXT() REPRESENTATION_CONTEXT('2D SPACE',''
  ) );
#8431 = PCURVE('',#3554,#8432);
#8432 = DEFINITIONAL_REPRESENTATION('',(#8433),#8436);
#8433 = B_SPLINE_CURVE_WITH_KNOTS('',1,(#8434,#8435),.UNSPECIFIED.,.F.,
  .F.,(2,2),(0.,14.5),.PIECEWISE_BEZIER_KNOTS.);
#8434 = CARTESIAN_POINT('',(-6.28318530718,0.));
#8435 = CARTESIAN_POINT('',(-6.28318530718,-14.5));
#8436 = ( GEOMETRIC_REPRESENTATION_CONTEXT(2) 
PARAMETRIC_REPRESENTATION_CONTEXT() REPRESENTATION_CONTEXT('2D SPACE',''
  ) );
#8437 = ORIENTED_EDGE('',*,*,#8438,.T.);
#8438 = EDGE_CURVE('',#8418,#8418,#8439,.T.);
#8439 = SURFACE_CURVE('',#8440,(#8445,#8451),.PCURVE_S1.);
#8440 = CIRCLE('',#8441,1.);
#8441 = AXIS2_PLACEMENT_3D('',#8442,#8443,#8444);
#8442 = CARTESIAN_POINT('',(6.818181818182,-17.5,7.));
#8443 = DIRECTION('',(2.254526039504E-97,-1.,2.22044604925E-16));
#8444 = DIRECTION('',(1.,2.254526039504E-97,-5.197704882822E-113));
#8445 = PCURVE('',#3554,#8446);
#8446 = DEFINITIONAL_REPRESENTATION('',(#8447),#8450);
#8447 = B_SPLINE_CURVE_WITH_KNOTS('',1,(#8448,#8449),.UNSPECIFIED.,.F.,
  .F.,(2,2),(0.,6.28318530718),.PIECEWISE_BEZIER_KNOTS.);
#8448 = CARTESIAN_POINT('',(0.,-14.5));
#8449 = CARTESIAN_POINT('',(-6.28318530718,-14.5));
#8450 = ( GEOMETRIC_REPRESENTATION_CONTEXT(2) 
PARAMETRIC_REPRESENTATION_CONTEXT() REPRESENTATION_CONTEXT('2D SPACE',''
  ) );
#8451 = PCURVE('',#8452,#8457);
#8452 = PLANE('',#8453);
#8453 = AXIS2_PLACEMENT_3D('',#8454,#8455,#8456);
#8454 = CARTESIAN_POINT('',(6.818181818182,-17.5,7.));
#8455 = DIRECTION('',(0.,1.,-4.930380657631E-32));
#8456 = DIRECTION('',(0.,4.930380657631E-32,1.));
#8457 = DEFINITIONAL_REPRESENTATION('',(#8458),#8466);
#8458 = ( BOUNDED_CURVE() B_SPLINE_CURVE(2,(#8459,#8460,#8461,#8462,
#8463,#8464,#8465),.UNSPECIFIED.,.T.,.F.) B_SPLINE_CURVE_WITH_KNOTS((1,2
    ,2,2,2,1),(-2.094395102393,0.,2.094395102393,4.188790204786,
6.28318530718,8.377580409573),.UNSPECIFIED.) CURVE() 
GEOMETRIC_REPRESENTATION_ITEM() RATIONAL_B_SPLINE_CURVE((1.,0.5,1.,0.5,
1.,0.5,1.)) REPRESENTATION_ITEM('') );
#8459 = CARTESIAN_POINT('',(1.7763568394E-15,1.));
#8460 = CARTESIAN_POINT('',(1.732050807569,1.));
#8461 = CARTESIAN_POINT('',(0.866025403784,-0.5));
#8462 = CARTESIAN_POINT('',(2.02128619923E-15,-2.));
#8463 = CARTESIAN_POINT('',(-0.866025403784,-0.5));
#8464 = CARTESIAN_POINT('',(-1.732050807569,1.));
#8465 = CARTESIAN_POINT('',(1.7763568394E-15,1.));
#8466 = ( GEOMETRIC_REPRESENTATION_CONTEXT(2) 
PARAMETRIC_REPRESENTATION_CONTEXT() REPRESENTATION_CONTEXT('2D SPACE',''
  ) );
#8467 = ORIENTED_EDGE('',*,*,#8417,.F.);
#8468 = ORIENTED_EDGE('',*,*,#3533,.F.);
#8469 = ADVANCED_FACE('',(#8470),#3588,.T.);
#8470 = FACE_BOUND('',#8471,.F.);
#8471 = EDGE_LOOP('',(#8472,#8493,#8523,#8524));
#8472 = ORIENTED_EDGE('',*,*,#8473,.T.);
#8473 = EDGE_CURVE('',#3568,#8474,#8476,.T.);
#8474 = VERTEX_POINT('',#8475);
#8475 = CARTESIAN_POINT('',(12.363636363636,-17.5,7.));
#8476 = SEAM_CURVE('',#8477,(#8481,#8487),.PCURVE_S1.);
#8477 = LINE('',#8478,#8479);
#8478 = CARTESIAN_POINT('',(12.363636363636,-3.,7.));
#8479 = VECTOR('',#8480,1.);
#8480 = DIRECTION('',(2.254526039504E-97,-1.,2.22044604925E-16));
#8481 = PCURVE('',#3588,#8482);
#8482 = DEFINITIONAL_REPRESENTATION('',(#8483),#8486);
#8483 = B_SPLINE_CURVE_WITH_KNOTS('',1,(#8484,#8485),.UNSPECIFIED.,.F.,
  .F.,(2,2),(0.,14.5),.PIECEWISE_BEZIER_KNOTS.);
#8484 = CARTESIAN_POINT('',(0.,0.));
#8485 = CARTESIAN_POINT('',(0.,-14.5));
#8486 = ( GEOMETRIC_REPRESENTATION_CONTEXT(2) 
PARAMETRIC_REPRESENTATION_CONTEXT() REPRESENTATION_CONTEXT('2D SPACE',''
  ) );
#8487 = PCURVE('',#3588,#8488);
#8488 = DEFINITIONAL_REPRESENTATION('',(#8489),#8492);
#8489 = B_SPLINE_CURVE_WITH_KNOTS('',1,(#8490,#8491),.UNSPECIFIED.,.F.,
  .F.,(2,2),(0.,14.5),.PIECEWISE_BEZIER_KNOTS.);
#8490 = CARTESIAN_POINT('',(-6.28318530718,0.));
#8491 = CARTESIAN_POINT('',(-6.28318530718,-14.5));
#8492 = ( GEOMETRIC_REPRESENTATION_CONTEXT(2) 
PARAMETRIC_REPRESENTATION_CONTEXT() REPRESENTATION_CONTEXT('2D SPACE',''
  ) );
#8493 = ORIENTED_EDGE('',*,*,#8494,.T.);
#8494 = EDGE_CURVE('',#8474,#8474,#8495,.T.);
#8495 = SURFACE_CURVE('',#8496,(#8501,#8507),.PCURVE_S1.);
#8496 = CIRCLE('',#8497,1.);
#8497 = AXIS2_PLACEMENT_3D('',#8498,#8499,#8500);
#8498 = CARTESIAN_POINT('',(11.363636363636,-17.5,7.));
#8499 = DIRECTION('',(2.254526039504E-97,-1.,2.22044604925E-16));
#8500 = DIRECTION('',(1.,2.254526039504E-97,-5.197704882822E-113));
#8501 = PCURVE('',#3588,#8502);
#8502 = DEFINITIONAL_REPRESENTATION('',(#8503),#8506);
#8503 = B_SPLINE_CURVE_WITH_KNOTS('',1,(#8504,#8505),.UNSPECIFIED.,.F.,
  .F.,(2,2),(0.,6.28318530718),.PIECEWISE_BEZIER_KNOTS.);
#8504 = CARTESIAN_POINT('',(0.,-14.5));
#8505 = CARTESIAN_POINT('',(-6.28318530718,-14.5));
#8506 = ( GEOMETRIC_REPRESENTATION_CONTEXT(2) 
PARAMETRIC_REPRESENTATION_CONTEXT() REPRESENTATION_CONTEXT('2D SPACE',''
  ) );
#8507 = PCURVE('',#8508,#8513);
#8508 = PLANE('',#8509);
#8509 = AXIS2_PLACEMENT_3D('',#8510,#8511,#8512);
#8510 = CARTESIAN_POINT('',(11.363636363636,-17.5,7.));
#8511 = DIRECTION('',(0.,1.,-4.930380657631E-32));
#8512 = DIRECTION('',(0.,4.930380657631E-32,1.));
#8513 = DEFINITIONAL_REPRESENTATION('',(#8514),#8522);
#8514 = ( BOUNDED_CURVE() B_SPLINE_CURVE(2,(#8515,#8516,#8517,#8518,
#8519,#8520,#8521),.UNSPECIFIED.,.T.,.F.) B_SPLINE_CURVE_WITH_KNOTS((1,2
    ,2,2,2,1),(-2.094395102393,0.,2.094395102393,4.188790204786,
6.28318530718,8.377580409573),.UNSPECIFIED.) CURVE() 
GEOMETRIC_REPRESENTATION_ITEM() RATIONAL_B_SPLINE_CURVE((1.,0.5,1.,0.5,
1.,0.5,1.)) REPRESENTATION_ITEM('') );
#8515 = CARTESIAN_POINT('',(1.7763568394E-15,1.));
#8516 = CARTESIAN_POINT('',(1.732050807569,1.));
#8517 = CARTESIAN_POINT('',(0.866025403784,-0.5));
#8518 = CARTESIAN_POINT('',(2.02128619923E-15,-2.));
#8519 = CARTESIAN_POINT('',(-0.866025403784,-0.5));
#8520 = CARTESIAN_POINT('',(-1.732050807569,1.));
#8521 = CARTESIAN_POINT('',(1.7763568394E-15,1.));
#8522 = ( GEOMETRIC_REPRESENTATION_CONTEXT(2) 
PARAMETRIC_REPRESENTATION_CONTEXT() REPRESENTATION_CONTEXT('2D SPACE',''
  ) );
#8523 = ORIENTED_EDGE('',*,*,#8473,.F.);
#8524 = ORIENTED_EDGE('',*,*,#3567,.F.);
#8525 = ADVANCED_FACE('',(#8526),#3622,.T.);
#8526 = FACE_BOUND('',#8527,.F.);
#8527 = EDGE_LOOP('',(#8528,#8549,#8579,#8580));
#8528 = ORIENTED_EDGE('',*,*,#8529,.T.);
#8529 = EDGE_CURVE('',#3602,#8530,#8532,.T.);
#8530 = VERTEX_POINT('',#8531);
#8531 = CARTESIAN_POINT('',(7.818181818182,-17.5,12.));
#8532 = SEAM_CURVE('',#8533,(#8537,#8543),.PCURVE_S1.);
#8533 = LINE('',#8534,#8535);
#8534 = CARTESIAN_POINT('',(7.818181818182,-3.,12.));
#8535 = VECTOR('',#8536,1.);
#8536 = DIRECTION('',(2.254526039504E-97,-1.,2.22044604925E-16));
#8537 = PCURVE('',#3622,#8538);
#8538 = DEFINITIONAL_REPRESENTATION('',(#8539),#8542);
#8539 = B_SPLINE_CURVE_WITH_KNOTS('',1,(#8540,#8541),.UNSPECIFIED.,.F.,
  .F.,(2,2),(0.,14.5),.PIECEWISE_BEZIER_KNOTS.);
#8540 = CARTESIAN_POINT('',(0.,0.));
#8541 = CARTESIAN_POINT('',(0.,-14.5));
#8542 = ( GEOMETRIC_REPRESENTATION_CONTEXT(2) 
PARAMETRIC_REPRESENTATION_CONTEXT() REPRESENTATION_CONTEXT('2D SPACE',''
  ) );
#8543 = PCURVE('',#3622,#8544);
#8544 = DEFINITIONAL_REPRESENTATION('',(#8545),#8548);
#8545 = B_SPLINE_CURVE_WITH_KNOTS('',1,(#8546,#8547),.UNSPECIFIED.,.F.,
  .F.,(2,2),(0.,14.5),.PIECEWISE_BEZIER_KNOTS.);
#8546 = CARTESIAN_POINT('',(-6.28318530718,0.));
#8547 = CARTESIAN_POINT('',(-6.28318530718,-14.5));
#8548 = ( GEOMETRIC_REPRESENTATION_CONTEXT(2) 
PARAMETRIC_REPRESENTATION_CONTEXT() REPRESENTATION_CONTEXT('2D SPACE',''
  ) );
#8549 = ORIENTED_EDGE('',*,*,#8550,.T.);
#8550 = EDGE_CURVE('',#8530,#8530,#8551,.T.);
#8551 = SURFACE_CURVE('',#8552,(#8557,#8563),.PCURVE_S1.);
#8552 = CIRCLE('',#8553,1.);
#8553 = AXIS2_PLACEMENT_3D('',#8554,#8555,#8556);
#8554 = CARTESIAN_POINT('',(6.818181818182,-17.5,12.));
#8555 = DIRECTION('',(2.254526039504E-97,-1.,2.22044604925E-16));
#8556 = DIRECTION('',(1.,2.254526039504E-97,-5.197704882822E-113));
#8557 = PCURVE('',#3622,#8558);
#8558 = DEFINITIONAL_REPRESENTATION('',(#8559),#8562);
#8559 = B_SPLINE_CURVE_WITH_KNOTS('',1,(#8560,#8561),.UNSPECIFIED.,.F.,
  .F.,(2,2),(0.,6.28318530718),.PIECEWISE_BEZIER_KNOTS.);
#8560 = CARTESIAN_POINT('',(0.,-14.5));
#8561 = CARTESIAN_POINT('',(-6.28318530718,-14.5));
#8562 = ( GEOMETRIC_REPRESENTATION_CONTEXT(2) 
PARAMETRIC_REPRESENTATION_CONTEXT() REPRESENTATION_CONTEXT('2D SPACE',''
  ) );
#8563 = PCURVE('',#8564,#8569);
#8564 = PLANE('',#8565);
#8565 = AXIS2_PLACEMENT_3D('',#8566,#8567,#8568);
#8566 = CARTESIAN_POINT('',(6.818181818182,-17.5,12.));
#8567 = DIRECTION('',(0.,1.,-4.930380657631E-32));
#8568 = DIRECTION('',(0.,4.930380657631E-32,1.));
#8569 = DEFINITIONAL_REPRESENTATION('',(#8570),#8578);
#8570 = ( BOUNDED_CURVE() B_SPLINE_CURVE(2,(#8571,#8572,#8573,#8574,
#8575,#8576,#8577),.UNSPECIFIED.,.T.,.F.) B_SPLINE_CURVE_WITH_KNOTS((1,2
    ,2,2,2,1),(-2.094395102393,0.,2.094395102393,4.188790204786,
6.28318530718,8.377580409573),.UNSPECIFIED.) CURVE() 
GEOMETRIC_REPRESENTATION_ITEM() RATIONAL_B_SPLINE_CURVE((1.,0.5,1.,0.5,
1.,0.5,1.)) REPRESENTATION_ITEM('') );
#8571 = CARTESIAN_POINT('',(-2.6645352591E-15,1.));
#8572 = CARTESIAN_POINT('',(1.732050807569,1.));
#8573 = CARTESIAN_POINT('',(0.866025403784,-0.5));
#8574 = CARTESIAN_POINT('',(-2.419605899271E-15,-2.));
#8575 = CARTESIAN_POINT('',(-0.866025403784,-0.5));
#8576 = CARTESIAN_POINT('',(-1.732050807569,1.));
#8577 = CARTESIAN_POINT('',(-2.6645352591E-15,1.));
#8578 = ( GEOMETRIC_REPRESENTATION_CONTEXT(2) 
PARAMETRIC_REPRESENTATION_CONTEXT() REPRESENTATION_CONTEXT('2D SPACE',''
  ) );
#8579 = ORIENTED_EDGE('',*,*,#8529,.F.);
#8580 = ORIENTED_EDGE('',*,*,#3601,.F.);
#8581 = ADVANCED_FACE('',(#8582),#3656,.T.);
#8582 = FACE_BOUND('',#8583,.F.);
#8583 = EDGE_LOOP('',(#8584,#8605,#8635,#8636));
#8584 = ORIENTED_EDGE('',*,*,#8585,.T.);
#8585 = EDGE_CURVE('',#3636,#8586,#8588,.T.);
#8586 = VERTEX_POINT('',#8587);
#8587 = CARTESIAN_POINT('',(12.363636363636,-17.5,12.));
#8588 = SEAM_CURVE('',#8589,(#8593,#8599),.PCURVE_S1.);
#8589 = LINE('',#8590,#8591);
#8590 = CARTESIAN_POINT('',(12.363636363636,-3.,12.));
#8591 = VECTOR('',#8592,1.);
#8592 = DIRECTION('',(2.254526039504E-97,-1.,2.22044604925E-16));
#8593 = PCURVE('',#3656,#8594);
#8594 = DEFINITIONAL_REPRESENTATION('',(#8595),#8598);
#8595 = B_SPLINE_CURVE_WITH_KNOTS('',1,(#8596,#8597),.UNSPECIFIED.,.F.,
  .F.,(2,2),(0.,14.5),.PIECEWISE_BEZIER_KNOTS.);
#8596 = CARTESIAN_POINT('',(0.,0.));
#8597 = CARTESIAN_POINT('',(0.,-14.5));
#8598 = ( GEOMETRIC_REPRESENTATION_CONTEXT(2) 
PARAMETRIC_REPRESENTATION_CONTEXT() REPRESENTATION_CONTEXT('2D SPACE',''
  ) );
#8599 = PCURVE('',#3656,#8600);
#8600 = DEFINITIONAL_REPRESENTATION('',(#8601),#8604);
#8601 = B_SPLINE_CURVE_WITH_KNOTS('',1,(#8602,#8603),.UNSPECIFIED.,.F.,
  .F.,(2,2),(0.,14.5),.PIECEWISE_BEZIER_KNOTS.);
#8602 = CARTESIAN_POINT('',(-6.28318530718,0.));
#8603 = CARTESIAN_POINT('',(-6.28318530718,-14.5));
#8604 = ( GEOMETRIC_REPRESENTATION_CONTEXT(2) 
PARAMETRIC_REPRESENTATION_CONTEXT() REPRESENTATION_CONTEXT('2D SPACE',''
  ) );
#8605 = ORIENTED_EDGE('',*,*,#8606,.T.);
#8606 = EDGE_CURVE('',#8586,#8586,#8607,.T.);
#8607 = SURFACE_CURVE('',#8608,(#8613,#8619),.PCURVE_S1.);
#8608 = CIRCLE('',#8609,1.);
#8609 = AXIS2_PLACEMENT_3D('',#8610,#8611,#8612);
#8610 = CARTESIAN_POINT('',(11.363636363636,-17.5,12.));
#8611 = DIRECTION('',(2.254526039504E-97,-1.,2.22044604925E-16));
#8612 = DIRECTION('',(1.,2.254526039504E-97,-5.197704882822E-113));
#8613 = PCURVE('',#3656,#8614);
#8614 = DEFINITIONAL_REPRESENTATION('',(#8615),#8618);
#8615 = B_SPLINE_CURVE_WITH_KNOTS('',1,(#8616,#8617),.UNSPECIFIED.,.F.,
  .F.,(2,2),(0.,6.28318530718),.PIECEWISE_BEZIER_KNOTS.);
#8616 = CARTESIAN_POINT('',(0.,-14.5));
#8617 = CARTESIAN_POINT('',(-6.28318530718,-14.5));
#8618 = ( GEOMETRIC_REPRESENTATION_CONTEXT(2) 
PARAMETRIC_REPRESENTATION_CONTEXT() REPRESENTATION_CONTEXT('2D SPACE',''
  ) );
#8619 = PCURVE('',#8620,#8625);
#8620 = PLANE('',#8621);
#8621 = AXIS2_PLACEMENT_3D('',#8622,#8623,#8624);
#8622 = CARTESIAN_POINT('',(11.363636363636,-17.5,12.));
#8623 = DIRECTION('',(0.,1.,-4.930380657631E-32));
#8624 = DIRECTION('',(0.,4.930380657631E-32,1.));
#8625 = DEFINITIONAL_REPRESENTATION('',(#8626),#8634);
#8626 = ( BOUNDED_CURVE() B_SPLINE_CURVE(2,(#8627,#8628,#8629,#8630,
#8631,#8632,#8633),.UNSPECIFIED.,.T.,.F.) B_SPLINE_CURVE_WITH_KNOTS((1,2
    ,2,2,2,1),(-2.094395102393,0.,2.094395102393,4.188790204786,
6.28318530718,8.377580409573),.UNSPECIFIED.) CURVE() 
GEOMETRIC_REPRESENTATION_ITEM() RATIONAL_B_SPLINE_CURVE((1.,0.5,1.,0.5,
1.,0.5,1.)) REPRESENTATION_ITEM('') );
#8627 = CARTESIAN_POINT('',(-2.6645352591E-15,1.));
#8628 = CARTESIAN_POINT('',(1.732050807569,1.));
#8629 = CARTESIAN_POINT('',(0.866025403784,-0.5));
#8630 = CARTESIAN_POINT('',(-2.419605899271E-15,-2.));
#8631 = CARTESIAN_POINT('',(-0.866025403784,-0.5));
#8632 = CARTESIAN_POINT('',(-1.732050807569,1.));
#8633 = CARTESIAN_POINT('',(-2.6645352591E-15,1.));
#8634 = ( GEOMETRIC_REPRESENTATION_CONTEXT(2) 
PARAMETRIC_REPRESENTATION_CONTEXT() REPRESENTATION_CONTEXT('2D SPACE',''
  ) );
#8635 = ORIENTED_EDGE('',*,*,#8585,.F.);
#8636 = ORIENTED_EDGE('',*,*,#3635,.F.);
#8637 = ADVANCED_FACE('',(#8638),#3690,.T.);
#8638 = FACE_BOUND('',#8639,.F.);
#8639 = EDGE_LOOP('',(#8640,#8661,#8691,#8692));
#8640 = ORIENTED_EDGE('',*,*,#8641,.T.);
#8641 = EDGE_CURVE('',#3670,#8642,#8644,.T.);
#8642 = VERTEX_POINT('',#8643);
#8643 = CARTESIAN_POINT('',(3.272727272727,-17.5,17.));
#8644 = SEAM_CURVE('',#8645,(#8649,#8655),.PCURVE_S1.);
#8645 = LINE('',#8646,#8647);
#8646 = CARTESIAN_POINT('',(3.272727272727,-3.,17.));
#8647 = VECTOR('',#8648,1.);
#8648 = DIRECTION('',(2.254526039504E-97,-1.,2.22044604925E-16));
#8649 = PCURVE('',#3690,#8650);
#8650 = DEFINITIONAL_REPRESENTATION('',(#8651),#8654);
#8651 = B_SPLINE_CURVE_WITH_KNOTS('',1,(#8652,#8653),.UNSPECIFIED.,.F.,
  .F.,(2,2),(0.,14.5),.PIECEWISE_BEZIER_KNOTS.);
#8652 = CARTESIAN_POINT('',(0.,0.));
#8653 = CARTESIAN_POINT('',(0.,-14.5));
#8654 = ( GEOMETRIC_REPRESENTATION_CONTEXT(2) 
PARAMETRIC_REPRESENTATION_CONTEXT() REPRESENTATION_CONTEXT('2D SPACE',''
  ) );
#8655 = PCURVE('',#3690,#8656);
#8656 = DEFINITIONAL_REPRESENTATION('',(#8657),#8660);
#8657 = B_SPLINE_CURVE_WITH_KNOTS('',1,(#8658,#8659),.UNSPECIFIED.,.F.,
  .F.,(2,2),(0.,14.5),.PIECEWISE_BEZIER_KNOTS.);
#8658 = CARTESIAN_POINT('',(-6.28318530718,0.));
#8659 = CARTESIAN_POINT('',(-6.28318530718,-14.5));
#8660 = ( GEOMETRIC_REPRESENTATION_CONTEXT(2) 
PARAMETRIC_REPRESENTATION_CONTEXT() REPRESENTATION_CONTEXT('2D SPACE',''
  ) );
#8661 = ORIENTED_EDGE('',*,*,#8662,.T.);
#8662 = EDGE_CURVE('',#8642,#8642,#8663,.T.);
#8663 = SURFACE_CURVE('',#8664,(#8669,#8675),.PCURVE_S1.);
#8664 = CIRCLE('',#8665,1.);
#8665 = AXIS2_PLACEMENT_3D('',#8666,#8667,#8668);
#8666 = CARTESIAN_POINT('',(2.272727272727,-17.5,17.));
#8667 = DIRECTION('',(2.254526039504E-97,-1.,2.22044604925E-16));
#8668 = DIRECTION('',(1.,2.254526039504E-97,-5.197704882822E-113));
#8669 = PCURVE('',#3690,#8670);
#8670 = DEFINITIONAL_REPRESENTATION('',(#8671),#8674);
#8671 = B_SPLINE_CURVE_WITH_KNOTS('',1,(#8672,#8673),.UNSPECIFIED.,.F.,
  .F.,(2,2),(0.,6.28318530718),.PIECEWISE_BEZIER_KNOTS.);
#8672 = CARTESIAN_POINT('',(0.,-14.5));
#8673 = CARTESIAN_POINT('',(-6.28318530718,-14.5));
#8674 = ( GEOMETRIC_REPRESENTATION_CONTEXT(2) 
PARAMETRIC_REPRESENTATION_CONTEXT() REPRESENTATION_CONTEXT('2D SPACE',''
  ) );
#8675 = PCURVE('',#8676,#8681);
#8676 = PLANE('',#8677);
#8677 = AXIS2_PLACEMENT_3D('',#8678,#8679,#8680);
#8678 = CARTESIAN_POINT('',(2.272727272727,-17.5,17.));
#8679 = DIRECTION('',(0.,1.,-4.930380657631E-32));
#8680 = DIRECTION('',(0.,4.930380657631E-32,1.));
#8681 = DEFINITIONAL_REPRESENTATION('',(#8682),#8690);
#8682 = ( BOUNDED_CURVE() B_SPLINE_CURVE(2,(#8683,#8684,#8685,#8686,
#8687,#8688,#8689),.UNSPECIFIED.,.T.,.F.) B_SPLINE_CURVE_WITH_KNOTS((1,2
    ,2,2,2,1),(-2.094395102393,0.,2.094395102393,4.188790204786,
6.28318530718,8.377580409573),.UNSPECIFIED.) CURVE() 
GEOMETRIC_REPRESENTATION_ITEM() RATIONAL_B_SPLINE_CURVE((1.,0.5,1.,0.5,
1.,0.5,1.)) REPRESENTATION_ITEM('') );
#8683 = CARTESIAN_POINT('',(4.440892098501E-16,1.));
#8684 = CARTESIAN_POINT('',(1.732050807569,1.));
#8685 = CARTESIAN_POINT('',(0.866025403784,-0.5));
#8686 = CARTESIAN_POINT('',(6.890185696795E-16,-2.));
#8687 = CARTESIAN_POINT('',(-0.866025403784,-0.5));
#8688 = CARTESIAN_POINT('',(-1.732050807569,1.));
#8689 = CARTESIAN_POINT('',(4.440892098501E-16,1.));
#8690 = ( GEOMETRIC_REPRESENTATION_CONTEXT(2) 
PARAMETRIC_REPRESENTATION_CONTEXT() REPRESENTATION_CONTEXT('2D SPACE',''
  ) );
#8691 = ORIENTED_EDGE('',*,*,#8641,.F.);
#8692 = ORIENTED_EDGE('',*,*,#3669,.F.);
#8693 = ADVANCED_FACE('',(#8694),#3724,.T.);
#8694 = FACE_BOUND('',#8695,.F.);
#8695 = EDGE_LOOP('',(#8696,#8717,#8747,#8748));
#8696 = ORIENTED_EDGE('',*,*,#8697,.T.);
#8697 = EDGE_CURVE('',#3704,#8698,#8700,.T.);
#8698 = VERTEX_POINT('',#8699);
#8699 = CARTESIAN_POINT('',(7.818181818182,-17.5,17.));
#8700 = SEAM_CURVE('',#8701,(#8705,#8711),.PCURVE_S1.);
#8701 = LINE('',#8702,#8703);
#8702 = CARTESIAN_POINT('',(7.818181818182,-3.,17.));
#8703 = VECTOR('',#8704,1.);
#8704 = DIRECTION('',(2.254526039504E-97,-1.,2.22044604925E-16));
#8705 = PCURVE('',#3724,#8706);
#8706 = DEFINITIONAL_REPRESENTATION('',(#8707),#8710);
#8707 = B_SPLINE_CURVE_WITH_KNOTS('',1,(#8708,#8709),.UNSPECIFIED.,.F.,
  .F.,(2,2),(0.,14.5),.PIECEWISE_BEZIER_KNOTS.);
#8708 = CARTESIAN_POINT('',(0.,0.));
#8709 = CARTESIAN_POINT('',(0.,-14.5));
#8710 = ( GEOMETRIC_REPRESENTATION_CONTEXT(2) 
PARAMETRIC_REPRESENTATION_CONTEXT() REPRESENTATION_CONTEXT('2D SPACE',''
  ) );
#8711 = PCURVE('',#3724,#8712);
#8712 = DEFINITIONAL_REPRESENTATION('',(#8713),#8716);
#8713 = B_SPLINE_CURVE_WITH_KNOTS('',1,(#8714,#8715),.UNSPECIFIED.,.F.,
  .F.,(2,2),(0.,14.5),.PIECEWISE_BEZIER_KNOTS.);
#8714 = CARTESIAN_POINT('',(-6.28318530718,0.));
#8715 = CARTESIAN_POINT('',(-6.28318530718,-14.5));
#8716 = ( GEOMETRIC_REPRESENTATION_CONTEXT(2) 
PARAMETRIC_REPRESENTATION_CONTEXT() REPRESENTATION_CONTEXT('2D SPACE',''
  ) );
#8717 = ORIENTED_EDGE('',*,*,#8718,.T.);
#8718 = EDGE_CURVE('',#8698,#8698,#8719,.T.);
#8719 = SURFACE_CURVE('',#8720,(#8725,#8731),.PCURVE_S1.);
#8720 = CIRCLE('',#8721,1.);
#8721 = AXIS2_PLACEMENT_3D('',#8722,#8723,#8724);
#8722 = CARTESIAN_POINT('',(6.818181818182,-17.5,17.));
#8723 = DIRECTION('',(2.254526039504E-97,-1.,2.22044604925E-16));
#8724 = DIRECTION('',(1.,2.254526039504E-97,-5.197704882822E-113));
#8725 = PCURVE('',#3724,#8726);
#8726 = DEFINITIONAL_REPRESENTATION('',(#8727),#8730);
#8727 = B_SPLINE_CURVE_WITH_KNOTS('',1,(#8728,#8729),.UNSPECIFIED.,.F.,
  .F.,(2,2),(0.,6.28318530718),.PIECEWISE_BEZIER_KNOTS.);
#8728 = CARTESIAN_POINT('',(0.,-14.5));
#8729 = CARTESIAN_POINT('',(-6.28318530718,-14.5));
#8730 = ( GEOMETRIC_REPRESENTATION_CONTEXT(2) 
PARAMETRIC_REPRESENTATION_CONTEXT() REPRESENTATION_CONTEXT('2D SPACE',''
  ) );
#8731 = PCURVE('',#8732,#8737);
#8732 = PLANE('',#8733);
#8733 = AXIS2_PLACEMENT_3D('',#8734,#8735,#8736);
#8734 = CARTESIAN_POINT('',(6.818181818182,-17.5,17.));
#8735 = DIRECTION('',(0.,1.,-4.930380657631E-32));
#8736 = DIRECTION('',(0.,4.930380657631E-32,1.));
#8737 = DEFINITIONAL_REPRESENTATION('',(#8738),#8746);
#8738 = ( BOUNDED_CURVE() B_SPLINE_CURVE(2,(#8739,#8740,#8741,#8742,
#8743,#8744,#8745),.UNSPECIFIED.,.T.,.F.) B_SPLINE_CURVE_WITH_KNOTS((1,2
    ,2,2,2,1),(-2.094395102393,0.,2.094395102393,4.188790204786,
6.28318530718,8.377580409573),.UNSPECIFIED.) CURVE() 
GEOMETRIC_REPRESENTATION_ITEM() RATIONAL_B_SPLINE_CURVE((1.,0.5,1.,0.5,
1.,0.5,1.)) REPRESENTATION_ITEM('') );
#8739 = CARTESIAN_POINT('',(4.440892098501E-16,1.));
#8740 = CARTESIAN_POINT('',(1.732050807569,1.));
#8741 = CARTESIAN_POINT('',(0.866025403784,-0.5));
#8742 = CARTESIAN_POINT('',(6.890185696795E-16,-2.));
#8743 = CARTESIAN_POINT('',(-0.866025403784,-0.5));
#8744 = CARTESIAN_POINT('',(-1.732050807569,1.));
#8745 = CARTESIAN_POINT('',(4.440892098501E-16,1.));
#8746 = ( GEOMETRIC_REPRESENTATION_CONTEXT(2) 
PARAMETRIC_REPRESENTATION_CONTEXT() REPRESENTATION_CONTEXT('2D SPACE',''
  ) );
#8747 = ORIENTED_EDGE('',*,*,#8697,.F.);
#8748 = ORIENTED_EDGE('',*,*,#3703,.F.);
#8749 = ADVANCED_FACE('',(#8750),#3758,.T.);
#8750 = FACE_BOUND('',#8751,.F.);
#8751 = EDGE_LOOP('',(#8752,#8773,#8803,#8804));
#8752 = ORIENTED_EDGE('',*,*,#8753,.T.);
#8753 = EDGE_CURVE('',#3738,#8754,#8756,.T.);
#8754 = VERTEX_POINT('',#8755);
#8755 = CARTESIAN_POINT('',(12.363636363636,-17.5,17.));
#8756 = SEAM_CURVE('',#8757,(#8761,#8767),.PCURVE_S1.);
#8757 = LINE('',#8758,#8759);
#8758 = CARTESIAN_POINT('',(12.363636363636,-3.,17.));
#8759 = VECTOR('',#8760,1.);
#8760 = DIRECTION('',(2.254526039504E-97,-1.,2.22044604925E-16));
#8761 = PCURVE('',#3758,#8762);
#8762 = DEFINITIONAL_REPRESENTATION('',(#8763),#8766);
#8763 = B_SPLINE_CURVE_WITH_KNOTS('',1,(#8764,#8765),.UNSPECIFIED.,.F.,
  .F.,(2,2),(0.,14.5),.PIECEWISE_BEZIER_KNOTS.);
#8764 = CARTESIAN_POINT('',(0.,0.));
#8765 = CARTESIAN_POINT('',(0.,-14.5));
#8766 = ( GEOMETRIC_REPRESENTATION_CONTEXT(2) 
PARAMETRIC_REPRESENTATION_CONTEXT() REPRESENTATION_CONTEXT('2D SPACE',''
  ) );
#8767 = PCURVE('',#3758,#8768);
#8768 = DEFINITIONAL_REPRESENTATION('',(#8769),#8772);
#8769 = B_SPLINE_CURVE_WITH_KNOTS('',1,(#8770,#8771),.UNSPECIFIED.,.F.,
  .F.,(2,2),(0.,14.5),.PIECEWISE_BEZIER_KNOTS.);
#8770 = CARTESIAN_POINT('',(-6.28318530718,0.));
#8771 = CARTESIAN_POINT('',(-6.28318530718,-14.5));
#8772 = ( GEOMETRIC_REPRESENTATION_CONTEXT(2) 
PARAMETRIC_REPRESENTATION_CONTEXT() REPRESENTATION_CONTEXT('2D SPACE',''
  ) );
#8773 = ORIENTED_EDGE('',*,*,#8774,.T.);
#8774 = EDGE_CURVE('',#8754,#8754,#8775,.T.);
#8775 = SURFACE_CURVE('',#8776,(#8781,#8787),.PCURVE_S1.);
#8776 = CIRCLE('',#8777,1.);
#8777 = AXIS2_PLACEMENT_3D('',#8778,#8779,#8780);
#8778 = CARTESIAN_POINT('',(11.363636363636,-17.5,17.));
#8779 = DIRECTION('',(2.254526039504E-97,-1.,2.22044604925E-16));
#8780 = DIRECTION('',(1.,2.254526039504E-97,-5.197704882822E-113));
#8781 = PCURVE('',#3758,#8782);
#8782 = DEFINITIONAL_REPRESENTATION('',(#8783),#8786);
#8783 = B_SPLINE_CURVE_WITH_KNOTS('',1,(#8784,#8785),.UNSPECIFIED.,.F.,
  .F.,(2,2),(0.,6.28318530718),.PIECEWISE_BEZIER_KNOTS.);
#8784 = CARTESIAN_POINT('',(0.,-14.5));
#8785 = CARTESIAN_POINT('',(-6.28318530718,-14.5));
#8786 = ( GEOMETRIC_REPRESENTATION_CONTEXT(2) 
PARAMETRIC_REPRESENTATION_CONTEXT() REPRESENTATION_CONTEXT('2D SPACE',''
  ) );
#8787 = PCURVE('',#8788,#8793);
#8788 = PLANE('',#8789);
#8789 = AXIS2_PLACEMENT_3D('',#8790,#8791,#8792);
#8790 = CARTESIAN_POINT('',(11.363636363636,-17.5,17.));
#8791 = DIRECTION('',(0.,1.,-4.930380657631E-32));
#8792 = DIRECTION('',(0.,4.930380657631E-32,1.));
#8793 = DEFINITIONAL_REPRESENTATION('',(#8794),#8802);
#8794 = ( BOUNDED_CURVE() B_SPLINE_CURVE(2,(#8795,#8796,#8797,#8798,
#8799,#8800,#8801),.UNSPECIFIED.,.T.,.F.) B_SPLINE_CURVE_WITH_KNOTS((1,2
    ,2,2,2,1),(-2.094395102393,0.,2.094395102393,4.188790204786,
6.28318530718,8.377580409573),.UNSPECIFIED.) CURVE() 
GEOMETRIC_REPRESENTATION_ITEM() RATIONAL_B_SPLINE_CURVE((1.,0.5,1.,0.5,
1.,0.5,1.)) REPRESENTATION_ITEM('') );
#8795 = CARTESIAN_POINT('',(4.440892098501E-16,1.));
#8796 = CARTESIAN_POINT('',(1.732050807569,1.));
#8797 = CARTESIAN_POINT('',(0.866025403784,-0.5));
#8798 = CARTESIAN_POINT('',(6.890185696795E-16,-2.));
#8799 = CARTESIAN_POINT('',(-0.866025403784,-0.5));
#8800 = CARTESIAN_POINT('',(-1.732050807569,1.));
#8801 = CARTESIAN_POINT('',(4.440892098501E-16,1.));
#8802 = ( GEOMETRIC_REPRESENTATION_CONTEXT(2) 
PARAMETRIC_REPRESENTATION_CONTEXT() REPRESENTATION_CONTEXT('2D SPACE',''
  ) );
#8803 = ORIENTED_EDGE('',*,*,#8753,.F.);
#8804 = ORIENTED_EDGE('',*,*,#3737,.F.);
#8805 = ADVANCED_FACE('',(#8806),#3792,.T.);
#8806 = FACE_BOUND('',#8807,.F.);
#8807 = EDGE_LOOP('',(#8808,#8829,#8859,#8860));
#8808 = ORIENTED_EDGE('',*,*,#8809,.T.);
#8809 = EDGE_CURVE('',#3772,#8810,#8812,.T.);
#8810 = VERTEX_POINT('',#8811);
#8811 = CARTESIAN_POINT('',(16.909090909091,-17.5,7.));
#8812 = SEAM_CURVE('',#8813,(#8817,#8823),.PCURVE_S1.);
#8813 = LINE('',#8814,#8815);
#8814 = CARTESIAN_POINT('',(16.909090909091,-3.,7.));
#8815 = VECTOR('',#8816,1.);
#8816 = DIRECTION('',(2.254526039504E-97,-1.,2.22044604925E-16));
#8817 = PCURVE('',#3792,#8818);
#8818 = DEFINITIONAL_REPRESENTATION('',(#8819),#8822);
#8819 = B_SPLINE_CURVE_WITH_KNOTS('',1,(#8820,#8821),.UNSPECIFIED.,.F.,
  .F.,(2,2),(0.,14.5),.PIECEWISE_BEZIER_KNOTS.);
#8820 = CARTESIAN_POINT('',(0.,0.));
#8821 = CARTESIAN_POINT('',(0.,-14.5));
#8822 = ( GEOMETRIC_REPRESENTATION_CONTEXT(2) 
PARAMETRIC_REPRESENTATION_CONTEXT() REPRESENTATION_CONTEXT('2D SPACE',''
  ) );
#8823 = PCURVE('',#3792,#8824);
#8824 = DEFINITIONAL_REPRESENTATION('',(#8825),#8828);
#8825 = B_SPLINE_CURVE_WITH_KNOTS('',1,(#8826,#8827),.UNSPECIFIED.,.F.,
  .F.,(2,2),(0.,14.5),.PIECEWISE_BEZIER_KNOTS.);
#8826 = CARTESIAN_POINT('',(-6.28318530718,0.));
#8827 = CARTESIAN_POINT('',(-6.28318530718,-14.5));
#8828 = ( GEOMETRIC_REPRESENTATION_CONTEXT(2) 
PARAMETRIC_REPRESENTATION_CONTEXT() REPRESENTATION_CONTEXT('2D SPACE',''
  ) );
#8829 = ORIENTED_EDGE('',*,*,#8830,.T.);
#8830 = EDGE_CURVE('',#8810,#8810,#8831,.T.);
#8831 = SURFACE_CURVE('',#8832,(#8837,#8843),.PCURVE_S1.);
#8832 = CIRCLE('',#8833,1.);
#8833 = AXIS2_PLACEMENT_3D('',#8834,#8835,#8836);
#8834 = CARTESIAN_POINT('',(15.909090909091,-17.5,7.));
#8835 = DIRECTION('',(2.254526039504E-97,-1.,2.22044604925E-16));
#8836 = DIRECTION('',(1.,2.254526039504E-97,-5.197704882822E-113));
#8837 = PCURVE('',#3792,#8838);
#8838 = DEFINITIONAL_REPRESENTATION('',(#8839),#8842);
#8839 = B_SPLINE_CURVE_WITH_KNOTS('',1,(#8840,#8841),.UNSPECIFIED.,.F.,
  .F.,(2,2),(0.,6.28318530718),.PIECEWISE_BEZIER_KNOTS.);
#8840 = CARTESIAN_POINT('',(0.,-14.5));
#8841 = CARTESIAN_POINT('',(-6.28318530718,-14.5));
#8842 = ( GEOMETRIC_REPRESENTATION_CONTEXT(2) 
PARAMETRIC_REPRESENTATION_CONTEXT() REPRESENTATION_CONTEXT('2D SPACE',''
  ) );
#8843 = PCURVE('',#8844,#8849);
#8844 = PLANE('',#8845);
#8845 = AXIS2_PLACEMENT_3D('',#8846,#8847,#8848);
#8846 = CARTESIAN_POINT('',(15.909090909091,-17.5,7.));
#8847 = DIRECTION('',(0.,1.,-4.930380657631E-32));
#8848 = DIRECTION('',(0.,4.930380657631E-32,1.));
#8849 = DEFINITIONAL_REPRESENTATION('',(#8850),#8858);
#8850 = ( BOUNDED_CURVE() B_SPLINE_CURVE(2,(#8851,#8852,#8853,#8854,
#8855,#8856,#8857),.UNSPECIFIED.,.T.,.F.) B_SPLINE_CURVE_WITH_KNOTS((1,2
    ,2,2,2,1),(-2.094395102393,0.,2.094395102393,4.188790204786,
6.28318530718,8.377580409573),.UNSPECIFIED.) CURVE() 
GEOMETRIC_REPRESENTATION_ITEM() RATIONAL_B_SPLINE_CURVE((1.,0.5,1.,0.5,
1.,0.5,1.)) REPRESENTATION_ITEM('') );
#8851 = CARTESIAN_POINT('',(1.7763568394E-15,1.));
#8852 = CARTESIAN_POINT('',(1.732050807569,1.));
#8853 = CARTESIAN_POINT('',(0.866025403784,-0.5));
#8854 = CARTESIAN_POINT('',(2.02128619923E-15,-2.));
#8855 = CARTESIAN_POINT('',(-0.866025403784,-0.5));
#8856 = CARTESIAN_POINT('',(-1.732050807569,1.));
#8857 = CARTESIAN_POINT('',(1.7763568394E-15,1.));
#8858 = ( GEOMETRIC_REPRESENTATION_CONTEXT(2) 
PARAMETRIC_REPRESENTATION_CONTEXT() REPRESENTATION_CONTEXT('2D SPACE',''
  ) );
#8859 = ORIENTED_EDGE('',*,*,#8809,.F.);
#8860 = ORIENTED_EDGE('',*,*,#3771,.F.);
#8861 = ADVANCED_FACE('',(#8862),#3826,.T.);
#8862 = FACE_BOUND('',#8863,.F.);
#8863 = EDGE_LOOP('',(#8864,#8885,#8915,#8916));
#8864 = ORIENTED_EDGE('',*,*,#8865,.T.);
#8865 = EDGE_CURVE('',#3806,#8866,#8868,.T.);
#8866 = VERTEX_POINT('',#8867);
#8867 = CARTESIAN_POINT('',(16.909090909091,-17.5,12.));
#8868 = SEAM_CURVE('',#8869,(#8873,#8879),.PCURVE_S1.);
#8869 = LINE('',#8870,#8871);
#8870 = CARTESIAN_POINT('',(16.909090909091,-3.,12.));
#8871 = VECTOR('',#8872,1.);
#8872 = DIRECTION('',(2.254526039504E-97,-1.,2.22044604925E-16));
#8873 = PCURVE('',#3826,#8874);
#8874 = DEFINITIONAL_REPRESENTATION('',(#8875),#8878);
#8875 = B_SPLINE_CURVE_WITH_KNOTS('',1,(#8876,#8877),.UNSPECIFIED.,.F.,
  .F.,(2,2),(0.,14.5),.PIECEWISE_BEZIER_KNOTS.);
#8876 = CARTESIAN_POINT('',(0.,0.));
#8877 = CARTESIAN_POINT('',(0.,-14.5));
#8878 = ( GEOMETRIC_REPRESENTATION_CONTEXT(2) 
PARAMETRIC_REPRESENTATION_CONTEXT() REPRESENTATION_CONTEXT('2D SPACE',''
  ) );
#8879 = PCURVE('',#3826,#8880);
#8880 = DEFINITIONAL_REPRESENTATION('',(#8881),#8884);
#8881 = B_SPLINE_CURVE_WITH_KNOTS('',1,(#8882,#8883),.UNSPECIFIED.,.F.,
  .F.,(2,2),(0.,14.5),.PIECEWISE_BEZIER_KNOTS.);
#8882 = CARTESIAN_POINT('',(-6.28318530718,0.));
#8883 = CARTESIAN_POINT('',(-6.28318530718,-14.5));
#8884 = ( GEOMETRIC_REPRESENTATION_CONTEXT(2) 
PARAMETRIC_REPRESENTATION_CONTEXT() REPRESENTATION_CONTEXT('2D SPACE',''
  ) );
#8885 = ORIENTED_EDGE('',*,*,#8886,.T.);
#8886 = EDGE_CURVE('',#8866,#8866,#8887,.T.);
#8887 = SURFACE_CURVE('',#8888,(#8893,#8899),.PCURVE_S1.);
#8888 = CIRCLE('',#8889,1.);
#8889 = AXIS2_PLACEMENT_3D('',#8890,#8891,#8892);
#8890 = CARTESIAN_POINT('',(15.909090909091,-17.5,12.));
#8891 = DIRECTION('',(2.254526039504E-97,-1.,2.22044604925E-16));
#8892 = DIRECTION('',(1.,2.254526039504E-97,-5.197704882822E-113));
#8893 = PCURVE('',#3826,#8894);
#8894 = DEFINITIONAL_REPRESENTATION('',(#8895),#8898);
#8895 = B_SPLINE_CURVE_WITH_KNOTS('',1,(#8896,#8897),.UNSPECIFIED.,.F.,
  .F.,(2,2),(0.,6.28318530718),.PIECEWISE_BEZIER_KNOTS.);
#8896 = CARTESIAN_POINT('',(0.,-14.5));
#8897 = CARTESIAN_POINT('',(-6.28318530718,-14.5));
#8898 = ( GEOMETRIC_REPRESENTATION_CONTEXT(2) 
PARAMETRIC_REPRESENTATION_CONTEXT() REPRESENTATION_CONTEXT('2D SPACE',''
  ) );
#8899 = PCURVE('',#8900,#8905);
#8900 = PLANE('',#8901);
#8901 = AXIS2_PLACEMENT_3D('',#8902,#8903,#8904);
#8902 = CARTESIAN_POINT('',(15.909090909091,-17.5,12.));
#8903 = DIRECTION('',(0.,1.,-4.930380657631E-32));
#8904 = DIRECTION('',(0.,4.930380657631E-32,1.));
#8905 = DEFINITIONAL_REPRESENTATION('',(#8906),#8914);
#8906 = ( BOUNDED_CURVE() B_SPLINE_CURVE(2,(#8907,#8908,#8909,#8910,
#8911,#8912,#8913),.UNSPECIFIED.,.T.,.F.) B_SPLINE_CURVE_WITH_KNOTS((1,2
    ,2,2,2,1),(-2.094395102393,0.,2.094395102393,4.188790204786,
6.28318530718,8.377580409573),.UNSPECIFIED.) CURVE() 
GEOMETRIC_REPRESENTATION_ITEM() RATIONAL_B_SPLINE_CURVE((1.,0.5,1.,0.5,
1.,0.5,1.)) REPRESENTATION_ITEM('') );
#8907 = CARTESIAN_POINT('',(-2.6645352591E-15,1.));
#8908 = CARTESIAN_POINT('',(1.732050807569,1.));
#8909 = CARTESIAN_POINT('',(0.866025403784,-0.5));
#8910 = CARTESIAN_POINT('',(-2.419605899271E-15,-2.));
#8911 = CARTESIAN_POINT('',(-0.866025403784,-0.5));
#8912 = CARTESIAN_POINT('',(-1.732050807569,1.));
#8913 = CARTESIAN_POINT('',(-2.6645352591E-15,1.));
#8914 = ( GEOMETRIC_REPRESENTATION_CONTEXT(2) 
PARAMETRIC_REPRESENTATION_CONTEXT() REPRESENTATION_CONTEXT('2D SPACE',''
  ) );
#8915 = ORIENTED_EDGE('',*,*,#8865,.F.);
#8916 = ORIENTED_EDGE('',*,*,#3805,.F.);
#8917 = ADVANCED_FACE('',(#8918),#3860,.T.);
#8918 = FACE_BOUND('',#8919,.F.);
#8919 = EDGE_LOOP('',(#8920,#8941,#8971,#8972));
#8920 = ORIENTED_EDGE('',*,*,#8921,.T.);
#8921 = EDGE_CURVE('',#3840,#8922,#8924,.T.);
#8922 = VERTEX_POINT('',#8923);
#8923 = CARTESIAN_POINT('',(21.454545454545,-17.5,7.));
#8924 = SEAM_CURVE('',#8925,(#8929,#8935),.PCURVE_S1.);
#8925 = LINE('',#8926,#8927);
#8926 = CARTESIAN_POINT('',(21.454545454545,-3.,7.));
#8927 = VECTOR('',#8928,1.);
#8928 = DIRECTION('',(2.254526039504E-97,-1.,2.22044604925E-16));
#8929 = PCURVE('',#3860,#8930);
#8930 = DEFINITIONAL_REPRESENTATION('',(#8931),#8934);
#8931 = B_SPLINE_CURVE_WITH_KNOTS('',1,(#8932,#8933),.UNSPECIFIED.,.F.,
  .F.,(2,2),(0.,14.5),.PIECEWISE_BEZIER_KNOTS.);
#8932 = CARTESIAN_POINT('',(0.,0.));
#8933 = CARTESIAN_POINT('',(0.,-14.5));
#8934 = ( GEOMETRIC_REPRESENTATION_CONTEXT(2) 
PARAMETRIC_REPRESENTATION_CONTEXT() REPRESENTATION_CONTEXT('2D SPACE',''
  ) );
#8935 = PCURVE('',#3860,#8936);
#8936 = DEFINITIONAL_REPRESENTATION('',(#8937),#8940);
#8937 = B_SPLINE_CURVE_WITH_KNOTS('',1,(#8938,#8939),.UNSPECIFIED.,.F.,
  .F.,(2,2),(0.,14.5),.PIECEWISE_BEZIER_KNOTS.);
#8938 = CARTESIAN_POINT('',(-6.28318530718,0.));
#8939 = CARTESIAN_POINT('',(-6.28318530718,-14.5));
#8940 = ( GEOMETRIC_REPRESENTATION_CONTEXT(2) 
PARAMETRIC_REPRESENTATION_CONTEXT() REPRESENTATION_CONTEXT('2D SPACE',''
  ) );
#8941 = ORIENTED_EDGE('',*,*,#8942,.T.);
#8942 = EDGE_CURVE('',#8922,#8922,#8943,.T.);
#8943 = SURFACE_CURVE('',#8944,(#8949,#8955),.PCURVE_S1.);
#8944 = CIRCLE('',#8945,1.);
#8945 = AXIS2_PLACEMENT_3D('',#8946,#8947,#8948);
#8946 = CARTESIAN_POINT('',(20.454545454545,-17.5,7.));
#8947 = DIRECTION('',(2.254526039504E-97,-1.,2.22044604925E-16));
#8948 = DIRECTION('',(1.,2.254526039504E-97,-5.197704882822E-113));
#8949 = PCURVE('',#3860,#8950);
#8950 = DEFINITIONAL_REPRESENTATION('',(#8951),#8954);
#8951 = B_SPLINE_CURVE_WITH_KNOTS('',1,(#8952,#8953),.UNSPECIFIED.,.F.,
  .F.,(2,2),(0.,6.28318530718),.PIECEWISE_BEZIER_KNOTS.);
#8952 = CARTESIAN_POINT('',(0.,-14.5));
#8953 = CARTESIAN_POINT('',(-6.28318530718,-14.5));
#8954 = ( GEOMETRIC_REPRESENTATION_CONTEXT(2) 
PARAMETRIC_REPRESENTATION_CONTEXT() REPRESENTATION_CONTEXT('2D SPACE',''
  ) );
#8955 = PCURVE('',#8956,#8961);
#8956 = PLANE('',#8957);
#8957 = AXIS2_PLACEMENT_3D('',#8958,#8959,#8960);
#8958 = CARTESIAN_POINT('',(20.454545454545,-17.5,7.));
#8959 = DIRECTION('',(0.,1.,-4.930380657631E-32));
#8960 = DIRECTION('',(0.,4.930380657631E-32,1.));
#8961 = DEFINITIONAL_REPRESENTATION('',(#8962),#8970);
#8962 = ( BOUNDED_CURVE() B_SPLINE_CURVE(2,(#8963,#8964,#8965,#8966,
#8967,#8968,#8969),.UNSPECIFIED.,.T.,.F.) B_SPLINE_CURVE_WITH_KNOTS((1,2
    ,2,2,2,1),(-2.094395102393,0.,2.094395102393,4.188790204786,
6.28318530718,8.377580409573),.UNSPECIFIED.) CURVE() 
GEOMETRIC_REPRESENTATION_ITEM() RATIONAL_B_SPLINE_CURVE((1.,0.5,1.,0.5,
1.,0.5,1.)) REPRESENTATION_ITEM('') );
#8963 = CARTESIAN_POINT('',(1.7763568394E-15,1.));
#8964 = CARTESIAN_POINT('',(1.732050807569,1.));
#8965 = CARTESIAN_POINT('',(0.866025403784,-0.5));
#8966 = CARTESIAN_POINT('',(2.02128619923E-15,-2.));
#8967 = CARTESIAN_POINT('',(-0.866025403784,-0.5));
#8968 = CARTESIAN_POINT('',(-1.732050807569,1.));
#8969 = CARTESIAN_POINT('',(1.7763568394E-15,1.));
#8970 = ( GEOMETRIC_REPRESENTATION_CONTEXT(2) 
PARAMETRIC_REPRESENTATION_CONTEXT() REPRESENTATION_CONTEXT('2D SPACE',''
  ) );
#8971 = ORIENTED_EDGE('',*,*,#8921,.F.);
#8972 = ORIENTED_EDGE('',*,*,#3839,.F.);
#8973 = ADVANCED_FACE('',(#8974),#3894,.T.);
#8974 = FACE_BOUND('',#8975,.F.);
#8975 = EDGE_LOOP('',(#8976,#8997,#9027,#9028));
#8976 = ORIENTED_EDGE('',*,*,#8977,.T.);
#8977 = EDGE_CURVE('',#3874,#8978,#8980,.T.);
#8978 = VERTEX_POINT('',#8979);
#8979 = CARTESIAN_POINT('',(26.,-17.5,7.));
#8980 = SEAM_CURVE('',#8981,(#8985,#8991),.PCURVE_S1.);
#8981 = LINE('',#8982,#8983);
#8982 = CARTESIAN_POINT('',(26.,-3.,7.));
#8983 = VECTOR('',#8984,1.);
#8984 = DIRECTION('',(2.254526039504E-97,-1.,2.22044604925E-16));
#8985 = PCURVE('',#3894,#8986);
#8986 = DEFINITIONAL_REPRESENTATION('',(#8987),#8990);
#8987 = B_SPLINE_CURVE_WITH_KNOTS('',1,(#8988,#8989),.UNSPECIFIED.,.F.,
  .F.,(2,2),(0.,14.5),.PIECEWISE_BEZIER_KNOTS.);
#8988 = CARTESIAN_POINT('',(0.,0.));
#8989 = CARTESIAN_POINT('',(0.,-14.5));
#8990 = ( GEOMETRIC_REPRESENTATION_CONTEXT(2) 
PARAMETRIC_REPRESENTATION_CONTEXT() REPRESENTATION_CONTEXT('2D SPACE',''
  ) );
#8991 = PCURVE('',#3894,#8992);
#8992 = DEFINITIONAL_REPRESENTATION('',(#8993),#8996);
#8993 = B_SPLINE_CURVE_WITH_KNOTS('',1,(#8994,#8995),.UNSPECIFIED.,.F.,
  .F.,(2,2),(0.,14.5),.PIECEWISE_BEZIER_KNOTS.);
#8994 = CARTESIAN_POINT('',(-6.28318530718,0.));
#8995 = CARTESIAN_POINT('',(-6.28318530718,-14.5));
#8996 = ( GEOMETRIC_REPRESENTATION_CONTEXT(2) 
PARAMETRIC_REPRESENTATION_CONTEXT() REPRESENTATION_CONTEXT('2D SPACE',''
  ) );
#8997 = ORIENTED_EDGE('',*,*,#8998,.T.);
#8998 = EDGE_CURVE('',#8978,#8978,#8999,.T.);
#8999 = SURFACE_CURVE('',#9000,(#9005,#9011),.PCURVE_S1.);
#9000 = CIRCLE('',#9001,1.);
#9001 = AXIS2_PLACEMENT_3D('',#9002,#9003,#9004);
#9002 = CARTESIAN_POINT('',(25.,-17.5,7.));
#9003 = DIRECTION('',(2.254526039504E-97,-1.,2.22044604925E-16));
#9004 = DIRECTION('',(1.,2.254526039504E-97,-5.197704882822E-113));
#9005 = PCURVE('',#3894,#9006);
#9006 = DEFINITIONAL_REPRESENTATION('',(#9007),#9010);
#9007 = B_SPLINE_CURVE_WITH_KNOTS('',1,(#9008,#9009),.UNSPECIFIED.,.F.,
  .F.,(2,2),(0.,6.28318530718),.PIECEWISE_BEZIER_KNOTS.);
#9008 = CARTESIAN_POINT('',(0.,-14.5));
#9009 = CARTESIAN_POINT('',(-6.28318530718,-14.5));
#9010 = ( GEOMETRIC_REPRESENTATION_CONTEXT(2) 
PARAMETRIC_REPRESENTATION_CONTEXT() REPRESENTATION_CONTEXT('2D SPACE',''
  ) );
#9011 = PCURVE('',#9012,#9017);
#9012 = PLANE('',#9013);
#9013 = AXIS2_PLACEMENT_3D('',#9014,#9015,#9016);
#9014 = CARTESIAN_POINT('',(25.,-17.5,7.));
#9015 = DIRECTION('',(0.,1.,-4.930380657631E-32));
#9016 = DIRECTION('',(0.,4.930380657631E-32,1.));
#9017 = DEFINITIONAL_REPRESENTATION('',(#9018),#9026);
#9018 = ( BOUNDED_CURVE() B_SPLINE_CURVE(2,(#9019,#9020,#9021,#9022,
#9023,#9024,#9025),.UNSPECIFIED.,.T.,.F.) B_SPLINE_CURVE_WITH_KNOTS((1,2
    ,2,2,2,1),(-2.094395102393,0.,2.094395102393,4.188790204786,
6.28318530718,8.377580409573),.UNSPECIFIED.) CURVE() 
GEOMETRIC_REPRESENTATION_ITEM() RATIONAL_B_SPLINE_CURVE((1.,0.5,1.,0.5,
1.,0.5,1.)) REPRESENTATION_ITEM('') );
#9019 = CARTESIAN_POINT('',(1.7763568394E-15,1.));
#9020 = CARTESIAN_POINT('',(1.732050807569,1.));
#9021 = CARTESIAN_POINT('',(0.866025403784,-0.5));
#9022 = CARTESIAN_POINT('',(2.02128619923E-15,-2.));
#9023 = CARTESIAN_POINT('',(-0.866025403784,-0.5));
#9024 = CARTESIAN_POINT('',(-1.732050807569,1.));
#9025 = CARTESIAN_POINT('',(1.7763568394E-15,1.));
#9026 = ( GEOMETRIC_REPRESENTATION_CONTEXT(2) 
PARAMETRIC_REPRESENTATION_CONTEXT() REPRESENTATION_CONTEXT('2D SPACE',''
  ) );
#9027 = ORIENTED_EDGE('',*,*,#8977,.F.);
#9028 = ORIENTED_EDGE('',*,*,#3873,.F.);
#9029 = ADVANCED_FACE('',(#9030),#3928,.T.);
#9030 = FACE_BOUND('',#9031,.F.);
#9031 = EDGE_LOOP('',(#9032,#9053,#9083,#9084));
#9032 = ORIENTED_EDGE('',*,*,#9033,.T.);
#9033 = EDGE_CURVE('',#3908,#9034,#9036,.T.);
#9034 = VERTEX_POINT('',#9035);
#9035 = CARTESIAN_POINT('',(21.454545454545,-17.5,12.));
#9036 = SEAM_CURVE('',#9037,(#9041,#9047),.PCURVE_S1.);
#9037 = LINE('',#9038,#9039);
#9038 = CARTESIAN_POINT('',(21.454545454545,-3.,12.));
#9039 = VECTOR('',#9040,1.);
#9040 = DIRECTION('',(2.254526039504E-97,-1.,2.22044604925E-16));
#9041 = PCURVE('',#3928,#9042);
#9042 = DEFINITIONAL_REPRESENTATION('',(#9043),#9046);
#9043 = B_SPLINE_CURVE_WITH_KNOTS('',1,(#9044,#9045),.UNSPECIFIED.,.F.,
  .F.,(2,2),(0.,14.5),.PIECEWISE_BEZIER_KNOTS.);
#9044 = CARTESIAN_POINT('',(0.,0.));
#9045 = CARTESIAN_POINT('',(0.,-14.5));
#9046 = ( GEOMETRIC_REPRESENTATION_CONTEXT(2) 
PARAMETRIC_REPRESENTATION_CONTEXT() REPRESENTATION_CONTEXT('2D SPACE',''
  ) );
#9047 = PCURVE('',#3928,#9048);
#9048 = DEFINITIONAL_REPRESENTATION('',(#9049),#9052);
#9049 = B_SPLINE_CURVE_WITH_KNOTS('',1,(#9050,#9051),.UNSPECIFIED.,.F.,
  .F.,(2,2),(0.,14.5),.PIECEWISE_BEZIER_KNOTS.);
#9050 = CARTESIAN_POINT('',(-6.28318530718,0.));
#9051 = CARTESIAN_POINT('',(-6.28318530718,-14.5));
#9052 = ( GEOMETRIC_REPRESENTATION_CONTEXT(2) 
PARAMETRIC_REPRESENTATION_CONTEXT() REPRESENTATION_CONTEXT('2D SPACE',''
  ) );
#9053 = ORIENTED_EDGE('',*,*,#9054,.T.);
#9054 = EDGE_CURVE('',#9034,#9034,#9055,.T.);
#9055 = SURFACE_CURVE('',#9056,(#9061,#9067),.PCURVE_S1.);
#9056 = CIRCLE('',#9057,1.);
#9057 = AXIS2_PLACEMENT_3D('',#9058,#9059,#9060);
#9058 = CARTESIAN_POINT('',(20.454545454545,-17.5,12.));
#9059 = DIRECTION('',(2.254526039504E-97,-1.,2.22044604925E-16));
#9060 = DIRECTION('',(1.,2.254526039504E-97,-5.197704882822E-113));
#9061 = PCURVE('',#3928,#9062);
#9062 = DEFINITIONAL_REPRESENTATION('',(#9063),#9066);
#9063 = B_SPLINE_CURVE_WITH_KNOTS('',1,(#9064,#9065),.UNSPECIFIED.,.F.,
  .F.,(2,2),(0.,6.28318530718),.PIECEWISE_BEZIER_KNOTS.);
#9064 = CARTESIAN_POINT('',(0.,-14.5));
#9065 = CARTESIAN_POINT('',(-6.28318530718,-14.5));
#9066 = ( GEOMETRIC_REPRESENTATION_CONTEXT(2) 
PARAMETRIC_REPRESENTATION_CONTEXT() REPRESENTATION_CONTEXT('2D SPACE',''
  ) );
#9067 = PCURVE('',#9068,#9073);
#9068 = PLANE('',#9069);
#9069 = AXIS2_PLACEMENT_3D('',#9070,#9071,#9072);
#9070 = CARTESIAN_POINT('',(20.454545454545,-17.5,12.));
#9071 = DIRECTION('',(0.,1.,-4.930380657631E-32));
#9072 = DIRECTION('',(0.,4.930380657631E-32,1.));
#9073 = DEFINITIONAL_REPRESENTATION('',(#9074),#9082);
#9074 = ( BOUNDED_CURVE() B_SPLINE_CURVE(2,(#9075,#9076,#9077,#9078,
#9079,#9080,#9081),.UNSPECIFIED.,.T.,.F.) B_SPLINE_CURVE_WITH_KNOTS((1,2
    ,2,2,2,1),(-2.094395102393,0.,2.094395102393,4.188790204786,
6.28318530718,8.377580409573),.UNSPECIFIED.) CURVE() 
GEOMETRIC_REPRESENTATION_ITEM() RATIONAL_B_SPLINE_CURVE((1.,0.5,1.,0.5,
1.,0.5,1.)) REPRESENTATION_ITEM('') );
#9075 = CARTESIAN_POINT('',(-2.6645352591E-15,1.));
#9076 = CARTESIAN_POINT('',(1.732050807569,1.));
#9077 = CARTESIAN_POINT('',(0.866025403784,-0.5));
#9078 = CARTESIAN_POINT('',(-2.419605899271E-15,-2.));
#9079 = CARTESIAN_POINT('',(-0.866025403784,-0.5));
#9080 = CARTESIAN_POINT('',(-1.732050807569,1.));
#9081 = CARTESIAN_POINT('',(-2.6645352591E-15,1.));
#9082 = ( GEOMETRIC_REPRESENTATION_CONTEXT(2) 
PARAMETRIC_REPRESENTATION_CONTEXT() REPRESENTATION_CONTEXT('2D SPACE',''
  ) );
#9083 = ORIENTED_EDGE('',*,*,#9033,.F.);
#9084 = ORIENTED_EDGE('',*,*,#3907,.F.);
#9085 = ADVANCED_FACE('',(#9086),#3962,.T.);
#9086 = FACE_BOUND('',#9087,.F.);
#9087 = EDGE_LOOP('',(#9088,#9109,#9139,#9140));
#9088 = ORIENTED_EDGE('',*,*,#9089,.T.);
#9089 = EDGE_CURVE('',#3942,#9090,#9092,.T.);
#9090 = VERTEX_POINT('',#9091);
#9091 = CARTESIAN_POINT('',(26.,-17.5,12.));
#9092 = SEAM_CURVE('',#9093,(#9097,#9103),.PCURVE_S1.);
#9093 = LINE('',#9094,#9095);
#9094 = CARTESIAN_POINT('',(26.,-3.,12.));
#9095 = VECTOR('',#9096,1.);
#9096 = DIRECTION('',(2.254526039504E-97,-1.,2.22044604925E-16));
#9097 = PCURVE('',#3962,#9098);
#9098 = DEFINITIONAL_REPRESENTATION('',(#9099),#9102);
#9099 = B_SPLINE_CURVE_WITH_KNOTS('',1,(#9100,#9101),.UNSPECIFIED.,.F.,
  .F.,(2,2),(0.,14.5),.PIECEWISE_BEZIER_KNOTS.);
#9100 = CARTESIAN_POINT('',(0.,0.));
#9101 = CARTESIAN_POINT('',(0.,-14.5));
#9102 = ( GEOMETRIC_REPRESENTATION_CONTEXT(2) 
PARAMETRIC_REPRESENTATION_CONTEXT() REPRESENTATION_CONTEXT('2D SPACE',''
  ) );
#9103 = PCURVE('',#3962,#9104);
#9104 = DEFINITIONAL_REPRESENTATION('',(#9105),#9108);
#9105 = B_SPLINE_CURVE_WITH_KNOTS('',1,(#9106,#9107),.UNSPECIFIED.,.F.,
  .F.,(2,2),(0.,14.5),.PIECEWISE_BEZIER_KNOTS.);
#9106 = CARTESIAN_POINT('',(-6.28318530718,0.));
#9107 = CARTESIAN_POINT('',(-6.28318530718,-14.5));
#9108 = ( GEOMETRIC_REPRESENTATION_CONTEXT(2) 
PARAMETRIC_REPRESENTATION_CONTEXT() REPRESENTATION_CONTEXT('2D SPACE',''
  ) );
#9109 = ORIENTED_EDGE('',*,*,#9110,.T.);
#9110 = EDGE_CURVE('',#9090,#9090,#9111,.T.);
#9111 = SURFACE_CURVE('',#9112,(#9117,#9123),.PCURVE_S1.);
#9112 = CIRCLE('',#9113,1.);
#9113 = AXIS2_PLACEMENT_3D('',#9114,#9115,#9116);
#9114 = CARTESIAN_POINT('',(25.,-17.5,12.));
#9115 = DIRECTION('',(2.254526039504E-97,-1.,2.22044604925E-16));
#9116 = DIRECTION('',(1.,2.254526039504E-97,-5.197704882822E-113));
#9117 = PCURVE('',#3962,#9118);
#9118 = DEFINITIONAL_REPRESENTATION('',(#9119),#9122);
#9119 = B_SPLINE_CURVE_WITH_KNOTS('',1,(#9120,#9121),.UNSPECIFIED.,.F.,
  .F.,(2,2),(0.,6.28318530718),.PIECEWISE_BEZIER_KNOTS.);
#9120 = CARTESIAN_POINT('',(0.,-14.5));
#9121 = CARTESIAN_POINT('',(-6.28318530718,-14.5));
#9122 = ( GEOMETRIC_REPRESENTATION_CONTEXT(2) 
PARAMETRIC_REPRESENTATION_CONTEXT() REPRESENTATION_CONTEXT('2D SPACE',''
  ) );
#9123 = PCURVE('',#9124,#9129);
#9124 = PLANE('',#9125);
#9125 = AXIS2_PLACEMENT_3D('',#9126,#9127,#9128);
#9126 = CARTESIAN_POINT('',(25.,-17.5,12.));
#9127 = DIRECTION('',(0.,1.,-4.930380657631E-32));
#9128 = DIRECTION('',(0.,4.930380657631E-32,1.));
#9129 = DEFINITIONAL_REPRESENTATION('',(#9130),#9138);
#9130 = ( BOUNDED_CURVE() B_SPLINE_CURVE(2,(#9131,#9132,#9133,#9134,
#9135,#9136,#9137),.UNSPECIFIED.,.T.,.F.) B_SPLINE_CURVE_WITH_KNOTS((1,2
    ,2,2,2,1),(-2.094395102393,0.,2.094395102393,4.188790204786,
6.28318530718,8.377580409573),.UNSPECIFIED.) CURVE() 
GEOMETRIC_REPRESENTATION_ITEM() RATIONAL_B_SPLINE_CURVE((1.,0.5,1.,0.5,
1.,0.5,1.)) REPRESENTATION_ITEM('') );
#9131 = CARTESIAN_POINT('',(-2.6645352591E-15,1.));
#9132 = CARTESIAN_POINT('',(1.732050807569,1.));
#9133 = CARTESIAN_POINT('',(0.866025403784,-0.5));
#9134 = CARTESIAN_POINT('',(-2.419605899271E-15,-2.));
#9135 = CARTESIAN_POINT('',(-0.866025403784,-0.5));
#9136 = CARTESIAN_POINT('',(-1.732050807569,1.));
#9137 = CARTESIAN_POINT('',(-2.6645352591E-15,1.));
#9138 = ( GEOMETRIC_REPRESENTATION_CONTEXT(2) 
PARAMETRIC_REPRESENTATION_CONTEXT() REPRESENTATION_CONTEXT('2D SPACE',''
  ) );
#9139 = ORIENTED_EDGE('',*,*,#9089,.F.);
#9140 = ORIENTED_EDGE('',*,*,#3941,.F.);
#9141 = ADVANCED_FACE('',(#9142),#3996,.T.);
#9142 = FACE_BOUND('',#9143,.F.);
#9143 = EDGE_LOOP('',(#9144,#9165,#9195,#9196));
#9144 = ORIENTED_EDGE('',*,*,#9145,.T.);
#9145 = EDGE_CURVE('',#3976,#9146,#9148,.T.);
#9146 = VERTEX_POINT('',#9147);
#9147 = CARTESIAN_POINT('',(16.909090909091,-17.5,17.));
#9148 = SEAM_CURVE('',#9149,(#9153,#9159),.PCURVE_S1.);
#9149 = LINE('',#9150,#9151);
#9150 = CARTESIAN_POINT('',(16.909090909091,-3.,17.));
#9151 = VECTOR('',#9152,1.);
#9152 = DIRECTION('',(2.254526039504E-97,-1.,2.22044604925E-16));
#9153 = PCURVE('',#3996,#9154);
#9154 = DEFINITIONAL_REPRESENTATION('',(#9155),#9158);
#9155 = B_SPLINE_CURVE_WITH_KNOTS('',1,(#9156,#9157),.UNSPECIFIED.,.F.,
  .F.,(2,2),(0.,14.5),.PIECEWISE_BEZIER_KNOTS.);
#9156 = CARTESIAN_POINT('',(0.,0.));
#9157 = CARTESIAN_POINT('',(0.,-14.5));
#9158 = ( GEOMETRIC_REPRESENTATION_CONTEXT(2) 
PARAMETRIC_REPRESENTATION_CONTEXT() REPRESENTATION_CONTEXT('2D SPACE',''
  ) );
#9159 = PCURVE('',#3996,#9160);
#9160 = DEFINITIONAL_REPRESENTATION('',(#9161),#9164);
#9161 = B_SPLINE_CURVE_WITH_KNOTS('',1,(#9162,#9163),.UNSPECIFIED.,.F.,
  .F.,(2,2),(0.,14.5),.PIECEWISE_BEZIER_KNOTS.);
#9162 = CARTESIAN_POINT('',(-6.28318530718,0.));
#9163 = CARTESIAN_POINT('',(-6.28318530718,-14.5));
#9164 = ( GEOMETRIC_REPRESENTATION_CONTEXT(2) 
PARAMETRIC_REPRESENTATION_CONTEXT() REPRESENTATION_CONTEXT('2D SPACE',''
  ) );
#9165 = ORIENTED_EDGE('',*,*,#9166,.T.);
#9166 = EDGE_CURVE('',#9146,#9146,#9167,.T.);
#9167 = SURFACE_CURVE('',#9168,(#9173,#9179),.PCURVE_S1.);
#9168 = CIRCLE('',#9169,1.);
#9169 = AXIS2_PLACEMENT_3D('',#9170,#9171,#9172);
#9170 = CARTESIAN_POINT('',(15.909090909091,-17.5,17.));
#9171 = DIRECTION('',(2.254526039504E-97,-1.,2.22044604925E-16));
#9172 = DIRECTION('',(1.,2.254526039504E-97,-5.197704882822E-113));
#9173 = PCURVE('',#3996,#9174);
#9174 = DEFINITIONAL_REPRESENTATION('',(#9175),#9178);
#9175 = B_SPLINE_CURVE_WITH_KNOTS('',1,(#9176,#9177),.UNSPECIFIED.,.F.,
  .F.,(2,2),(0.,6.28318530718),.PIECEWISE_BEZIER_KNOTS.);
#9176 = CARTESIAN_POINT('',(0.,-14.5));
#9177 = CARTESIAN_POINT('',(-6.28318530718,-14.5));
#9178 = ( GEOMETRIC_REPRESENTATION_CONTEXT(2) 
PARAMETRIC_REPRESENTATION_CONTEXT() REPRESENTATION_CONTEXT('2D SPACE',''
  ) );
#9179 = PCURVE('',#9180,#9185);
#9180 = PLANE('',#9181);
#9181 = AXIS2_PLACEMENT_3D('',#9182,#9183,#9184);
#9182 = CARTESIAN_POINT('',(15.909090909091,-17.5,17.));
#9183 = DIRECTION('',(0.,1.,-4.930380657631E-32));
#9184 = DIRECTION('',(0.,4.930380657631E-32,1.));
#9185 = DEFINITIONAL_REPRESENTATION('',(#9186),#9194);
#9186 = ( BOUNDED_CURVE() B_SPLINE_CURVE(2,(#9187,#9188,#9189,#9190,
#9191,#9192,#9193),.UNSPECIFIED.,.T.,.F.) B_SPLINE_CURVE_WITH_KNOTS((1,2
    ,2,2,2,1),(-2.094395102393,0.,2.094395102393,4.188790204786,
6.28318530718,8.377580409573),.UNSPECIFIED.) CURVE() 
GEOMETRIC_REPRESENTATION_ITEM() RATIONAL_B_SPLINE_CURVE((1.,0.5,1.,0.5,
1.,0.5,1.)) REPRESENTATION_ITEM('') );
#9187 = CARTESIAN_POINT('',(4.440892098501E-16,1.));
#9188 = CARTESIAN_POINT('',(1.732050807569,1.));
#9189 = CARTESIAN_POINT('',(0.866025403784,-0.5));
#9190 = CARTESIAN_POINT('',(6.890185696795E-16,-2.));
#9191 = CARTESIAN_POINT('',(-0.866025403784,-0.5));
#9192 = CARTESIAN_POINT('',(-1.732050807569,1.));
#9193 = CARTESIAN_POINT('',(4.440892098501E-16,1.));
#9194 = ( GEOMETRIC_REPRESENTATION_CONTEXT(2) 
PARAMETRIC_REPRESENTATION_CONTEXT() REPRESENTATION_CONTEXT('2D SPACE',''
  ) );
#9195 = ORIENTED_EDGE('',*,*,#9145,.F.);
#9196 = ORIENTED_EDGE('',*,*,#3975,.F.);
#9197 = ADVANCED_FACE('',(#9198),#4030,.T.);
#9198 = FACE_BOUND('',#9199,.F.);
#9199 = EDGE_LOOP('',(#9200,#9221,#9251,#9252));
#9200 = ORIENTED_EDGE('',*,*,#9201,.T.);
#9201 = EDGE_CURVE('',#4010,#9202,#9204,.T.);
#9202 = VERTEX_POINT('',#9203);
#9203 = CARTESIAN_POINT('',(21.454545454545,-17.5,17.));
#9204 = SEAM_CURVE('',#9205,(#9209,#9215),.PCURVE_S1.);
#9205 = LINE('',#9206,#9207);
#9206 = CARTESIAN_POINT('',(21.454545454545,-3.,17.));
#9207 = VECTOR('',#9208,1.);
#9208 = DIRECTION('',(2.254526039504E-97,-1.,2.22044604925E-16));
#9209 = PCURVE('',#4030,#9210);
#9210 = DEFINITIONAL_REPRESENTATION('',(#9211),#9214);
#9211 = B_SPLINE_CURVE_WITH_KNOTS('',1,(#9212,#9213),.UNSPECIFIED.,.F.,
  .F.,(2,2),(0.,14.5),.PIECEWISE_BEZIER_KNOTS.);
#9212 = CARTESIAN_POINT('',(0.,0.));
#9213 = CARTESIAN_POINT('',(0.,-14.5));
#9214 = ( GEOMETRIC_REPRESENTATION_CONTEXT(2) 
PARAMETRIC_REPRESENTATION_CONTEXT() REPRESENTATION_CONTEXT('2D SPACE',''
  ) );
#9215 = PCURVE('',#4030,#9216);
#9216 = DEFINITIONAL_REPRESENTATION('',(#9217),#9220);
#9217 = B_SPLINE_CURVE_WITH_KNOTS('',1,(#9218,#9219),.UNSPECIFIED.,.F.,
  .F.,(2,2),(0.,14.5),.PIECEWISE_BEZIER_KNOTS.);
#9218 = CARTESIAN_POINT('',(-6.28318530718,0.));
#9219 = CARTESIAN_POINT('',(-6.28318530718,-14.5));
#9220 = ( GEOMETRIC_REPRESENTATION_CONTEXT(2) 
PARAMETRIC_REPRESENTATION_CONTEXT() REPRESENTATION_CONTEXT('2D SPACE',''
  ) );
#9221 = ORIENTED_EDGE('',*,*,#9222,.T.);
#9222 = EDGE_CURVE('',#9202,#9202,#9223,.T.);
#9223 = SURFACE_CURVE('',#9224,(#9229,#9235),.PCURVE_S1.);
#9224 = CIRCLE('',#9225,1.);
#9225 = AXIS2_PLACEMENT_3D('',#9226,#9227,#9228);
#9226 = CARTESIAN_POINT('',(20.454545454545,-17.5,17.));
#9227 = DIRECTION('',(2.254526039504E-97,-1.,2.22044604925E-16));
#9228 = DIRECTION('',(1.,2.254526039504E-97,-5.197704882822E-113));
#9229 = PCURVE('',#4030,#9230);
#9230 = DEFINITIONAL_REPRESENTATION('',(#9231),#9234);
#9231 = B_SPLINE_CURVE_WITH_KNOTS('',1,(#9232,#9233),.UNSPECIFIED.,.F.,
  .F.,(2,2),(0.,6.28318530718),.PIECEWISE_BEZIER_KNOTS.);
#9232 = CARTESIAN_POINT('',(0.,-14.5));
#9233 = CARTESIAN_POINT('',(-6.28318530718,-14.5));
#9234 = ( GEOMETRIC_REPRESENTATION_CONTEXT(2) 
PARAMETRIC_REPRESENTATION_CONTEXT() REPRESENTATION_CONTEXT('2D SPACE',''
  ) );
#9235 = PCURVE('',#9236,#9241);
#9236 = PLANE('',#9237);
#9237 = AXIS2_PLACEMENT_3D('',#9238,#9239,#9240);
#9238 = CARTESIAN_POINT('',(20.454545454545,-17.5,17.));
#9239 = DIRECTION('',(0.,1.,-4.930380657631E-32));
#9240 = DIRECTION('',(0.,4.930380657631E-32,1.));
#9241 = DEFINITIONAL_REPRESENTATION('',(#9242),#9250);
#9242 = ( BOUNDED_CURVE() B_SPLINE_CURVE(2,(#9243,#9244,#9245,#9246,
#9247,#9248,#9249),.UNSPECIFIED.,.T.,.F.) B_SPLINE_CURVE_WITH_KNOTS((1,2
    ,2,2,2,1),(-2.094395102393,0.,2.094395102393,4.188790204786,
6.28318530718,8.377580409573),.UNSPECIFIED.) CURVE() 
GEOMETRIC_REPRESENTATION_ITEM() RATIONAL_B_SPLINE_CURVE((1.,0.5,1.,0.5,
1.,0.5,1.)) REPRESENTATION_ITEM('') );
#9243 = CARTESIAN_POINT('',(4.440892098501E-16,1.));
#9244 = CARTESIAN_POINT('',(1.732050807569,1.));
#9245 = CARTESIAN_POINT('',(0.866025403784,-0.5));
#9246 = CARTESIAN_POINT('',(6.890185696795E-16,-2.));
#9247 = CARTESIAN_POINT('',(-0.866025403784,-0.5));
#9248 = CARTESIAN_POINT('',(-1.732050807569,1.));
#9249 = CARTESIAN_POINT('',(4.440892098501E-16,1.));
#9250 = ( GEOMETRIC_REPRESENTATION_CONTEXT(2) 
PARAMETRIC_REPRESENTATION_CONTEXT() REPRESENTATION_CONTEXT('2D SPACE',''
  ) );
#9251 = ORIENTED_EDGE('',*,*,#9201,.F.);
#9252 = ORIENTED_EDGE('',*,*,#4009,.F.);
#9253 = ADVANCED_FACE('',(#9254),#4064,.T.);
#9254 = FACE_BOUND('',#9255,.F.);
#9255 = EDGE_LOOP('',(#9256,#9277,#9307,#9308));
#9256 = ORIENTED_EDGE('',*,*,#9257,.T.);
#9257 = EDGE_CURVE('',#4044,#9258,#9260,.T.);
#9258 = VERTEX_POINT('',#9259);
#9259 = CARTESIAN_POINT('',(26.,-17.5,17.));
#9260 = SEAM_CURVE('',#9261,(#9265,#9271),.PCURVE_S1.);
#9261 = LINE('',#9262,#9263);
#9262 = CARTESIAN_POINT('',(26.,-3.,17.));
#9263 = VECTOR('',#9264,1.);
#9264 = DIRECTION('',(2.254526039504E-97,-1.,2.22044604925E-16));
#9265 = PCURVE('',#4064,#9266);
#9266 = DEFINITIONAL_REPRESENTATION('',(#9267),#9270);
#9267 = B_SPLINE_CURVE_WITH_KNOTS('',1,(#9268,#9269),.UNSPECIFIED.,.F.,
  .F.,(2,2),(0.,14.5),.PIECEWISE_BEZIER_KNOTS.);
#9268 = CARTESIAN_POINT('',(0.,0.));
#9269 = CARTESIAN_POINT('',(0.,-14.5));
#9270 = ( GEOMETRIC_REPRESENTATION_CONTEXT(2) 
PARAMETRIC_REPRESENTATION_CONTEXT() REPRESENTATION_CONTEXT('2D SPACE',''
  ) );
#9271 = PCURVE('',#4064,#9272);
#9272 = DEFINITIONAL_REPRESENTATION('',(#9273),#9276);
#9273 = B_SPLINE_CURVE_WITH_KNOTS('',1,(#9274,#9275),.UNSPECIFIED.,.F.,
  .F.,(2,2),(0.,14.5),.PIECEWISE_BEZIER_KNOTS.);
#9274 = CARTESIAN_POINT('',(-6.28318530718,0.));
#9275 = CARTESIAN_POINT('',(-6.28318530718,-14.5));
#9276 = ( GEOMETRIC_REPRESENTATION_CONTEXT(2) 
PARAMETRIC_REPRESENTATION_CONTEXT() REPRESENTATION_CONTEXT('2D SPACE',''
  ) );
#9277 = ORIENTED_EDGE('',*,*,#9278,.T.);
#9278 = EDGE_CURVE('',#9258,#9258,#9279,.T.);
#9279 = SURFACE_CURVE('',#9280,(#9285,#9291),.PCURVE_S1.);
#9280 = CIRCLE('',#9281,1.);
#9281 = AXIS2_PLACEMENT_3D('',#9282,#9283,#9284);
#9282 = CARTESIAN_POINT('',(25.,-17.5,17.));
#9283 = DIRECTION('',(2.254526039504E-97,-1.,2.22044604925E-16));
#9284 = DIRECTION('',(1.,2.254526039504E-97,-5.197704882822E-113));
#9285 = PCURVE('',#4064,#9286);
#9286 = DEFINITIONAL_REPRESENTATION('',(#9287),#9290);
#9287 = B_SPLINE_CURVE_WITH_KNOTS('',1,(#9288,#9289),.UNSPECIFIED.,.F.,
  .F.,(2,2),(0.,6.28318530718),.PIECEWISE_BEZIER_KNOTS.);
#9288 = CARTESIAN_POINT('',(0.,-14.5));
#9289 = CARTESIAN_POINT('',(-6.28318530718,-14.5));
#9290 = ( GEOMETRIC_REPRESENTATION_CONTEXT(2) 
PARAMETRIC_REPRESENTATION_CONTEXT() REPRESENTATION_CONTEXT('2D SPACE',''
  ) );
#9291 = PCURVE('',#9292,#9297);
#9292 = PLANE('',#9293);
#9293 = AXIS2_PLACEMENT_3D('',#9294,#9295,#9296);
#9294 = CARTESIAN_POINT('',(25.,-17.5,17.));
#9295 = DIRECTION('',(0.,1.,-4.930380657631E-32));
#9296 = DIRECTION('',(0.,4.930380657631E-32,1.));
#9297 = DEFINITIONAL_REPRESENTATION('',(#9298),#9306);
#9298 = ( BOUNDED_CURVE() B_SPLINE_CURVE(2,(#9299,#9300,#9301,#9302,
#9303,#9304,#9305),.UNSPECIFIED.,.T.,.F.) B_SPLINE_CURVE_WITH_KNOTS((1,2
    ,2,2,2,1),(-2.094395102393,0.,2.094395102393,4.188790204786,
6.28318530718,8.377580409573),.UNSPECIFIED.) CURVE() 
GEOMETRIC_REPRESENTATION_ITEM() RATIONAL_B_SPLINE_CURVE((1.,0.5,1.,0.5,
1.,0.5,1.)) REPRESENTATION_ITEM('') );
#9299 = CARTESIAN_POINT('',(4.440892098501E-16,1.));
#9300 = CARTESIAN_POINT('',(1.732050807569,1.));
#9301 = CARTESIAN_POINT('',(0.866025403784,-0.5));
#9302 = CARTESIAN_POINT('',(6.890185696795E-16,-2.));
#9303 = CARTESIAN_POINT('',(-0.866025403784,-0.5));
#9304 = CARTESIAN_POINT('',(-1.732050807569,1.));
#9305 = CARTESIAN_POINT('',(4.440892098501E-16,1.));
#9306 = ( GEOMETRIC_REPRESENTATION_CONTEXT(2) 
PARAMETRIC_REPRESENTATION_CONTEXT() REPRESENTATION_CONTEXT('2D SPACE',''
  ) );
#9307 = ORIENTED_EDGE('',*,*,#9257,.F.);
#9308 = ORIENTED_EDGE('',*,*,#4043,.F.);
#9309 = ADVANCED_FACE('',(#9310),#4098,.T.);
#9310 = FACE_BOUND('',#9311,.F.);
#9311 = EDGE_LOOP('',(#9312,#9333,#9363,#9364));
#9312 = ORIENTED_EDGE('',*,*,#9313,.T.);
#9313 = EDGE_CURVE('',#4078,#9314,#9316,.T.);
#9314 = VERTEX_POINT('',#9315);
#9315 = CARTESIAN_POINT('',(3.272727272727,-17.5,22.));
#9316 = SEAM_CURVE('',#9317,(#9321,#9327),.PCURVE_S1.);
#9317 = LINE('',#9318,#9319);
#9318 = CARTESIAN_POINT('',(3.272727272727,-3.,22.));
#9319 = VECTOR('',#9320,1.);
#9320 = DIRECTION('',(2.254526039504E-97,-1.,2.22044604925E-16));
#9321 = PCURVE('',#4098,#9322);
#9322 = DEFINITIONAL_REPRESENTATION('',(#9323),#9326);
#9323 = B_SPLINE_CURVE_WITH_KNOTS('',1,(#9324,#9325),.UNSPECIFIED.,.F.,
  .F.,(2,2),(0.,14.5),.PIECEWISE_BEZIER_KNOTS.);
#9324 = CARTESIAN_POINT('',(0.,0.));
#9325 = CARTESIAN_POINT('',(0.,-14.5));
#9326 = ( GEOMETRIC_REPRESENTATION_CONTEXT(2) 
PARAMETRIC_REPRESENTATION_CONTEXT() REPRESENTATION_CONTEXT('2D SPACE',''
  ) );
#9327 = PCURVE('',#4098,#9328);
#9328 = DEFINITIONAL_REPRESENTATION('',(#9329),#9332);
#9329 = B_SPLINE_CURVE_WITH_KNOTS('',1,(#9330,#9331),.UNSPECIFIED.,.F.,
  .F.,(2,2),(0.,14.5),.PIECEWISE_BEZIER_KNOTS.);
#9330 = CARTESIAN_POINT('',(-6.28318530718,0.));
#9331 = CARTESIAN_POINT('',(-6.28318530718,-14.5));
#9332 = ( GEOMETRIC_REPRESENTATION_CONTEXT(2) 
PARAMETRIC_REPRESENTATION_CONTEXT() REPRESENTATION_CONTEXT('2D SPACE',''
  ) );
#9333 = ORIENTED_EDGE('',*,*,#9334,.T.);
#9334 = EDGE_CURVE('',#9314,#9314,#9335,.T.);
#9335 = SURFACE_CURVE('',#9336,(#9341,#9347),.PCURVE_S1.);
#9336 = CIRCLE('',#9337,1.);
#9337 = AXIS2_PLACEMENT_3D('',#9338,#9339,#9340);
#9338 = CARTESIAN_POINT('',(2.272727272727,-17.5,22.));
#9339 = DIRECTION('',(2.254526039504E-97,-1.,2.22044604925E-16));
#9340 = DIRECTION('',(1.,2.254526039504E-97,-5.197704882822E-113));
#9341 = PCURVE('',#4098,#9342);
#9342 = DEFINITIONAL_REPRESENTATION('',(#9343),#9346);
#9343 = B_SPLINE_CURVE_WITH_KNOTS('',1,(#9344,#9345),.UNSPECIFIED.,.F.,
  .F.,(2,2),(0.,6.28318530718),.PIECEWISE_BEZIER_KNOTS.);
#9344 = CARTESIAN_POINT('',(0.,-14.5));
#9345 = CARTESIAN_POINT('',(-6.28318530718,-14.5));
#9346 = ( GEOMETRIC_REPRESENTATION_CONTEXT(2) 
PARAMETRIC_REPRESENTATION_CONTEXT() REPRESENTATION_CONTEXT('2D SPACE',''
  ) );
#9347 = PCURVE('',#9348,#9353);
#9348 = PLANE('',#9349);
#9349 = AXIS2_PLACEMENT_3D('',#9350,#9351,#9352);
#9350 = CARTESIAN_POINT('',(2.272727272727,-17.5,22.));
#9351 = DIRECTION('',(0.,1.,-4.930380657631E-32));
#9352 = DIRECTION('',(0.,4.930380657631E-32,1.));
#9353 = DEFINITIONAL_REPRESENTATION('',(#9354),#9362);
#9354 = ( BOUNDED_CURVE() B_SPLINE_CURVE(2,(#9355,#9356,#9357,#9358,
#9359,#9360,#9361),.UNSPECIFIED.,.T.,.F.) B_SPLINE_CURVE_WITH_KNOTS((1,2
    ,2,2,2,1),(-2.094395102393,0.,2.094395102393,4.188790204786,
6.28318530718,8.377580409573),.UNSPECIFIED.) CURVE() 
GEOMETRIC_REPRESENTATION_ITEM() RATIONAL_B_SPLINE_CURVE((1.,0.5,1.,0.5,
1.,0.5,1.)) REPRESENTATION_ITEM('') );
#9355 = CARTESIAN_POINT('',(3.552713678801E-15,1.));
#9356 = CARTESIAN_POINT('',(1.732050807569,1.));
#9357 = CARTESIAN_POINT('',(0.866025403784,-0.5));
#9358 = CARTESIAN_POINT('',(3.79764303863E-15,-2.));
#9359 = CARTESIAN_POINT('',(-0.866025403784,-0.5));
#9360 = CARTESIAN_POINT('',(-1.732050807569,1.));
#9361 = CARTESIAN_POINT('',(3.552713678801E-15,1.));
#9362 = ( GEOMETRIC_REPRESENTATION_CONTEXT(2) 
PARAMETRIC_REPRESENTATION_CONTEXT() REPRESENTATION_CONTEXT('2D SPACE',''
  ) );
#9363 = ORIENTED_EDGE('',*,*,#9313,.F.);
#9364 = ORIENTED_EDGE('',*,*,#4077,.F.);
#9365 = ADVANCED_FACE('',(#9366),#4132,.T.);
#9366 = FACE_BOUND('',#9367,.F.);
#9367 = EDGE_LOOP('',(#9368,#9389,#9419,#9420));
#9368 = ORIENTED_EDGE('',*,*,#9369,.T.);
#9369 = EDGE_CURVE('',#4112,#9370,#9372,.T.);
#9370 = VERTEX_POINT('',#9371);
#9371 = CARTESIAN_POINT('',(7.818181818182,-17.5,22.));
#9372 = SEAM_CURVE('',#9373,(#9377,#9383),.PCURVE_S1.);
#9373 = LINE('',#9374,#9375);
#9374 = CARTESIAN_POINT('',(7.818181818182,-3.,22.));
#9375 = VECTOR('',#9376,1.);
#9376 = DIRECTION('',(2.254526039504E-97,-1.,2.22044604925E-16));
#9377 = PCURVE('',#4132,#9378);
#9378 = DEFINITIONAL_REPRESENTATION('',(#9379),#9382);
#9379 = B_SPLINE_CURVE_WITH_KNOTS('',1,(#9380,#9381),.UNSPECIFIED.,.F.,
  .F.,(2,2),(0.,14.5),.PIECEWISE_BEZIER_KNOTS.);
#9380 = CARTESIAN_POINT('',(0.,0.));
#9381 = CARTESIAN_POINT('',(0.,-14.5));
#9382 = ( GEOMETRIC_REPRESENTATION_CONTEXT(2) 
PARAMETRIC_REPRESENTATION_CONTEXT() REPRESENTATION_CONTEXT('2D SPACE',''
  ) );
#9383 = PCURVE('',#4132,#9384);
#9384 = DEFINITIONAL_REPRESENTATION('',(#9385),#9388);
#9385 = B_SPLINE_CURVE_WITH_KNOTS('',1,(#9386,#9387),.UNSPECIFIED.,.F.,
  .F.,(2,2),(0.,14.5),.PIECEWISE_BEZIER_KNOTS.);
#9386 = CARTESIAN_POINT('',(-6.28318530718,0.));
#9387 = CARTESIAN_POINT('',(-6.28318530718,-14.5));
#9388 = ( GEOMETRIC_REPRESENTATION_CONTEXT(2) 
PARAMETRIC_REPRESENTATION_CONTEXT() REPRESENTATION_CONTEXT('2D SPACE',''
  ) );
#9389 = ORIENTED_EDGE('',*,*,#9390,.T.);
#9390 = EDGE_CURVE('',#9370,#9370,#9391,.T.);
#9391 = SURFACE_CURVE('',#9392,(#9397,#9403),.PCURVE_S1.);
#9392 = CIRCLE('',#9393,1.);
#9393 = AXIS2_PLACEMENT_3D('',#9394,#9395,#9396);
#9394 = CARTESIAN_POINT('',(6.818181818182,-17.5,22.));
#9395 = DIRECTION('',(2.254526039504E-97,-1.,2.22044604925E-16));
#9396 = DIRECTION('',(1.,2.254526039504E-97,-5.197704882822E-113));
#9397 = PCURVE('',#4132,#9398);
#9398 = DEFINITIONAL_REPRESENTATION('',(#9399),#9402);
#9399 = B_SPLINE_CURVE_WITH_KNOTS('',1,(#9400,#9401),.UNSPECIFIED.,.F.,
  .F.,(2,2),(0.,6.28318530718),.PIECEWISE_BEZIER_KNOTS.);
#9400 = CARTESIAN_POINT('',(0.,-14.5));
#9401 = CARTESIAN_POINT('',(-6.28318530718,-14.5));
#9402 = ( GEOMETRIC_REPRESENTATION_CONTEXT(2) 
PARAMETRIC_REPRESENTATION_CONTEXT() REPRESENTATION_CONTEXT('2D SPACE',''
  ) );
#9403 = PCURVE('',#9404,#9409);
#9404 = PLANE('',#9405);
#9405 = AXIS2_PLACEMENT_3D('',#9406,#9407,#9408);
#9406 = CARTESIAN_POINT('',(6.818181818182,-17.5,22.));
#9407 = DIRECTION('',(0.,1.,-4.930380657631E-32));
#9408 = DIRECTION('',(0.,4.930380657631E-32,1.));
#9409 = DEFINITIONAL_REPRESENTATION('',(#9410),#9418);
#9410 = ( BOUNDED_CURVE() B_SPLINE_CURVE(2,(#9411,#9412,#9413,#9414,
#9415,#9416,#9417),.UNSPECIFIED.,.T.,.F.) B_SPLINE_CURVE_WITH_KNOTS((1,2
    ,2,2,2,1),(-2.094395102393,0.,2.094395102393,4.188790204786,
6.28318530718,8.377580409573),.UNSPECIFIED.) CURVE() 
GEOMETRIC_REPRESENTATION_ITEM() RATIONAL_B_SPLINE_CURVE((1.,0.5,1.,0.5,
1.,0.5,1.)) REPRESENTATION_ITEM('') );
#9411 = CARTESIAN_POINT('',(3.552713678801E-15,1.));
#9412 = CARTESIAN_POINT('',(1.732050807569,1.));
#9413 = CARTESIAN_POINT('',(0.866025403784,-0.5));
#9414 = CARTESIAN_POINT('',(3.79764303863E-15,-2.));
#9415 = CARTESIAN_POINT('',(-0.866025403784,-0.5));
#9416 = CARTESIAN_POINT('',(-1.732050807569,1.));
#9417 = CARTESIAN_POINT('',(3.552713678801E-15,1.));
#9418 = ( GEOMETRIC_REPRESENTATION_CONTEXT(2) 
PARAMETRIC_REPRESENTATION_CONTEXT() REPRESENTATION_CONTEXT('2D SPACE',''
  ) );
#9419 = ORIENTED_EDGE('',*,*,#9369,.F.);
#9420 = ORIENTED_EDGE('',*,*,#4111,.F.);
#9421 = ADVANCED_FACE('',(#9422),#4166,.T.);
#9422 = FACE_BOUND('',#9423,.F.);
#9423 = EDGE_LOOP('',(#9424,#9445,#9475,#9476));
#9424 = ORIENTED_EDGE('',*,*,#9425,.T.);
#9425 = EDGE_CURVE('',#4146,#9426,#9428,.T.);
#9426 = VERTEX_POINT('',#9427);
#9427 = CARTESIAN_POINT('',(12.363636363636,-17.5,22.));
#9428 = SEAM_CURVE('',#9429,(#9433,#9439),.PCURVE_S1.);
#9429 = LINE('',#9430,#9431);
#9430 = CARTESIAN_POINT('',(12.363636363636,-3.,22.));
#9431 = VECTOR('',#9432,1.);
#9432 = DIRECTION('',(2.254526039504E-97,-1.,2.22044604925E-16));
#9433 = PCURVE('',#4166,#9434);
#9434 = DEFINITIONAL_REPRESENTATION('',(#9435),#9438);
#9435 = B_SPLINE_CURVE_WITH_KNOTS('',1,(#9436,#9437),.UNSPECIFIED.,.F.,
  .F.,(2,2),(0.,14.5),.PIECEWISE_BEZIER_KNOTS.);
#9436 = CARTESIAN_POINT('',(0.,0.));
#9437 = CARTESIAN_POINT('',(0.,-14.5));
#9438 = ( GEOMETRIC_REPRESENTATION_CONTEXT(2) 
PARAMETRIC_REPRESENTATION_CONTEXT() REPRESENTATION_CONTEXT('2D SPACE',''
  ) );
#9439 = PCURVE('',#4166,#9440);
#9440 = DEFINITIONAL_REPRESENTATION('',(#9441),#9444);
#9441 = B_SPLINE_CURVE_WITH_KNOTS('',1,(#9442,#9443),.UNSPECIFIED.,.F.,
  .F.,(2,2),(0.,14.5),.PIECEWISE_BEZIER_KNOTS.);
#9442 = CARTESIAN_POINT('',(-6.28318530718,0.));
#9443 = CARTESIAN_POINT('',(-6.28318530718,-14.5));
#9444 = ( GEOMETRIC_REPRESENTATION_CONTEXT(2) 
PARAMETRIC_REPRESENTATION_CONTEXT() REPRESENTATION_CONTEXT('2D SPACE',''
  ) );
#9445 = ORIENTED_EDGE('',*,*,#9446,.T.);
#9446 = EDGE_CURVE('',#9426,#9426,#9447,.T.);
#9447 = SURFACE_CURVE('',#9448,(#9453,#9459),.PCURVE_S1.);
#9448 = CIRCLE('',#9449,1.);
#9449 = AXIS2_PLACEMENT_3D('',#9450,#9451,#9452);
#9450 = CARTESIAN_POINT('',(11.363636363636,-17.5,22.));
#9451 = DIRECTION('',(2.254526039504E-97,-1.,2.22044604925E-16));
#9452 = DIRECTION('',(1.,2.254526039504E-97,-5.197704882822E-113));
#9453 = PCURVE('',#4166,#9454);
#9454 = DEFINITIONAL_REPRESENTATION('',(#9455),#9458);
#9455 = B_SPLINE_CURVE_WITH_KNOTS('',1,(#9456,#9457),.UNSPECIFIED.,.F.,
  .F.,(2,2),(0.,6.28318530718),.PIECEWISE_BEZIER_KNOTS.);
#9456 = CARTESIAN_POINT('',(0.,-14.5));
#9457 = CARTESIAN_POINT('',(-6.28318530718,-14.5));
#9458 = ( GEOMETRIC_REPRESENTATION_CONTEXT(2) 
PARAMETRIC_REPRESENTATION_CONTEXT() REPRESENTATION_CONTEXT('2D SPACE',''
  ) );
#9459 = PCURVE('',#9460,#9465);
#9460 = PLANE('',#9461);
#9461 = AXIS2_PLACEMENT_3D('',#9462,#9463,#9464);
#9462 = CARTESIAN_POINT('',(11.363636363636,-17.5,22.));
#9463 = DIRECTION('',(0.,1.,-4.930380657631E-32));
#9464 = DIRECTION('',(0.,4.930380657631E-32,1.));
#9465 = DEFINITIONAL_REPRESENTATION('',(#9466),#9474);
#9466 = ( BOUNDED_CURVE() B_SPLINE_CURVE(2,(#9467,#9468,#9469,#9470,
#9471,#9472,#9473),.UNSPECIFIED.,.T.,.F.) B_SPLINE_CURVE_WITH_KNOTS((1,2
    ,2,2,2,1),(-2.094395102393,0.,2.094395102393,4.188790204786,
6.28318530718,8.377580409573),.UNSPECIFIED.) CURVE() 
GEOMETRIC_REPRESENTATION_ITEM() RATIONAL_B_SPLINE_CURVE((1.,0.5,1.,0.5,
1.,0.5,1.)) REPRESENTATION_ITEM('') );
#9467 = CARTESIAN_POINT('',(3.552713678801E-15,1.));
#9468 = CARTESIAN_POINT('',(1.732050807569,1.));
#9469 = CARTESIAN_POINT('',(0.866025403784,-0.5));
#9470 = CARTESIAN_POINT('',(3.79764303863E-15,-2.));
#9471 = CARTESIAN_POINT('',(-0.866025403784,-0.5));
#9472 = CARTESIAN_POINT('',(-1.732050807569,1.));
#9473 = CARTESIAN_POINT('',(3.552713678801E-15,1.));
#9474 = ( GEOMETRIC_REPRESENTATION_CONTEXT(2) 
PARAMETRIC_REPRESENTATION_CONTEXT() REPRESENTATION_CONTEXT('2D SPACE',''
  ) );
#9475 = ORIENTED_EDGE('',*,*,#9425,.F.);
#9476 = ORIENTED_EDGE('',*,*,#4145,.F.);
#9477 = ADVANCED_FACE('',(#9478),#4200,.T.);
#9478 = FACE_BOUND('',#9479,.F.);
#9479 = EDGE_LOOP('',(#9480,#9501,#9531,#9532));
#9480 = ORIENTED_EDGE('',*,*,#9481,.T.);
#9481 = EDGE_CURVE('',#4180,#9482,#9484,.T.);
#9482 = VERTEX_POINT('',#9483);
#9483 = CARTESIAN_POINT('',(3.272727272727,-17.5,27.));
#9484 = SEAM_CURVE('',#9485,(#9489,#9495),.PCURVE_S1.);
#9485 = LINE('',#9486,#9487);
#9486 = CARTESIAN_POINT('',(3.272727272727,-3.,27.));
#9487 = VECTOR('',#9488,1.);
#9488 = DIRECTION('',(2.254526039504E-97,-1.,2.22044604925E-16));
#9489 = PCURVE('',#4200,#9490);
#9490 = DEFINITIONAL_REPRESENTATION('',(#9491),#9494);
#9491 = B_SPLINE_CURVE_WITH_KNOTS('',1,(#9492,#9493),.UNSPECIFIED.,.F.,
  .F.,(2,2),(0.,14.5),.PIECEWISE_BEZIER_KNOTS.);
#9492 = CARTESIAN_POINT('',(0.,0.));
#9493 = CARTESIAN_POINT('',(0.,-14.5));
#9494 = ( GEOMETRIC_REPRESENTATION_CONTEXT(2) 
PARAMETRIC_REPRESENTATION_CONTEXT() REPRESENTATION_CONTEXT('2D SPACE',''
  ) );
#9495 = PCURVE('',#4200,#9496);
#9496 = DEFINITIONAL_REPRESENTATION('',(#9497),#9500);
#9497 = B_SPLINE_CURVE_WITH_KNOTS('',1,(#9498,#9499),.UNSPECIFIED.,.F.,
  .F.,(2,2),(0.,14.5),.PIECEWISE_BEZIER_KNOTS.);
#9498 = CARTESIAN_POINT('',(-6.28318530718,0.));
#9499 = CARTESIAN_POINT('',(-6.28318530718,-14.5));
#9500 = ( GEOMETRIC_REPRESENTATION_CONTEXT(2) 
PARAMETRIC_REPRESENTATION_CONTEXT() REPRESENTATION_CONTEXT('2D SPACE',''
  ) );
#9501 = ORIENTED_EDGE('',*,*,#9502,.T.);
#9502 = EDGE_CURVE('',#9482,#9482,#9503,.T.);
#9503 = SURFACE_CURVE('',#9504,(#9509,#9515),.PCURVE_S1.);
#9504 = CIRCLE('',#9505,1.);
#9505 = AXIS2_PLACEMENT_3D('',#9506,#9507,#9508);
#9506 = CARTESIAN_POINT('',(2.272727272727,-17.5,27.));
#9507 = DIRECTION('',(2.254526039504E-97,-1.,2.22044604925E-16));
#9508 = DIRECTION('',(1.,2.254526039504E-97,-5.197704882822E-113));
#9509 = PCURVE('',#4200,#9510);
#9510 = DEFINITIONAL_REPRESENTATION('',(#9511),#9514);
#9511 = B_SPLINE_CURVE_WITH_KNOTS('',1,(#9512,#9513),.UNSPECIFIED.,.F.,
  .F.,(2,2),(0.,6.28318530718),.PIECEWISE_BEZIER_KNOTS.);
#9512 = CARTESIAN_POINT('',(0.,-14.5));
#9513 = CARTESIAN_POINT('',(-6.28318530718,-14.5));
#9514 = ( GEOMETRIC_REPRESENTATION_CONTEXT(2) 
PARAMETRIC_REPRESENTATION_CONTEXT() REPRESENTATION_CONTEXT('2D SPACE',''
  ) );
#9515 = PCURVE('',#9516,#9521);
#9516 = PLANE('',#9517);
#9517 = AXIS2_PLACEMENT_3D('',#9518,#9519,#9520);
#9518 = CARTESIAN_POINT('',(2.272727272727,-17.5,27.));
#9519 = DIRECTION('',(0.,1.,-4.930380657631E-32));
#9520 = DIRECTION('',(0.,4.930380657631E-32,1.));
#9521 = DEFINITIONAL_REPRESENTATION('',(#9522),#9530);
#9522 = ( BOUNDED_CURVE() B_SPLINE_CURVE(2,(#9523,#9524,#9525,#9526,
#9527,#9528,#9529),.UNSPECIFIED.,.T.,.F.) B_SPLINE_CURVE_WITH_KNOTS((1,2
    ,2,2,2,1),(-2.094395102393,0.,2.094395102393,4.188790204786,
6.28318530718,8.377580409573),.UNSPECIFIED.) CURVE() 
GEOMETRIC_REPRESENTATION_ITEM() RATIONAL_B_SPLINE_CURVE((1.,0.5,1.,0.5,
1.,0.5,1.)) REPRESENTATION_ITEM('') );
#9523 = CARTESIAN_POINT('',(-5.006053437348E-113,1.));
#9524 = CARTESIAN_POINT('',(1.732050807569,1.));
#9525 = CARTESIAN_POINT('',(0.866025403784,-0.5));
#9526 = CARTESIAN_POINT('',(2.449293598295E-16,-2.));
#9527 = CARTESIAN_POINT('',(-0.866025403784,-0.5));
#9528 = CARTESIAN_POINT('',(-1.732050807569,1.));
#9529 = CARTESIAN_POINT('',(-5.006053437348E-113,1.));
#9530 = ( GEOMETRIC_REPRESENTATION_CONTEXT(2) 
PARAMETRIC_REPRESENTATION_CONTEXT() REPRESENTATION_CONTEXT('2D SPACE',''
  ) );
#9531 = ORIENTED_EDGE('',*,*,#9481,.F.);
#9532 = ORIENTED_EDGE('',*,*,#4179,.F.);
#9533 = ADVANCED_FACE('',(#9534),#4234,.T.);
#9534 = FACE_BOUND('',#9535,.F.);
#9535 = EDGE_LOOP('',(#9536,#9557,#9587,#9588));
#9536 = ORIENTED_EDGE('',*,*,#9537,.T.);
#9537 = EDGE_CURVE('',#4214,#9538,#9540,.T.);
#9538 = VERTEX_POINT('',#9539);
#9539 = CARTESIAN_POINT('',(3.272727272727,-17.5,32.));
#9540 = SEAM_CURVE('',#9541,(#9545,#9551),.PCURVE_S1.);
#9541 = LINE('',#9542,#9543);
#9542 = CARTESIAN_POINT('',(3.272727272727,-3.,32.));
#9543 = VECTOR('',#9544,1.);
#9544 = DIRECTION('',(2.254526039504E-97,-1.,2.22044604925E-16));
#9545 = PCURVE('',#4234,#9546);
#9546 = DEFINITIONAL_REPRESENTATION('',(#9547),#9550);
#9547 = B_SPLINE_CURVE_WITH_KNOTS('',1,(#9548,#9549),.UNSPECIFIED.,.F.,
  .F.,(2,2),(0.,14.5),.PIECEWISE_BEZIER_KNOTS.);
#9548 = CARTESIAN_POINT('',(0.,0.));
#9549 = CARTESIAN_POINT('',(0.,-14.5));
#9550 = ( GEOMETRIC_REPRESENTATION_CONTEXT(2) 
PARAMETRIC_REPRESENTATION_CONTEXT() REPRESENTATION_CONTEXT('2D SPACE',''
  ) );
#9551 = PCURVE('',#4234,#9552);
#9552 = DEFINITIONAL_REPRESENTATION('',(#9553),#9556);
#9553 = B_SPLINE_CURVE_WITH_KNOTS('',1,(#9554,#9555),.UNSPECIFIED.,.F.,
  .F.,(2,2),(0.,14.5),.PIECEWISE_BEZIER_KNOTS.);
#9554 = CARTESIAN_POINT('',(-6.28318530718,0.));
#9555 = CARTESIAN_POINT('',(-6.28318530718,-14.5));
#9556 = ( GEOMETRIC_REPRESENTATION_CONTEXT(2) 
PARAMETRIC_REPRESENTATION_CONTEXT() REPRESENTATION_CONTEXT('2D SPACE',''
  ) );
#9557 = ORIENTED_EDGE('',*,*,#9558,.T.);
#9558 = EDGE_CURVE('',#9538,#9538,#9559,.T.);
#9559 = SURFACE_CURVE('',#9560,(#9565,#9571),.PCURVE_S1.);
#9560 = CIRCLE('',#9561,1.);
#9561 = AXIS2_PLACEMENT_3D('',#9562,#9563,#9564);
#9562 = CARTESIAN_POINT('',(2.272727272727,-17.5,32.));
#9563 = DIRECTION('',(2.254526039504E-97,-1.,2.22044604925E-16));
#9564 = DIRECTION('',(1.,2.254526039504E-97,-5.197704882822E-113));
#9565 = PCURVE('',#4234,#9566);
#9566 = DEFINITIONAL_REPRESENTATION('',(#9567),#9570);
#9567 = B_SPLINE_CURVE_WITH_KNOTS('',1,(#9568,#9569),.UNSPECIFIED.,.F.,
  .F.,(2,2),(0.,6.28318530718),.PIECEWISE_BEZIER_KNOTS.);
#9568 = CARTESIAN_POINT('',(0.,-14.5));
#9569 = CARTESIAN_POINT('',(-6.28318530718,-14.5));
#9570 = ( GEOMETRIC_REPRESENTATION_CONTEXT(2) 
PARAMETRIC_REPRESENTATION_CONTEXT() REPRESENTATION_CONTEXT('2D SPACE',''
  ) );
#9571 = PCURVE('',#9572,#9577);
#9572 = PLANE('',#9573);
#9573 = AXIS2_PLACEMENT_3D('',#9574,#9575,#9576);
#9574 = CARTESIAN_POINT('',(2.272727272727,-17.5,32.));
#9575 = DIRECTION('',(0.,1.,-4.930380657631E-32));
#9576 = DIRECTION('',(0.,4.930380657631E-32,1.));
#9577 = DEFINITIONAL_REPRESENTATION('',(#9578),#9586);
#9578 = ( BOUNDED_CURVE() B_SPLINE_CURVE(2,(#9579,#9580,#9581,#9582,
#9583,#9584,#9585),.UNSPECIFIED.,.T.,.F.) B_SPLINE_CURVE_WITH_KNOTS((1,2
    ,2,2,2,1),(-2.094395102393,0.,2.094395102393,4.188790204786,
6.28318530718,8.377580409573),.UNSPECIFIED.) CURVE() 
GEOMETRIC_REPRESENTATION_ITEM() RATIONAL_B_SPLINE_CURVE((1.,0.5,1.,0.5,
1.,0.5,1.)) REPRESENTATION_ITEM('') );
#9579 = CARTESIAN_POINT('',(-3.552713678801E-15,1.));
#9580 = CARTESIAN_POINT('',(1.732050807569,1.));
#9581 = CARTESIAN_POINT('',(0.866025403784,-0.5));
#9582 = CARTESIAN_POINT('',(-3.307784318971E-15,-2.));
#9583 = CARTESIAN_POINT('',(-0.866025403784,-0.5));
#9584 = CARTESIAN_POINT('',(-1.732050807569,1.));
#9585 = CARTESIAN_POINT('',(-3.552713678801E-15,1.));
#9586 = ( GEOMETRIC_REPRESENTATION_CONTEXT(2) 
PARAMETRIC_REPRESENTATION_CONTEXT() REPRESENTATION_CONTEXT('2D SPACE',''
  ) );
#9587 = ORIENTED_EDGE('',*,*,#9537,.F.);
#9588 = ORIENTED_EDGE('',*,*,#4213,.F.);
#9589 = ADVANCED_FACE('',(#9590),#4268,.T.);
#9590 = FACE_BOUND('',#9591,.F.);
#9591 = EDGE_LOOP('',(#9592,#9613,#9643,#9644));
#9592 = ORIENTED_EDGE('',*,*,#9593,.T.);
#9593 = EDGE_CURVE('',#4248,#9594,#9596,.T.);
#9594 = VERTEX_POINT('',#9595);
#9595 = CARTESIAN_POINT('',(7.818181818182,-17.5,27.));
#9596 = SEAM_CURVE('',#9597,(#9601,#9607),.PCURVE_S1.);
#9597 = LINE('',#9598,#9599);
#9598 = CARTESIAN_POINT('',(7.818181818182,-3.,27.));
#9599 = VECTOR('',#9600,1.);
#9600 = DIRECTION('',(2.254526039504E-97,-1.,2.22044604925E-16));
#9601 = PCURVE('',#4268,#9602);
#9602 = DEFINITIONAL_REPRESENTATION('',(#9603),#9606);
#9603 = B_SPLINE_CURVE_WITH_KNOTS('',1,(#9604,#9605),.UNSPECIFIED.,.F.,
  .F.,(2,2),(0.,14.5),.PIECEWISE_BEZIER_KNOTS.);
#9604 = CARTESIAN_POINT('',(0.,0.));
#9605 = CARTESIAN_POINT('',(0.,-14.5));
#9606 = ( GEOMETRIC_REPRESENTATION_CONTEXT(2) 
PARAMETRIC_REPRESENTATION_CONTEXT() REPRESENTATION_CONTEXT('2D SPACE',''
  ) );
#9607 = PCURVE('',#4268,#9608);
#9608 = DEFINITIONAL_REPRESENTATION('',(#9609),#9612);
#9609 = B_SPLINE_CURVE_WITH_KNOTS('',1,(#9610,#9611),.UNSPECIFIED.,.F.,
  .F.,(2,2),(0.,14.5),.PIECEWISE_BEZIER_KNOTS.);
#9610 = CARTESIAN_POINT('',(-6.28318530718,0.));
#9611 = CARTESIAN_POINT('',(-6.28318530718,-14.5));
#9612 = ( GEOMETRIC_REPRESENTATION_CONTEXT(2) 
PARAMETRIC_REPRESENTATION_CONTEXT() REPRESENTATION_CONTEXT('2D SPACE',''
  ) );
#9613 = ORIENTED_EDGE('',*,*,#9614,.T.);
#9614 = EDGE_CURVE('',#9594,#9594,#9615,.T.);
#9615 = SURFACE_CURVE('',#9616,(#9621,#9627),.PCURVE_S1.);
#9616 = CIRCLE('',#9617,1.);
#9617 = AXIS2_PLACEMENT_3D('',#9618,#9619,#9620);
#9618 = CARTESIAN_POINT('',(6.818181818182,-17.5,27.));
#9619 = DIRECTION('',(2.254526039504E-97,-1.,2.22044604925E-16));
#9620 = DIRECTION('',(1.,2.254526039504E-97,-5.197704882822E-113));
#9621 = PCURVE('',#4268,#9622);
#9622 = DEFINITIONAL_REPRESENTATION('',(#9623),#9626);
#9623 = B_SPLINE_CURVE_WITH_KNOTS('',1,(#9624,#9625),.UNSPECIFIED.,.F.,
  .F.,(2,2),(0.,6.28318530718),.PIECEWISE_BEZIER_KNOTS.);
#9624 = CARTESIAN_POINT('',(0.,-14.5));
#9625 = CARTESIAN_POINT('',(-6.28318530718,-14.5));
#9626 = ( GEOMETRIC_REPRESENTATION_CONTEXT(2) 
PARAMETRIC_REPRESENTATION_CONTEXT() REPRESENTATION_CONTEXT('2D SPACE',''
  ) );
#9627 = PCURVE('',#9628,#9633);
#9628 = PLANE('',#9629);
#9629 = AXIS2_PLACEMENT_3D('',#9630,#9631,#9632);
#9630 = CARTESIAN_POINT('',(6.818181818182,-17.5,27.));
#9631 = DIRECTION('',(0.,1.,-4.930380657631E-32));
#9632 = DIRECTION('',(0.,4.930380657631E-32,1.));
#9633 = DEFINITIONAL_REPRESENTATION('',(#9634),#9642);
#9634 = ( BOUNDED_CURVE() B_SPLINE_CURVE(2,(#9635,#9636,#9637,#9638,
#9639,#9640,#9641),.UNSPECIFIED.,.T.,.F.) B_SPLINE_CURVE_WITH_KNOTS((1,2
    ,2,2,2,1),(-2.094395102393,0.,2.094395102393,4.188790204786,
6.28318530718,8.377580409573),.UNSPECIFIED.) CURVE() 
GEOMETRIC_REPRESENTATION_ITEM() RATIONAL_B_SPLINE_CURVE((1.,0.5,1.,0.5,
1.,0.5,1.)) REPRESENTATION_ITEM('') );
#9635 = CARTESIAN_POINT('',(-5.006053437348E-113,1.));
#9636 = CARTESIAN_POINT('',(1.732050807569,1.));
#9637 = CARTESIAN_POINT('',(0.866025403784,-0.5));
#9638 = CARTESIAN_POINT('',(2.449293598295E-16,-2.));
#9639 = CARTESIAN_POINT('',(-0.866025403784,-0.5));
#9640 = CARTESIAN_POINT('',(-1.732050807569,1.));
#9641 = CARTESIAN_POINT('',(-5.006053437348E-113,1.));
#9642 = ( GEOMETRIC_REPRESENTATION_CONTEXT(2) 
PARAMETRIC_REPRESENTATION_CONTEXT() REPRESENTATION_CONTEXT('2D SPACE',''
  ) );
#9643 = ORIENTED_EDGE('',*,*,#9593,.F.);
#9644 = ORIENTED_EDGE('',*,*,#4247,.F.);
#9645 = ADVANCED_FACE('',(#9646),#4302,.T.);
#9646 = FACE_BOUND('',#9647,.F.);
#9647 = EDGE_LOOP('',(#9648,#9669,#9699,#9700));
#9648 = ORIENTED_EDGE('',*,*,#9649,.T.);
#9649 = EDGE_CURVE('',#4282,#9650,#9652,.T.);
#9650 = VERTEX_POINT('',#9651);
#9651 = CARTESIAN_POINT('',(12.363636363636,-17.5,27.));
#9652 = SEAM_CURVE('',#9653,(#9657,#9663),.PCURVE_S1.);
#9653 = LINE('',#9654,#9655);
#9654 = CARTESIAN_POINT('',(12.363636363636,-3.,27.));
#9655 = VECTOR('',#9656,1.);
#9656 = DIRECTION('',(2.254526039504E-97,-1.,2.22044604925E-16));
#9657 = PCURVE('',#4302,#9658);
#9658 = DEFINITIONAL_REPRESENTATION('',(#9659),#9662);
#9659 = B_SPLINE_CURVE_WITH_KNOTS('',1,(#9660,#9661),.UNSPECIFIED.,.F.,
  .F.,(2,2),(0.,14.5),.PIECEWISE_BEZIER_KNOTS.);
#9660 = CARTESIAN_POINT('',(0.,0.));
#9661 = CARTESIAN_POINT('',(0.,-14.5));
#9662 = ( GEOMETRIC_REPRESENTATION_CONTEXT(2) 
PARAMETRIC_REPRESENTATION_CONTEXT() REPRESENTATION_CONTEXT('2D SPACE',''
  ) );
#9663 = PCURVE('',#4302,#9664);
#9664 = DEFINITIONAL_REPRESENTATION('',(#9665),#9668);
#9665 = B_SPLINE_CURVE_WITH_KNOTS('',1,(#9666,#9667),.UNSPECIFIED.,.F.,
  .F.,(2,2),(0.,14.5),.PIECEWISE_BEZIER_KNOTS.);
#9666 = CARTESIAN_POINT('',(-6.28318530718,0.));
#9667 = CARTESIAN_POINT('',(-6.28318530718,-14.5));
#9668 = ( GEOMETRIC_REPRESENTATION_CONTEXT(2) 
PARAMETRIC_REPRESENTATION_CONTEXT() REPRESENTATION_CONTEXT('2D SPACE',''
  ) );
#9669 = ORIENTED_EDGE('',*,*,#9670,.T.);
#9670 = EDGE_CURVE('',#9650,#9650,#9671,.T.);
#9671 = SURFACE_CURVE('',#9672,(#9677,#9683),.PCURVE_S1.);
#9672 = CIRCLE('',#9673,1.);
#9673 = AXIS2_PLACEMENT_3D('',#9674,#9675,#9676);
#9674 = CARTESIAN_POINT('',(11.363636363636,-17.5,27.));
#9675 = DIRECTION('',(2.254526039504E-97,-1.,2.22044604925E-16));
#9676 = DIRECTION('',(1.,2.254526039504E-97,-5.197704882822E-113));
#9677 = PCURVE('',#4302,#9678);
#9678 = DEFINITIONAL_REPRESENTATION('',(#9679),#9682);
#9679 = B_SPLINE_CURVE_WITH_KNOTS('',1,(#9680,#9681),.UNSPECIFIED.,.F.,
  .F.,(2,2),(0.,6.28318530718),.PIECEWISE_BEZIER_KNOTS.);
#9680 = CARTESIAN_POINT('',(0.,-14.5));
#9681 = CARTESIAN_POINT('',(-6.28318530718,-14.5));
#9682 = ( GEOMETRIC_REPRESENTATION_CONTEXT(2) 
PARAMETRIC_REPRESENTATION_CONTEXT() REPRESENTATION_CONTEXT('2D SPACE',''
  ) );
#9683 = PCURVE('',#9684,#9689);
#9684 = PLANE('',#9685);
#9685 = AXIS2_PLACEMENT_3D('',#9686,#9687,#9688);
#9686 = CARTESIAN_POINT('',(11.363636363636,-17.5,27.));
#9687 = DIRECTION('',(0.,1.,-4.930380657631E-32));
#9688 = DIRECTION('',(0.,4.930380657631E-32,1.));
#9689 = DEFINITIONAL_REPRESENTATION('',(#9690),#9698);
#9690 = ( BOUNDED_CURVE() B_SPLINE_CURVE(2,(#9691,#9692,#9693,#9694,
#9695,#9696,#9697),.UNSPECIFIED.,.T.,.F.) B_SPLINE_CURVE_WITH_KNOTS((1,2
    ,2,2,2,1),(-2.094395102393,0.,2.094395102393,4.188790204786,
6.28318530718,8.377580409573),.UNSPECIFIED.) CURVE() 
GEOMETRIC_REPRESENTATION_ITEM() RATIONAL_B_SPLINE_CURVE((1.,0.5,1.,0.5,
1.,0.5,1.)) REPRESENTATION_ITEM('') );
#9691 = CARTESIAN_POINT('',(-5.006053437348E-113,1.));
#9692 = CARTESIAN_POINT('',(1.732050807569,1.));
#9693 = CARTESIAN_POINT('',(0.866025403784,-0.5));
#9694 = CARTESIAN_POINT('',(2.449293598295E-16,-2.));
#9695 = CARTESIAN_POINT('',(-0.866025403784,-0.5));
#9696 = CARTESIAN_POINT('',(-1.732050807569,1.));
#9697 = CARTESIAN_POINT('',(-5.006053437348E-113,1.));
#9698 = ( GEOMETRIC_REPRESENTATION_CONTEXT(2) 
PARAMETRIC_REPRESENTATION_CONTEXT() REPRESENTATION_CONTEXT('2D SPACE',''
  ) );
#9699 = ORIENTED_EDGE('',*,*,#9649,.F.);
#9700 = ORIENTED_EDGE('',*,*,#4281,.F.);
#9701 = ADVANCED_FACE('',(#9702),#4336,.T.);
#9702 = FACE_BOUND('',#9703,.F.);
#9703 = EDGE_LOOP('',(#9704,#9725,#9755,#9756));
#9704 = ORIENTED_EDGE('',*,*,#9705,.T.);
#9705 = EDGE_CURVE('',#4316,#9706,#9708,.T.);
#9706 = VERTEX_POINT('',#9707);
#9707 = CARTESIAN_POINT('',(7.818181818182,-17.5,32.));
#9708 = SEAM_CURVE('',#9709,(#9713,#9719),.PCURVE_S1.);
#9709 = LINE('',#9710,#9711);
#9710 = CARTESIAN_POINT('',(7.818181818182,-3.,32.));
#9711 = VECTOR('',#9712,1.);
#9712 = DIRECTION('',(2.254526039504E-97,-1.,2.22044604925E-16));
#9713 = PCURVE('',#4336,#9714);
#9714 = DEFINITIONAL_REPRESENTATION('',(#9715),#9718);
#9715 = B_SPLINE_CURVE_WITH_KNOTS('',1,(#9716,#9717),.UNSPECIFIED.,.F.,
  .F.,(2,2),(0.,14.5),.PIECEWISE_BEZIER_KNOTS.);
#9716 = CARTESIAN_POINT('',(0.,0.));
#9717 = CARTESIAN_POINT('',(0.,-14.5));
#9718 = ( GEOMETRIC_REPRESENTATION_CONTEXT(2) 
PARAMETRIC_REPRESENTATION_CONTEXT() REPRESENTATION_CONTEXT('2D SPACE',''
  ) );
#9719 = PCURVE('',#4336,#9720);
#9720 = DEFINITIONAL_REPRESENTATION('',(#9721),#9724);
#9721 = B_SPLINE_CURVE_WITH_KNOTS('',1,(#9722,#9723),.UNSPECIFIED.,.F.,
  .F.,(2,2),(0.,14.5),.PIECEWISE_BEZIER_KNOTS.);
#9722 = CARTESIAN_POINT('',(-6.28318530718,0.));
#9723 = CARTESIAN_POINT('',(-6.28318530718,-14.5));
#9724 = ( GEOMETRIC_REPRESENTATION_CONTEXT(2) 
PARAMETRIC_REPRESENTATION_CONTEXT() REPRESENTATION_CONTEXT('2D SPACE',''
  ) );
#9725 = ORIENTED_EDGE('',*,*,#9726,.T.);
#9726 = EDGE_CURVE('',#9706,#9706,#9727,.T.);
#9727 = SURFACE_CURVE('',#9728,(#9733,#9739),.PCURVE_S1.);
#9728 = CIRCLE('',#9729,1.);
#9729 = AXIS2_PLACEMENT_3D('',#9730,#9731,#9732);
#9730 = CARTESIAN_POINT('',(6.818181818182,-17.5,32.));
#9731 = DIRECTION('',(2.254526039504E-97,-1.,2.22044604925E-16));
#9732 = DIRECTION('',(1.,2.254526039504E-97,-5.197704882822E-113));
#9733 = PCURVE('',#4336,#9734);
#9734 = DEFINITIONAL_REPRESENTATION('',(#9735),#9738);
#9735 = B_SPLINE_CURVE_WITH_KNOTS('',1,(#9736,#9737),.UNSPECIFIED.,.F.,
  .F.,(2,2),(0.,6.28318530718),.PIECEWISE_BEZIER_KNOTS.);
#9736 = CARTESIAN_POINT('',(0.,-14.5));
#9737 = CARTESIAN_POINT('',(-6.28318530718,-14.5));
#9738 = ( GEOMETRIC_REPRESENTATION_CONTEXT(2) 
PARAMETRIC_REPRESENTATION_CONTEXT() REPRESENTATION_CONTEXT('2D SPACE',''
  ) );
#9739 = PCURVE('',#9740,#9745);
#9740 = PLANE('',#9741);
#9741 = AXIS2_PLACEMENT_3D('',#9742,#9743,#9744);
#9742 = CARTESIAN_POINT('',(6.818181818182,-17.5,32.));
#9743 = DIRECTION('',(0.,1.,-4.930380657631E-32));
#9744 = DIRECTION('',(0.,4.930380657631E-32,1.));
#9745 = DEFINITIONAL_REPRESENTATION('',(#9746),#9754);
#9746 = ( BOUNDED_CURVE() B_SPLINE_CURVE(2,(#9747,#9748,#9749,#9750,
#9751,#9752,#9753),.UNSPECIFIED.,.T.,.F.) B_SPLINE_CURVE_WITH_KNOTS((1,2
    ,2,2,2,1),(-2.094395102393,0.,2.094395102393,4.188790204786,
6.28318530718,8.377580409573),.UNSPECIFIED.) CURVE() 
GEOMETRIC_REPRESENTATION_ITEM() RATIONAL_B_SPLINE_CURVE((1.,0.5,1.,0.5,
1.,0.5,1.)) REPRESENTATION_ITEM('') );
#9747 = CARTESIAN_POINT('',(-3.552713678801E-15,1.));
#9748 = CARTESIAN_POINT('',(1.732050807569,1.));
#9749 = CARTESIAN_POINT('',(0.866025403784,-0.5));
#9750 = CARTESIAN_POINT('',(-3.307784318971E-15,-2.));
#9751 = CARTESIAN_POINT('',(-0.866025403784,-0.5));
#9752 = CARTESIAN_POINT('',(-1.732050807569,1.));
#9753 = CARTESIAN_POINT('',(-3.552713678801E-15,1.));
#9754 = ( GEOMETRIC_REPRESENTATION_CONTEXT(2) 
PARAMETRIC_REPRESENTATION_CONTEXT() REPRESENTATION_CONTEXT('2D SPACE',''
  ) );
#9755 = ORIENTED_EDGE('',*,*,#9705,.F.);
#9756 = ORIENTED_EDGE('',*,*,#4315,.F.);
#9757 = ADVANCED_FACE('',(#9758),#4370,.T.);
#9758 = FACE_BOUND('',#9759,.F.);
#9759 = EDGE_LOOP('',(#9760,#9781,#9811,#9812));
#9760 = ORIENTED_EDGE('',*,*,#9761,.T.);
#9761 = EDGE_CURVE('',#4350,#9762,#9764,.T.);
#9762 = VERTEX_POINT('',#9763);
#9763 = CARTESIAN_POINT('',(12.363636363636,-17.5,32.));
#9764 = SEAM_CURVE('',#9765,(#9769,#9775),.PCURVE_S1.);
#9765 = LINE('',#9766,#9767);
#9766 = CARTESIAN_POINT('',(12.363636363636,-3.,32.));
#9767 = VECTOR('',#9768,1.);
#9768 = DIRECTION('',(2.254526039504E-97,-1.,2.22044604925E-16));
#9769 = PCURVE('',#4370,#9770);
#9770 = DEFINITIONAL_REPRESENTATION('',(#9771),#9774);
#9771 = B_SPLINE_CURVE_WITH_KNOTS('',1,(#9772,#9773),.UNSPECIFIED.,.F.,
  .F.,(2,2),(0.,14.5),.PIECEWISE_BEZIER_KNOTS.);
#9772 = CARTESIAN_POINT('',(0.,0.));
#9773 = CARTESIAN_POINT('',(0.,-14.5));
#9774 = ( GEOMETRIC_REPRESENTATION_CONTEXT(2) 
PARAMETRIC_REPRESENTATION_CONTEXT() REPRESENTATION_CONTEXT('2D SPACE',''
  ) );
#9775 = PCURVE('',#4370,#9776);
#9776 = DEFINITIONAL_REPRESENTATION('',(#9777),#9780);
#9777 = B_SPLINE_CURVE_WITH_KNOTS('',1,(#9778,#9779),.UNSPECIFIED.,.F.,
  .F.,(2,2),(0.,14.5),.PIECEWISE_BEZIER_KNOTS.);
#9778 = CARTESIAN_POINT('',(-6.28318530718,0.));
#9779 = CARTESIAN_POINT('',(-6.28318530718,-14.5));
#9780 = ( GEOMETRIC_REPRESENTATION_CONTEXT(2) 
PARAMETRIC_REPRESENTATION_CONTEXT() REPRESENTATION_CONTEXT('2D SPACE',''
  ) );
#9781 = ORIENTED_EDGE('',*,*,#9782,.T.);
#9782 = EDGE_CURVE('',#9762,#9762,#9783,.T.);
#9783 = SURFACE_CURVE('',#9784,(#9789,#9795),.PCURVE_S1.);
#9784 = CIRCLE('',#9785,1.);
#9785 = AXIS2_PLACEMENT_3D('',#9786,#9787,#9788);
#9786 = CARTESIAN_POINT('',(11.363636363636,-17.5,32.));
#9787 = DIRECTION('',(2.254526039504E-97,-1.,2.22044604925E-16));
#9788 = DIRECTION('',(1.,2.254526039504E-97,-5.197704882822E-113));
#9789 = PCURVE('',#4370,#9790);
#9790 = DEFINITIONAL_REPRESENTATION('',(#9791),#9794);
#9791 = B_SPLINE_CURVE_WITH_KNOTS('',1,(#9792,#9793),.UNSPECIFIED.,.F.,
  .F.,(2,2),(0.,6.28318530718),.PIECEWISE_BEZIER_KNOTS.);
#9792 = CARTESIAN_POINT('',(0.,-14.5));
#9793 = CARTESIAN_POINT('',(-6.28318530718,-14.5));
#9794 = ( GEOMETRIC_REPRESENTATION_CONTEXT(2) 
PARAMETRIC_REPRESENTATION_CONTEXT() REPRESENTATION_CONTEXT('2D SPACE',''
  ) );
#9795 = PCURVE('',#9796,#9801);
#9796 = PLANE('',#9797);
#9797 = AXIS2_PLACEMENT_3D('',#9798,#9799,#9800);
#9798 = CARTESIAN_POINT('',(11.363636363636,-17.5,32.));
#9799 = DIRECTION('',(0.,1.,-4.930380657631E-32));
#9800 = DIRECTION('',(0.,4.930380657631E-32,1.));
#9801 = DEFINITIONAL_REPRESENTATION('',(#9802),#9810);
#9802 = ( BOUNDED_CURVE() B_SPLINE_CURVE(2,(#9803,#9804,#9805,#9806,
#9807,#9808,#9809),.UNSPECIFIED.,.T.,.F.) B_SPLINE_CURVE_WITH_KNOTS((1,2
    ,2,2,2,1),(-2.094395102393,0.,2.094395102393,4.188790204786,
6.28318530718,8.377580409573),.UNSPECIFIED.) CURVE() 
GEOMETRIC_REPRESENTATION_ITEM() RATIONAL_B_SPLINE_CURVE((1.,0.5,1.,0.5,
1.,0.5,1.)) REPRESENTATION_ITEM('') );
#9803 = CARTESIAN_POINT('',(-3.552713678801E-15,1.));
#9804 = CARTESIAN_POINT('',(1.732050807569,1.));
#9805 = CARTESIAN_POINT('',(0.866025403784,-0.5));
#9806 = CARTESIAN_POINT('',(-3.307784318971E-15,-2.));
#9807 = CARTESIAN_POINT('',(-0.866025403784,-0.5));
#9808 = CARTESIAN_POINT('',(-1.732050807569,1.));
#9809 = CARTESIAN_POINT('',(-3.552713678801E-15,1.));
#9810 = ( GEOMETRIC_REPRESENTATION_CONTEXT(2) 
PARAMETRIC_REPRESENTATION_CONTEXT() REPRESENTATION_CONTEXT('2D SPACE',''
  ) );
#9811 = ORIENTED_EDGE('',*,*,#9761,.F.);
#9812 = ORIENTED_EDGE('',*,*,#4349,.F.);
#9813 = ADVANCED_FACE('',(#9814),#4404,.T.);
#9814 = FACE_BOUND('',#9815,.F.);
#9815 = EDGE_LOOP('',(#9816,#9837,#9867,#9868));
#9816 = ORIENTED_EDGE('',*,*,#9817,.T.);
#9817 = EDGE_CURVE('',#4384,#9818,#9820,.T.);
#9818 = VERTEX_POINT('',#9819);
#9819 = CARTESIAN_POINT('',(16.909090909091,-17.5,22.));
#9820 = SEAM_CURVE('',#9821,(#9825,#9831),.PCURVE_S1.);
#9821 = LINE('',#9822,#9823);
#9822 = CARTESIAN_POINT('',(16.909090909091,-3.,22.));
#9823 = VECTOR('',#9824,1.);
#9824 = DIRECTION('',(2.254526039504E-97,-1.,2.22044604925E-16));
#9825 = PCURVE('',#4404,#9826);
#9826 = DEFINITIONAL_REPRESENTATION('',(#9827),#9830);
#9827 = B_SPLINE_CURVE_WITH_KNOTS('',1,(#9828,#9829),.UNSPECIFIED.,.F.,
  .F.,(2,2),(0.,14.5),.PIECEWISE_BEZIER_KNOTS.);
#9828 = CARTESIAN_POINT('',(0.,0.));
#9829 = CARTESIAN_POINT('',(0.,-14.5));
#9830 = ( GEOMETRIC_REPRESENTATION_CONTEXT(2) 
PARAMETRIC_REPRESENTATION_CONTEXT() REPRESENTATION_CONTEXT('2D SPACE',''
  ) );
#9831 = PCURVE('',#4404,#9832);
#9832 = DEFINITIONAL_REPRESENTATION('',(#9833),#9836);
#9833 = B_SPLINE_CURVE_WITH_KNOTS('',1,(#9834,#9835),.UNSPECIFIED.,.F.,
  .F.,(2,2),(0.,14.5),.PIECEWISE_BEZIER_KNOTS.);
#9834 = CARTESIAN_POINT('',(-6.28318530718,0.));
#9835 = CARTESIAN_POINT('',(-6.28318530718,-14.5));
#9836 = ( GEOMETRIC_REPRESENTATION_CONTEXT(2) 
PARAMETRIC_REPRESENTATION_CONTEXT() REPRESENTATION_CONTEXT('2D SPACE',''
  ) );
#9837 = ORIENTED_EDGE('',*,*,#9838,.T.);
#9838 = EDGE_CURVE('',#9818,#9818,#9839,.T.);
#9839 = SURFACE_CURVE('',#9840,(#9845,#9851),.PCURVE_S1.);
#9840 = CIRCLE('',#9841,1.);
#9841 = AXIS2_PLACEMENT_3D('',#9842,#9843,#9844);
#9842 = CARTESIAN_POINT('',(15.909090909091,-17.5,22.));
#9843 = DIRECTION('',(2.254526039504E-97,-1.,2.22044604925E-16));
#9844 = DIRECTION('',(1.,2.254526039504E-97,-5.197704882822E-113));
#9845 = PCURVE('',#4404,#9846);
#9846 = DEFINITIONAL_REPRESENTATION('',(#9847),#9850);
#9847 = B_SPLINE_CURVE_WITH_KNOTS('',1,(#9848,#9849),.UNSPECIFIED.,.F.,
  .F.,(2,2),(0.,6.28318530718),.PIECEWISE_BEZIER_KNOTS.);
#9848 = CARTESIAN_POINT('',(0.,-14.5));
#9849 = CARTESIAN_POINT('',(-6.28318530718,-14.5));
#9850 = ( GEOMETRIC_REPRESENTATION_CONTEXT(2) 
PARAMETRIC_REPRESENTATION_CONTEXT() REPRESENTATION_CONTEXT('2D SPACE',''
  ) );
#9851 = PCURVE('',#9852,#9857);
#9852 = PLANE('',#9853);
#9853 = AXIS2_PLACEMENT_3D('',#9854,#9855,#9856);
#9854 = CARTESIAN_POINT('',(15.909090909091,-17.5,22.));
#9855 = DIRECTION('',(0.,1.,-4.930380657631E-32));
#9856 = DIRECTION('',(0.,4.930380657631E-32,1.));
#9857 = DEFINITIONAL_REPRESENTATION('',(#9858),#9866);
#9858 = ( BOUNDED_CURVE() B_SPLINE_CURVE(2,(#9859,#9860,#9861,#9862,
#9863,#9864,#9865),.UNSPECIFIED.,.T.,.F.) B_SPLINE_CURVE_WITH_KNOTS((1,2
    ,2,2,2,1),(-2.094395102393,0.,2.094395102393,4.188790204786,
6.28318530718,8.377580409573),.UNSPECIFIED.) CURVE() 
GEOMETRIC_REPRESENTATION_ITEM() RATIONAL_B_SPLINE_CURVE((1.,0.5,1.,0.5,
1.,0.5,1.)) REPRESENTATION_ITEM('') );
#9859 = CARTESIAN_POINT('',(3.552713678801E-15,1.));
#9860 = CARTESIAN_POINT('',(1.732050807569,1.));
#9861 = CARTESIAN_POINT('',(0.866025403784,-0.5));
#9862 = CARTESIAN_POINT('',(3.79764303863E-15,-2.));
#9863 = CARTESIAN_POINT('',(-0.866025403784,-0.5));
#9864 = CARTESIAN_POINT('',(-1.732050807569,1.));
#9865 = CARTESIAN_POINT('',(3.552713678801E-15,1.));
#9866 = ( GEOMETRIC_REPRESENTATION_CONTEXT(2) 
PARAMETRIC_REPRESENTATION_CONTEXT() REPRESENTATION_CONTEXT('2D SPACE',''
  ) );
#9867 = ORIENTED_EDGE('',*,*,#9817,.F.);
#9868 = ORIENTED_EDGE('',*,*,#4383,.F.);
#9869 = ADVANCED_FACE('',(#9870),#4438,.T.);
#9870 = FACE_BOUND('',#9871,.F.);
#9871 = EDGE_LOOP('',(#9872,#9893,#9923,#9924));
#9872 = ORIENTED_EDGE('',*,*,#9873,.T.);
#9873 = EDGE_CURVE('',#4418,#9874,#9876,.T.);
#9874 = VERTEX_POINT('',#9875);
#9875 = CARTESIAN_POINT('',(21.454545454545,-17.5,22.));
#9876 = SEAM_CURVE('',#9877,(#9881,#9887),.PCURVE_S1.);
#9877 = LINE('',#9878,#9879);
#9878 = CARTESIAN_POINT('',(21.454545454545,-3.,22.));
#9879 = VECTOR('',#9880,1.);
#9880 = DIRECTION('',(2.254526039504E-97,-1.,2.22044604925E-16));
#9881 = PCURVE('',#4438,#9882);
#9882 = DEFINITIONAL_REPRESENTATION('',(#9883),#9886);
#9883 = B_SPLINE_CURVE_WITH_KNOTS('',1,(#9884,#9885),.UNSPECIFIED.,.F.,
  .F.,(2,2),(0.,14.5),.PIECEWISE_BEZIER_KNOTS.);
#9884 = CARTESIAN_POINT('',(0.,0.));
#9885 = CARTESIAN_POINT('',(0.,-14.5));
#9886 = ( GEOMETRIC_REPRESENTATION_CONTEXT(2) 
PARAMETRIC_REPRESENTATION_CONTEXT() REPRESENTATION_CONTEXT('2D SPACE',''
  ) );
#9887 = PCURVE('',#4438,#9888);
#9888 = DEFINITIONAL_REPRESENTATION('',(#9889),#9892);
#9889 = B_SPLINE_CURVE_WITH_KNOTS('',1,(#9890,#9891),.UNSPECIFIED.,.F.,
  .F.,(2,2),(0.,14.5),.PIECEWISE_BEZIER_KNOTS.);
#9890 = CARTESIAN_POINT('',(-6.28318530718,0.));
#9891 = CARTESIAN_POINT('',(-6.28318530718,-14.5));
#9892 = ( GEOMETRIC_REPRESENTATION_CONTEXT(2) 
PARAMETRIC_REPRESENTATION_CONTEXT() REPRESENTATION_CONTEXT('2D SPACE',''
  ) );
#9893 = ORIENTED_EDGE('',*,*,#9894,.T.);
#9894 = EDGE_CURVE('',#9874,#9874,#9895,.T.);
#9895 = SURFACE_CURVE('',#9896,(#9901,#9907),.PCURVE_S1.);
#9896 = CIRCLE('',#9897,1.);
#9897 = AXIS2_PLACEMENT_3D('',#9898,#9899,#9900);
#9898 = CARTESIAN_POINT('',(20.454545454545,-17.5,22.));
#9899 = DIRECTION('',(2.254526039504E-97,-1.,2.22044604925E-16));
#9900 = DIRECTION('',(1.,2.254526039504E-97,-5.197704882822E-113));
#9901 = PCURVE('',#4438,#9902);
#9902 = DEFINITIONAL_REPRESENTATION('',(#9903),#9906);
#9903 = B_SPLINE_CURVE_WITH_KNOTS('',1,(#9904,#9905),.UNSPECIFIED.,.F.,
  .F.,(2,2),(0.,6.28318530718),.PIECEWISE_BEZIER_KNOTS.);
#9904 = CARTESIAN_POINT('',(0.,-14.5));
#9905 = CARTESIAN_POINT('',(-6.28318530718,-14.5));
#9906 = ( GEOMETRIC_REPRESENTATION_CONTEXT(2) 
PARAMETRIC_REPRESENTATION_CONTEXT() REPRESENTATION_CONTEXT('2D SPACE',''
  ) );
#9907 = PCURVE('',#9908,#9913);
#9908 = PLANE('',#9909);
#9909 = AXIS2_PLACEMENT_3D('',#9910,#9911,#9912);
#9910 = CARTESIAN_POINT('',(20.454545454545,-17.5,22.));
#9911 = DIRECTION('',(0.,1.,-4.930380657631E-32));
#9912 = DIRECTION('',(0.,4.930380657631E-32,1.));
#9913 = DEFINITIONAL_REPRESENTATION('',(#9914),#9922);
#9914 = ( BOUNDED_CURVE() B_SPLINE_CURVE(2,(#9915,#9916,#9917,#9918,
#9919,#9920,#9921),.UNSPECIFIED.,.T.,.F.) B_SPLINE_CURVE_WITH_KNOTS((1,2
    ,2,2,2,1),(-2.094395102393,0.,2.094395102393,4.188790204786,
6.28318530718,8.377580409573),.UNSPECIFIED.) CURVE() 
GEOMETRIC_REPRESENTATION_ITEM() RATIONAL_B_SPLINE_CURVE((1.,0.5,1.,0.5,
1.,0.5,1.)) REPRESENTATION_ITEM('') );
#9915 = CARTESIAN_POINT('',(3.552713678801E-15,1.));
#9916 = CARTESIAN_POINT('',(1.732050807569,1.));
#9917 = CARTESIAN_POINT('',(0.866025403784,-0.5));
#9918 = CARTESIAN_POINT('',(3.79764303863E-15,-2.));
#9919 = CARTESIAN_POINT('',(-0.866025403784,-0.5));
#9920 = CARTESIAN_POINT('',(-1.732050807569,1.));
#9921 = CARTESIAN_POINT('',(3.552713678801E-15,1.));
#9922 = ( GEOMETRIC_REPRESENTATION_CONTEXT(2) 
PARAMETRIC_REPRESENTATION_CONTEXT() REPRESENTATION_CONTEXT('2D SPACE',''
  ) );
#9923 = ORIENTED_EDGE('',*,*,#9873,.F.);
#9924 = ORIENTED_EDGE('',*,*,#4417,.F.);
#9925 = ADVANCED_FACE('',(#9926),#4472,.T.);
#9926 = FACE_BOUND('',#9927,.F.);
#9927 = EDGE_LOOP('',(#9928,#9949,#9979,#9980));
#9928 = ORIENTED_EDGE('',*,*,#9929,.T.);
#9929 = EDGE_CURVE('',#4452,#9930,#9932,.T.);
#9930 = VERTEX_POINT('',#9931);
#9931 = CARTESIAN_POINT('',(26.,-17.5,22.));
#9932 = SEAM_CURVE('',#9933,(#9937,#9943),.PCURVE_S1.);
#9933 = LINE('',#9934,#9935);
#9934 = CARTESIAN_POINT('',(26.,-3.,22.));
#9935 = VECTOR('',#9936,1.);
#9936 = DIRECTION('',(2.254526039504E-97,-1.,2.22044604925E-16));
#9937 = PCURVE('',#4472,#9938);
#9938 = DEFINITIONAL_REPRESENTATION('',(#9939),#9942);
#9939 = B_SPLINE_CURVE_WITH_KNOTS('',1,(#9940,#9941),.UNSPECIFIED.,.F.,
  .F.,(2,2),(0.,14.5),.PIECEWISE_BEZIER_KNOTS.);
#9940 = CARTESIAN_POINT('',(0.,0.));
#9941 = CARTESIAN_POINT('',(0.,-14.5));
#9942 = ( GEOMETRIC_REPRESENTATION_CONTEXT(2) 
PARAMETRIC_REPRESENTATION_CONTEXT() REPRESENTATION_CONTEXT('2D SPACE',''
  ) );
#9943 = PCURVE('',#4472,#9944);
#9944 = DEFINITIONAL_REPRESENTATION('',(#9945),#9948);
#9945 = B_SPLINE_CURVE_WITH_KNOTS('',1,(#9946,#9947),.UNSPECIFIED.,.F.,
  .F.,(2,2),(0.,14.5),.PIECEWISE_BEZIER_KNOTS.);
#9946 = CARTESIAN_POINT('',(-6.28318530718,0.));
#9947 = CARTESIAN_POINT('',(-6.28318530718,-14.5));
#9948 = ( GEOMETRIC_REPRESENTATION_CONTEXT(2) 
PARAMETRIC_REPRESENTATION_CONTEXT() REPRESENTATION_CONTEXT('2D SPACE',''
  ) );
#9949 = ORIENTED_EDGE('',*,*,#9950,.T.);
#9950 = EDGE_CURVE('',#9930,#9930,#9951,.T.);
#9951 = SURFACE_CURVE('',#9952,(#9957,#9963),.PCURVE_S1.);
#9952 = CIRCLE('',#9953,1.);
#9953 = AXIS2_PLACEMENT_3D('',#9954,#9955,#9956);
#9954 = CARTESIAN_POINT('',(25.,-17.5,22.));
#9955 = DIRECTION('',(2.254526039504E-97,-1.,2.22044604925E-16));
#9956 = DIRECTION('',(1.,2.254526039504E-97,-5.197704882822E-113));
#9957 = PCURVE('',#4472,#9958);
#9958 = DEFINITIONAL_REPRESENTATION('',(#9959),#9962);
#9959 = B_SPLINE_CURVE_WITH_KNOTS('',1,(#9960,#9961),.UNSPECIFIED.,.F.,
  .F.,(2,2),(0.,6.28318530718),.PIECEWISE_BEZIER_KNOTS.);
#9960 = CARTESIAN_POINT('',(0.,-14.5));
#9961 = CARTESIAN_POINT('',(-6.28318530718,-14.5));
#9962 = ( GEOMETRIC_REPRESENTATION_CONTEXT(2) 
PARAMETRIC_REPRESENTATION_CONTEXT() REPRESENTATION_CONTEXT('2D SPACE',''
  ) );
#9963 = PCURVE('',#9964,#9969);
#9964 = PLANE('',#9965);
#9965 = AXIS2_PLACEMENT_3D('',#9966,#9967,#9968);
#9966 = CARTESIAN_POINT('',(25.,-17.5,22.));
#9967 = DIRECTION('',(0.,1.,-4.930380657631E-32));
#9968 = DIRECTION('',(0.,4.930380657631E-32,1.));
#9969 = DEFINITIONAL_REPRESENTATION('',(#9970),#9978);
#9970 = ( BOUNDED_CURVE() B_SPLINE_CURVE(2,(#9971,#9972,#9973,#9974,
#9975,#9976,#9977),.UNSPECIFIED.,.T.,.F.) B_SPLINE_CURVE_WITH_KNOTS((1,2
    ,2,2,2,1),(-2.094395102393,0.,2.094395102393,4.188790204786,
6.28318530718,8.377580409573),.UNSPECIFIED.) CURVE() 
GEOMETRIC_REPRESENTATION_ITEM() RATIONAL_B_SPLINE_CURVE((1.,0.5,1.,0.5,
1.,0.5,1.)) REPRESENTATION_ITEM('') );
#9971 = CARTESIAN_POINT('',(3.552713678801E-15,1.));
#9972 = CARTESIAN_POINT('',(1.732050807569,1.));
#9973 = CARTESIAN_POINT('',(0.866025403784,-0.5));
#9974 = CARTESIAN_POINT('',(3.79764303863E-15,-2.));
#9975 = CARTESIAN_POINT('',(-0.866025403784,-0.5));
#9976 = CARTESIAN_POINT('',(-1.732050807569,1.));
#9977 = CARTESIAN_POINT('',(3.552713678801E-15,1.));
#9978 = ( GEOMETRIC_REPRESENTATION_CONTEXT(2) 
PARAMETRIC_REPRESENTATION_CONTEXT() REPRESENTATION_CONTEXT('2D SPACE',''
  ) );
#9979 = ORIENTED_EDGE('',*,*,#9929,.F.);
#9980 = ORIENTED_EDGE('',*,*,#4451,.F.);
#9981 = ADVANCED_FACE('',(#9982),#4506,.T.);
#9982 = FACE_BOUND('',#9983,.F.);
#9983 = EDGE_LOOP('',(#9984,#10005,#10035,#10036));
#9984 = ORIENTED_EDGE('',*,*,#9985,.T.);
#9985 = EDGE_CURVE('',#4486,#9986,#9988,.T.);
#9986 = VERTEX_POINT('',#9987);
#9987 = CARTESIAN_POINT('',(16.909090909091,-17.5,27.));
#9988 = SEAM_CURVE('',#9989,(#9993,#9999),.PCURVE_S1.);
#9989 = LINE('',#9990,#9991);
#9990 = CARTESIAN_POINT('',(16.909090909091,-3.,27.));
#9991 = VECTOR('',#9992,1.);
#9992 = DIRECTION('',(2.254526039504E-97,-1.,2.22044604925E-16));
#9993 = PCURVE('',#4506,#9994);
#9994 = DEFINITIONAL_REPRESENTATION('',(#9995),#9998);
#9995 = B_SPLINE_CURVE_WITH_KNOTS('',1,(#9996,#9997),.UNSPECIFIED.,.F.,
  .F.,(2,2),(0.,14.5),.PIECEWISE_BEZIER_KNOTS.);
#9996 = CARTESIAN_POINT('',(0.,0.));
#9997 = CARTESIAN_POINT('',(0.,-14.5));
#9998 = ( GEOMETRIC_REPRESENTATION_CONTEXT(2) 
PARAMETRIC_REPRESENTATION_CONTEXT() REPRESENTATION_CONTEXT('2D SPACE',''
  ) );
#9999 = PCURVE('',#4506,#10000);
#10000 = DEFINITIONAL_REPRESENTATION('',(#10001),#10004);
#10001 = B_SPLINE_CURVE_WITH_KNOTS('',1,(#10002,#10003),.UNSPECIFIED.,
  .F.,.F.,(2,2),(0.,14.5),.PIECEWISE_BEZIER_KNOTS.);
#10002 = CARTESIAN_POINT('',(-6.28318530718,0.));
#10003 = CARTESIAN_POINT('',(-6.28318530718,-14.5));
#10004 = ( GEOMETRIC_REPRESENTATION_CONTEXT(2) 
PARAMETRIC_REPRESENTATION_CONTEXT() REPRESENTATION_CONTEXT('2D SPACE',''
  ) );
#10005 = ORIENTED_EDGE('',*,*,#10006,.T.);
#10006 = EDGE_CURVE('',#9986,#9986,#10007,.T.);
#10007 = SURFACE_CURVE('',#10008,(#10013,#10019),.PCURVE_S1.);
#10008 = CIRCLE('',#10009,1.);
#10009 = AXIS2_PLACEMENT_3D('',#10010,#10011,#10012);
#10010 = CARTESIAN_POINT('',(15.909090909091,-17.5,27.));
#10011 = DIRECTION('',(2.254526039504E-97,-1.,2.22044604925E-16));
#10012 = DIRECTION('',(1.,2.254526039504E-97,-5.197704882822E-113));
#10013 = PCURVE('',#4506,#10014);
#10014 = DEFINITIONAL_REPRESENTATION('',(#10015),#10018);
#10015 = B_SPLINE_CURVE_WITH_KNOTS('',1,(#10016,#10017),.UNSPECIFIED.,
  .F.,.F.,(2,2),(0.,6.28318530718),.PIECEWISE_BEZIER_KNOTS.);
#10016 = CARTESIAN_POINT('',(0.,-14.5));
#10017 = CARTESIAN_POINT('',(-6.28318530718,-14.5));
#10018 = ( GEOMETRIC_REPRESENTATION_CONTEXT(2) 
PARAMETRIC_REPRESENTATION_CONTEXT() REPRESENTATION_CONTEXT('2D SPACE',''
  ) );
#10019 = PCURVE('',#10020,#10025);
#10020 = PLANE('',#10021);
#10021 = AXIS2_PLACEMENT_3D('',#10022,#10023,#10024);
#10022 = CARTESIAN_POINT('',(15.909090909091,-17.5,27.));
#10023 = DIRECTION('',(0.,1.,-4.930380657631E-32));
#10024 = DIRECTION('',(0.,4.930380657631E-32,1.));
#10025 = DEFINITIONAL_REPRESENTATION('',(#10026),#10034);
#10026 = ( BOUNDED_CURVE() B_SPLINE_CURVE(2,(#10027,#10028,#10029,#10030
    ,#10031,#10032,#10033),.UNSPECIFIED.,.T.,.F.) 
B_SPLINE_CURVE_WITH_KNOTS((1,2,2,2,2,1),(-2.094395102393,0.,
    2.094395102393,4.188790204786,6.28318530718,8.377580409573),
.UNSPECIFIED.) CURVE() GEOMETRIC_REPRESENTATION_ITEM() 
RATIONAL_B_SPLINE_CURVE((1.,0.5,1.,0.5,1.,0.5,1.)) REPRESENTATION_ITEM(
  '') );
#10027 = CARTESIAN_POINT('',(-5.006053437348E-113,1.));
#10028 = CARTESIAN_POINT('',(1.732050807569,1.));
#10029 = CARTESIAN_POINT('',(0.866025403784,-0.5));
#10030 = CARTESIAN_POINT('',(2.449293598295E-16,-2.));
#10031 = CARTESIAN_POINT('',(-0.866025403784,-0.5));
#10032 = CARTESIAN_POINT('',(-1.732050807569,1.));
#10033 = CARTESIAN_POINT('',(-5.006053437348E-113,1.));
#10034 = ( GEOMETRIC_REPRESENTATION_CONTEXT(2) 
PARAMETRIC_REPRESENTATION_CONTEXT() REPRESENTATION_CONTEXT('2D SPACE',''
  ) );
#10035 = ORIENTED_EDGE('',*,*,#9985,.F.);
#10036 = ORIENTED_EDGE('',*,*,#4485,.F.);
#10037 = ADVANCED_FACE('',(#10038),#4540,.T.);
#10038 = FACE_BOUND('',#10039,.F.);
#10039 = EDGE_LOOP('',(#10040,#10061,#10091,#10092));
#10040 = ORIENTED_EDGE('',*,*,#10041,.T.);
#10041 = EDGE_CURVE('',#4520,#10042,#10044,.T.);
#10042 = VERTEX_POINT('',#10043);
#10043 = CARTESIAN_POINT('',(16.909090909091,-17.5,32.));
#10044 = SEAM_CURVE('',#10045,(#10049,#10055),.PCURVE_S1.);
#10045 = LINE('',#10046,#10047);
#10046 = CARTESIAN_POINT('',(16.909090909091,-3.,32.));
#10047 = VECTOR('',#10048,1.);
#10048 = DIRECTION('',(2.254526039504E-97,-1.,2.22044604925E-16));
#10049 = PCURVE('',#4540,#10050);
#10050 = DEFINITIONAL_REPRESENTATION('',(#10051),#10054);
#10051 = B_SPLINE_CURVE_WITH_KNOTS('',1,(#10052,#10053),.UNSPECIFIED.,
  .F.,.F.,(2,2),(0.,14.5),.PIECEWISE_BEZIER_KNOTS.);
#10052 = CARTESIAN_POINT('',(0.,0.));
#10053 = CARTESIAN_POINT('',(0.,-14.5));
#10054 = ( GEOMETRIC_REPRESENTATION_CONTEXT(2) 
PARAMETRIC_REPRESENTATION_CONTEXT() REPRESENTATION_CONTEXT('2D SPACE',''
  ) );
#10055 = PCURVE('',#4540,#10056);
#10056 = DEFINITIONAL_REPRESENTATION('',(#10057),#10060);
#10057 = B_SPLINE_CURVE_WITH_KNOTS('',1,(#10058,#10059),.UNSPECIFIED.,
  .F.,.F.,(2,2),(0.,14.5),.PIECEWISE_BEZIER_KNOTS.);
#10058 = CARTESIAN_POINT('',(-6.28318530718,0.));
#10059 = CARTESIAN_POINT('',(-6.28318530718,-14.5));
#10060 = ( GEOMETRIC_REPRESENTATION_CONTEXT(2) 
PARAMETRIC_REPRESENTATION_CONTEXT() REPRESENTATION_CONTEXT('2D SPACE',''
  ) );
#10061 = ORIENTED_EDGE('',*,*,#10062,.T.);
#10062 = EDGE_CURVE('',#10042,#10042,#10063,.T.);
#10063 = SURFACE_CURVE('',#10064,(#10069,#10075),.PCURVE_S1.);
#10064 = CIRCLE('',#10065,1.);
#10065 = AXIS2_PLACEMENT_3D('',#10066,#10067,#10068);
#10066 = CARTESIAN_POINT('',(15.909090909091,-17.5,32.));
#10067 = DIRECTION('',(2.254526039504E-97,-1.,2.22044604925E-16));
#10068 = DIRECTION('',(1.,2.254526039504E-97,-5.197704882822E-113));
#10069 = PCURVE('',#4540,#10070);
#10070 = DEFINITIONAL_REPRESENTATION('',(#10071),#10074);
#10071 = B_SPLINE_CURVE_WITH_KNOTS('',1,(#10072,#10073),.UNSPECIFIED.,
  .F.,.F.,(2,2),(0.,6.28318530718),.PIECEWISE_BEZIER_KNOTS.);
#10072 = CARTESIAN_POINT('',(0.,-14.5));
#10073 = CARTESIAN_POINT('',(-6.28318530718,-14.5));
#10074 = ( GEOMETRIC_REPRESENTATION_CONTEXT(2) 
PARAMETRIC_REPRESENTATION_CONTEXT() REPRESENTATION_CONTEXT('2D SPACE',''
  ) );
#10075 = PCURVE('',#10076,#10081);
#10076 = PLANE('',#10077);
#10077 = AXIS2_PLACEMENT_3D('',#10078,#10079,#10080);
#10078 = CARTESIAN_POINT('',(15.909090909091,-17.5,32.));
#10079 = DIRECTION('',(0.,1.,-4.930380657631E-32));
#10080 = DIRECTION('',(0.,4.930380657631E-32,1.));
#10081 = DEFINITIONAL_REPRESENTATION('',(#10082),#10090);
#10082 = ( BOUNDED_CURVE() B_SPLINE_CURVE(2,(#10083,#10084,#10085,#10086
    ,#10087,#10088,#10089),.UNSPECIFIED.,.T.,.F.) 
B_SPLINE_CURVE_WITH_KNOTS((1,2,2,2,2,1),(-2.094395102393,0.,
    2.094395102393,4.188790204786,6.28318530718,8.377580409573),
.UNSPECIFIED.) CURVE() GEOMETRIC_REPRESENTATION_ITEM() 
RATIONAL_B_SPLINE_CURVE((1.,0.5,1.,0.5,1.,0.5,1.)) REPRESENTATION_ITEM(
  '') );
#10083 = CARTESIAN_POINT('',(-3.552713678801E-15,1.));
#10084 = CARTESIAN_POINT('',(1.732050807569,1.));
#10085 = CARTESIAN_POINT('',(0.866025403784,-0.5));
#10086 = CARTESIAN_POINT('',(-3.307784318971E-15,-2.));
#10087 = CARTESIAN_POINT('',(-0.866025403784,-0.5));
#10088 = CARTESIAN_POINT('',(-1.732050807569,1.));
#10089 = CARTESIAN_POINT('',(-3.552713678801E-15,1.));
#10090 = ( GEOMETRIC_REPRESENTATION_CONTEXT(2) 
PARAMETRIC_REPRESENTATION_CONTEXT() REPRESENTATION_CONTEXT('2D SPACE',''
  ) );
#10091 = ORIENTED_EDGE('',*,*,#10041,.F.);
#10092 = ORIENTED_EDGE('',*,*,#4519,.F.);
#10093 = ADVANCED_FACE('',(#10094),#4574,.T.);
#10094 = FACE_BOUND('',#10095,.F.);
#10095 = EDGE_LOOP('',(#10096,#10117,#10147,#10148));
#10096 = ORIENTED_EDGE('',*,*,#10097,.T.);
#10097 = EDGE_CURVE('',#4554,#10098,#10100,.T.);
#10098 = VERTEX_POINT('',#10099);
#10099 = CARTESIAN_POINT('',(21.454545454545,-17.5,27.));
#10100 = SEAM_CURVE('',#10101,(#10105,#10111),.PCURVE_S1.);
#10101 = LINE('',#10102,#10103);
#10102 = CARTESIAN_POINT('',(21.454545454545,-3.,27.));
#10103 = VECTOR('',#10104,1.);
#10104 = DIRECTION('',(2.254526039504E-97,-1.,2.22044604925E-16));
#10105 = PCURVE('',#4574,#10106);
#10106 = DEFINITIONAL_REPRESENTATION('',(#10107),#10110);
#10107 = B_SPLINE_CURVE_WITH_KNOTS('',1,(#10108,#10109),.UNSPECIFIED.,
  .F.,.F.,(2,2),(0.,14.5),.PIECEWISE_BEZIER_KNOTS.);
#10108 = CARTESIAN_POINT('',(0.,0.));
#10109 = CARTESIAN_POINT('',(0.,-14.5));
#10110 = ( GEOMETRIC_REPRESENTATION_CONTEXT(2) 
PARAMETRIC_REPRESENTATION_CONTEXT() REPRESENTATION_CONTEXT('2D SPACE',''
  ) );
#10111 = PCURVE('',#4574,#10112);
#10112 = DEFINITIONAL_REPRESENTATION('',(#10113),#10116);
#10113 = B_SPLINE_CURVE_WITH_KNOTS('',1,(#10114,#10115),.UNSPECIFIED.,
  .F.,.F.,(2,2),(0.,14.5),.PIECEWISE_BEZIER_KNOTS.);
#10114 = CARTESIAN_POINT('',(-6.28318530718,0.));
#10115 = CARTESIAN_POINT('',(-6.28318530718,-14.5));
#10116 = ( GEOMETRIC_REPRESENTATION_CONTEXT(2) 
PARAMETRIC_REPRESENTATION_CONTEXT() REPRESENTATION_CONTEXT('2D SPACE',''
  ) );
#10117 = ORIENTED_EDGE('',*,*,#10118,.T.);
#10118 = EDGE_CURVE('',#10098,#10098,#10119,.T.);
#10119 = SURFACE_CURVE('',#10120,(#10125,#10131),.PCURVE_S1.);
#10120 = CIRCLE('',#10121,1.);
#10121 = AXIS2_PLACEMENT_3D('',#10122,#10123,#10124);
#10122 = CARTESIAN_POINT('',(20.454545454545,-17.5,27.));
#10123 = DIRECTION('',(2.254526039504E-97,-1.,2.22044604925E-16));
#10124 = DIRECTION('',(1.,2.254526039504E-97,-5.197704882822E-113));
#10125 = PCURVE('',#4574,#10126);
#10126 = DEFINITIONAL_REPRESENTATION('',(#10127),#10130);
#10127 = B_SPLINE_CURVE_WITH_KNOTS('',1,(#10128,#10129),.UNSPECIFIED.,
  .F.,.F.,(2,2),(0.,6.28318530718),.PIECEWISE_BEZIER_KNOTS.);
#10128 = CARTESIAN_POINT('',(0.,-14.5));
#10129 = CARTESIAN_POINT('',(-6.28318530718,-14.5));
#10130 = ( GEOMETRIC_REPRESENTATION_CONTEXT(2) 
PARAMETRIC_REPRESENTATION_CONTEXT() REPRESENTATION_CONTEXT('2D SPACE',''
  ) );
#10131 = PCURVE('',#10132,#10137);
#10132 = PLANE('',#10133);
#10133 = AXIS2_PLACEMENT_3D('',#10134,#10135,#10136);
#10134 = CARTESIAN_POINT('',(20.454545454545,-17.5,27.));
#10135 = DIRECTION('',(0.,1.,-4.930380657631E-32));
#10136 = DIRECTION('',(0.,4.930380657631E-32,1.));
#10137 = DEFINITIONAL_REPRESENTATION('',(#10138),#10146);
#10138 = ( BOUNDED_CURVE() B_SPLINE_CURVE(2,(#10139,#10140,#10141,#10142
    ,#10143,#10144,#10145),.UNSPECIFIED.,.T.,.F.) 
B_SPLINE_CURVE_WITH_KNOTS((1,2,2,2,2,1),(-2.094395102393,0.,
    2.094395102393,4.188790204786,6.28318530718,8.377580409573),
.UNSPECIFIED.) CURVE() GEOMETRIC_REPRESENTATION_ITEM() 
RATIONAL_B_SPLINE_CURVE((1.,0.5,1.,0.5,1.,0.5,1.)) REPRESENTATION_ITEM(
  '') );
#10139 = CARTESIAN_POINT('',(-5.006053437348E-113,1.));
#10140 = CARTESIAN_POINT('',(1.732050807569,1.));
#10141 = CARTESIAN_POINT('',(0.866025403784,-0.5));
#10142 = CARTESIAN_POINT('',(2.449293598295E-16,-2.));
#10143 = CARTESIAN_POINT('',(-0.866025403784,-0.5));
#10144 = CARTESIAN_POINT('',(-1.732050807569,1.));
#10145 = CARTESIAN_POINT('',(-5.006053437348E-113,1.));
#10146 = ( GEOMETRIC_REPRESENTATION_CONTEXT(2) 
PARAMETRIC_REPRESENTATION_CONTEXT() REPRESENTATION_CONTEXT('2D SPACE',''
  ) );
#10147 = ORIENTED_EDGE('',*,*,#10097,.F.);
#10148 = ORIENTED_EDGE('',*,*,#4553,.F.);
#10149 = ADVANCED_FACE('',(#10150),#4608,.T.);
#10150 = FACE_BOUND('',#10151,.F.);
#10151 = EDGE_LOOP('',(#10152,#10173,#10203,#10204));
#10152 = ORIENTED_EDGE('',*,*,#10153,.T.);
#10153 = EDGE_CURVE('',#4588,#10154,#10156,.T.);
#10154 = VERTEX_POINT('',#10155);
#10155 = CARTESIAN_POINT('',(26.,-17.5,27.));
#10156 = SEAM_CURVE('',#10157,(#10161,#10167),.PCURVE_S1.);
#10157 = LINE('',#10158,#10159);
#10158 = CARTESIAN_POINT('',(26.,-3.,27.));
#10159 = VECTOR('',#10160,1.);
#10160 = DIRECTION('',(2.254526039504E-97,-1.,2.22044604925E-16));
#10161 = PCURVE('',#4608,#10162);
#10162 = DEFINITIONAL_REPRESENTATION('',(#10163),#10166);
#10163 = B_SPLINE_CURVE_WITH_KNOTS('',1,(#10164,#10165),.UNSPECIFIED.,
  .F.,.F.,(2,2),(0.,14.5),.PIECEWISE_BEZIER_KNOTS.);
#10164 = CARTESIAN_POINT('',(0.,0.));
#10165 = CARTESIAN_POINT('',(0.,-14.5));
#10166 = ( GEOMETRIC_REPRESENTATION_CONTEXT(2) 
PARAMETRIC_REPRESENTATION_CONTEXT() REPRESENTATION_CONTEXT('2D SPACE',''
  ) );
#10167 = PCURVE('',#4608,#10168);
#10168 = DEFINITIONAL_REPRESENTATION('',(#10169),#10172);
#10169 = B_SPLINE_CURVE_WITH_KNOTS('',1,(#10170,#10171),.UNSPECIFIED.,
  .F.,.F.,(2,2),(0.,14.5),.PIECEWISE_BEZIER_KNOTS.);
#10170 = CARTESIAN_POINT('',(-6.28318530718,0.));
#10171 = CARTESIAN_POINT('',(-6.28318530718,-14.5));
#10172 = ( GEOMETRIC_REPRESENTATION_CONTEXT(2) 
PARAMETRIC_REPRESENTATION_CONTEXT() REPRESENTATION_CONTEXT('2D SPACE',''
  ) );
#10173 = ORIENTED_EDGE('',*,*,#10174,.T.);
#10174 = EDGE_CURVE('',#10154,#10154,#10175,.T.);
#10175 = SURFACE_CURVE('',#10176,(#10181,#10187),.PCURVE_S1.);
#10176 = CIRCLE('',#10177,1.);
#10177 = AXIS2_PLACEMENT_3D('',#10178,#10179,#10180);
#10178 = CARTESIAN_POINT('',(25.,-17.5,27.));
#10179 = DIRECTION('',(2.254526039504E-97,-1.,2.22044604925E-16));
#10180 = DIRECTION('',(1.,2.254526039504E-97,-5.197704882822E-113));
#10181 = PCURVE('',#4608,#10182);
#10182 = DEFINITIONAL_REPRESENTATION('',(#10183),#10186);
#10183 = B_SPLINE_CURVE_WITH_KNOTS('',1,(#10184,#10185),.UNSPECIFIED.,
  .F.,.F.,(2,2),(0.,6.28318530718),.PIECEWISE_BEZIER_KNOTS.);
#10184 = CARTESIAN_POINT('',(0.,-14.5));
#10185 = CARTESIAN_POINT('',(-6.28318530718,-14.5));
#10186 = ( GEOMETRIC_REPRESENTATION_CONTEXT(2) 
PARAMETRIC_REPRESENTATION_CONTEXT() REPRESENTATION_CONTEXT('2D SPACE',''
  ) );
#10187 = PCURVE('',#10188,#10193);
#10188 = PLANE('',#10189);
#10189 = AXIS2_PLACEMENT_3D('',#10190,#10191,#10192);
#10190 = CARTESIAN_POINT('',(25.,-17.5,27.));
#10191 = DIRECTION('',(0.,1.,-4.930380657631E-32));
#10192 = DIRECTION('',(0.,4.930380657631E-32,1.));
#10193 = DEFINITIONAL_REPRESENTATION('',(#10194),#10202);
#10194 = ( BOUNDED_CURVE() B_SPLINE_CURVE(2,(#10195,#10196,#10197,#10198
    ,#10199,#10200,#10201),.UNSPECIFIED.,.T.,.F.) 
B_SPLINE_CURVE_WITH_KNOTS((1,2,2,2,2,1),(-2.094395102393,0.,
    2.094395102393,4.188790204786,6.28318530718,8.377580409573),
.UNSPECIFIED.) CURVE() GEOMETRIC_REPRESENTATION_ITEM() 
RATIONAL_B_SPLINE_CURVE((1.,0.5,1.,0.5,1.,0.5,1.)) REPRESENTATION_ITEM(
  '') );
#10195 = CARTESIAN_POINT('',(-5.006053437348E-113,1.));
#10196 = CARTESIAN_POINT('',(1.732050807569,1.));
#10197 = CARTESIAN_POINT('',(0.866025403784,-0.5));
#10198 = CARTESIAN_POINT('',(2.449293598295E-16,-2.));
#10199 = CARTESIAN_POINT('',(-0.866025403784,-0.5));
#10200 = CARTESIAN_POINT('',(-1.732050807569,1.));
#10201 = CARTESIAN_POINT('',(-5.006053437348E-113,1.));
#10202 = ( GEOMETRIC_REPRESENTATION_CONTEXT(2) 
PARAMETRIC_REPRESENTATION_CONTEXT() REPRESENTATION_CONTEXT('2D SPACE',''
  ) );
#10203 = ORIENTED_EDGE('',*,*,#10153,.F.);
#10204 = ORIENTED_EDGE('',*,*,#4587,.F.);
#10205 = ADVANCED_FACE('',(#10206),#4642,.T.);
#10206 = FACE_BOUND('',#10207,.F.);
#10207 = EDGE_LOOP('',(#10208,#10229,#10259,#10260));
#10208 = ORIENTED_EDGE('',*,*,#10209,.T.);
#10209 = EDGE_CURVE('',#4622,#10210,#10212,.T.);
#10210 = VERTEX_POINT('',#10211);
#10211 = CARTESIAN_POINT('',(21.454545454545,-17.5,32.));
#10212 = SEAM_CURVE('',#10213,(#10217,#10223),.PCURVE_S1.);
#10213 = LINE('',#10214,#10215);
#10214 = CARTESIAN_POINT('',(21.454545454545,-3.,32.));
#10215 = VECTOR('',#10216,1.);
#10216 = DIRECTION('',(2.254526039504E-97,-1.,2.22044604925E-16));
#10217 = PCURVE('',#4642,#10218);
#10218 = DEFINITIONAL_REPRESENTATION('',(#10219),#10222);
#10219 = B_SPLINE_CURVE_WITH_KNOTS('',1,(#10220,#10221),.UNSPECIFIED.,
  .F.,.F.,(2,2),(0.,14.5),.PIECEWISE_BEZIER_KNOTS.);
#10220 = CARTESIAN_POINT('',(0.,0.));
#10221 = CARTESIAN_POINT('',(0.,-14.5));
#10222 = ( GEOMETRIC_REPRESENTATION_CONTEXT(2) 
PARAMETRIC_REPRESENTATION_CONTEXT() REPRESENTATION_CONTEXT('2D SPACE',''
  ) );
#10223 = PCURVE('',#4642,#10224);
#10224 = DEFINITIONAL_REPRESENTATION('',(#10225),#10228);
#10225 = B_SPLINE_CURVE_WITH_KNOTS('',1,(#10226,#10227),.UNSPECIFIED.,
  .F.,.F.,(2,2),(0.,14.5),.PIECEWISE_BEZIER_KNOTS.);
#10226 = CARTESIAN_POINT('',(-6.28318530718,0.));
#10227 = CARTESIAN_POINT('',(-6.28318530718,-14.5));
#10228 = ( GEOMETRIC_REPRESENTATION_CONTEXT(2) 
PARAMETRIC_REPRESENTATION_CONTEXT() REPRESENTATION_CONTEXT('2D SPACE',''
  ) );
#10229 = ORIENTED_EDGE('',*,*,#10230,.T.);
#10230 = EDGE_CURVE('',#10210,#10210,#10231,.T.);
#10231 = SURFACE_CURVE('',#10232,(#10237,#10243),.PCURVE_S1.);
#10232 = CIRCLE('',#10233,1.);
#10233 = AXIS2_PLACEMENT_3D('',#10234,#10235,#10236);
#10234 = CARTESIAN_POINT('',(20.454545454545,-17.5,32.));
#10235 = DIRECTION('',(2.254526039504E-97,-1.,2.22044604925E-16));
#10236 = DIRECTION('',(1.,2.254526039504E-97,-5.197704882822E-113));
#10237 = PCURVE('',#4642,#10238);
#10238 = DEFINITIONAL_REPRESENTATION('',(#10239),#10242);
#10239 = B_SPLINE_CURVE_WITH_KNOTS('',1,(#10240,#10241),.UNSPECIFIED.,
  .F.,.F.,(2,2),(0.,6.28318530718),.PIECEWISE_BEZIER_KNOTS.);
#10240 = CARTESIAN_POINT('',(0.,-14.5));
#10241 = CARTESIAN_POINT('',(-6.28318530718,-14.5));
#10242 = ( GEOMETRIC_REPRESENTATION_CONTEXT(2) 
PARAMETRIC_REPRESENTATION_CONTEXT() REPRESENTATION_CONTEXT('2D SPACE',''
  ) );
#10243 = PCURVE('',#10244,#10249);
#10244 = PLANE('',#10245);
#10245 = AXIS2_PLACEMENT_3D('',#10246,#10247,#10248);
#10246 = CARTESIAN_POINT('',(20.454545454545,-17.5,32.));
#10247 = DIRECTION('',(0.,1.,-4.930380657631E-32));
#10248 = DIRECTION('',(0.,4.930380657631E-32,1.));
#10249 = DEFINITIONAL_REPRESENTATION('',(#10250),#10258);
#10250 = ( BOUNDED_CURVE() B_SPLINE_CURVE(2,(#10251,#10252,#10253,#10254
    ,#10255,#10256,#10257),.UNSPECIFIED.,.T.,.F.) 
B_SPLINE_CURVE_WITH_KNOTS((1,2,2,2,2,1),(-2.094395102393,0.,
    2.094395102393,4.188790204786,6.28318530718,8.377580409573),
.UNSPECIFIED.) CURVE() GEOMETRIC_REPRESENTATION_ITEM() 
RATIONAL_B_SPLINE_CURVE((1.,0.5,1.,0.5,1.,0.5,1.)) REPRESENTATION_ITEM(
  '') );
#10251 = CARTESIAN_POINT('',(-3.552713678801E-15,1.));
#10252 = CARTESIAN_POINT('',(1.732050807569,1.));
#10253 = CARTESIAN_POINT('',(0.866025403784,-0.5));
#10254 = CARTESIAN_POINT('',(-3.307784318971E-15,-2.));
#10255 = CARTESIAN_POINT('',(-0.866025403784,-0.5));
#10256 = CARTESIAN_POINT('',(-1.732050807569,1.));
#10257 = CARTESIAN_POINT('',(-3.552713678801E-15,1.));
#10258 = ( GEOMETRIC_REPRESENTATION_CONTEXT(2) 
PARAMETRIC_REPRESENTATION_CONTEXT() REPRESENTATION_CONTEXT('2D SPACE',''
  ) );
#10259 = ORIENTED_EDGE('',*,*,#10209,.F.);
#10260 = ORIENTED_EDGE('',*,*,#4621,.F.);
#10261 = ADVANCED_FACE('',(#10262),#4676,.T.);
#10262 = FACE_BOUND('',#10263,.F.);
#10263 = EDGE_LOOP('',(#10264,#10285,#10315,#10316));
#10264 = ORIENTED_EDGE('',*,*,#10265,.T.);
#10265 = EDGE_CURVE('',#4656,#10266,#10268,.T.);
#10266 = VERTEX_POINT('',#10267);
#10267 = CARTESIAN_POINT('',(26.,-17.5,32.));
#10268 = SEAM_CURVE('',#10269,(#10273,#10279),.PCURVE_S1.);
#10269 = LINE('',#10270,#10271);
#10270 = CARTESIAN_POINT('',(26.,-3.,32.));
#10271 = VECTOR('',#10272,1.);
#10272 = DIRECTION('',(2.254526039504E-97,-1.,2.22044604925E-16));
#10273 = PCURVE('',#4676,#10274);
#10274 = DEFINITIONAL_REPRESENTATION('',(#10275),#10278);
#10275 = B_SPLINE_CURVE_WITH_KNOTS('',1,(#10276,#10277),.UNSPECIFIED.,
  .F.,.F.,(2,2),(0.,14.5),.PIECEWISE_BEZIER_KNOTS.);
#10276 = CARTESIAN_POINT('',(0.,0.));
#10277 = CARTESIAN_POINT('',(0.,-14.5));
#10278 = ( GEOMETRIC_REPRESENTATION_CONTEXT(2) 
PARAMETRIC_REPRESENTATION_CONTEXT() REPRESENTATION_CONTEXT('2D SPACE',''
  ) );
#10279 = PCURVE('',#4676,#10280);
#10280 = DEFINITIONAL_REPRESENTATION('',(#10281),#10284);
#10281 = B_SPLINE_CURVE_WITH_KNOTS('',1,(#10282,#10283),.UNSPECIFIED.,
  .F.,.F.,(2,2),(0.,14.5),.PIECEWISE_BEZIER_KNOTS.);
#10282 = CARTESIAN_POINT('',(-6.28318530718,0.));
#10283 = CARTESIAN_POINT('',(-6.28318530718,-14.5));
#10284 = ( GEOMETRIC_REPRESENTATION_CONTEXT(2) 
PARAMETRIC_REPRESENTATION_CONTEXT() REPRESENTATION_CONTEXT('2D SPACE',''
  ) );
#10285 = ORIENTED_EDGE('',*,*,#10286,.T.);
#10286 = EDGE_CURVE('',#10266,#10266,#10287,.T.);
#10287 = SURFACE_CURVE('',#10288,(#10293,#10299),.PCURVE_S1.);
#10288 = CIRCLE('',#10289,1.);
#10289 = AXIS2_PLACEMENT_3D('',#10290,#10291,#10292);
#10290 = CARTESIAN_POINT('',(25.,-17.5,32.));
#10291 = DIRECTION('',(2.254526039504E-97,-1.,2.22044604925E-16));
#10292 = DIRECTION('',(1.,2.254526039504E-97,-5.197704882822E-113));
#10293 = PCURVE('',#4676,#10294);
#10294 = DEFINITIONAL_REPRESENTATION('',(#10295),#10298);
#10295 = B_SPLINE_CURVE_WITH_KNOTS('',1,(#10296,#10297),.UNSPECIFIED.,
  .F.,.F.,(2,2),(0.,6.28318530718),.PIECEWISE_BEZIER_KNOTS.);
#10296 = CARTESIAN_POINT('',(0.,-14.5));
#10297 = CARTESIAN_POINT('',(-6.28318530718,-14.5));
#10298 = ( GEOMETRIC_REPRESENTATION_CONTEXT(2) 
PARAMETRIC_REPRESENTATION_CONTEXT() REPRESENTATION_CONTEXT('2D SPACE',''
  ) );
#10299 = PCURVE('',#10300,#10305);
#10300 = PLANE('',#10301);
#10301 = AXIS2_PLACEMENT_3D('',#10302,#10303,#10304);
#10302 = CARTESIAN_POINT('',(25.,-17.5,32.));
#10303 = DIRECTION('',(0.,1.,-4.930380657631E-32));
#10304 = DIRECTION('',(0.,4.930380657631E-32,1.));
#10305 = DEFINITIONAL_REPRESENTATION('',(#10306),#10314);
#10306 = ( BOUNDED_CURVE() B_SPLINE_CURVE(2,(#10307,#10308,#10309,#10310
    ,#10311,#10312,#10313),.UNSPECIFIED.,.T.,.F.) 
B_SPLINE_CURVE_WITH_KNOTS((1,2,2,2,2,1),(-2.094395102393,0.,
    2.094395102393,4.188790204786,6.28318530718,8.377580409573),
.UNSPECIFIED.) CURVE() GEOMETRIC_REPRESENTATION_ITEM() 
RATIONAL_B_SPLINE_CURVE((1.,0.5,1.,0.5,1.,0.5,1.)) REPRESENTATION_ITEM(
  '') );
#10307 = CARTESIAN_POINT('',(-3.552713678801E-15,1.));
#10308 = CARTESIAN_POINT('',(1.732050807569,1.));
#10309 = CARTESIAN_POINT('',(0.866025403784,-0.5));
#10310 = CARTESIAN_POINT('',(-3.307784318971E-15,-2.));
#10311 = CARTESIAN_POINT('',(-0.866025403784,-0.5));
#10312 = CARTESIAN_POINT('',(-1.732050807569,1.));
#10313 = CARTESIAN_POINT('',(-3.552713678801E-15,1.));
#10314 = ( GEOMETRIC_REPRESENTATION_CONTEXT(2) 
PARAMETRIC_REPRESENTATION_CONTEXT() REPRESENTATION_CONTEXT('2D SPACE',''
  ) );
#10315 = ORIENTED_EDGE('',*,*,#10265,.F.);
#10316 = ORIENTED_EDGE('',*,*,#4655,.F.);
#10317 = ADVANCED_FACE('',(#10318),#4708,.F.);
#10318 = FACE_BOUND('',#10319,.T.);
#10319 = EDGE_LOOP('',(#10320,#10343,#10366,#10387));
#10320 = ORIENTED_EDGE('',*,*,#10321,.T.);
#10321 = EDGE_CURVE('',#4691,#10322,#10324,.T.);
#10322 = VERTEX_POINT('',#10323);
#10323 = CARTESIAN_POINT('',(-19.55,-3.4,-2.5));
#10324 = SURFACE_CURVE('',#10325,(#10329,#10336),.PCURVE_S1.);
#10325 = LINE('',#10326,#10327);
#10326 = CARTESIAN_POINT('',(-19.55,-3.,-2.5));
#10327 = VECTOR('',#10328,1.);
#10328 = DIRECTION('',(-2.22044604925E-16,-1.,2.22044604925E-16));
#10329 = PCURVE('',#4708,#10330);
#10330 = DEFINITIONAL_REPRESENTATION('',(#10331),#10335);
#10331 = LINE('',#10332,#10333);
#10332 = CARTESIAN_POINT('',(-0.,0.));
#10333 = VECTOR('',#10334,1.);
#10334 = DIRECTION('',(4.930380657631E-32,-1.));
#10335 = ( GEOMETRIC_REPRESENTATION_CONTEXT(2) 
PARAMETRIC_REPRESENTATION_CONTEXT() REPRESENTATION_CONTEXT('2D SPACE',''
  ) );
#10336 = PCURVE('',#4736,#10337);
#10337 = DEFINITIONAL_REPRESENTATION('',(#10338),#10342);
#10338 = LINE('',#10339,#10340);
#10339 = CARTESIAN_POINT('',(-0.,0.));
#10340 = VECTOR('',#10341,1.);
#10341 = DIRECTION('',(-1.643460219211E-32,-1.));
#10342 = ( GEOMETRIC_REPRESENTATION_CONTEXT(2) 
PARAMETRIC_REPRESENTATION_CONTEXT() REPRESENTATION_CONTEXT('2D SPACE',''
  ) );
#10343 = ORIENTED_EDGE('',*,*,#10344,.T.);
#10344 = EDGE_CURVE('',#10322,#10345,#10347,.T.);
#10345 = VERTEX_POINT('',#10346);
#10346 = CARTESIAN_POINT('',(-19.55,-3.4,-6.5));
#10347 = SURFACE_CURVE('',#10348,(#10352,#10359),.PCURVE_S1.);
#10348 = LINE('',#10349,#10350);
#10349 = CARTESIAN_POINT('',(-19.55,-3.4,-2.5));
#10350 = VECTOR('',#10351,1.);
#10351 = DIRECTION('',(2.22044604925E-16,-2.22044604925E-16,-1.));
#10352 = PCURVE('',#4708,#10353);
#10353 = DEFINITIONAL_REPRESENTATION('',(#10354),#10358);
#10354 = LINE('',#10355,#10356);
#10355 = CARTESIAN_POINT('',(-5.329070518201E-16,-0.4));
#10356 = VECTOR('',#10357,1.);
#10357 = DIRECTION('',(-1.,0.));
#10358 = ( GEOMETRIC_REPRESENTATION_CONTEXT(2) 
PARAMETRIC_REPRESENTATION_CONTEXT() REPRESENTATION_CONTEXT('2D SPACE',''
  ) );
#10359 = PCURVE('',#5976,#10360);
#10360 = DEFINITIONAL_REPRESENTATION('',(#10361),#10365);
#10361 = LINE('',#10362,#10363);
#10362 = CARTESIAN_POINT('',(2.113636363636,-1.));
#10363 = VECTOR('',#10364,1.);
#10364 = DIRECTION('',(1.,7.640652158205E-33));
#10365 = ( GEOMETRIC_REPRESENTATION_CONTEXT(2) 
PARAMETRIC_REPRESENTATION_CONTEXT() REPRESENTATION_CONTEXT('2D SPACE',''
  ) );
#10366 = ORIENTED_EDGE('',*,*,#10367,.F.);
#10367 = EDGE_CURVE('',#4693,#10345,#10368,.T.);
#10368 = SURFACE_CURVE('',#10369,(#10373,#10380),.PCURVE_S1.);
#10369 = LINE('',#10370,#10371);
#10370 = CARTESIAN_POINT('',(-19.55,-3.,-6.5));
#10371 = VECTOR('',#10372,1.);
#10372 = DIRECTION('',(-2.22044604925E-16,-1.,2.22044604925E-16));
#10373 = PCURVE('',#4708,#10374);
#10374 = DEFINITIONAL_REPRESENTATION('',(#10375),#10379);
#10375 = LINE('',#10376,#10377);
#10376 = CARTESIAN_POINT('',(-4.,3.944304526105E-31));
#10377 = VECTOR('',#10378,1.);
#10378 = DIRECTION('',(4.930380657631E-32,-1.));
#10379 = ( GEOMETRIC_REPRESENTATION_CONTEXT(2) 
PARAMETRIC_REPRESENTATION_CONTEXT() REPRESENTATION_CONTEXT('2D SPACE',''
  ) );
#10380 = PCURVE('',#4863,#10381);
#10381 = DEFINITIONAL_REPRESENTATION('',(#10382),#10386);
#10382 = LINE('',#10383,#10384);
#10383 = CARTESIAN_POINT('',(-0.,0.));
#10384 = VECTOR('',#10385,1.);
#10385 = DIRECTION('',(-0.,-1.));
#10386 = ( GEOMETRIC_REPRESENTATION_CONTEXT(2) 
PARAMETRIC_REPRESENTATION_CONTEXT() REPRESENTATION_CONTEXT('2D SPACE',''
  ) );
#10387 = ORIENTED_EDGE('',*,*,#4690,.F.);
#10388 = ADVANCED_FACE('',(#10389),#4863,.F.);
#10389 = FACE_BOUND('',#10390,.T.);
#10390 = EDGE_LOOP('',(#10391,#10392,#10415,#10436));
#10391 = ORIENTED_EDGE('',*,*,#10367,.T.);
#10392 = ORIENTED_EDGE('',*,*,#10393,.T.);
#10393 = EDGE_CURVE('',#10345,#10394,#10396,.T.);
#10394 = VERTEX_POINT('',#10395);
#10395 = CARTESIAN_POINT('',(-21.55,-3.4,-6.5));
#10396 = SURFACE_CURVE('',#10397,(#10401,#10408),.PCURVE_S1.);
#10397 = LINE('',#10398,#10399);
#10398 = CARTESIAN_POINT('',(-19.55,-3.4,-6.5));
#10399 = VECTOR('',#10400,1.);
#10400 = DIRECTION('',(-1.,2.22044604925E-16,-2.22044604925E-16));
#10401 = PCURVE('',#4863,#10402);
#10402 = DEFINITIONAL_REPRESENTATION('',(#10403),#10407);
#10403 = LINE('',#10404,#10405);
#10404 = CARTESIAN_POINT('',(-3.46389583683E-15,-0.4));
#10405 = VECTOR('',#10406,1.);
#10406 = DIRECTION('',(-1.,1.094764425254E-47));
#10407 = ( GEOMETRIC_REPRESENTATION_CONTEXT(2) 
PARAMETRIC_REPRESENTATION_CONTEXT() REPRESENTATION_CONTEXT('2D SPACE',''
  ) );
#10408 = PCURVE('',#5976,#10409);
#10409 = DEFINITIONAL_REPRESENTATION('',(#10410),#10414);
#10410 = LINE('',#10411,#10412);
#10411 = CARTESIAN_POINT('',(6.113636363636,-1.));
#10412 = VECTOR('',#10413,1.);
#10413 = DIRECTION('',(7.640652158205E-33,1.));
#10414 = ( GEOMETRIC_REPRESENTATION_CONTEXT(2) 
PARAMETRIC_REPRESENTATION_CONTEXT() REPRESENTATION_CONTEXT('2D SPACE',''
  ) );
#10415 = ORIENTED_EDGE('',*,*,#10416,.F.);
#10416 = EDGE_CURVE('',#4822,#10394,#10417,.T.);
#10417 = SURFACE_CURVE('',#10418,(#10422,#10429),.PCURVE_S1.);
#10418 = LINE('',#10419,#10420);
#10419 = CARTESIAN_POINT('',(-21.55,-3.,-6.5));
#10420 = VECTOR('',#10421,1.);
#10421 = DIRECTION('',(-2.22044604925E-16,-1.,2.22044604925E-16));
#10422 = PCURVE('',#4863,#10423);
#10423 = DEFINITIONAL_REPRESENTATION('',(#10424),#10428);
#10424 = LINE('',#10425,#10426);
#10425 = CARTESIAN_POINT('',(-2.,9.860761315263E-32));
#10426 = VECTOR('',#10427,1.);
#10427 = DIRECTION('',(-0.,-1.));
#10428 = ( GEOMETRIC_REPRESENTATION_CONTEXT(2) 
PARAMETRIC_REPRESENTATION_CONTEXT() REPRESENTATION_CONTEXT('2D SPACE',''
  ) );
#10429 = PCURVE('',#4837,#10430);
#10430 = DEFINITIONAL_REPRESENTATION('',(#10431),#10435);
#10431 = LINE('',#10432,#10433);
#10432 = CARTESIAN_POINT('',(-0.,0.));
#10433 = VECTOR('',#10434,1.);
#10434 = DIRECTION('',(-4.930380657631E-32,-1.));
#10435 = ( GEOMETRIC_REPRESENTATION_CONTEXT(2) 
PARAMETRIC_REPRESENTATION_CONTEXT() REPRESENTATION_CONTEXT('2D SPACE',''
  ) );
#10436 = ORIENTED_EDGE('',*,*,#4849,.F.);
#10437 = ADVANCED_FACE('',(#10438),#4837,.F.);
#10438 = FACE_BOUND('',#10439,.T.);
#10439 = EDGE_LOOP('',(#10440,#10441,#10464,#10485));
#10440 = ORIENTED_EDGE('',*,*,#10416,.T.);
#10441 = ORIENTED_EDGE('',*,*,#10442,.T.);
#10442 = EDGE_CURVE('',#10394,#10443,#10445,.T.);
#10443 = VERTEX_POINT('',#10444);
#10444 = CARTESIAN_POINT('',(-21.55,-3.4,-2.5));
#10445 = SURFACE_CURVE('',#10446,(#10450,#10457),.PCURVE_S1.);
#10446 = LINE('',#10447,#10448);
#10447 = CARTESIAN_POINT('',(-21.55,-3.4,-6.5));
#10448 = VECTOR('',#10449,1.);
#10449 = DIRECTION('',(-2.22044604925E-16,2.22044604925E-16,1.));
#10450 = PCURVE('',#4837,#10451);
#10451 = DEFINITIONAL_REPRESENTATION('',(#10452),#10456);
#10452 = LINE('',#10453,#10454);
#10453 = CARTESIAN_POINT('',(-7.993605777301E-16,-0.4));
#10454 = VECTOR('',#10455,1.);
#10455 = DIRECTION('',(-1.,0.));
#10456 = ( GEOMETRIC_REPRESENTATION_CONTEXT(2) 
PARAMETRIC_REPRESENTATION_CONTEXT() REPRESENTATION_CONTEXT('2D SPACE',''
  ) );
#10457 = PCURVE('',#5976,#10458);
#10458 = DEFINITIONAL_REPRESENTATION('',(#10459),#10463);
#10459 = LINE('',#10460,#10461);
#10460 = CARTESIAN_POINT('',(6.113636363636,1.));
#10461 = VECTOR('',#10462,1.);
#10462 = DIRECTION('',(-1.,-7.640652158205E-33));
#10463 = ( GEOMETRIC_REPRESENTATION_CONTEXT(2) 
PARAMETRIC_REPRESENTATION_CONTEXT() REPRESENTATION_CONTEXT('2D SPACE',''
  ) );
#10464 = ORIENTED_EDGE('',*,*,#10465,.F.);
#10465 = EDGE_CURVE('',#4794,#10443,#10466,.T.);
#10466 = SURFACE_CURVE('',#10467,(#10471,#10478),.PCURVE_S1.);
#10467 = LINE('',#10468,#10469);
#10468 = CARTESIAN_POINT('',(-21.55,-3.,-2.5));
#10469 = VECTOR('',#10470,1.);
#10470 = DIRECTION('',(-2.22044604925E-16,-1.,2.22044604925E-16));
#10471 = PCURVE('',#4837,#10472);
#10472 = DEFINITIONAL_REPRESENTATION('',(#10473),#10477);
#10473 = LINE('',#10474,#10475);
#10474 = CARTESIAN_POINT('',(-4.,4.4408920985E-16));
#10475 = VECTOR('',#10476,1.);
#10476 = DIRECTION('',(-4.930380657631E-32,-1.));
#10477 = ( GEOMETRIC_REPRESENTATION_CONTEXT(2) 
PARAMETRIC_REPRESENTATION_CONTEXT() REPRESENTATION_CONTEXT('2D SPACE',''
  ) );
#10478 = PCURVE('',#4809,#10479);
#10479 = DEFINITIONAL_REPRESENTATION('',(#10480),#10484);
#10480 = LINE('',#10481,#10482);
#10481 = CARTESIAN_POINT('',(-1.5,-1.110223024625E-16));
#10482 = VECTOR('',#10483,1.);
#10483 = DIRECTION('',(-0.,-1.));
#10484 = ( GEOMETRIC_REPRESENTATION_CONTEXT(2) 
PARAMETRIC_REPRESENTATION_CONTEXT() REPRESENTATION_CONTEXT('2D SPACE',''
  ) );
#10485 = ORIENTED_EDGE('',*,*,#4821,.F.);
#10486 = ADVANCED_FACE('',(#10487),#4809,.T.);
#10487 = FACE_BOUND('',#10488,.F.);
#10488 = EDGE_LOOP('',(#10489,#10490,#10511,#10512));
#10489 = ORIENTED_EDGE('',*,*,#5988,.T.);
#10490 = ORIENTED_EDGE('',*,*,#10491,.T.);
#10491 = EDGE_CURVE('',#5961,#10443,#10492,.T.);
#10492 = SURFACE_CURVE('',#10493,(#10497,#10504),.PCURVE_S1.);
#10493 = LINE('',#10494,#10495);
#10494 = CARTESIAN_POINT('',(-23.05,-3.4,-2.5));
#10495 = VECTOR('',#10496,1.);
#10496 = DIRECTION('',(1.,-2.22044604925E-16,2.22044604925E-16));
#10497 = PCURVE('',#4809,#10498);
#10498 = DEFINITIONAL_REPRESENTATION('',(#10499),#10503);
#10499 = LINE('',#10500,#10501);
#10500 = CARTESIAN_POINT('',(3.46389583683E-15,-0.4));
#10501 = VECTOR('',#10502,1.);
#10502 = DIRECTION('',(-1.,-1.094764425254E-47));
#10503 = ( GEOMETRIC_REPRESENTATION_CONTEXT(2) 
PARAMETRIC_REPRESENTATION_CONTEXT() REPRESENTATION_CONTEXT('2D SPACE',''
  ) );
#10504 = PCURVE('',#5976,#10505);
#10505 = DEFINITIONAL_REPRESENTATION('',(#10506),#10510);
#10506 = LINE('',#10507,#10508);
#10507 = CARTESIAN_POINT('',(2.113636363636,2.5));
#10508 = VECTOR('',#10509,1.);
#10509 = DIRECTION('',(-7.640652158205E-33,-1.));
#10510 = ( GEOMETRIC_REPRESENTATION_CONTEXT(2) 
PARAMETRIC_REPRESENTATION_CONTEXT() REPRESENTATION_CONTEXT('2D SPACE',''
  ) );
#10511 = ORIENTED_EDGE('',*,*,#10465,.F.);
#10512 = ORIENTED_EDGE('',*,*,#4793,.F.);
#10513 = ADVANCED_FACE('',(#10514),#4736,.T.);
#10514 = FACE_BOUND('',#10515,.F.);
#10515 = EDGE_LOOP('',(#10516,#10517,#10538,#10539));
#10516 = ORIENTED_EDGE('',*,*,#10321,.T.);
#10517 = ORIENTED_EDGE('',*,*,#10518,.T.);
#10518 = EDGE_CURVE('',#10322,#6064,#10519,.T.);
#10519 = SURFACE_CURVE('',#10520,(#10524,#10531),.PCURVE_S1.);
#10520 = LINE('',#10521,#10522);
#10521 = CARTESIAN_POINT('',(-19.55,-3.4,-2.5));
#10522 = VECTOR('',#10523,1.);
#10523 = DIRECTION('',(1.,-2.22044604925E-16,1.115404065407E-13));
#10524 = PCURVE('',#4736,#10525);
#10525 = DEFINITIONAL_REPRESENTATION('',(#10526),#10530);
#10526 = LINE('',#10527,#10528);
#10527 = CARTESIAN_POINT('',(3.46389583683E-15,-0.4));
#10528 = VECTOR('',#10529,1.);
#10529 = DIRECTION('',(-1.,8.217301096048E-33));
#10530 = ( GEOMETRIC_REPRESENTATION_CONTEXT(2) 
PARAMETRIC_REPRESENTATION_CONTEXT() REPRESENTATION_CONTEXT('2D SPACE',''
  ) );
#10531 = PCURVE('',#5976,#10532);
#10532 = DEFINITIONAL_REPRESENTATION('',(#10533),#10537);
#10533 = LINE('',#10534,#10535);
#10534 = CARTESIAN_POINT('',(2.113636363636,-1.));
#10535 = VECTOR('',#10536,1.);
#10536 = DIRECTION('',(-1.113183619357E-13,-1.));
#10537 = ( GEOMETRIC_REPRESENTATION_CONTEXT(2) 
PARAMETRIC_REPRESENTATION_CONTEXT() REPRESENTATION_CONTEXT('2D SPACE',''
  ) );
#10538 = ORIENTED_EDGE('',*,*,#6063,.F.);
#10539 = ORIENTED_EDGE('',*,*,#4720,.F.);
#10540 = ADVANCED_FACE('',(#10541),#4896,.F.);
#10541 = FACE_BOUND('',#10542,.F.);
#10542 = EDGE_LOOP('',(#10543,#10566,#10589,#10610));
#10543 = ORIENTED_EDGE('',*,*,#10544,.T.);
#10544 = EDGE_CURVE('',#4879,#10545,#10547,.T.);
#10545 = VERTEX_POINT('',#10546);
#10546 = CARTESIAN_POINT('',(19.55,-3.4,-2.5));
#10547 = SURFACE_CURVE('',#10548,(#10552,#10559),.PCURVE_S1.);
#10548 = LINE('',#10549,#10550);
#10549 = CARTESIAN_POINT('',(19.55,-3.,-2.5));
#10550 = VECTOR('',#10551,1.);
#10551 = DIRECTION('',(2.254526039504E-97,-1.,2.22044604925E-16));
#10552 = PCURVE('',#4896,#10553);
#10553 = DEFINITIONAL_REPRESENTATION('',(#10554),#10558);
#10554 = LINE('',#10555,#10556);
#10555 = CARTESIAN_POINT('',(0.,0.));
#10556 = VECTOR('',#10557,1.);
#10557 = DIRECTION('',(0.,-1.));
#10558 = ( GEOMETRIC_REPRESENTATION_CONTEXT(2) 
PARAMETRIC_REPRESENTATION_CONTEXT() REPRESENTATION_CONTEXT('2D SPACE',''
  ) );
#10559 = PCURVE('',#4924,#10560);
#10560 = DEFINITIONAL_REPRESENTATION('',(#10561),#10565);
#10561 = LINE('',#10562,#10563);
#10562 = CARTESIAN_POINT('',(0.,0.));
#10563 = VECTOR('',#10564,1.);
#10564 = DIRECTION('',(0.,-1.));
#10565 = ( GEOMETRIC_REPRESENTATION_CONTEXT(2) 
PARAMETRIC_REPRESENTATION_CONTEXT() REPRESENTATION_CONTEXT('2D SPACE',''
  ) );
#10566 = ORIENTED_EDGE('',*,*,#10567,.T.);
#10567 = EDGE_CURVE('',#10545,#10568,#10570,.T.);
#10568 = VERTEX_POINT('',#10569);
#10569 = CARTESIAN_POINT('',(19.55,-3.4,-6.5));
#10570 = SURFACE_CURVE('',#10571,(#10575,#10582),.PCURVE_S1.);
#10571 = LINE('',#10572,#10573);
#10572 = CARTESIAN_POINT('',(19.55,-3.4,-2.5));
#10573 = VECTOR('',#10574,1.);
#10574 = DIRECTION('',(0.,-2.22044604925E-16,-1.));
#10575 = PCURVE('',#4896,#10576);
#10576 = DEFINITIONAL_REPRESENTATION('',(#10577),#10581);
#10577 = LINE('',#10578,#10579);
#10578 = CARTESIAN_POINT('',(8.881784197001E-17,-0.4));
#10579 = VECTOR('',#10580,1.);
#10580 = DIRECTION('',(1.,0.));
#10581 = ( GEOMETRIC_REPRESENTATION_CONTEXT(2) 
PARAMETRIC_REPRESENTATION_CONTEXT() REPRESENTATION_CONTEXT('2D SPACE',''
  ) );
#10582 = PCURVE('',#6152,#10583);
#10583 = DEFINITIONAL_REPRESENTATION('',(#10584),#10588);
#10584 = LINE('',#10585,#10586);
#10585 = CARTESIAN_POINT('',(-2.113636363636,-1.));
#10586 = VECTOR('',#10587,1.);
#10587 = DIRECTION('',(-1.,1.211154954546E-47));
#10588 = ( GEOMETRIC_REPRESENTATION_CONTEXT(2) 
PARAMETRIC_REPRESENTATION_CONTEXT() REPRESENTATION_CONTEXT('2D SPACE',''
  ) );
#10589 = ORIENTED_EDGE('',*,*,#10590,.F.);
#10590 = EDGE_CURVE('',#4881,#10568,#10591,.T.);
#10591 = SURFACE_CURVE('',#10592,(#10596,#10603),.PCURVE_S1.);
#10592 = LINE('',#10593,#10594);
#10593 = CARTESIAN_POINT('',(19.55,-3.,-6.5));
#10594 = VECTOR('',#10595,1.);
#10595 = DIRECTION('',(2.254526039504E-97,-1.,2.22044604925E-16));
#10596 = PCURVE('',#4896,#10597);
#10597 = DEFINITIONAL_REPRESENTATION('',(#10598),#10602);
#10598 = LINE('',#10599,#10600);
#10599 = CARTESIAN_POINT('',(4.,1.972152263053E-31));
#10600 = VECTOR('',#10601,1.);
#10601 = DIRECTION('',(0.,-1.));
#10602 = ( GEOMETRIC_REPRESENTATION_CONTEXT(2) 
PARAMETRIC_REPRESENTATION_CONTEXT() REPRESENTATION_CONTEXT('2D SPACE',''
  ) );
#10603 = PCURVE('',#5051,#10604);
#10604 = DEFINITIONAL_REPRESENTATION('',(#10605),#10609);
#10605 = LINE('',#10606,#10607);
#10606 = CARTESIAN_POINT('',(0.,0.));
#10607 = VECTOR('',#10608,1.);
#10608 = DIRECTION('',(-8.655917454174E-129,-1.));
#10609 = ( GEOMETRIC_REPRESENTATION_CONTEXT(2) 
PARAMETRIC_REPRESENTATION_CONTEXT() REPRESENTATION_CONTEXT('2D SPACE',''
  ) );
#10610 = ORIENTED_EDGE('',*,*,#4878,.F.);
#10611 = ADVANCED_FACE('',(#10612),#5051,.F.);
#10612 = FACE_BOUND('',#10613,.F.);
#10613 = EDGE_LOOP('',(#10614,#10615,#10638,#10659));
#10614 = ORIENTED_EDGE('',*,*,#10590,.T.);
#10615 = ORIENTED_EDGE('',*,*,#10616,.T.);
#10616 = EDGE_CURVE('',#10568,#10617,#10619,.T.);
#10617 = VERTEX_POINT('',#10618);
#10618 = CARTESIAN_POINT('',(21.55,-3.4,-6.5));
#10619 = SURFACE_CURVE('',#10620,(#10624,#10631),.PCURVE_S1.);
#10620 = LINE('',#10621,#10622);
#10621 = CARTESIAN_POINT('',(19.55,-3.4,-6.5));
#10622 = VECTOR('',#10623,1.);
#10623 = DIRECTION('',(1.,2.254526039504E-97,-5.197704882822E-113));
#10624 = PCURVE('',#5051,#10625);
#10625 = DEFINITIONAL_REPRESENTATION('',(#10626),#10630);
#10626 = LINE('',#10627,#10628);
#10627 = CARTESIAN_POINT('',(-9.018104158015E-98,-0.4));
#10628 = VECTOR('',#10629,1.);
#10629 = DIRECTION('',(1.,2.598852441411E-113));
#10630 = ( GEOMETRIC_REPRESENTATION_CONTEXT(2) 
PARAMETRIC_REPRESENTATION_CONTEXT() REPRESENTATION_CONTEXT('2D SPACE',''
  ) );
#10631 = PCURVE('',#6152,#10632);
#10632 = DEFINITIONAL_REPRESENTATION('',(#10633),#10637);
#10633 = LINE('',#10634,#10635);
#10634 = CARTESIAN_POINT('',(-6.113636363636,-1.));
#10635 = VECTOR('',#10636,1.);
#10636 = DIRECTION('',(0.,1.));
#10637 = ( GEOMETRIC_REPRESENTATION_CONTEXT(2) 
PARAMETRIC_REPRESENTATION_CONTEXT() REPRESENTATION_CONTEXT('2D SPACE',''
  ) );
#10638 = ORIENTED_EDGE('',*,*,#10639,.F.);
#10639 = EDGE_CURVE('',#5010,#10617,#10640,.T.);
#10640 = SURFACE_CURVE('',#10641,(#10645,#10652),.PCURVE_S1.);
#10641 = LINE('',#10642,#10643);
#10642 = CARTESIAN_POINT('',(21.55,-3.,-6.5));
#10643 = VECTOR('',#10644,1.);
#10644 = DIRECTION('',(2.254526039504E-97,-1.,2.22044604925E-16));
#10645 = PCURVE('',#5051,#10646);
#10646 = DEFINITIONAL_REPRESENTATION('',(#10647),#10651);
#10647 = LINE('',#10648,#10649);
#10648 = CARTESIAN_POINT('',(2.,-4.509052079008E-97));
#10649 = VECTOR('',#10650,1.);
#10650 = DIRECTION('',(-8.655917454174E-129,-1.));
#10651 = ( GEOMETRIC_REPRESENTATION_CONTEXT(2) 
PARAMETRIC_REPRESENTATION_CONTEXT() REPRESENTATION_CONTEXT('2D SPACE',''
  ) );
#10652 = PCURVE('',#5025,#10653);
#10653 = DEFINITIONAL_REPRESENTATION('',(#10654),#10658);
#10654 = LINE('',#10655,#10656);
#10655 = CARTESIAN_POINT('',(0.,0.));
#10656 = VECTOR('',#10657,1.);
#10657 = DIRECTION('',(0.,-1.));
#10658 = ( GEOMETRIC_REPRESENTATION_CONTEXT(2) 
PARAMETRIC_REPRESENTATION_CONTEXT() REPRESENTATION_CONTEXT('2D SPACE',''
  ) );
#10659 = ORIENTED_EDGE('',*,*,#5037,.F.);
#10660 = ADVANCED_FACE('',(#10661),#5025,.F.);
#10661 = FACE_BOUND('',#10662,.F.);
#10662 = EDGE_LOOP('',(#10663,#10664,#10687,#10708));
#10663 = ORIENTED_EDGE('',*,*,#10639,.T.);
#10664 = ORIENTED_EDGE('',*,*,#10665,.T.);
#10665 = EDGE_CURVE('',#10617,#10666,#10668,.T.);
#10666 = VERTEX_POINT('',#10667);
#10667 = CARTESIAN_POINT('',(21.55,-3.4,-2.5));
#10668 = SURFACE_CURVE('',#10669,(#10673,#10680),.PCURVE_S1.);
#10669 = LINE('',#10670,#10671);
#10670 = CARTESIAN_POINT('',(21.55,-3.4,-6.5));
#10671 = VECTOR('',#10672,1.);
#10672 = DIRECTION('',(0.,2.22044604925E-16,1.));
#10673 = PCURVE('',#5025,#10674);
#10674 = DEFINITIONAL_REPRESENTATION('',(#10675),#10679);
#10675 = LINE('',#10676,#10677);
#10676 = CARTESIAN_POINT('',(-8.881784197001E-17,-0.4));
#10677 = VECTOR('',#10678,1.);
#10678 = DIRECTION('',(1.,0.));
#10679 = ( GEOMETRIC_REPRESENTATION_CONTEXT(2) 
PARAMETRIC_REPRESENTATION_CONTEXT() REPRESENTATION_CONTEXT('2D SPACE',''
  ) );
#10680 = PCURVE('',#6152,#10681);
#10681 = DEFINITIONAL_REPRESENTATION('',(#10682),#10686);
#10682 = LINE('',#10683,#10684);
#10683 = CARTESIAN_POINT('',(-6.113636363636,1.));
#10684 = VECTOR('',#10685,1.);
#10685 = DIRECTION('',(1.,-1.211154954546E-47));
#10686 = ( GEOMETRIC_REPRESENTATION_CONTEXT(2) 
PARAMETRIC_REPRESENTATION_CONTEXT() REPRESENTATION_CONTEXT('2D SPACE',''
  ) );
#10687 = ORIENTED_EDGE('',*,*,#10688,.F.);
#10688 = EDGE_CURVE('',#4982,#10666,#10689,.T.);
#10689 = SURFACE_CURVE('',#10690,(#10694,#10701),.PCURVE_S1.);
#10690 = LINE('',#10691,#10692);
#10691 = CARTESIAN_POINT('',(21.55,-3.,-2.5));
#10692 = VECTOR('',#10693,1.);
#10693 = DIRECTION('',(2.254526039504E-97,-1.,2.22044604925E-16));
#10694 = PCURVE('',#5025,#10695);
#10695 = DEFINITIONAL_REPRESENTATION('',(#10696),#10700);
#10696 = LINE('',#10697,#10698);
#10697 = CARTESIAN_POINT('',(4.,4.4408920985E-16));
#10698 = VECTOR('',#10699,1.);
#10699 = DIRECTION('',(0.,-1.));
#10700 = ( GEOMETRIC_REPRESENTATION_CONTEXT(2) 
PARAMETRIC_REPRESENTATION_CONTEXT() REPRESENTATION_CONTEXT('2D SPACE',''
  ) );
#10701 = PCURVE('',#4997,#10702);
#10702 = DEFINITIONAL_REPRESENTATION('',(#10703),#10707);
#10703 = LINE('',#10704,#10705);
#10704 = CARTESIAN_POINT('',(1.5,3.381789059256E-97));
#10705 = VECTOR('',#10706,1.);
#10706 = DIRECTION('',(8.655917454174E-129,-1.));
#10707 = ( GEOMETRIC_REPRESENTATION_CONTEXT(2) 
PARAMETRIC_REPRESENTATION_CONTEXT() REPRESENTATION_CONTEXT('2D SPACE',''
  ) );
#10708 = ORIENTED_EDGE('',*,*,#5009,.F.);
#10709 = ADVANCED_FACE('',(#10710),#4997,.T.);
#10710 = FACE_BOUND('',#10711,.T.);
#10711 = EDGE_LOOP('',(#10712,#10713,#10734,#10735));
#10712 = ORIENTED_EDGE('',*,*,#6263,.T.);
#10713 = ORIENTED_EDGE('',*,*,#10714,.T.);
#10714 = EDGE_CURVE('',#6241,#10666,#10715,.T.);
#10715 = SURFACE_CURVE('',#10716,(#10720,#10727),.PCURVE_S1.);
#10716 = LINE('',#10717,#10718);
#10717 = CARTESIAN_POINT('',(23.05,-3.4,-2.5));
#10718 = VECTOR('',#10719,1.);
#10719 = DIRECTION('',(-1.,-2.254526039504E-97,5.197704882822E-113));
#10720 = PCURVE('',#4997,#10721);
#10721 = DEFINITIONAL_REPRESENTATION('',(#10722),#10726);
#10722 = LINE('',#10723,#10724);
#10723 = CARTESIAN_POINT('',(9.018104158015E-98,-0.4));
#10724 = VECTOR('',#10725,1.);
#10725 = DIRECTION('',(1.,-2.598852441411E-113));
#10726 = ( GEOMETRIC_REPRESENTATION_CONTEXT(2) 
PARAMETRIC_REPRESENTATION_CONTEXT() REPRESENTATION_CONTEXT('2D SPACE',''
  ) );
#10727 = PCURVE('',#6152,#10728);
#10728 = DEFINITIONAL_REPRESENTATION('',(#10729),#10733);
#10729 = LINE('',#10730,#10731);
#10730 = CARTESIAN_POINT('',(-2.113636363636,2.5));
#10731 = VECTOR('',#10732,1.);
#10732 = DIRECTION('',(0.,-1.));
#10733 = ( GEOMETRIC_REPRESENTATION_CONTEXT(2) 
PARAMETRIC_REPRESENTATION_CONTEXT() REPRESENTATION_CONTEXT('2D SPACE',''
  ) );
#10734 = ORIENTED_EDGE('',*,*,#10688,.F.);
#10735 = ORIENTED_EDGE('',*,*,#4981,.F.);
#10736 = ADVANCED_FACE('',(#10737),#4924,.T.);
#10737 = FACE_BOUND('',#10738,.T.);
#10738 = EDGE_LOOP('',(#10739,#10740,#10761,#10762));
#10739 = ORIENTED_EDGE('',*,*,#10544,.T.);
#10740 = ORIENTED_EDGE('',*,*,#10741,.T.);
#10741 = EDGE_CURVE('',#10545,#6114,#10742,.T.);
#10742 = SURFACE_CURVE('',#10743,(#10747,#10754),.PCURVE_S1.);
#10743 = LINE('',#10744,#10745);
#10744 = CARTESIAN_POINT('',(19.55,-3.4,-2.5));
#10745 = VECTOR('',#10746,1.);
#10746 = DIRECTION('',(-1.,2.471764169693E-29,1.113183619357E-13));
#10747 = PCURVE('',#4924,#10748);
#10748 = DEFINITIONAL_REPRESENTATION('',(#10749),#10753);
#10749 = LINE('',#10750,#10751);
#10750 = CARTESIAN_POINT('',(-9.88705667877E-30,-0.4));
#10751 = VECTOR('',#10752,1.);
#10752 = DIRECTION('',(1.,0.));
#10753 = ( GEOMETRIC_REPRESENTATION_CONTEXT(2) 
PARAMETRIC_REPRESENTATION_CONTEXT() REPRESENTATION_CONTEXT('2D SPACE',''
  ) );
#10754 = PCURVE('',#6152,#10755);
#10755 = DEFINITIONAL_REPRESENTATION('',(#10756),#10760);
#10756 = LINE('',#10757,#10758);
#10757 = CARTESIAN_POINT('',(-2.113636363636,-1.));
#10758 = VECTOR('',#10759,1.);
#10759 = DIRECTION('',(1.113183619357E-13,-1.));
#10760 = ( GEOMETRIC_REPRESENTATION_CONTEXT(2) 
PARAMETRIC_REPRESENTATION_CONTEXT() REPRESENTATION_CONTEXT('2D SPACE',''
  ) );
#10761 = ORIENTED_EDGE('',*,*,#6113,.F.);
#10762 = ORIENTED_EDGE('',*,*,#4908,.F.);
#10763 = ADVANCED_FACE('',(#10764),#5976,.F.);
#10764 = FACE_BOUND('',#10765,.T.);
#10765 = EDGE_LOOP('',(#10766,#10767,#10768,#10769,#10770,#10771,#10772,
    #10773));
#10766 = ORIENTED_EDGE('',*,*,#10518,.T.);
#10767 = ORIENTED_EDGE('',*,*,#6086,.T.);
#10768 = ORIENTED_EDGE('',*,*,#6037,.T.);
#10769 = ORIENTED_EDGE('',*,*,#5960,.T.);
#10770 = ORIENTED_EDGE('',*,*,#10491,.T.);
#10771 = ORIENTED_EDGE('',*,*,#10442,.F.);
#10772 = ORIENTED_EDGE('',*,*,#10393,.F.);
#10773 = ORIENTED_EDGE('',*,*,#10344,.F.);
#10774 = ADVANCED_FACE('',(#10775),#6152,.F.);
#10775 = FACE_BOUND('',#10776,.F.);
#10776 = EDGE_LOOP('',(#10777,#10778,#10779,#10780,#10781,#10782,#10783,
    #10784));
#10777 = ORIENTED_EDGE('',*,*,#10741,.T.);
#10778 = ORIENTED_EDGE('',*,*,#6136,.T.);
#10779 = ORIENTED_EDGE('',*,*,#6191,.T.);
#10780 = ORIENTED_EDGE('',*,*,#6240,.T.);
#10781 = ORIENTED_EDGE('',*,*,#10714,.T.);
#10782 = ORIENTED_EDGE('',*,*,#10665,.F.);
#10783 = ORIENTED_EDGE('',*,*,#10616,.F.);
#10784 = ORIENTED_EDGE('',*,*,#10567,.F.);
#10785 = ADVANCED_FACE('',(#10786),#6324,.F.);
#10786 = FACE_BOUND('',#10787,.T.);
#10787 = EDGE_LOOP('',(#10788));
#10788 = ORIENTED_EDGE('',*,*,#6310,.T.);
#10789 = ADVANCED_FACE('',(#10790),#6380,.F.);
#10790 = FACE_BOUND('',#10791,.T.);
#10791 = EDGE_LOOP('',(#10792));
#10792 = ORIENTED_EDGE('',*,*,#6366,.T.);
#10793 = ADVANCED_FACE('',(#10794),#6436,.F.);
#10794 = FACE_BOUND('',#10795,.T.);
#10795 = EDGE_LOOP('',(#10796));
#10796 = ORIENTED_EDGE('',*,*,#6422,.T.);
#10797 = ADVANCED_FACE('',(#10798),#6492,.F.);
#10798 = FACE_BOUND('',#10799,.T.);
#10799 = EDGE_LOOP('',(#10800));
#10800 = ORIENTED_EDGE('',*,*,#6478,.T.);
#10801 = ADVANCED_FACE('',(#10802),#6548,.F.);
#10802 = FACE_BOUND('',#10803,.T.);
#10803 = EDGE_LOOP('',(#10804));
#10804 = ORIENTED_EDGE('',*,*,#6534,.T.);
#10805 = ADVANCED_FACE('',(#10806),#6604,.F.);
#10806 = FACE_BOUND('',#10807,.T.);
#10807 = EDGE_LOOP('',(#10808));
#10808 = ORIENTED_EDGE('',*,*,#6590,.T.);
#10809 = ADVANCED_FACE('',(#10810),#6660,.F.);
#10810 = FACE_BOUND('',#10811,.T.);
#10811 = EDGE_LOOP('',(#10812));
#10812 = ORIENTED_EDGE('',*,*,#6646,.T.);
#10813 = ADVANCED_FACE('',(#10814),#6716,.F.);
#10814 = FACE_BOUND('',#10815,.T.);
#10815 = EDGE_LOOP('',(#10816));
#10816 = ORIENTED_EDGE('',*,*,#6702,.T.);
#10817 = ADVANCED_FACE('',(#10818),#6772,.F.);
#10818 = FACE_BOUND('',#10819,.T.);
#10819 = EDGE_LOOP('',(#10820));
#10820 = ORIENTED_EDGE('',*,*,#6758,.T.);
#10821 = ADVANCED_FACE('',(#10822),#6828,.F.);
#10822 = FACE_BOUND('',#10823,.T.);
#10823 = EDGE_LOOP('',(#10824));
#10824 = ORIENTED_EDGE('',*,*,#6814,.T.);
#10825 = ADVANCED_FACE('',(#10826),#6884,.F.);
#10826 = FACE_BOUND('',#10827,.T.);
#10827 = EDGE_LOOP('',(#10828));
#10828 = ORIENTED_EDGE('',*,*,#6870,.T.);
#10829 = ADVANCED_FACE('',(#10830),#6940,.F.);
#10830 = FACE_BOUND('',#10831,.T.);
#10831 = EDGE_LOOP('',(#10832));
#10832 = ORIENTED_EDGE('',*,*,#6926,.T.);
#10833 = ADVANCED_FACE('',(#10834),#6996,.F.);
#10834 = FACE_BOUND('',#10835,.T.);
#10835 = EDGE_LOOP('',(#10836));
#10836 = ORIENTED_EDGE('',*,*,#6982,.T.);
#10837 = ADVANCED_FACE('',(#10838),#7052,.F.);
#10838 = FACE_BOUND('',#10839,.T.);
#10839 = EDGE_LOOP('',(#10840));
#10840 = ORIENTED_EDGE('',*,*,#7038,.T.);
#10841 = ADVANCED_FACE('',(#10842),#7108,.F.);
#10842 = FACE_BOUND('',#10843,.T.);
#10843 = EDGE_LOOP('',(#10844));
#10844 = ORIENTED_EDGE('',*,*,#7094,.T.);
#10845 = ADVANCED_FACE('',(#10846),#7164,.F.);
#10846 = FACE_BOUND('',#10847,.T.);
#10847 = EDGE_LOOP('',(#10848));
#10848 = ORIENTED_EDGE('',*,*,#7150,.T.);
#10849 = ADVANCED_FACE('',(#10850),#7220,.F.);
#10850 = FACE_BOUND('',#10851,.T.);
#10851 = EDGE_LOOP('',(#10852));
#10852 = ORIENTED_EDGE('',*,*,#7206,.T.);
#10853 = ADVANCED_FACE('',(#10854),#7276,.F.);
#10854 = FACE_BOUND('',#10855,.T.);
#10855 = EDGE_LOOP('',(#10856));
#10856 = ORIENTED_EDGE('',*,*,#7262,.T.);
#10857 = ADVANCED_FACE('',(#10858),#7332,.F.);
#10858 = FACE_BOUND('',#10859,.T.);
#10859 = EDGE_LOOP('',(#10860));
#10860 = ORIENTED_EDGE('',*,*,#7318,.T.);
#10861 = ADVANCED_FACE('',(#10862),#7388,.F.);
#10862 = FACE_BOUND('',#10863,.T.);
#10863 = EDGE_LOOP('',(#10864));
#10864 = ORIENTED_EDGE('',*,*,#7374,.T.);
#10865 = ADVANCED_FACE('',(#10866),#7444,.F.);
#10866 = FACE_BOUND('',#10867,.T.);
#10867 = EDGE_LOOP('',(#10868));
#10868 = ORIENTED_EDGE('',*,*,#7430,.T.);
#10869 = ADVANCED_FACE('',(#10870),#7500,.F.);
#10870 = FACE_BOUND('',#10871,.T.);
#10871 = EDGE_LOOP('',(#10872));
#10872 = ORIENTED_EDGE('',*,*,#7486,.T.);
#10873 = ADVANCED_FACE('',(#10874),#7556,.F.);
#10874 = FACE_BOUND('',#10875,.T.);
#10875 = EDGE_LOOP('',(#10876));
#10876 = ORIENTED_EDGE('',*,*,#7542,.T.);
#10877 = ADVANCED_FACE('',(#10878),#7612,.F.);
#10878 = FACE_BOUND('',#10879,.T.);
#10879 = EDGE_LOOP('',(#10880));
#10880 = ORIENTED_EDGE('',*,*,#7598,.T.);
#10881 = ADVANCED_FACE('',(#10882),#7668,.F.);
#10882 = FACE_BOUND('',#10883,.T.);
#10883 = EDGE_LOOP('',(#10884));
#10884 = ORIENTED_EDGE('',*,*,#7654,.T.);
#10885 = ADVANCED_FACE('',(#10886),#7724,.F.);
#10886 = FACE_BOUND('',#10887,.T.);
#10887 = EDGE_LOOP('',(#10888));
#10888 = ORIENTED_EDGE('',*,*,#7710,.T.);
#10889 = ADVANCED_FACE('',(#10890),#7780,.F.);
#10890 = FACE_BOUND('',#10891,.T.);
#10891 = EDGE_LOOP('',(#10892));
#10892 = ORIENTED_EDGE('',*,*,#7766,.T.);
#10893 = ADVANCED_FACE('',(#10894),#7836,.F.);
#10894 = FACE_BOUND('',#10895,.T.);
#10895 = EDGE_LOOP('',(#10896));
#10896 = ORIENTED_EDGE('',*,*,#7822,.T.);
#10897 = ADVANCED_FACE('',(#10898),#7892,.F.);
#10898 = FACE_BOUND('',#10899,.T.);
#10899 = EDGE_LOOP('',(#10900));
#10900 = ORIENTED_EDGE('',*,*,#7878,.T.);
#10901 = ADVANCED_FACE('',(#10902),#7948,.F.);
#10902 = FACE_BOUND('',#10903,.T.);
#10903 = EDGE_LOOP('',(#10904));
#10904 = ORIENTED_EDGE('',*,*,#7934,.T.);
#10905 = ADVANCED_FACE('',(#10906),#8004,.F.);
#10906 = FACE_BOUND('',#10907,.T.);
#10907 = EDGE_LOOP('',(#10908));
#10908 = ORIENTED_EDGE('',*,*,#7990,.T.);
#10909 = ADVANCED_FACE('',(#10910),#8060,.F.);
#10910 = FACE_BOUND('',#10911,.T.);
#10911 = EDGE_LOOP('',(#10912));
#10912 = ORIENTED_EDGE('',*,*,#8046,.T.);
#10913 = ADVANCED_FACE('',(#10914),#8116,.F.);
#10914 = FACE_BOUND('',#10915,.T.);
#10915 = EDGE_LOOP('',(#10916));
#10916 = ORIENTED_EDGE('',*,*,#8102,.T.);
#10917 = ADVANCED_FACE('',(#10918),#8172,.F.);
#10918 = FACE_BOUND('',#10919,.T.);
#10919 = EDGE_LOOP('',(#10920));
#10920 = ORIENTED_EDGE('',*,*,#8158,.T.);
#10921 = ADVANCED_FACE('',(#10922),#8228,.F.);
#10922 = FACE_BOUND('',#10923,.T.);
#10923 = EDGE_LOOP('',(#10924));
#10924 = ORIENTED_EDGE('',*,*,#8214,.T.);
#10925 = ADVANCED_FACE('',(#10926),#8284,.F.);
#10926 = FACE_BOUND('',#10927,.T.);
#10927 = EDGE_LOOP('',(#10928));
#10928 = ORIENTED_EDGE('',*,*,#8270,.T.);
#10929 = ADVANCED_FACE('',(#10930),#8340,.F.);
#10930 = FACE_BOUND('',#10931,.T.);
#10931 = EDGE_LOOP('',(#10932));
#10932 = ORIENTED_EDGE('',*,*,#8326,.T.);
#10933 = ADVANCED_FACE('',(#10934),#8396,.F.);
#10934 = FACE_BOUND('',#10935,.T.);
#10935 = EDGE_LOOP('',(#10936));
#10936 = ORIENTED_EDGE('',*,*,#8382,.T.);
#10937 = ADVANCED_FACE('',(#10938),#8452,.F.);
#10938 = FACE_BOUND('',#10939,.T.);
#10939 = EDGE_LOOP('',(#10940));
#10940 = ORIENTED_EDGE('',*,*,#8438,.T.);
#10941 = ADVANCED_FACE('',(#10942),#8508,.F.);
#10942 = FACE_BOUND('',#10943,.T.);
#10943 = EDGE_LOOP('',(#10944));
#10944 = ORIENTED_EDGE('',*,*,#8494,.T.);
#10945 = ADVANCED_FACE('',(#10946),#8564,.F.);
#10946 = FACE_BOUND('',#10947,.T.);
#10947 = EDGE_LOOP('',(#10948));
#10948 = ORIENTED_EDGE('',*,*,#8550,.T.);
#10949 = ADVANCED_FACE('',(#10950),#8620,.F.);
#10950 = FACE_BOUND('',#10951,.T.);
#10951 = EDGE_LOOP('',(#10952));
#10952 = ORIENTED_EDGE('',*,*,#8606,.T.);
#10953 = ADVANCED_FACE('',(#10954),#8676,.F.);
#10954 = FACE_BOUND('',#10955,.T.);
#10955 = EDGE_LOOP('',(#10956));
#10956 = ORIENTED_EDGE('',*,*,#8662,.T.);
#10957 = ADVANCED_FACE('',(#10958),#8732,.F.);
#10958 = FACE_BOUND('',#10959,.T.);
#10959 = EDGE_LOOP('',(#10960));
#10960 = ORIENTED_EDGE('',*,*,#8718,.T.);
#10961 = ADVANCED_FACE('',(#10962),#8788,.F.);
#10962 = FACE_BOUND('',#10963,.T.);
#10963 = EDGE_LOOP('',(#10964));
#10964 = ORIENTED_EDGE('',*,*,#8774,.T.);
#10965 = ADVANCED_FACE('',(#10966),#8844,.F.);
#10966 = FACE_BOUND('',#10967,.T.);
#10967 = EDGE_LOOP('',(#10968));
#10968 = ORIENTED_EDGE('',*,*,#8830,.T.);
#10969 = ADVANCED_FACE('',(#10970),#8900,.F.);
#10970 = FACE_BOUND('',#10971,.T.);
#10971 = EDGE_LOOP('',(#10972));
#10972 = ORIENTED_EDGE('',*,*,#8886,.T.);
#10973 = ADVANCED_FACE('',(#10974),#8956,.F.);
#10974 = FACE_BOUND('',#10975,.T.);
#10975 = EDGE_LOOP('',(#10976));
#10976 = ORIENTED_EDGE('',*,*,#8942,.T.);
#10977 = ADVANCED_FACE('',(#10978),#9012,.F.);
#10978 = FACE_BOUND('',#10979,.T.);
#10979 = EDGE_LOOP('',(#10980));
#10980 = ORIENTED_EDGE('',*,*,#8998,.T.);
#10981 = ADVANCED_FACE('',(#10982),#9068,.F.);
#10982 = FACE_BOUND('',#10983,.T.);
#10983 = EDGE_LOOP('',(#10984));
#10984 = ORIENTED_EDGE('',*,*,#9054,.T.);
#10985 = ADVANCED_FACE('',(#10986),#9124,.F.);
#10986 = FACE_BOUND('',#10987,.T.);
#10987 = EDGE_LOOP('',(#10988));
#10988 = ORIENTED_EDGE('',*,*,#9110,.T.);
#10989 = ADVANCED_FACE('',(#10990),#9180,.F.);
#10990 = FACE_BOUND('',#10991,.T.);
#10991 = EDGE_LOOP('',(#10992));
#10992 = ORIENTED_EDGE('',*,*,#9166,.T.);
#10993 = ADVANCED_FACE('',(#10994),#9236,.F.);
#10994 = FACE_BOUND('',#10995,.T.);
#10995 = EDGE_LOOP('',(#10996));
#10996 = ORIENTED_EDGE('',*,*,#9222,.T.);
#10997 = ADVANCED_FACE('',(#10998),#9292,.F.);
#10998 = FACE_BOUND('',#10999,.T.);
#10999 = EDGE_LOOP('',(#11000));
#11000 = ORIENTED_EDGE('',*,*,#9278,.T.);
#11001 = ADVANCED_FACE('',(#11002),#9348,.F.);
#11002 = FACE_BOUND('',#11003,.T.);
#11003 = EDGE_LOOP('',(#11004));
#11004 = ORIENTED_EDGE('',*,*,#9334,.T.);
#11005 = ADVANCED_FACE('',(#11006),#9404,.F.);
#11006 = FACE_BOUND('',#11007,.T.);
#11007 = EDGE_LOOP('',(#11008));
#11008 = ORIENTED_EDGE('',*,*,#9390,.T.);
#11009 = ADVANCED_FACE('',(#11010),#9460,.F.);
#11010 = FACE_BOUND('',#11011,.T.);
#11011 = EDGE_LOOP('',(#11012));
#11012 = ORIENTED_EDGE('',*,*,#9446,.T.);
#11013 = ADVANCED_FACE('',(#11014),#9516,.F.);
#11014 = FACE_BOUND('',#11015,.T.);
#11015 = EDGE_LOOP('',(#11016));
#11016 = ORIENTED_EDGE('',*,*,#9502,.T.);
#11017 = ADVANCED_FACE('',(#11018),#9572,.F.);
#11018 = FACE_BOUND('',#11019,.T.);
#11019 = EDGE_LOOP('',(#11020));
#11020 = ORIENTED_EDGE('',*,*,#9558,.T.);
#11021 = ADVANCED_FACE('',(#11022),#9628,.F.);
#11022 = FACE_BOUND('',#11023,.T.);
#11023 = EDGE_LOOP('',(#11024));
#11024 = ORIENTED_EDGE('',*,*,#9614,.T.);
#11025 = ADVANCED_FACE('',(#11026),#9684,.F.);
#11026 = FACE_BOUND('',#11027,.T.);
#11027 = EDGE_LOOP('',(#11028));
#11028 = ORIENTED_EDGE('',*,*,#9670,.T.);
#11029 = ADVANCED_FACE('',(#11030),#9740,.F.);
#11030 = FACE_BOUND('',#11031,.T.);
#11031 = EDGE_LOOP('',(#11032));
#11032 = ORIENTED_EDGE('',*,*,#9726,.T.);
#11033 = ADVANCED_FACE('',(#11034),#9796,.F.);
#11034 = FACE_BOUND('',#11035,.T.);
#11035 = EDGE_LOOP('',(#11036));
#11036 = ORIENTED_EDGE('',*,*,#9782,.T.);
#11037 = ADVANCED_FACE('',(#11038),#9852,.F.);
#11038 = FACE_BOUND('',#11039,.T.);
#11039 = EDGE_LOOP('',(#11040));
#11040 = ORIENTED_EDGE('',*,*,#9838,.T.);
#11041 = ADVANCED_FACE('',(#11042),#9908,.F.);
#11042 = FACE_BOUND('',#11043,.T.);
#11043 = EDGE_LOOP('',(#11044));
#11044 = ORIENTED_EDGE('',*,*,#9894,.T.);
#11045 = ADVANCED_FACE('',(#11046),#9964,.F.);
#11046 = FACE_BOUND('',#11047,.T.);
#11047 = EDGE_LOOP('',(#11048));
#11048 = ORIENTED_EDGE('',*,*,#9950,.T.);
#11049 = ADVANCED_FACE('',(#11050),#10020,.F.);
#11050 = FACE_BOUND('',#11051,.T.);
#11051 = EDGE_LOOP('',(#11052));
#11052 = ORIENTED_EDGE('',*,*,#10006,.T.);
#11053 = ADVANCED_FACE('',(#11054),#10076,.F.);
#11054 = FACE_BOUND('',#11055,.T.);
#11055 = EDGE_LOOP('',(#11056));
#11056 = ORIENTED_EDGE('',*,*,#10062,.T.);
#11057 = ADVANCED_FACE('',(#11058),#10132,.F.);
#11058 = FACE_BOUND('',#11059,.T.);
#11059 = EDGE_LOOP('',(#11060));
#11060 = ORIENTED_EDGE('',*,*,#10118,.T.);
#11061 = ADVANCED_FACE('',(#11062),#10188,.F.);
#11062 = FACE_BOUND('',#11063,.T.);
#11063 = EDGE_LOOP('',(#11064));
#11064 = ORIENTED_EDGE('',*,*,#10174,.T.);
#11065 = ADVANCED_FACE('',(#11066),#10244,.F.);
#11066 = FACE_BOUND('',#11067,.T.);
#11067 = EDGE_LOOP('',(#11068));
#11068 = ORIENTED_EDGE('',*,*,#10230,.T.);
#11069 = ADVANCED_FACE('',(#11070),#10300,.F.);
#11070 = FACE_BOUND('',#11071,.T.);
#11071 = EDGE_LOOP('',(#11072));
#11072 = ORIENTED_EDGE('',*,*,#10286,.T.);
#11073 = ( GEOMETRIC_REPRESENTATION_CONTEXT(3) 
GLOBAL_UNCERTAINTY_ASSIGNED_CONTEXT((#11077)) 
GLOBAL_UNIT_ASSIGNED_CONTEXT((#11074,#11075,#11076)) 
REPRESENTATION_CONTEXT('Context #1',
  '3D Context with UNIT and UNCERTAINTY') );
#11074 = ( LENGTH_UNIT() NAMED_UNIT(*) SI_UNIT(.MILLI.,.METRE.) );
#11075 = ( NAMED_UNIT(*) PLANE_ANGLE_UNIT() SI_UNIT($,.RADIAN.) );
#11076 = ( NAMED_UNIT(*) SI_UNIT($,.STERADIAN.) SOLID_ANGLE_UNIT() );
#11077 = UNCERTAINTY_MEASURE_WITH_UNIT(LENGTH_MEASURE(1.E-07),#11074,
  'distance_accuracy_value','confusion accuracy');
#11078 = PRODUCT_RELATED_PRODUCT_CATEGORY('part',$,(#7));
#11079 = MECHANICAL_DESIGN_GEOMETRIC_PRESENTATION_REPRESENTATION('',(
    #11080),#11073);
#11080 = STYLED_ITEM('color',(#11081),#15);
#11081 = PRESENTATION_STYLE_ASSIGNMENT((#11082,#11088));
#11082 = SURFACE_STYLE_USAGE(.BOTH.,#11083);
#11083 = SURFACE_SIDE_STYLE('',(#11084));
#11084 = SURFACE_STYLE_FILL_AREA(#11085);
#11085 = FILL_AREA_STYLE('',(#11086));
#11086 = FILL_AREA_STYLE_COLOUR('',#11087);
#11087 = COLOUR_RGB('',0.800000010877,0.800000010877,0.800000010877);
#11088 = CURVE_STYLE('',#11089,POSITIVE_LENGTH_MEASURE(0.1),#11090);
#11089 = DRAUGHTING_PRE_DEFINED_CURVE_FONT('continuous');
#11090 = COLOUR_RGB('',9.803921802644E-02,9.803921802644E-02,
  9.803921802644E-02);
ENDSEC;
END-ISO-10303-21;
